date,temperature,humidity,rainfall,wind_speed,solar_radiation,pressure,evapotranspiration
1/1/2015,23.96,88.78,2.89,1.43,19.52,97.46,4.32
1/2/2015,23.88,82.27,0.16,0.9,21.79,97.62,6.11
1/3/2015,24.4,84.83,0.07,0.81,21.94,97.68,6.14
1/4/2015,24.71,83.89,0.1,0.62,20.34,97.63,6.96
1/5/2015,24.73,85.19,1.31,0.38,20.22,97.57,6.65
1/6/2015,24.65,86.6,3.06,0.93,14.53,97.57,5.4
1/7/2015,24.56,81.35,0.41,0.52,18.61,97.61,6.05
1/8/2015,24.18,82.45,0.01,0.73,19.92,97.65,6.75
1/9/2015,23.88,81.79,0.01,0.94,20.56,97.73,7.24
1/10/2015,22.8,83.48,0,1.75,19.85,97.69,6.2
1/11/2015,22.35,83.33,0,1.9,21.02,97.68,6.39
1/12/2015,22.35,83.33,0,1.53,20.27,97.63,6.67
1/13/2015,22.28,82.51,0,1.46,22.05,97.59,7
1/14/2015,23.01,84.56,0.01,0.79,19.98,97.6,7.31
1/15/2015,23.92,85.85,0.06,0.75,19.39,97.61,7.08
1/16/2015,24.28,85.94,0.06,0.5,19.59,97.62,7.55
1/17/2015,24.1,85.77,0.55,1.2,17.37,97.65,7.45
1/18/2015,23.92,85.31,0.19,1.71,20.6,97.64,7.13
1/19/2015,23.54,84.31,0.03,1.53,21.43,97.63,7.57
1/20/2015,23.36,81.35,0.02,1.35,20.39,97.79,7.85
1/21/2015,22.78,82.58,0.01,1.74,22.2,97.91,7.01
1/22/2015,22.89,81.19,0.01,0.94,22.2,97.9,8
1/23/2015,23.01,86.02,1.33,1.5,20.06,97.71,4.31
1/24/2015,23.22,88.1,6.35,1.63,15.03,97.68,2.46
1/25/2015,23.58,87.06,2.45,1.74,16.17,97.77,5.15
1/26/2015,23.87,85.24,0.19,1.97,20.21,97.64,7.61
1/27/2015,23.97,83.33,0.12,1.56,20.84,97.57,8.02
1/28/2015,24.38,85.07,1.07,1.1,17.48,97.46,7.14
1/29/2015,23.97,89.94,12.46,1.53,15.02,97.55,2.53
1/30/2015,24.24,87.39,2.58,1.2,14.79,97.74,4.66
1/31/2015,24.25,84.41,0.23,1.49,19.38,97.71,6.46
2/1/2015,24.25,83.42,3.46,1.52,20.66,97.67,7.5
2/2/2015,23.85,87.35,4.81,2.26,16.22,97.67,3.61
2/3/2015,23.58,90.68,21.99,2.24,12.73,97.8,1.69
2/4/2015,24.3,87.05,2.62,2.47,16.47,97.78,5.65
2/5/2015,24.06,86.76,2.67,1.8,19.82,97.7,4.41
2/6/2015,23.93,87.77,2.9,1.65,14.82,97.68,3.88
2/7/2015,24.16,83.86,0.7,1.27,20.8,97.65,5.48
2/8/2015,24.17,84.62,0.53,1.48,21.07,97.58,6.68
2/9/2015,23.77,89.92,19.77,2.09,16.63,97.56,3.06
2/10/2015,24.03,89.06,8.18,1.88,13.65,97.63,3.18
2/11/2015,24.21,87.47,9.9,1.84,19.47,97.58,4.54
2/12/2015,24.55,88.49,9.26,0.96,20.18,97.57,3.81
2/13/2015,24.28,91.71,10.56,0.74,17.2,97.61,1.33
2/14/2015,24.46,85.94,2.11,1.08,22.17,97.53,5.17
2/15/2015,22.47,79.02,0.04,1.39,24.38,97.52,8.11
2/16/2015,21.61,80.75,0.09,1.96,24.78,97.66,7.29
2/17/2015,22.01,80.95,0.23,1.53,21.37,97.65,7.73
2/18/2015,22.18,78.29,0.35,0.94,23.92,97.64,7.71
2/19/2015,22.79,80.14,0.09,1.02,23.49,97.6,8.5
2/20/2015,23.3,82.33,0.18,1.55,23.72,97.55,8.57
2/21/2015,23.68,82.21,0.09,1.64,24.05,97.53,7.98
2/22/2015,24.49,86.52,2.47,1.6,20.42,97.53,6.63
2/23/2015,24.26,88.57,3.18,1.64,15.75,97.58,5.19
2/24/2015,24.43,88.23,2.73,1.68,18.99,97.56,6.48
2/25/2015,24.48,86.6,5.56,1.31,22.12,97.5,7.02
2/26/2015,24,88.31,9.7,0.89,19.59,97.44,3.33
2/27/2015,24.71,87.47,17.42,1,15.19,97.47,4.79
2/28/2015,24.87,86.24,8.9,0.92,22.09,97.5,6.85
3/1/2015,24.73,88.36,9.12,1.59,22.24,97.53,6.39
3/2/2015,25.27,85.43,5.3,1.15,21.67,97.59,7.55
3/3/2015,25.24,82.35,3.53,0.72,22.07,97.58,8.62
3/4/2015,24.82,87.36,7.5,1.37,20.92,97.62,6.43
3/5/2015,25.27,83.98,0.54,1.37,23.37,97.61,8.06
3/6/2015,25.32,84.01,1.42,1.12,24.25,97.65,8.4
3/7/2015,25.02,81.38,1.01,0.82,24.85,97.62,9
3/8/2015,24.23,81.1,0.4,1.64,23.38,97.71,9.04
3/9/2015,24.17,81.59,2.31,1.07,21.18,97.77,8.63
3/10/2015,24.81,79.52,1.04,0.7,21.1,97.73,8.83
3/11/2015,24.82,82.08,0.44,1.17,21.2,97.68,8.86
3/12/2015,25.04,85.34,8.39,1.91,21.48,97.62,7.28
3/13/2015,24.49,90.07,21.72,1.96,11.57,97.64,1.88
3/14/2015,24.12,88.08,8.57,2.14,9.98,97.78,3.57
3/15/2015,24.61,84.63,2.14,1.87,23.95,97.78,7.66
3/16/2015,25.22,85.09,0.68,1.6,22.85,97.74,8.17
3/17/2015,25.31,85.63,6.49,0.99,21.64,97.63,6.87
3/18/2015,24.84,81.42,1.5,0.85,22.91,97.55,8.52
3/19/2015,25.17,80.39,0.64,0.53,24.7,97.58,9.18
3/20/2015,24.05,78.73,0.29,0.91,25.02,97.65,9.5
3/21/2015,24.24,81.82,0.02,1.6,24.58,97.73,9.05
3/22/2015,24.52,80.16,0.01,1.24,24.64,97.65,9.19
3/23/2015,24.88,78.29,0.02,1.06,24.46,97.54,9.2
3/24/2015,24.35,78.91,0.02,1.2,24.52,97.5,9.48
3/25/2015,24.15,80.24,0.01,1.33,25.02,97.57,9.17
3/26/2015,25.17,82.85,1.02,1.53,21.67,97.63,9.18
3/27/2015,25.49,86.34,15.1,1.38,16.78,97.61,5.39
3/28/2015,25.71,83.08,14.78,1.23,19.77,97.56,7.87
3/29/2015,25.65,84.97,7.26,1.27,21.57,97.47,6.05
3/30/2015,25.46,86.56,5.49,1.24,23.29,97.48,5.02
3/31/2015,25.55,86.37,5.39,1.18,19.9,97.5,4.33
4/1/2015,25.39,89.24,15.16,1.51,18.84,97.52,4.45
4/2/2015,25.31,87.44,10.04,0.89,23.44,97.48,4.13
4/3/2015,25.28,88.47,3.97,1.43,21.02,97.34,4.26
4/4/2015,25.9,87.2,1.52,1.47,22.75,97.18,5.93
4/5/2015,26.08,86.66,0.7,0.97,23.94,97.25,6.06
4/6/2015,25.21,89.69,5.87,1.26,22.64,97.33,3.21
4/7/2015,25.2,90.59,15.83,1.17,22.06,97.38,2.53
4/8/2015,24.49,90.5,15.11,1.29,10.73,97.51,1.91
4/9/2015,25.25,85,3.39,1.47,23.24,97.53,6.34
4/10/2015,26.17,84.68,7.03,1.03,21.53,97.56,6.63
4/11/2015,25.83,85.87,3.72,0.88,22.47,97.62,5.08
4/12/2015,25.59,86.77,7.47,1.11,20.61,97.73,4.64
4/13/2015,25.77,81.54,35.66,0.59,15.48,97.72,4.66
4/14/2015,25.7,81.4,6.51,0.79,23.98,97.53,7.04
4/15/2015,25.5,87.59,11.23,0.82,21.18,97.52,4.04
4/16/2015,25.27,88.77,25.96,1.17,21.07,97.67,3.15
4/17/2015,25.42,87.99,8.27,1.55,22.08,97.53,3.12
4/18/2015,25.85,85.08,7.96,0.71,23.31,97.36,3.66
4/19/2015,26.03,88.28,13.76,0.58,20.88,97.33,2.73
4/20/2015,24.97,90.72,31.3,1.49,16.72,97.49,2.39
4/21/2015,24.16,90.9,13.43,1.43,15.63,97.52,2.31
4/22/2015,25.41,86.4,1.18,1.21,23.55,97.54,4.43
4/23/2015,25.51,88.14,3.77,1.16,22.99,97.55,3.66
4/24/2015,25.61,88.54,7.18,1.02,21.75,97.56,3.34
4/25/2015,25.83,85.43,7.12,1.03,18.5,97.48,5.46
4/26/2015,25.52,87.65,7.38,1.2,23.68,97.49,4.44
4/27/2015,25.48,87.51,4.49,1.44,23.42,97.54,4.96
4/28/2015,25.58,86.12,3.27,0.74,23.16,97.54,3.33
4/29/2015,25.8,86.21,10.47,1.04,17.41,97.52,4.76
4/30/2015,24.82,90,11.67,1.33,16.1,97.61,2.24
5/1/2015,24.83,90.31,4.26,1.01,17.92,97.57,2.22
5/2/2015,25.36,90.44,3.11,1.55,20.48,97.5,3.45
5/3/2015,25.43,90.81,4.47,1.41,20.1,97.47,1.97
5/4/2015,25.2,88.95,3.31,1.27,18.03,97.49,3.13
5/5/2015,24.82,91.13,3.63,1.1,18.95,97.42,1.85
5/6/2015,24.97,87.48,4.32,1.21,17.57,97.38,3.12
5/7/2015,25.15,89.53,8.36,2.05,18.84,97.46,3.71
5/8/2015,25.54,88.8,3.92,1.61,17.32,97.36,3.43
5/9/2015,25.28,93.29,7.4,2.04,5.43,97.28,1.51
5/10/2015,25.04,90.33,21.16,1.76,17.44,97.29,2.55
5/11/2015,24.72,92.38,9.23,2.04,9.38,97.36,2.37
5/12/2015,24.68,90.4,2.34,2.06,22.19,97.35,2.49
5/13/2015,24.7,91.67,2.73,1.8,19.99,97.32,2.03
5/14/2015,25.56,92.07,8.22,2.16,10.71,97.34,1.9
5/15/2015,25.58,92.35,7.35,2.12,18.05,97.44,1.88
5/16/2015,25.57,91.43,4.58,2.87,15.65,97.4,2.18
5/17/2015,25.87,88.86,3.31,3.06,16.3,97.36,4.35
5/18/2015,25.54,90.91,4.68,2.97,17,97.4,2.31
5/19/2015,25.6,91.67,4.44,2.84,17.9,97.5,2.26
5/20/2015,25.18,91.23,2.96,2.58,13.94,97.57,2.28
5/21/2015,25.05,91.78,2.16,3.31,17.59,97.63,2.1
5/22/2015,25.42,88.02,1.02,3.1,19.62,97.59,4.43
5/23/2015,25.44,89,0.8,3.53,17.83,97.54,3.83
5/24/2015,25.56,89.87,1.55,3.21,19.18,97.57,3.42
5/25/2015,25.42,91.51,0.56,2.51,20.9,97.54,2.16
5/26/2015,25.18,90.82,0.42,2.8,19.94,97.54,2.83
5/27/2015,25.37,90.28,0.16,2.7,21.3,97.47,3.63
5/28/2015,25.63,90.4,0.21,2.58,18.15,97.33,3.45
5/29/2015,25.58,91.92,0.34,2.77,19.69,97.36,2.34
5/30/2015,25.35,92.04,4.44,2.26,19.47,97.44,2.53
5/31/2015,25.24,90.36,7.32,2.98,18.14,97.38,3.36
6/1/2015,25.01,92.55,5.24,3.17,18.96,97.34,1.66
6/2/2015,25.1,92.06,2.2,2.57,18,97.32,2.6
6/3/2015,25.6,91.17,3.13,2.2,20.42,97.23,2.92
6/4/2015,25.29,91.2,4.73,2.28,17.8,97.27,2.83
6/5/2015,24.7,95.32,10.27,2.58,15.69,97.29,0.47
6/6/2015,24.78,89.85,12.66,2.21,21.26,97.32,2.57
6/7/2015,25.33,91.11,3.79,1.91,21.19,97.33,3.02
6/8/2015,24.94,89.88,6.05,1.9,21.06,97.45,2.61
6/9/2015,24.78,87.27,4.2,2.58,21.5,97.47,4.13
6/10/2015,25.44,87.04,0.56,2.05,20.95,97.35,4.79
6/11/2015,25.57,89.63,5.62,2.87,16.8,97.36,4.31
6/12/2015,24.83,90.65,5.04,2.9,19.38,97.4,2.69
6/13/2015,25.08,90.6,0.82,2.53,21.39,97.37,3.99
6/14/2015,25.24,90.9,2.21,2.88,19.96,97.32,2.58
6/15/2015,24.64,89.19,5.26,3.31,13.5,97.33,2.55
6/16/2015,24.95,90.89,11.21,3.18,13.58,97.32,2.25
6/17/2015,24.98,89.5,1.52,3.19,10.85,97.23,2.71
6/18/2015,25.12,91.32,6.98,3.76,10.66,97.2,2.36
6/19/2015,25.35,91.87,5.52,3.84,16.29,97.3,2.06
6/20/2015,25.68,91.56,1.38,3.14,19.34,97.34,2.72
6/21/2015,25.54,90.38,0.86,3,19.99,97.41,3.46
6/22/2015,24.94,90.65,0.67,2.16,22.31,97.45,2.81
6/23/2015,25.38,89.61,1.44,2.03,21.14,97.48,4.07
6/24/2015,25.23,91.15,1.34,2.32,20.86,97.58,2.94
6/25/2015,25.11,88.97,0.68,2.71,19.92,97.55,3.84
6/26/2015,25.4,88.85,2.75,3.37,18.22,97.48,4.8
6/27/2015,25.07,87.26,8.53,3.84,10.56,97.54,3.52
6/28/2015,24.54,91.24,9.19,3.16,10.99,97.65,2.11
6/29/2015,24.55,89.92,6.02,3.32,15.62,97.71,2.54
6/30/2015,25.07,88.69,2.82,2.96,19.83,97.65,4.24
7/1/2015,24.94,91.15,1.55,2.24,20.01,97.67,2.94
7/2/2015,25.07,90.96,2.1,2.28,21.44,97.67,3.07
7/3/2015,25.29,90.97,2.47,3.05,20.86,97.68,3.3
7/4/2015,25.31,87.37,1.68,3.94,17.97,97.65,4.41
7/5/2015,25.54,89.17,2.11,4.4,17.59,97.49,3.59
7/6/2015,25.25,89.28,1.1,4.81,19.32,97.41,3.36
7/7/2015,25.25,89.07,0.61,4.1,20.38,97.33,4.03
7/8/2015,25.18,86.03,0.22,3.84,20.32,97.46,5.8
7/9/2015,25.1,85.88,0.71,3.66,21.79,97.52,6.06
7/10/2015,25.34,88.56,9.36,4.26,16.27,97.41,4.56
7/11/2015,25.14,89.21,7.72,4.09,13,97.41,3.56
7/12/2015,25.32,88.33,0.5,3.78,18.11,97.34,4.3
7/13/2015,25.64,86.78,0.78,4.03,20.69,97.27,5.64
7/14/2015,25.42,89.19,3.19,4.49,16.81,97.25,3.72
7/15/2015,24.69,91.4,2.99,4.43,15.58,97.22,1.95
7/16/2015,24.47,91.2,3.89,4.16,15.28,97.24,2.16
7/17/2015,24.65,88.74,4.89,4.4,13.91,97.28,3.81
7/18/2015,24.46,88.75,2.23,4.08,12.04,97.37,3.43
7/19/2015,24.78,88.15,1.45,4.14,17.08,97.31,3.99
7/20/2015,24.41,89.79,4.63,3.61,14.31,97.27,2.62
7/21/2015,24.95,89.69,7.46,3.25,16.38,97.34,3.67
7/22/2015,23.96,92.94,5.32,2.68,14.18,97.46,1.26
7/23/2015,23.76,90.56,5.73,2.49,13.14,97.57,2.87
7/24/2015,24.04,88.67,0.98,2.79,20.93,97.65,3.16
7/25/2015,24.35,88.55,1.38,2.69,18.2,97.61,3.4
7/26/2015,24.5,89.32,2.81,2.47,18.07,97.61,3.6
7/27/2015,24.46,90.89,0.54,1.8,20.72,97.58,2.7
7/28/2015,24.3,91.81,0.69,1.8,21.64,97.62,2.62
7/29/2015,24.56,90.55,4.58,2.2,21.83,97.62,2.9
7/30/2015,24.44,89.43,1.47,2.34,20.5,97.62,2.6
7/31/2015,24.57,89.25,2.18,2.49,20.33,97.54,3.18
8/1/2015,24.87,88.44,2.52,2.86,20.82,97.59,4.82
8/2/2015,25.01,87.88,1.53,3.03,20.27,97.62,4.24
8/3/2015,24.66,90.77,2.96,3.18,17.82,97.62,2.18
8/4/2015,24.67,90.22,13.96,3.52,16.16,97.62,2.9
8/5/2015,24.23,85.45,6.56,3.71,12.6,97.63,4.95
8/6/2015,24.55,87.91,0.93,3.75,21.04,97.44,3.68
8/7/2015,25.21,87.33,0.91,3.76,20.37,97.4,4.85
8/8/2015,25.32,88.02,1.15,4.06,22.16,97.4,4.15
8/9/2015,24.91,90.11,3.15,4.6,18.3,97.24,2.41
8/10/2015,24.96,88.94,1.7,4.4,17.48,97.24,3.93
8/11/2015,24.93,86.6,1.34,4.44,16.96,97.39,5.2
8/12/2015,25.01,88.36,0.67,4.62,17.25,97.49,3.62
8/13/2015,25.32,86.63,0.37,3.88,19.36,97.39,5.35
8/14/2015,25.48,86.58,0.56,3.84,18.67,97.34,6.02
8/15/2015,25.37,88.68,3.72,2.74,16.41,97.36,3.51
8/16/2015,24.53,91.81,18,1.29,12.1,97.43,1.23
8/17/2015,24.57,87.99,8.28,1.34,15,97.37,3.21
8/18/2015,24.05,90.72,9.69,1.62,17.72,97.45,2.97
8/19/2015,24.46,90.33,0.86,1.9,22.71,97.61,2.62
8/20/2015,24.87,88.25,1.09,2.41,20.16,97.67,4.19
8/21/2015,24.61,88.52,0.98,2.25,19.76,97.62,3.21
8/22/2015,24.83,89.41,2.99,2.94,20.58,97.56,3.08
8/23/2015,24.92,89.64,3.72,3.06,20.4,97.56,3.35
8/24/2015,24.76,88.33,6.3,3.43,15.88,97.58,3.53
8/25/2015,25.09,86.67,4.94,3.75,16.44,97.48,5.07
8/26/2015,24.69,90.29,8.67,3.34,17.07,97.44,2.07
8/27/2015,25.15,87.92,9.98,3.83,13.92,97.47,4.26
8/28/2015,24.84,88.3,10.79,3.5,10.59,97.56,4
8/29/2015,25.1,88.55,3.84,3.42,19.73,97.5,4.03
8/30/2015,25.26,88.27,2.89,3.67,16.81,97.54,4.67
8/31/2015,25.14,89.24,3.21,2.93,21.64,97.57,3.57
9/1/2015,25.24,88.97,1.08,3.22,21.72,97.47,3.9
9/2/2015,25.7,87.61,1.78,2.64,21.91,97.37,4.91
9/3/2015,25.08,90.97,30.54,2.84,16.4,97.46,2.53
9/4/2015,24.05,92.28,14.64,1.87,19.92,97.69,1.63
9/5/2015,24.18,90.27,6.55,1.89,14.19,97.8,3.03
9/6/2015,23.77,90.33,7.11,2.14,22.03,97.8,2.61
9/7/2015,23.35,87.12,7.52,1.86,15.24,97.84,2.52
9/8/2015,23.82,84.22,1.31,1.76,17.93,97.68,4.42
9/9/2015,24.48,88.63,3.13,2.3,21.69,97.67,4.55
9/10/2015,24.78,89.4,5.24,2.21,16.51,97.66,3.75
9/11/2015,24.52,90.28,10.3,2.29,15.03,97.65,2.16
9/12/2015,24.63,90.88,2.93,2.5,20.67,97.58,2.2
9/13/2015,25.11,89.2,2.78,3.18,20.07,97.64,3.48
9/14/2015,25.28,88.92,3.16,3.45,19.12,97.61,3.8
9/15/2015,25.07,90.76,10.6,3.84,18.78,97.53,2.67
9/16/2015,25.28,88.75,8.86,4.49,15.55,97.35,3.62
9/17/2015,25.47,88.58,13.79,3.96,16.25,97.3,3.3
9/18/2015,24.71,91.37,10.66,3.71,13.57,97.36,1.43
9/19/2015,24.54,91.09,11.28,3.43,12.08,97.41,1.85
9/20/2015,24.45,94.11,7.4,2.92,15.62,97.44,1
9/21/2015,24.72,89.98,2.68,2.8,19.01,97.46,2.74
9/22/2015,24.89,88,2.71,2.51,22.5,97.4,3.92
9/23/2015,24.74,91.74,8.04,2.09,19.45,97.53,2.04
9/24/2015,24.61,89.1,10.84,2.18,15.05,97.55,3.32
9/25/2015,24.56,89.83,12.09,2.64,16.66,97.47,3.24
9/26/2015,24.16,92.4,26.1,2.42,10.15,97.45,1.44
9/27/2015,24.08,92.94,12.65,2.36,11.63,97.4,1.08
9/28/2015,24.17,90.45,15.72,2.78,14.04,97.38,2.13
9/29/2015,23.56,94.14,47.57,2.79,10.68,97.38,0.65
9/30/2015,23.78,90.39,2.92,2.57,13.04,97.53,1.98
10/1/2015,24.61,90.11,7.18,1.97,19.88,97.64,3.08
10/2/2015,24.57,90.19,7.23,1.63,20.49,97.75,3.14
10/3/2015,24.69,91.27,2.3,1.66,19.07,97.74,2.51
10/4/2015,24.82,92.33,10.32,2.78,19.6,97.71,1.65
10/5/2015,24.8,91.34,4.66,3.35,10.06,97.61,1.88
10/6/2015,24.77,91.56,5.13,2.31,19.32,97.53,1.58
10/7/2015,24.55,92.94,7.96,1.92,18.58,97.56,1.74
10/8/2015,24.5,90.1,6.91,2.1,20.61,97.65,2.76
10/9/2015,24.13,90.14,5.75,2.47,15.71,97.65,2.61
10/10/2015,24.76,89.5,3.85,2.43,21.7,97.63,3.45
10/11/2015,24.89,89.86,5.36,1.79,21.3,97.67,2.23
10/12/2015,24.97,90.23,9.56,1.35,17.29,97.68,2.36
10/13/2015,25.19,89.04,7.01,1.5,18.87,97.63,3.27
10/14/2015,24.85,89.91,13.87,1.54,18.96,97.65,2.45
10/15/2015,25.21,87.82,14.96,0.95,17.87,97.58,3.95
10/16/2015,24.87,89.77,18.69,1.13,19.16,97.6,2.62
10/17/2015,25.41,87.22,8.8,0.9,17.2,97.6,4.02
10/18/2015,25.43,88.44,23.82,1.08,15.03,97.65,3.25
10/19/2015,25.45,88.9,14.77,1.38,18.33,97.62,3.28
10/20/2015,25.4,89.09,10.19,1,16.04,97.49,2.76
10/21/2015,24.88,91.81,28.7,0.8,18.21,97.46,1.35
10/22/2015,24.47,93.67,9.26,0.88,15.46,97.49,0.69
10/23/2015,23.96,95.53,25.72,1.96,17,97.47,0.51
10/24/2015,24.05,92.05,35.54,1.56,14,97.45,1.69
10/25/2015,23.63,94.6,25.47,2.12,5.4,97.49,0.5
10/26/2015,22.54,93.52,17.92,1.72,15.63,97.54,0.37
10/27/2015,23.74,90.29,10.61,1.21,11.4,97.51,1.64
10/28/2015,24.22,90.22,13.23,1.39,13.87,97.46,1.87
10/29/2015,24.11,91.51,12.53,1.32,13.15,97.42,1.2
10/30/2015,23.71,93.62,9.17,2.25,15.76,97.38,0.77
10/31/2015,24.11,92.45,8.57,2.09,16.3,97.57,1.65
11/1/2015,23.76,91.91,12.94,1.59,14.38,97.64,1.68
11/2/2015,24.17,90.53,27.09,0.64,14.16,97.65,1.64
11/3/2015,24.6,88.11,15.1,1.09,14.13,97.62,1.75
11/4/2015,24.65,85.47,4.33,0.59,16.27,97.57,2.4
11/5/2015,24.81,89.17,18.32,0.76,14.94,97.53,2.83
11/6/2015,23.97,93.79,40.16,1.41,18.6,97.42,0.73
11/7/2015,24.05,91.05,10.96,1.91,18.59,97.47,2.28
11/8/2015,24.02,92.95,21.66,1.94,16.06,97.54,1.34
11/9/2015,23.9,92.05,7.03,2.47,14.35,97.51,1.57
11/10/2015,24.37,92.69,5.41,1.99,16.21,97.43,1.33
11/11/2015,24.02,91.51,3.68,1.64,13.68,97.51,1.61
11/12/2015,24.83,88.6,12.29,1.13,14.72,97.53,2.75
11/13/2015,24.51,90.7,19.66,1.64,10.44,97.49,1.37
11/14/2015,23.81,92.47,32.2,1.67,13.34,97.27,0.84
11/15/2015,23.88,92.68,18.75,2.7,9.23,97.24,1.63
11/16/2015,24.11,92.1,5.33,2.2,15.83,97.31,2.13
11/17/2015,24.75,91.7,0.55,1.88,18.87,97.35,2.59
11/18/2015,24.84,88.25,0.98,1.32,19.19,97.41,4.18
11/19/2015,25.39,86.85,11.45,0.6,18.25,97.45,4.78
11/20/2015,24.81,88.27,7.6,1.25,19.44,97.44,2.64
11/21/2015,24.05,87.39,9.01,1.17,14.29,97.38,1.88
11/22/2015,24.65,90.53,3.53,1.64,17.39,97.36,2.82
11/23/2015,25.13,88.44,3.09,1.32,18.85,97.45,3.99
11/24/2015,25.23,86.35,3.59,1.07,18.46,97.45,3.96
11/25/2015,25.2,87.78,5.39,1.3,19.63,97.46,3.07
11/26/2015,24.92,88.22,7.86,0.81,19.52,97.5,2.41
11/27/2015,24.65,84.29,0.33,0.84,18.69,97.41,2.82
11/28/2015,24.16,89.28,8.96,0.87,13.04,97.51,1.76
11/29/2015,24.22,88.85,15.78,1.48,11.85,97.48,1.63
11/30/2015,24.88,93.17,33.16,2.31,15.36,97.48,1.74
12/1/2015,24.35,95,14.58,2.06,15.25,97.46,0.62
12/2/2015,24.44,93.05,17.95,2.27,15.38,97.52,1.28
12/3/2015,24.34,92.9,6.73,1.89,18.7,97.5,1.83
12/4/2015,24.43,93.51,15.6,1.47,10.9,97.37,0.9
12/5/2015,24.43,94.59,6.72,1.94,11.48,97.36,0.83
12/6/2015,23.97,91.42,4.33,1.82,17.8,97.44,1.1
12/7/2015,24.22,91.8,11.35,1.1,12.9,97.49,1.29
12/8/2015,24.24,93.16,26.48,1.72,8.93,97.53,0.79
12/9/2015,24.71,91.45,6.48,1.8,17.29,97.59,2.42
12/10/2015,24.84,93.29,10.32,1.67,10.71,97.59,1.09
12/11/2015,24.94,89.83,4.76,0.86,15.09,97.55,2.87
12/12/2015,24.93,91.31,6.84,1.2,17.71,97.47,2.3
12/13/2015,24.5,91.41,2.17,0.83,16.04,97.54,1.55
12/14/2015,24.93,90.4,10.63,0.76,18.01,97.56,2.98
12/15/2015,25.1,89.81,11.65,1.13,19.17,97.62,2.93
12/16/2015,24.89,89.31,5.01,1.17,17.15,97.64,3.83
12/17/2015,24.33,87.6,1.31,1.39,12.99,97.61,2.45
12/18/2015,24.24,86.12,5.15,0.72,14.25,97.67,3.71
12/19/2015,24.34,91.03,9.56,1.54,10.37,97.76,2.68
12/20/2015,24.38,88.38,4.88,2.14,19.86,97.74,4.04
12/21/2015,24.37,86.74,3.84,1.63,17.85,97.72,5.01
12/22/2015,23.78,86.02,1.31,2.05,20.7,97.78,4.78
12/23/2015,23.47,83.73,0.01,1.66,21.75,97.79,5.72
12/24/2015,23.55,81.76,0.02,1.26,21.5,97.75,6.32
12/25/2015,24.17,83.48,0.44,1.01,20,97.69,6.56
12/26/2015,24.76,87.28,4.61,1.51,19.12,97.62,4.81
12/27/2015,24.97,89.46,17.49,2.3,8.06,97.62,3.04
12/28/2015,24.73,89.43,14.17,2.61,13.96,97.78,3.16
12/29/2015,25.14,89.97,8.94,2.2,15.02,97.73,3.33
12/30/2015,24.49,88.29,3.79,2.92,18.98,97.61,4.6
12/31/2015,24.61,88.38,3.05,2.7,20.51,97.65,5.08
1/1/2016,24.88,89.22,3.24,2.52,14.56,97.76,4.76
1/2/2016,24.44,88.54,1.6,2.25,14.42,97.83,4.91
1/3/2016,24.42,86.8,0.21,2.37,20.59,97.75,6.06
1/4/2016,25.07,87.7,0.63,1.75,20.09,97.74,6.37
1/5/2016,25.25,88.92,4.66,1.43,17.33,97.69,4.63
1/6/2016,25.33,88.79,10.81,1.56,16.98,97.67,3.97
1/7/2016,24.6,91.25,9.55,1.7,16.34,97.74,1.93
1/8/2016,24.21,89.72,1.13,1.13,14.85,97.78,2.68
1/9/2016,24.58,87.18,0.16,1.33,18.98,97.67,4.03
1/10/2016,25.01,85.88,1.29,1.48,16.03,97.69,6.59
1/11/2016,24.59,86.93,1.14,1.89,17.08,97.67,5.82
1/12/2016,24.26,85.61,0.03,1.92,19.13,97.55,6.45
1/13/2016,23.37,84.89,0,1.35,18.33,97.59,5.24
1/14/2016,22.79,86.23,0,1.6,19.36,97.6,3.97
1/15/2016,23.51,83.35,0,0.73,19.38,97.53,7.86
1/16/2016,24.06,85.93,0.03,0.73,20.38,97.52,5.21
1/17/2016,24.4,83.51,0.06,0.73,19.97,97.52,7.27
1/18/2016,23.77,81.93,0.02,0.96,21.47,97.47,7.96
1/19/2016,24.1,82.87,0,0.89,21.75,97.44,7.71
1/20/2016,24.61,84.12,0,0.89,21.28,97.54,8.18
1/21/2016,24.9,84.25,0.03,1.19,19.24,97.58,8.27
1/22/2016,24.82,83.2,0.02,1.3,20.51,97.64,8.14
1/23/2016,25.17,86.89,3.42,1.46,17.76,97.66,4.96
1/24/2016,25.42,87.26,7,1.26,16.46,97.67,4.89
1/25/2016,25.5,86.36,7.66,1.69,17.15,97.6,5.68
1/26/2016,25.17,85.54,4.2,1.81,20.7,97.59,6.28
1/27/2016,24.38,81.1,1.16,1.47,21.68,97.63,7.85
1/28/2016,23.37,78.63,0.01,1.03,21.47,97.68,8.38
1/29/2016,23.59,82.29,0.32,0.93,20.49,97.71,7.38
1/30/2016,22.76,82.15,0.33,1.94,17.62,97.69,6.86
1/31/2016,23.56,84.71,0.52,1.95,12.96,97.61,5.72
2/1/2016,24.39,84.27,0.8,1.5,22.42,97.63,7.87
2/2/2016,23.43,82.84,0.14,2.55,15.45,97.62,7.64
2/3/2016,22.11,82.51,0,2.4,23.81,97.59,7.87
2/4/2016,22.55,82.06,0.01,1.71,22.47,97.63,7.52
2/5/2016,23.71,83.53,0.79,1.33,16.07,97.6,4.81
2/6/2016,25.18,84.36,4.04,0.88,18.91,97.53,6.96
2/7/2016,25.41,86.52,10.98,0.46,17.17,97.62,5.02
2/8/2016,25.62,85.19,1.02,0.98,17.99,97.58,6.42
2/9/2016,25.79,87.42,4.66,0.63,18.25,97.56,6.9
2/10/2016,25.81,85.23,5.36,0.77,16.56,97.59,6.85
2/11/2016,25.42,83.15,0.1,0.74,21.28,97.53,8.78
2/12/2016,24.73,80.26,0.04,0.92,22.68,97.54,8.66
2/13/2016,24.03,81.56,0.11,0.78,20.96,97.55,9.12
2/14/2016,24.78,83.12,0.35,0.64,21.93,97.58,9.28
2/15/2016,25.13,86.16,11.45,1.08,14.06,97.6,6.94
2/16/2016,24.38,86.35,3.37,2.49,16.47,97.63,5.29
2/17/2016,25.04,88.92,15.25,2.16,15.02,97.56,2.99
2/18/2016,25.58,88.56,11.61,2.93,15.73,97.54,5.3
2/19/2016,25.37,86.95,3.69,2.15,20.48,97.72,7.18
2/20/2016,25.37,84.98,2.98,1.27,18.48,97.77,8.79
2/21/2016,25.27,82.57,0.41,1.28,24.27,97.68,9.44
2/22/2016,24.73,82.6,0.09,1.61,24.42,97.78,9.81
2/23/2016,23.34,78.15,0.06,1.32,25.72,97.75,9.77
2/24/2016,24.89,83.27,1.86,1.09,22.68,97.63,9.14
2/25/2016,25.29,89.26,13.89,1.6,14.25,97.63,2.22
2/26/2016,24.98,85.06,2.01,2.41,24.59,97.73,7.87
2/27/2016,24.74,85.12,1.92,2.25,22.59,97.76,7.45
2/28/2016,25.29,84.95,1.13,2.27,22.93,97.86,7.97
2/29/2016,25.21,86.97,1.09,2.03,21.63,97.8,5.06
3/1/2016,25.39,85.33,0.58,2.04,20.22,97.65,7.81
3/2/2016,25.4,83.26,0.11,1.95,22.55,97.65,7.77
3/3/2016,25.37,84.18,0.37,1.74,23.01,97.73,7.82
3/4/2016,25.97,83.91,0.63,1.42,19.73,97.62,8.22
3/5/2016,25.61,84.7,1,1.08,20.34,97.54,5.97
3/6/2016,25.84,83.4,0.73,1.43,20.42,97.51,9.27
3/7/2016,25.91,85.92,9.71,1.32,19.96,97.47,7.87
3/8/2016,25.84,85.09,4.78,1.14,21.04,97.49,7.71
3/9/2016,25.54,85.64,2,0.97,20.2,97.57,5.66
3/10/2016,26.04,86.22,0.93,1.36,21.75,97.6,7.44
3/11/2016,26.28,83.17,2.79,0.85,22.64,97.62,8.03
3/12/2016,25.89,81.46,1.57,0.84,23.34,97.63,9.26
3/13/2016,25.91,83.91,0.95,0.63,23.59,97.63,9.34
3/14/2016,26.24,83.42,1.81,0.78,23.59,97.63,9.52
3/15/2016,25.77,84.25,0.96,0.97,23.42,97.64,9.13
3/16/2016,26.39,83.56,1.11,0.65,22.33,97.56,8.71
3/17/2016,26.79,79.87,0.46,0.43,22.58,97.56,10.67
3/18/2016,25.84,77.31,0.12,0.85,24.88,97.52,11.26
3/19/2016,25.43,79.6,0.11,0.56,24.69,97.59,10.54
3/20/2016,25.86,78.36,0.03,0.74,24.85,97.61,11.22
3/21/2016,25.94,79.89,0.02,0.76,19.53,97.56,10.31
3/22/2016,26.12,82.39,0.06,1.41,23.56,97.44,10.71
3/23/2016,26.16,79.89,0.02,0.92,24.39,97.49,10.21
3/24/2016,26.24,76.88,0.11,0.69,24.17,97.62,11.41
3/25/2016,25.72,79.14,0.22,0.73,24.8,97.74,10.89
3/26/2016,26.05,78.97,0.03,1.23,23.89,97.69,10.52
3/27/2016,26.31,78.01,6.81,1.15,23.33,97.67,10.77
3/28/2016,26.14,85.12,11.11,1.36,21.24,97.68,4.88
3/29/2016,26.03,86.78,9.7,1.92,22.33,97.71,5.54
3/30/2016,25.7,88.01,16.6,1.38,20.21,97.71,3.97
3/31/2016,26.02,86.44,10.79,1,20.79,97.61,5.23
4/1/2016,26.23,85.94,11.89,1.13,22.33,97.45,6.75
4/2/2016,26.65,80.84,2.54,0.8,24.6,97.52,8.12
4/3/2016,26.85,82.2,2.76,0.61,23.64,97.63,9.48
4/4/2016,26.96,82.57,3.95,0.76,21.83,97.55,9.05
4/5/2016,26.33,85.75,4.66,1.42,23.27,97.51,7.34
4/6/2016,26.21,86.58,10.04,1.33,21.99,97.59,7.13
4/7/2016,26.92,83.65,4.59,0.85,22.37,97.49,6.54
4/8/2016,27.06,83.5,1.69,1.2,23.04,97.43,8.88
4/9/2016,26.77,81.85,2.8,1.28,23.95,97.54,9.51
4/10/2016,26.74,84.31,3.76,0.89,21.37,97.64,7.54
4/11/2016,26.88,84.87,1.43,1.23,21.53,97.57,7.67
4/12/2016,26.59,87.56,2.69,1.64,21.92,97.49,6.24
4/13/2016,26.76,87.49,1.14,1.79,23.51,97.32,6.33
4/14/2016,26.74,88.28,2.36,1.61,22.27,97.34,5.73
4/15/2016,27.01,85.81,5.5,1.26,23.99,97.49,7.34
4/16/2016,26.96,85.05,2.92,1.21,22.37,97.48,7.19
4/17/2016,26.65,86.97,6.92,1.17,18.81,97.4,5.12
4/18/2016,26.62,85.62,6.51,1.12,23.39,97.42,6.05
4/19/2016,26.35,88.19,10.67,1.25,13.72,97.45,3.9
4/20/2016,26.49,86.86,8.86,0.96,21.19,97.54,4.89
4/21/2016,26.92,84.93,2.56,1.01,22.45,97.5,7.63
4/22/2016,26.88,86.52,0.98,1.34,22.09,97.45,6.84
4/23/2016,26.66,89.57,0.52,1.9,21.5,97.29,3.95
4/24/2016,26.84,88.19,0.16,1.91,23.91,97.2,4.58
4/25/2016,26.71,86.62,0.18,1.68,24.04,97.29,6.25
4/26/2016,26.18,88.54,1.35,1.01,19.1,97.43,3.33
4/27/2016,26.46,85.33,0.67,1.05,23.17,97.4,5.86
4/28/2016,26.63,83.9,1.01,1.19,23.98,97.41,7.86
4/29/2016,26.71,83.43,2.08,1.5,23.95,97.43,8.25
4/30/2016,26.17,87.29,8.83,1.43,18.1,97.48,4.49
5/1/2016,26.01,88.99,3.18,1.14,19.17,97.45,3.52
5/2/2016,26.39,87.82,4.7,1.25,20.79,97.46,4.96
5/3/2016,26.75,87.37,2.66,1.01,20.31,97.37,5.25
5/4/2016,26.84,85.93,1.78,0.98,21.65,97.38,5.6
5/5/2016,26.98,83.71,1.9,0.75,20.64,97.42,6.94
5/6/2016,26.15,89.21,3.85,1.19,16.11,97.41,2.92
5/7/2016,26.17,84.33,7.65,1.08,13.63,97.44,4.16
5/8/2016,27.36,80.9,14.61,0.81,17.35,97.43,8.35
5/9/2016,26.26,85.34,10.33,0.94,17.17,97.42,4.74
5/10/2016,26.06,80.33,9.77,1.16,15.72,97.42,5.85
5/11/2016,25.62,86,47.29,0.9,12.38,97.34,3.95
5/12/2016,25.14,88.82,18.86,0.8,12.73,97.27,2.43
5/13/2016,25.88,87.73,20.34,0.96,15.39,97.2,3.38
5/14/2016,25.67,89.84,46.51,1.39,11.59,97.26,2.28
5/15/2016,24.54,88.22,71.16,3.15,6.7,97.1,3.04
5/16/2016,25.38,90.7,15.89,5.72,11.14,96.94,2.92
5/17/2016,25.74,88.55,14.65,4.89,9.87,97.02,4.03
5/18/2016,25.87,90.86,12.94,3.83,16.49,97.11,2.55
5/19/2016,26.01,89.8,14,4.44,15.33,97.25,3.75
5/20/2016,25.87,88.98,13.27,3.69,13.89,97.34,3.53
5/21/2016,25.98,92.35,4.99,3.21,13.2,97.42,1.9
5/22/2016,26.27,92.13,1.99,3.19,15.83,97.5,2.38
5/23/2016,26.34,92.07,1.92,3.55,17.4,97.51,2.5
5/24/2016,26.04,91.98,5.2,4.24,17.75,97.53,2.42
5/25/2016,26.11,87.92,3.24,4.03,18.41,97.42,5.51
5/26/2016,26.14,90.09,3.2,3.86,19.39,97.38,3.55
5/27/2016,25.42,91.92,16.28,3.69,7.65,97.5,2.02
5/28/2016,24.65,89.42,8.17,3.51,11.95,97.59,3.3
5/29/2016,25.3,87.63,3.12,3.84,15.17,97.4,5.02
5/30/2016,25.62,88.59,9.94,3.87,17.35,97.38,4.96
5/31/2016,25.69,90.52,6.49,3.35,11.88,97.42,3.34
6/1/2016,25.41,91.26,3.49,3.16,20.23,97.47,2.16
6/2/2016,25.26,90.58,1.25,3.5,19.77,97.43,2.83
6/3/2016,25.21,90.69,1.13,3.3,17.98,97.39,2.69
6/4/2016,25.84,88.64,2.59,4.12,16.95,97.37,4.71
6/5/2016,25.62,86.54,1.29,3.43,18.74,97.42,5.57
6/6/2016,25.61,86.32,0.23,2.98,20.35,97.45,6.45
6/7/2016,25.77,88.61,3.36,3.31,17.74,97.48,5.02
6/8/2016,25.67,91.06,5.55,3.53,17.08,97.51,3.4
6/9/2016,25.63,90.94,3.33,3.22,19.03,97.52,3.73
6/10/2016,25.44,88.83,3.35,3.4,19.89,97.57,4.63
6/11/2016,25.12,90.88,2.29,3.37,18.75,97.57,2.33
6/12/2016,24.95,91.07,5.32,3.54,17.76,97.57,2.63
6/13/2016,25.11,88.84,3.15,3.91,16.27,97.6,4.37
6/14/2016,25.19,88.54,0.96,4.04,19.49,97.51,3.86
6/15/2016,25.39,86.67,0.39,4.52,19.92,97.38,5.09
6/16/2016,25.15,87.48,0.87,4.6,16.36,97.26,4.67
6/17/2016,24.96,88.6,3.86,4.23,18.3,97.23,4.09
6/18/2016,24.12,88.26,3.68,4.03,15.62,97.28,3.48
6/19/2016,24.52,87.63,3.71,4.18,16.85,97.25,4.89
6/20/2016,24.57,87.1,3.58,4.85,17.03,97.22,4.66
6/21/2016,24.51,87.06,4.11,4.73,16.84,97.22,5
6/22/2016,24.27,86.57,1.11,4.7,19.53,97.33,4.08
6/23/2016,24.29,85.84,0.7,5.22,18.74,97.33,5.31
6/24/2016,24.68,86.62,0.91,4.57,17.17,97.26,5.24
6/25/2016,24.67,86.78,0.3,4.55,19.77,97.31,4.32
6/26/2016,24.72,88.43,0.17,4.12,17.07,97.34,4.09
6/27/2016,25.01,88.51,1.05,3.93,19,97.29,4.73
6/28/2016,24.72,92.44,2.62,3.65,14.92,97.37,1.97
6/29/2016,24.83,91.84,3.62,3.29,16.83,97.41,2.31
6/30/2016,25.04,89.3,0.8,3.65,18.23,97.38,4.13
7/1/2016,25.53,84.93,0.17,4.49,18.2,97.29,5.82
7/2/2016,25.41,85.26,0.14,3.85,20.73,97.34,6.37
7/3/2016,25.29,85.93,0.08,2.79,22.48,97.36,4.28
7/4/2016,25.15,86.49,0.25,3.5,20.76,97.37,4.61
7/5/2016,25.39,84.95,0.14,3.69,21.58,97.38,6.76
7/6/2016,25.46,87.31,0.13,3.79,20.85,97.36,5.7
7/7/2016,25.47,86.95,0.2,3.25,21.05,97.41,5.63
7/8/2016,24.73,86.17,0.85,3.18,19.01,97.51,3.84
7/9/2016,24.47,86.94,3.93,4.08,17.28,97.5,4
7/10/2016,24.56,85.05,1.48,4.32,17.02,97.45,5.81
7/11/2016,24.61,86.35,2.88,3.84,20.22,97.38,5.04
7/12/2016,24.84,87.03,1.77,3.86,16.06,97.38,4.86
7/13/2016,24.9,84.41,0.39,3.76,20.14,97.34,6.33
7/14/2016,24.73,88.22,2.36,3.48,17.56,97.26,3.81
7/15/2016,24.18,90.89,5.01,2.63,16.83,97.32,2.15
7/16/2016,24.13,89.29,2.69,2.19,16.41,97.4,3.18
7/17/2016,24.11,90.35,1.64,2.41,16.18,97.56,2.6
7/18/2016,24.24,87.96,1.1,3.28,19.43,97.52,3.84
7/19/2016,24.74,83.71,0.13,3.85,21.77,97.41,6.59
7/20/2016,24.99,85.74,0.13,3.94,19.12,97.34,5.48
7/21/2016,24.68,87.32,0.19,4.5,17.46,97.3,4.46
7/22/2016,24.66,85.59,0.19,4.76,17.46,97.31,4.45
7/23/2016,24.47,86.15,0.87,4.2,19.53,97.3,4.64
7/24/2016,24.17,90.03,4.79,3.47,15.16,97.3,2.51
7/25/2016,23.84,91.7,8.76,3.29,14.5,97.27,1.71
7/26/2016,23.59,92.07,5.38,2.19,12.81,97.29,1.79
7/27/2016,24.09,90.54,0.7,2.42,15.42,97.34,3.15
7/28/2016,24.75,88.77,0.6,2.35,21.89,97.34,4.06
7/29/2016,24.62,91.07,11.52,2.81,13.14,97.38,2.61
7/30/2016,24.19,89.41,9.15,3.03,16.71,97.45,3.24
7/31/2016,24.43,89.31,3.2,3.18,18.7,97.48,2.99
8/1/2016,24.44,88.5,0.66,3.96,19,97.48,3.69
8/2/2016,24.69,87.75,0.15,4.27,21.71,97.29,4.24
8/3/2016,24.7,87.48,0.19,4.08,19.96,97.25,3.93
8/4/2016,25.02,85.83,0.14,3.95,19.87,97.29,5.38
8/5/2016,25.07,85.94,0.09,3.98,19.27,97.36,5.21
8/6/2016,25.33,84.73,0.06,3.82,21.91,97.35,6.26
8/7/2016,25.16,85.3,0.17,3.85,20.26,97.43,5.73
8/8/2016,25.45,83.94,0.46,3.34,19.97,97.45,6.16
8/9/2016,25.17,85.15,0.69,3.96,18.73,97.44,5.54
8/10/2016,25.27,84.72,0.34,3.76,19.04,97.52,5.54
8/11/2016,25.37,84.65,0.18,3.77,20.6,97.57,5.96
8/12/2016,25.29,85.11,0.21,4.04,19.48,97.55,5.33
8/13/2016,25.21,86.53,0.29,4.17,18.92,97.48,4.43
8/14/2016,25.14,87.41,0.78,4.23,18.71,97.46,3.9
8/15/2016,25.16,85.13,0.99,4.64,18.13,97.42,4.76
8/16/2016,25.29,84.69,0.3,5.24,17.22,97.34,4.97
8/17/2016,25.37,83.69,0.57,5.36,20.21,97.26,5.23
8/18/2016,25.22,83.24,0.56,4.65,19.15,97.23,5.46
8/19/2016,25.41,82.28,0.18,4.23,17.95,97.25,5.64
8/20/2016,25.57,84.02,0.87,4.07,19.14,97.24,5.39
8/21/2016,25.3,87.53,2.1,3.97,17.71,97.26,3.27
8/22/2016,25.4,85.54,0.71,4.04,13.91,97.36,3.86
8/23/2016,24.93,85.79,1.17,4.39,16.77,97.33,3.14
8/24/2016,24.81,86.85,1.43,4.02,19.04,97.26,3.08
8/25/2016,24.74,87.3,1.05,3.91,18.31,97.35,2.44
8/26/2016,24.77,86.45,1.53,4.29,17.62,97.33,3.2
8/27/2016,24.01,87.32,2.39,4.13,15.06,97.43,2.47
8/28/2016,24.43,85.08,0.71,4.17,15.8,97.42,3.67
8/29/2016,24.8,85.65,0.7,4.41,19.71,97.34,3.78
8/30/2016,24.4,85.9,2.58,3.93,16.5,97.33,3.15
8/31/2016,24.12,88.41,4.75,3.68,16.17,97.41,2.58
9/1/2016,24.69,85.46,0.78,3.64,17.78,97.51,4.06
9/2/2016,23.7,88.04,2,3.88,15.41,97.59,2.34
9/3/2016,24.41,85.22,0.49,3.78,16.6,97.55,3.4
9/4/2016,24.12,88.3,0.44,3.46,18.29,97.65,1.96
9/5/2016,24.82,85.12,0.28,3.59,21.99,97.66,3.68
9/6/2016,24.88,84.17,0.39,3.89,20.15,97.66,3.96
9/7/2016,24.65,79.92,0.07,3.97,24.04,97.56,4.8
9/8/2016,24.26,78.32,0,3.69,22.59,97.56,4.74
9/9/2016,24.74,81.45,0.04,3.97,18.71,97.55,4.69
9/10/2016,25.09,82.04,0.41,4.37,21.9,97.49,4.36
9/11/2016,24.82,82.07,0.17,4.42,23,97.37,3.73
9/12/2016,25.12,82.35,0.38,4.29,19.65,97.31,4
9/13/2016,25.09,83.54,0.36,4.06,19.05,97.34,3.1
9/14/2016,24.9,86.1,0.15,3.72,18.13,97.35,2.01
9/15/2016,25.5,83.45,0.26,4.03,17.08,97.35,3.24
9/16/2016,25.65,82.48,0.24,3.75,21.88,97.39,3.66
9/17/2016,25.04,85.14,0.47,3.81,19.53,97.43,2.38
9/18/2016,25.13,83.61,0.87,3.9,17.14,97.51,2.98
9/19/2016,24.95,83.9,0.57,3.81,19.18,97.45,2.48
9/20/2016,25.12,83.61,0.25,4.47,18.69,97.37,2.78
9/21/2016,24.97,84.43,0.15,4.23,18.71,97.44,2.1
9/22/2016,25.46,80.56,0.12,4.51,20.21,97.43,3.72
9/23/2016,25.44,81.43,0.11,4.53,17.9,97.32,3.71
9/24/2016,25.44,80.88,0.1,4.71,20.58,97.22,3.49
9/25/2016,25.3,80.47,0.11,4.42,19.72,97.28,3.43
9/26/2016,25.39,81.06,0.56,4.11,22.29,97.36,3.14
9/27/2016,25.66,81.82,0.95,3.82,19.43,97.4,3.33
9/28/2016,25.34,83.7,2.51,4.02,17.9,97.36,2.55
9/29/2016,25.56,82.88,5.34,4.52,18.54,97.34,3.12
9/30/2016,25.18,83.84,3.49,4.25,18.45,97.32,2.24
10/1/2016,24.54,86.59,1.01,3.41,20.79,97.38,1.42
10/2/2016,25.39,81.56,0.81,3.03,20.42,97.49,3.82
10/3/2016,25.21,82.34,0.71,2.73,21.37,97.46,3.36
10/4/2016,25.57,80.68,0.12,3.38,23.3,97.46,3.82
10/5/2016,25.18,83.14,0.96,3.83,20.86,97.4,2.36
10/6/2016,25.14,81.64,0.7,3.51,24.14,97.42,2.68
10/7/2016,25.06,77.16,0.05,3.5,24.34,97.5,3.74
10/8/2016,24.93,77.11,0.3,3.43,22.63,97.6,3.68
10/9/2016,25.57,81.36,1.24,4.01,19.41,97.57,3.16
10/10/2016,25.63,79.89,0.28,4.09,23.36,97.49,3.44
10/11/2016,25.32,78.34,0.06,4.09,25.31,97.45,3.52
10/12/2016,25.63,79.65,0.29,3.64,23.96,97.41,3.42
10/13/2016,25.95,78.27,0.43,3.03,22.06,97.37,2.97
10/14/2016,26.07,79.54,6.32,2.99,18.11,97.39,3.06
10/15/2016,25.27,84.38,8.1,1.84,15.61,97.45,2.37
10/16/2016,24.99,85.15,4.11,1.48,15.77,97.5,1.92
10/17/2016,24.62,86.31,5.67,1.3,17.72,97.44,1.57
10/18/2016,25.29,84.29,10.12,2.21,15.88,97.35,3.48
10/19/2016,24.99,85.91,4.33,3.02,9.39,97.29,2.4
10/20/2016,24.52,86.28,1.63,2.53,17.09,97.3,1.8
10/21/2016,24.76,82.44,2.22,3.28,18.8,97.41,3.59
10/22/2016,24.95,83.33,3.23,3.05,17.73,97.54,3.61
10/23/2016,24.94,84.69,6.86,3.2,17.34,97.57,3.42
10/24/2016,24.13,89.72,14.22,3.43,13.85,97.53,1.45
10/25/2016,24.63,84.86,7.09,3.24,18.6,97.41,3.97
10/26/2016,24.82,82.78,2.29,1.8,18.89,97.42,4.89
10/27/2016,24.88,82.2,0.75,1.83,17.7,97.51,4.84
10/28/2016,25.35,80.43,0.42,1.93,19.31,97.51,4.96
10/29/2016,25.41,83.47,3.53,2.65,18.7,97.47,3.86
10/30/2016,25.18,87.16,11.6,2.3,16.41,97.49,2.63
10/31/2016,24.58,90.49,19.48,1.64,15.2,97.59,1.6
11/1/2016,24.27,90.35,8.65,0.87,16.78,97.53,1.52
11/2/2016,24.39,89.49,18.78,1.88,17.49,97.44,2.25
11/3/2016,24.23,92.2,8.64,1.84,15.09,97.41,1.49
11/4/2016,24.13,89.85,14.52,1.91,13.2,97.52,3.07
11/5/2016,24.43,89.43,14.11,2.34,11.38,97.47,3.66
11/6/2016,24.09,90.13,12.6,3.12,4.01,97.53,2.79
11/7/2016,24.97,83.05,3.72,1.86,20.54,97.58,6.57
11/8/2016,24.87,83.78,15.41,0.87,18.93,97.58,6.61
11/9/2016,23.86,88.23,23.18,0.85,17,97.68,2.46
11/10/2016,24.88,84.19,2.29,0.66,19.67,97.6,6.3
11/11/2016,25.07,86.33,4.22,0.69,18.18,97.54,5.93
11/12/2016,24.2,92.33,18.32,1.1,15.19,97.57,1.8
11/13/2016,25.07,86.98,5.4,1.08,14.71,97.63,5.95
11/14/2016,25.51,84.15,6.02,0.74,17.91,97.59,7.24
11/15/2016,25.24,84.38,12.7,0.68,16.91,97.53,5.26
11/16/2016,24.49,86.99,13.7,1.17,15.2,97.45,3.67
11/17/2016,24.82,82.8,7.72,1.31,11.58,97.44,4.86
11/18/2016,24.03,89.2,14.2,1.35,16.63,97.31,2.65
11/19/2016,23.75,93.74,17.59,1.62,9.88,97.27,0.91
11/20/2016,24.02,85.09,5.09,1.01,10.41,97.37,2.69
11/21/2016,24.65,88.13,11.67,0.75,12.06,97.4,2.05
11/22/2016,24.2,93.41,6.54,0.95,14.43,97.36,1.26
11/23/2016,25.08,88.81,4.75,1.55,15.13,97.38,4.49
11/24/2016,25.07,82.62,0.75,1.68,18.93,97.36,7.82
11/25/2016,25.08,83.75,1.03,1.07,18.48,97.36,7.28
11/26/2016,24.6,86.71,2.64,1.02,11.68,97.44,3.05
11/27/2016,24.77,84.14,1.47,1.02,14.55,97.45,4.86
11/28/2016,24.47,83.83,0.5,0.65,16.01,97.5,4.02
11/29/2016,23.49,78.23,0.01,0.91,14.46,97.61,4.27
11/30/2016,23.53,79.69,0,1.75,13.94,97.58,6.37
12/1/2016,23.28,83.28,0.09,2.08,16.57,97.52,7.47
12/2/2016,23.77,84.37,0.22,1.56,19.19,97.63,6.92
12/3/2016,24.46,78.95,8.3,0.85,20.14,97.71,7.6
12/4/2016,25.11,81.41,11.12,0.58,15.99,97.72,7.23
12/5/2016,24.9,80.04,1.37,1.16,20.3,97.55,8.62
12/6/2016,24.56,80.55,1.98,1.3,19.19,97.48,7.56
12/7/2016,24.62,82.71,0.65,1.31,18.65,97.54,7.07
12/8/2016,24.69,88.1,6.77,1.65,17.14,97.49,2.86
12/9/2016,24.16,87.82,4.91,2.06,15.77,97.43,4.74
12/10/2016,23.84,89.48,0.88,2.4,14.45,97.38,3.52
12/11/2016,23.9,84.95,0.09,3.23,18,97.35,6.77
12/12/2016,23.93,86.45,1.19,3.6,17.67,97.36,5.46
12/13/2016,24.3,88.33,2.91,2.58,14.46,97.39,6.12
12/14/2016,24.18,87.15,2.63,1.06,14.02,97.49,5.09
12/15/2016,24.81,84.15,3.88,0.86,20.9,97.56,7.43
12/16/2016,24.94,83.18,1.31,0.41,17.79,97.63,7.07
12/17/2016,24.9,84.37,4.95,1.25,15.56,97.6,6.82
12/18/2016,24.83,81.54,0.5,1.2,19.57,97.59,7.88
12/19/2016,24.32,82.68,2.3,0.82,16.25,97.55,5.13
12/20/2016,24.71,87.37,3.7,1.32,16.65,97.55,5.25
12/21/2016,24.49,85.48,4.66,1.18,19,97.66,6.09
12/22/2016,24.71,84.16,3.09,0.82,18.7,97.62,5.7
12/23/2016,23.84,74.67,0.95,0.95,21.9,97.54,8.36
12/24/2016,22.61,74.4,0,0.83,22.35,97.47,8.4
12/25/2016,23.29,77.82,0,0.79,21.86,97.51,7.71
12/26/2016,23.95,74.48,0.78,1,20.45,97.45,7.83
12/27/2016,25.19,82.5,12.06,1.2,14.28,97.35,5.2
12/28/2016,24.32,86.25,4.99,2.14,14.21,97.44,5.21
12/29/2016,24.59,84.81,6.24,2.58,14.56,97.49,5.88
12/30/2016,24.69,81.1,0.73,2.25,20.02,97.54,7.95
12/31/2016,24.47,80.9,3.66,2.14,18.35,97.5,6.48
1/1/2017,24.39,83.27,2.51,1.23,13.65,97.52,4.7
1/2/2017,24.39,85.05,3.6,1.49,16.37,97.52,5.25
1/3/2017,24.54,83.32,0.77,1.63,16.43,97.52,5.36
1/4/2017,23.78,76.02,0.01,1.69,21.45,97.52,7.05
1/5/2017,22.76,72.32,0,1.57,22.19,97.53,8
1/6/2017,22.93,72.12,0,1.14,20.17,97.53,7.41
1/7/2017,22.89,70.52,0,1.44,22.09,97.38,6.83
1/8/2017,22.1,68.44,0,1.57,23.68,97.34,6.8
1/9/2017,22.7,71.16,0,1.27,23.8,97.39,6.64
1/10/2017,22.96,72.5,0,1.25,22.87,97.5,6.36
1/11/2017,23.55,71.14,0,0.9,21.25,97.54,6.07
1/12/2017,23.13,69.42,0,1.22,20.62,97.48,5.78
1/13/2017,23.36,70.31,0,1.8,21.05,97.45,5.56
1/14/2017,22.94,71.34,0,1.73,22.25,97.54,5.57
1/15/2017,23.97,73.76,0,1.84,20.95,97.66,5.21
1/16/2017,24.26,73.65,0.08,1.49,18.75,97.63,4.82
1/17/2017,23.63,68.35,0.01,1.72,21.39,97.61,5.26
1/18/2017,23.37,71.42,0,1.68,21.1,97.64,4.97
1/19/2017,24.33,72.93,0.25,1.57,21.3,97.63,4.97
1/20/2017,25.38,75.45,4.2,1.38,20.29,97.55,4.53
1/21/2017,24.26,86.87,3.44,1.52,15.17,97.57,2.25
1/22/2017,24.66,83.5,2.3,1.4,13.42,97.71,2.62
1/23/2017,24.03,83.21,0.42,1.44,9.92,97.65,1.82
1/24/2017,24.89,78.71,0.27,2.21,12.16,97.54,4.38
1/25/2017,24.33,85.49,0.44,2.16,14.5,97.57,1.52
1/26/2017,24.83,87.64,9.82,2.21,15.9,97.62,2.33
1/27/2017,23.96,90.72,25.7,1.39,6.62,97.63,2.17
1/28/2017,24.55,84.68,1,1.35,18.8,97.57,7.13
1/29/2017,24.86,82.96,0.6,1.7,19.78,97.6,6.77
1/30/2017,24.77,83.21,6.03,1.69,14.53,97.63,6.75
1/31/2017,24.88,80.57,0.79,0.92,21.61,97.59,7.14
2/1/2017,24.63,75.21,0.03,1.19,23.27,97.64,8.12
2/2/2017,24.13,72.94,0.01,1.31,23.91,97.73,7.4
2/3/2017,23.56,68.97,0,2.3,25.52,97.68,7.08
2/4/2017,23.27,70.43,0,1.26,24.8,97.68,6.59
2/5/2017,23.74,71.03,0,1.05,24.86,97.65,5.98
2/6/2017,24.31,74.96,0,1.28,23.81,97.7,5.07
2/7/2017,24.86,71.37,0,0.76,24.32,97.66,5.27
2/8/2017,25.09,75.35,0,1.06,21.31,97.66,4.8
2/9/2017,25.3,73.69,0.01,0.98,21.99,97.59,4.53
2/10/2017,25.01,74.35,0.56,1.04,22.19,97.55,4.07
2/11/2017,24.94,70.89,0.32,0.94,24.13,97.6,4.51
2/12/2017,24.68,67.87,0.07,1.43,24.91,97.68,4.62
2/13/2017,24.95,67.71,0.05,2.74,24.8,97.73,4.56
2/14/2017,25.85,78.06,14.8,2.35,15.23,97.78,3.55
2/15/2017,25.31,77.86,4.87,3.09,21.68,97.8,5.44
2/16/2017,25.02,73.18,0,3.45,22.51,97.63,6.3
2/17/2017,24.94,70.74,0.01,3.2,24.41,97.57,5.8
2/18/2017,25.15,78.32,4.6,2.51,15.9,97.69,4.09
2/19/2017,25.08,82.85,4.94,1.52,9.45,97.68,2.82
2/20/2017,24.87,82.34,5.57,1.25,14.01,97.58,2.88
2/21/2017,25.06,74.31,0.28,1.31,22.62,97.51,5.68
2/22/2017,25.68,76.95,0.03,1.21,22.94,97.52,5.43
2/23/2017,26.03,76.36,0.09,1.09,22.88,97.59,4.61
2/24/2017,25.83,74.05,0.06,1.33,20.27,97.64,3.83
2/25/2017,24.66,82.5,7.97,1.08,11.92,97.65,1.5
2/26/2017,23.79,84.23,11.73,0.92,9.24,97.48,1.39
2/27/2017,23.22,84.06,4.94,1.72,16.77,97.5,1.96
2/28/2017,25,83.57,19.87,2.27,9.45,97.43,4.06
3/1/2017,23.91,90.6,19.51,2.12,4.46,97.51,1.87
3/2/2017,24.43,84.26,7.44,2.12,20.69,97.38,6.08
3/3/2017,25.02,83.35,3.59,1.08,19.38,97.26,7.5
3/4/2017,24.25,88.68,9.54,1.11,19.33,97.37,3.33
3/5/2017,24.99,82.87,1.23,1.07,25.35,97.41,7.92
3/6/2017,25.67,83.06,1.4,1.15,24.52,97.35,8.96
3/7/2017,25.33,86.59,6.84,1.77,21.98,97.35,6.15
3/8/2017,25.56,82.52,3.5,1.5,23.35,97.35,8.5
3/9/2017,25.28,85.62,9.46,1.52,21.08,97.3,5.87
3/10/2017,24.82,90.21,11.36,1.12,16.09,97.38,2.23
3/11/2017,25.04,89.01,19.07,1.69,18.18,97.54,4.37
3/12/2017,25.02,87.76,13.72,1.56,20.85,97.59,5.97
3/13/2017,25.19,86.58,10.27,1.18,21.3,97.58,5.6
3/14/2017,25.08,88.71,20.22,1.24,18.35,97.54,3.78
3/15/2017,25.09,86.68,9.95,1.41,20.17,97.56,5.37
3/16/2017,25.08,83.73,6.91,1.02,21.22,97.55,8.19
3/17/2017,25.57,80.08,1.9,0.65,23.61,97.51,9.4
3/18/2017,25.25,79.86,0.84,0.53,23,97.63,9.36
3/19/2017,25.87,79.37,0.73,0.56,22.88,97.67,10.04
3/20/2017,25.61,82.88,3.72,1.15,21.83,97.64,8.4
3/21/2017,26.11,79.45,1.77,0.79,23.92,97.62,8.38
3/22/2017,25.46,75.29,0.09,1.23,25.48,97.56,8.97
3/23/2017,24.92,73.9,0,0.87,26.27,97.55,8.69
3/24/2017,25.51,77.66,0.01,0.82,23.8,97.55,7.41
3/25/2017,25.88,76.46,0.01,0.92,24.08,97.58,6.84
3/26/2017,25.94,74.66,0.01,0.8,23.83,97.57,7.03
3/27/2017,25.65,78.77,3.8,0.67,14.83,97.62,5.56
3/28/2017,25.48,83.48,5.78,1,20.53,97.66,3.89
3/29/2017,25.84,84.01,15.26,1,18.64,97.58,4.31
3/30/2017,26.52,83.61,6.4,1.08,21.95,97.58,6.35
3/31/2017,26.48,81.11,3.69,1.28,21.47,97.64,6.82
4/1/2017,26.43,78.55,0.58,1.01,23.48,97.62,7.16
4/2/2017,26.04,84.4,7.43,1.82,18.87,97.57,4.5
4/3/2017,25.54,87.6,7.04,1.63,18.87,97.58,2.88
4/4/2017,25.74,87.24,8.41,1.53,18.82,97.58,4.1
4/5/2017,25.58,88.33,6.8,1.49,24,97.52,3.77
4/6/2017,25.89,83.83,0.99,1.05,23.42,97.47,6.18
4/7/2017,26,82.28,0.87,1.23,24,97.41,5.68
4/8/2017,26.32,78.84,0.38,0.95,23.46,97.41,8.13
4/9/2017,26.18,81.61,0.44,0.94,22.83,97.45,5.95
4/10/2017,25.97,85.75,0.65,1.91,23.16,97.37,3.64
4/11/2017,26.12,85.89,4.3,1.7,19.22,97.3,3.23
4/12/2017,26.28,84.62,17.72,1.12,17.36,97.34,3.46
4/13/2017,25.45,87.64,16.67,0.97,14.21,97.4,3.29
4/14/2017,25.06,89.41,16.62,2.04,20.26,97.36,3.12
4/15/2017,26.11,85.73,0.33,2.36,22.88,97.26,7.21
4/16/2017,26.44,82.12,0.03,2.2,22.78,97.31,8.61
4/17/2017,26.75,80.81,0,2.16,24.1,97.4,8.51
4/18/2017,26.55,82.63,0.01,1.74,20.56,97.4,6.91
4/19/2017,26.29,82.44,0,2.09,23.86,97.46,6.37
4/20/2017,26.34,80.62,0,2.25,24.17,97.47,6.75
4/21/2017,25.88,78.71,0.02,2.42,23.92,97.5,5.24
4/22/2017,26.43,78.56,0.11,2.48,24.59,97.45,5.63
4/23/2017,26.92,80.4,0.2,2.6,23.77,97.45,4.84
4/24/2017,26.81,83.28,1.5,2.97,19.82,97.47,3.46
4/25/2017,26.62,85.67,1.48,2.81,20.5,97.47,2.63
4/26/2017,26.1,86.25,3.07,2.01,21.19,97.47,2.3
4/27/2017,26.01,84.96,1.44,1.89,22.99,97.51,3.08
4/28/2017,26.63,80.73,0.35,1.83,24.8,97.5,4.83
4/29/2017,27.02,78.54,3.22,1.17,23.43,97.48,4.93
4/30/2017,26.84,78.5,3.96,1.28,22.7,97.47,4.92
5/1/2017,26.3,81.04,1.32,1.24,21.07,97.51,4.25
5/2/2017,26.9,79.04,1.23,1.07,19.56,97.58,5.03
5/3/2017,26.63,79.97,2.7,1.23,21.08,97.58,4.32
5/4/2017,26.99,79.28,1.16,0.85,20.94,97.55,3.89
5/5/2017,26.65,81.67,0.64,1.46,20.9,97.55,3.16
5/6/2017,25.19,82.82,4.35,1.54,12.34,97.7,2.03
5/7/2017,25.77,77.11,4.41,1.31,20.08,97.68,2.97
5/8/2017,26.83,76.9,7.55,0.86,20.12,97.53,4.07
5/9/2017,26.24,86.07,8.29,1.68,19.7,97.42,3.06
5/10/2017,25.97,89.04,5.98,1.56,20.79,97.42,1.87
5/11/2017,26.25,83.85,7.08,1.5,17.71,97.41,3.53
5/12/2017,26.36,84.17,8.13,0.75,19.83,97.42,4.74
5/13/2017,26.08,88.28,4.72,1.98,20.97,97.38,3.23
5/14/2017,25.92,89.36,6.62,2.81,16.96,97.38,2.69
5/15/2017,26.38,87.31,5.1,3.16,17.63,97.35,3.5
5/16/2017,26.62,84.97,1.7,3.79,20.18,97.32,4.46
5/17/2017,26.78,85.13,1.42,3.39,21.71,97.27,3.69
5/18/2017,25.96,87,4.26,3.05,6.5,97.42,2.74
5/19/2017,25.2,86.65,1.51,3.25,17.88,97.47,2.57
5/20/2017,25.07,89.29,2.58,2.98,18.13,97.35,1.79
5/21/2017,25.18,90.19,9.28,1.54,16.77,97.21,1.47
5/22/2017,25.46,88.4,20.5,1.45,16.36,97.17,2.14
5/23/2017,25.22,88.89,11.5,2.82,15.49,97.28,2.91
5/24/2017,25.18,89.63,28.6,3.23,11.68,97.24,2.72
5/25/2017,25.73,90.32,38.62,4.22,5.13,97.23,3.45
5/26/2017,25.46,90.24,41.26,4.18,6.91,97.26,3.02
5/27/2017,25.51,90.39,3.82,4.31,17.4,97.23,3.21
5/28/2017,25.56,88.15,3.23,4.47,18.29,97.27,4.72
5/29/2017,25.07,91.83,12.69,4.29,15.71,97.25,2.06
5/30/2017,25.02,90.36,12.47,4.8,13.8,97.29,2.83
5/31/2017,25.21,88.56,4.76,4.51,16.9,97.32,4.63
6/1/2017,24.91,87.96,3.14,4.7,14.09,97.31,4.38
6/2/2017,24.57,88.08,3.77,3.95,15.89,97.4,4.15
6/3/2017,24.88,87.84,2.28,3.76,16.92,97.45,4.58
6/4/2017,25.34,88.09,1.34,3.97,19.57,97.39,4.91
6/5/2017,25.35,89.05,4.4,3.87,18.19,97.41,4.21
6/6/2017,25.28,91.04,5.37,3.78,17.93,97.45,2.76
6/7/2017,25.19,89.62,1.42,3.68,15.23,97.47,3.07
6/8/2017,25.28,87.76,0.36,3.75,21.71,97.36,4.09
6/9/2017,25.5,85.36,0.31,4.14,22.67,97.37,6.67
6/10/2017,25.07,85.32,0.51,4.33,19.53,97.43,5.48
6/11/2017,25.34,85.99,0.69,3.89,18.12,97.41,5.4
6/12/2017,25.61,85.22,0.36,3.36,19.41,97.36,6.54
6/13/2017,25.79,86.6,0.39,3.04,20.32,97.34,5.88
6/14/2017,25.6,88.48,7.12,2.85,16.94,97.46,4.01
6/15/2017,25.46,88.76,3.79,2.71,13.9,97.47,4.04
6/16/2017,25.33,90.02,8.24,2.9,17.28,97.45,2.77
6/17/2017,25.54,88.51,4.44,2.8,20.9,97.4,4.44
6/18/2017,25.69,88.2,0.49,3.04,21.35,97.31,4.97
6/19/2017,25.08,89.33,1.46,3.25,18.09,97.36,2.8
6/20/2017,24.56,90.57,1.58,2.92,19.25,97.44,2.4
6/21/2017,25.13,87.38,0.35,2.35,19.81,97.43,4.51
6/22/2017,25.27,88.11,0.13,3.21,21.49,97.5,3.84
6/23/2017,25.22,88.07,0.28,3.82,16.85,97.46,3.43
6/24/2017,24.22,87.25,0.28,4.33,13.34,97.38,2.74
6/25/2017,24.4,88.23,3.1,3.61,15.01,97.36,2.63
6/26/2017,24.91,86.8,3.58,3.68,17.54,97.43,4.79
6/27/2017,24.67,90.11,7.27,3.85,20.32,97.48,2.4
6/28/2017,24.66,87.86,2.93,3.72,19.26,97.45,3.12
6/29/2017,24.88,87.86,0.35,3.06,23.78,97.36,3.38
6/30/2017,25.29,87.47,0.39,3.36,20.32,97.27,3.65
7/1/2017,25.32,88.49,1.92,3.18,19.34,97.27,3.05
7/2/2017,25.09,86.09,0.56,3.63,17.71,97.33,4.06
7/3/2017,25.6,83.81,0.16,3.83,20.06,97.37,5.51
7/4/2017,25.39,84.03,0.07,3.6,21.77,97.38,4.27
7/5/2017,25.29,85.52,0.3,3.48,20.87,97.44,3.65
7/6/2017,25.02,81.53,1.35,4.03,19.08,97.49,3.92
7/7/2017,25.32,83.18,2.64,3.88,16.87,97.37,4.37
7/8/2017,24.4,88.86,5.08,3.46,13.54,97.43,1.82
7/9/2017,24.19,88.5,6.56,3.51,13.9,97.49,2.46
7/10/2017,24.7,87.24,2.18,3.44,16.87,97.47,3.42
7/11/2017,25.11,86.25,1.32,4.12,16.96,97.39,3.64
7/12/2017,25.07,85.22,0.87,3.18,19.76,97.36,3.51
7/13/2017,24.91,86.6,0.28,3.15,19.09,97.38,3.13
7/14/2017,25.42,84.55,0.18,3.38,20.18,97.46,4.05
7/15/2017,25.36,86.12,0.16,3.29,21.58,97.48,3.11
7/16/2017,25.37,84.92,0.14,3.77,20.16,97.37,3.7
7/17/2017,25.62,84.49,0.23,4.18,19.06,97.31,3.84
7/18/2017,25.53,85.18,0.75,4,19.11,97.4,3.23
7/19/2017,25.38,86.85,3.29,3.2,15.43,97.43,2.93
7/20/2017,25.6,84.61,0.88,2.85,21.07,97.37,3.59
7/21/2017,25.46,82.22,0.46,3.83,20.56,97.44,3.67
7/22/2017,25.59,84.21,0.43,3.39,20.68,97.41,2.48
7/23/2017,25.69,86.34,0.36,3.47,17.71,97.37,2.31
7/24/2017,25.91,83.37,0.04,3.23,19.54,97.32,2.87
7/25/2017,26.32,83.93,0.12,2.77,21.22,97.21,2.76
7/26/2017,26.12,85.28,0.31,3.62,19.29,97.26,2.46
7/27/2017,26.01,84.34,0.39,4.07,19,97.4,2.71
7/28/2017,25.94,84.03,1.7,4.2,17.48,97.49,2.76
7/29/2017,25.04,85.85,2.55,3.38,18.78,97.47,1.66
7/30/2017,25.41,83.93,2.27,3.62,17.65,97.42,3.09
7/31/2017,25.85,83.36,0.91,3.83,15.96,97.42,3.27
8/1/2017,25.76,83.45,3.21,3.84,15.24,97.47,3.27
8/2/2017,25.94,83.3,1.53,4.37,17.53,97.47,3.63
8/3/2017,25.92,82.21,0.61,4.97,17.49,97.42,3.17
8/4/2017,25.75,84.03,2.33,4.86,17.23,97.27,2.5
8/5/2017,25.62,84.98,4.63,4.92,16.47,97.18,2.57
8/6/2017,25.47,85.6,3.89,4.53,14.36,97.19,2.57
8/7/2017,24.91,88.62,5.91,3.84,11.44,97.25,1.53
8/8/2017,25,84,6.08,3.67,16.84,97.38,3.41
8/9/2017,25.52,84.53,2.04,3.53,19.29,97.38,3.25
8/10/2017,24.96,86.77,6.41,3.09,17.77,97.33,2.55
8/11/2017,25.12,85.18,1.94,3.82,18.84,97.37,3.04
8/12/2017,24.93,83.83,3.02,2.84,20.19,97.41,2.95
8/13/2017,24.73,87.7,5.25,2.1,17.09,97.47,2.36
8/14/2017,24.73,85.56,0.66,2.12,14.36,97.54,2.75
8/15/2017,25.05,84.74,0.31,2.25,23.74,97.52,4.01
8/16/2017,25.16,83.41,0.16,3.02,21.45,97.43,3.68
8/17/2017,25.58,83.49,3.52,3.97,19.64,97.29,3.83
8/18/2017,25.06,89.69,22.99,4.38,7.88,97.24,1.48
8/19/2017,24.68,87.32,7.21,4.06,15.93,97.34,3.11
8/20/2017,25.13,83.29,1.38,4,18.03,97.32,5.57
8/21/2017,25.15,83.85,2.66,3.59,16.79,97.21,5.05
8/22/2017,24.68,85.89,1.56,3.52,14.09,97.25,2.87
8/23/2017,24.77,88.09,3.34,3.01,17.81,97.28,2.12
8/24/2017,25.17,88.55,1.89,3.09,15.62,97.26,2.62
8/25/2017,25.31,87.7,0.94,3.67,19.5,97.19,2.56
8/26/2017,25.76,82.61,0.13,4.02,20.42,97.16,4.82
8/27/2017,25.73,81.84,0.3,4.52,19.76,97.17,4.39
8/28/2017,25.61,83.86,3.74,4.67,15.24,97.17,3.34
8/29/2017,25.59,83.71,1.96,4.32,16.88,97.23,3.63
8/30/2017,25.9,82.36,0.51,3.33,20.13,97.28,3.23
8/31/2017,25.96,83.65,5.06,2.2,20.07,97.31,2.85
9/1/2017,25.54,88.03,6.94,1.33,17.48,97.35,2
9/2/2017,25.43,84.15,3.12,1.78,17.68,97.31,3.18
9/3/2017,24.61,86.6,3.83,2.45,13.74,97.4,2.32
9/4/2017,25.03,86.56,8.76,2.41,18.58,97.41,2.74
9/5/2017,23.98,91.43,25.87,4.24,13.58,97.4,1.29
9/6/2017,24.66,86.54,8.47,3.88,13.33,97.37,4.31
9/7/2017,24.36,90.24,13.57,3.47,10.48,97.3,2.03
9/8/2017,24.14,92.01,5.12,2.98,12.88,97.3,1.34
9/9/2017,24.73,88.54,5.48,3.21,15.12,97.28,3.02
9/10/2017,25.09,88.43,2.87,2.68,20.39,97.28,3.35
9/11/2017,25.5,88.18,0.53,2.07,20.5,97.33,4.41
9/12/2017,25.21,87.71,0.36,2.27,19.77,97.44,3.56
9/13/2017,24.47,89.59,2.4,3,12.92,97.53,1.98
9/14/2017,24.64,85.86,1.02,2.61,20.65,97.51,3.34
9/15/2017,24.82,87.16,0.94,2.61,22.84,97.43,2.67
9/16/2017,25.02,87.17,1.85,3.12,18.01,97.49,2.77
9/17/2017,24.75,86.72,3.13,3.55,15.71,97.67,3.04
9/18/2017,24.67,84.98,0.78,3.18,18.66,97.71,3.38
9/19/2017,25.29,82.62,0.11,3.9,22.58,97.56,4.24
9/20/2017,25.32,84.81,1.36,4.03,21.36,97.48,3.32
9/21/2017,25.23,84.71,1.72,3.72,18.26,97.43,3.42
9/22/2017,25.75,81.95,0.4,3.3,21.35,97.39,4.29
9/23/2017,25.74,82.3,0.2,2.78,24.11,97.5,4.03
9/24/2017,25.53,82.22,0.93,3.45,20.08,97.53,3.64
9/25/2017,24.99,82.58,6.74,4.19,15.3,97.44,2.55
9/26/2017,25.01,83.34,6.49,3.81,14.15,97.4,2.95
9/27/2017,25.19,86.13,6.72,3.93,11.18,97.43,3.27
9/28/2017,25.53,83.05,1.13,4.14,21.78,97.43,4.3
9/29/2017,25.57,79.96,0.23,3.67,25,97.41,4.75
9/30/2017,25.74,83.42,1.06,3.28,19.2,97.46,3.63
10/1/2017,25.83,81.94,0.98,3.36,19.73,97.45,3.75
10/2/2017,26.15,80.99,0.66,3.35,21.56,97.33,3.9
10/3/2017,26.11,83.35,0.76,3.22,19.09,97.32,3.02
10/4/2017,25.9,83.71,3.29,3.29,18.41,97.33,2.56
10/5/2017,25.12,89.05,6.93,2.75,13.01,97.24,1.33
10/6/2017,25,85.93,2.97,2.93,15.21,97.28,2.11
10/7/2017,25.26,88.67,4,2.67,16.57,97.29,1.64
10/8/2017,24.88,88.96,11.09,2.25,17.47,97.23,1.66
10/9/2017,25.61,85.5,7.71,2.94,16.1,97.19,4.51
10/10/2017,24.9,89.19,5.92,1.98,17.36,97.17,2.21
10/11/2017,24.55,86.46,9.33,2.45,6.99,97.25,4.22
10/12/2017,24.93,88.07,6.23,2.44,16.03,97.29,2.93
10/13/2017,25.24,87.32,11.9,3.07,14.13,97.25,3.64
10/14/2017,25.05,89.2,21.76,3.75,6.47,97.32,2.8
10/15/2017,25.39,85.39,4.18,4.21,15.9,97.4,4.95
10/16/2017,25.48,85.06,3.94,4.44,17.35,97.34,4.7
10/17/2017,25.39,83.37,1.66,4.35,18.02,97.29,5.49
10/18/2017,25.43,84.48,3.79,3.48,17.9,97.3,5.09
10/19/2017,25.55,86.53,9.05,3.46,14.9,97.39,4.56
10/20/2017,25.54,87.65,12.54,3.41,12.2,97.54,4.45
10/21/2017,25.34,86.65,2.87,2.99,20.93,97.64,5.55
10/22/2017,25.41,86.63,3.98,2.79,17.41,97.61,5.33
10/23/2017,25.58,87.15,4,2.26,18.65,97.51,4.59
10/24/2017,25.13,88.72,14.2,1.2,19.33,97.6,2.4
10/25/2017,25.75,84.85,6.62,0.43,19.32,97.65,4.98
10/26/2017,24.67,89.69,7.75,1.35,19.63,97.72,2.75
10/27/2017,24.84,87.46,4.41,1.3,20.42,97.6,4.07
10/28/2017,24.88,87.89,9.76,1.3,19.43,97.51,3.07
10/29/2017,24.51,89.85,18.89,1.09,16.7,97.53,1.93
10/30/2017,24.75,86.77,9.91,1.3,18.48,97.45,3.72
10/31/2017,23.82,91.05,6.9,2.94,11.5,97.4,3.07
11/1/2017,24.13,91.12,13.23,2.35,15.99,97.43,2.26
11/2/2017,24.05,90.53,5.95,2.31,12.69,97.33,3.07
11/3/2017,24.67,88.98,9.02,2.11,16.51,97.12,3.31
11/4/2017,23.85,92.47,13.84,1.39,15.81,97.24,1.42
11/5/2017,24.32,87.76,4.62,1.39,10.47,97.32,4.76
11/6/2017,24.58,86.94,20.52,1.01,16.18,97.39,4
11/7/2017,24.82,86.16,14.39,0.97,15.16,97.43,4.84
11/8/2017,24.85,83.99,0.98,1.36,16.26,97.43,5.91
11/9/2017,24.54,85.74,0.71,1.56,16.93,97.33,4.35
11/10/2017,23.88,87.8,0.22,3,18,97.24,3.74
11/11/2017,24.97,86.88,0.63,2.82,17.72,97.24,4.35
11/12/2017,24.92,85.73,0.69,2.52,19.5,97.23,5.03
11/13/2017,24.39,88.69,1.34,2.65,17.11,97.2,4.12
11/14/2017,24.74,85.72,0.45,2.69,19.53,97.21,6.74
11/15/2017,24.57,85.09,0.23,2.19,22.95,97.25,7.12
11/16/2017,24.69,84.29,0.03,1.88,22.61,97.32,5.74
11/17/2017,25.23,79.57,0.05,0.89,23.23,97.32,6.86
11/18/2017,25.7,83.22,1.42,0.81,18.06,97.36,6.63
11/19/2017,25.03,88.21,20.92,0.6,17.33,97.45,2.57
11/20/2017,25.5,85.17,14.36,0.35,15.5,97.44,4.69
11/21/2017,25.25,85.27,3.93,1.07,18.57,97.4,6.58
11/22/2017,25.49,82.95,6.32,0.59,16.23,97.29,7.25
11/23/2017,24.88,86.07,11.97,0.97,16.96,97.33,2.67
11/24/2017,24.94,81.1,4.99,1.19,12.98,97.43,5.23
11/25/2017,23.25,86.26,7.11,1.16,6.95,97.49,1.62
11/26/2017,23.65,93.38,24.4,2.18,10.47,97.37,1.06
11/27/2017,24.23,92.01,19.02,2.18,9.07,97.35,1.67
11/28/2017,24.61,88.43,21.29,1.4,10.18,97.28,2.82
11/29/2017,24.32,95.41,80.57,4.18,6.81,97.08,0.47
11/30/2017,24.6,94.82,19.36,3.51,6.46,97.33,0.8
12/1/2017,24.09,93.24,28.5,2.71,5.97,97.45,1.42
12/2/2017,23.79,90.31,2.16,1.55,12.76,97.54,3.07
12/3/2017,24.12,80.06,11.5,1.5,20.69,97.52,4.94
12/4/2017,24.59,85.37,11.57,1.28,16.77,97.41,4.1
12/5/2017,24.65,85.12,3.14,1.44,20.49,97.3,4.65
12/6/2017,24.51,86.44,2.17,1.21,18.86,97.31,4.95
12/7/2017,24.62,84.04,4.03,1.01,20.7,97.33,4.6
12/8/2017,23.81,83.84,3.56,0.73,20.42,97.42,3.4
12/9/2017,23.92,79.3,1.57,0.75,20.86,97.51,6.97
12/10/2017,24.22,85.04,2.92,0.99,19.04,97.61,5.6
12/11/2017,24.7,88.25,4.29,1.05,16.6,97.71,4.74
12/12/2017,24.04,91.25,5.6,1.13,11.2,97.73,2.33
12/13/2017,24.7,88.99,36.61,0.79,14.59,97.67,4.62
12/14/2017,24.5,90.56,24.01,1.23,17.1,97.62,3.24
12/15/2017,24.66,88.1,11.22,1.63,18.9,97.61,5.59
12/16/2017,24.71,86.68,3.38,2.16,16.79,97.67,6.06
12/17/2017,24.21,86.27,0.53,2.46,21.51,97.69,6.61
12/18/2017,23.25,83.12,0.01,2.53,20.55,97.73,7.03
12/19/2017,24.19,85.75,3.78,1.69,19.62,97.63,7.03
12/20/2017,23.94,93.83,49.05,1.39,5.94,97.64,0.5
12/21/2017,23.86,89.37,10.48,1.61,15.12,97.67,2.17
12/22/2017,23.61,87.46,1.13,2.05,16.85,97.57,3.37
12/23/2017,23.94,82.79,0.06,1.87,17.89,97.44,6.89
12/24/2017,24.31,83.94,3.61,1.09,17.91,97.45,7.14
12/25/2017,24.95,84.34,1.62,0.54,19.35,97.48,6.44
12/26/2017,24.58,88.33,13.05,0.83,16.3,97.48,2.94
12/27/2017,24.51,87.76,9.51,1.98,16.01,97.41,4.12
12/28/2017,23.8,83.93,0.22,2.06,15.61,97.43,7.1
12/29/2017,23.7,82.75,0.24,1.52,16.99,97.52,7.24
12/30/2017,23.68,83.38,1.06,1.26,17.54,97.5,4.58
12/31/2017,24.41,85.05,0.42,0.95,19.93,97.45,6.26
1/1/2018,24.7,81.6,0.3,0.99,21.26,97.38,7.83
1/2/2018,24.48,81.78,2.2,0.94,16.87,97.38,7.48
1/3/2018,24.43,84.99,2.03,1.07,18.62,97.45,6.55
1/4/2018,23.49,79.41,0.09,1.43,19.99,97.49,7.87
1/5/2018,22.19,80.37,0.01,1.57,20.29,97.41,7.75
1/6/2018,21.91,77.31,0.01,1.4,21.12,97.43,7.22
1/7/2018,21.41,76.06,0,1.63,21.77,97.46,7.77
1/8/2018,21.65,79.25,0.01,1.15,21.5,97.51,8.05
1/9/2018,23.2,81.56,0.13,0.78,20.31,97.63,8.49
1/10/2018,23.28,87.1,0.58,1.72,17.8,97.73,6.49
1/11/2018,23.46,89.25,1.34,1.3,15.88,97.69,3.56
1/12/2018,24.12,84.95,1.25,1.07,19.12,97.64,6.42
1/13/2018,23.88,88.42,1.36,0.89,18.8,97.53,2.96
1/14/2018,23.92,86.42,0.98,1.48,20.45,97.55,5.04
1/15/2018,22.99,82.71,0.02,1.88,21.93,97.55,8.45
1/16/2018,22.96,81.82,0.01,1.91,17.81,97.49,7.25
1/17/2018,22.96,78.3,0.02,1.27,21.18,97.51,8.74
1/18/2018,22.74,78.38,0,1.45,20.68,97.5,8.95
1/19/2018,23.17,81.41,0.09,1.31,19.67,97.54,7.15
1/20/2018,23.19,79.98,0.05,1.29,20.32,97.52,7.96
1/21/2018,23.36,81.4,0.07,1.27,21.52,97.43,7.28
1/22/2018,23.73,83.36,0.14,0.98,17.48,97.41,7.52
1/23/2018,24.48,81.1,0.06,0.55,17.9,97.43,8.08
1/24/2018,24.17,80.78,0,1.08,21.67,97.3,8.04
1/25/2018,23.49,77.57,0.06,1.14,22.38,97.22,8.94
1/26/2018,24.06,78.62,0.08,0.81,20.5,97.31,7.66
1/27/2018,24.36,80.14,0.08,1.05,16.96,97.35,7.47
1/28/2018,23.72,79.21,0.13,1.66,13.83,97.38,6.87
1/29/2018,23.62,86.87,7.57,1.32,18.79,97.44,2.32
1/30/2018,24.16,90.76,15.79,1.73,7.75,97.48,1.09
1/31/2018,24.52,87.54,7.47,2.04,11.69,97.52,4.34
2/1/2018,24.79,86,3.99,1.52,19.02,97.55,6.31
2/2/2018,24.87,83.34,0.26,1.16,17.66,97.48,9.32
2/3/2018,24.15,82.81,0.53,1.79,20.24,97.47,8.54
2/4/2018,22.69,87.56,0.83,1.72,16.13,97.51,2.27
2/5/2018,24.15,85.53,0.71,1.56,18.15,97.62,5.27
2/6/2018,24.88,85.67,1.48,1.15,20.35,97.65,6.18
2/7/2018,24.98,85.17,3.85,0.83,19.1,97.61,6.88
2/8/2018,24.72,88.24,3.73,0.75,18.64,97.51,4.59
2/9/2018,24.69,84.98,1.34,0.83,20.74,97.5,5.86
2/10/2018,23.96,84.38,0.33,0.89,22.5,97.62,6.16
2/11/2018,23.77,83.85,0.01,1.84,23.79,97.7,8.87
2/12/2018,24.46,83.06,0.07,1.69,20.97,97.74,9.55
2/13/2018,24.44,79.97,0.01,1.63,20.39,97.83,9.29
2/14/2018,24.45,81.7,0.36,1.95,22.04,97.82,9.39
2/15/2018,24.87,84.47,3.87,2.44,21.93,97.81,8.19
2/16/2018,24.85,83.31,3.72,2.13,19.74,97.75,7.99
2/17/2018,24.04,76.23,0.01,1.34,21.75,97.55,8.33
2/18/2018,24.13,78.01,0,1.05,23.08,97.46,9.38
2/19/2018,23.78,78.14,0.01,1.15,24.37,97.44,9.58
2/20/2018,23.05,77.4,0.01,1.53,25.99,97.44,9.72
2/21/2018,23.72,78.73,0.56,1.05,25.29,97.38,9.43
2/22/2018,24.85,79.01,0.13,0.79,22.99,97.34,9.36
2/23/2018,24.87,78.68,0.01,1.34,24.73,97.36,9.24
2/24/2018,25.47,81.25,1.19,1.88,22.15,97.45,8.14
2/25/2018,25.4,86.37,11.17,2.2,14.1,97.42,4.47
2/26/2018,24.68,88.6,20.11,1.33,18.98,97.46,2.26
2/27/2018,24.22,87.47,15.53,2.1,17.07,97.41,2.64
2/28/2018,24.41,84.46,7.83,2.26,19.99,97.41,5.72
3/1/2018,24.57,82.34,4.84,1.84,22.47,97.34,7.85
3/2/2018,25.23,83.55,2.51,1.56,19.52,97.35,7.99
3/3/2018,25.64,82.21,2.27,1.02,18.86,97.35,8.72
3/4/2018,25.53,81.65,12.47,0.86,18.47,97.38,8.45
3/5/2018,25.47,81.58,1.95,1.14,21.75,97.39,8.87
3/6/2018,25.39,82.4,3.41,0.8,21.62,97.44,7.62
3/7/2018,25.16,78.52,0.85,1,19.88,97.43,8.27
3/8/2018,25.55,80.52,1.68,0.94,18.23,97.47,7.3
3/9/2018,24.75,83.35,5.24,1.53,14.64,97.47,3.96
3/10/2018,24.4,84.14,10.44,2.53,10.91,97.38,3.86
3/11/2018,24.54,87.77,18.54,2.55,12.91,97.4,3.22
3/12/2018,23.84,92.21,31.86,3.11,9.28,97.47,1.73
3/13/2018,24.68,86.99,2,2.92,10.73,97.51,6.02
3/14/2018,24.51,87.85,4.59,1.64,17.92,97.51,4.08
3/15/2018,25.7,81.6,4.95,0.91,24.45,97.48,8.98
3/16/2018,25.67,86.83,7,1.09,19.6,97.4,6.01
3/17/2018,25.99,83.75,1.38,1.59,18.02,97.38,9.08
3/18/2018,25.63,83.01,0.48,1.91,24.55,97.48,9.2
3/19/2018,25.74,80.48,0.27,1.14,24.82,97.58,9.96
3/20/2018,25.7,81.18,0.23,1.05,24.82,97.55,9.19
3/21/2018,25.37,84.25,0.09,1.01,23.64,97.51,6.39
3/22/2018,25.69,80.28,0.06,1.2,24.6,97.35,8.7
3/23/2018,25.94,77.65,0.5,1.01,22.11,97.32,8.09
3/24/2018,25.38,76.77,0.19,1.34,24.01,97.44,8.79
3/25/2018,24.08,78.3,0.16,1.54,23.06,97.59,6.65
3/26/2018,25.24,82.57,4.27,1.43,18.49,97.61,4.91
3/27/2018,25.51,85.68,15.32,1.44,22.46,97.57,5.73
3/28/2018,25.77,83.37,6.54,1.06,23.44,97.57,8.04
3/29/2018,26.27,81.09,3.63,0.84,23.5,97.53,8.74
3/30/2018,25.7,86.44,3.24,1.55,23.01,97.49,5.68
3/31/2018,25.43,88.5,1.74,1.68,21.51,97.44,3.7
4/1/2018,25.23,86.45,8.72,0.71,20.06,97.38,3.73
4/2/2018,25.56,84.99,6.6,0.85,17.77,97.44,5.35
4/3/2018,25.84,82.72,4.05,0.71,21.52,97.38,5.31
4/4/2018,25.83,81.63,1.47,1.24,23.32,97.26,8.09
4/5/2018,25.95,81.66,1.76,1.2,21.92,97.24,7.99
4/6/2018,25.78,85.61,15.83,1.17,17.2,97.31,4.59
4/7/2018,25.14,87.93,17.46,1.46,16.23,97.42,3.3
4/8/2018,25.21,83.03,8.13,1.55,22.49,97.42,5.3
4/9/2018,25.24,85.43,16.94,1.42,19.21,97.44,4.48
4/10/2018,25.25,87.12,7.76,1.59,20.23,97.33,4.19
4/11/2018,25.64,86.01,15.72,1.3,18.12,97.31,4.55
4/12/2018,25.39,88.04,12.73,1.4,16.43,97.26,3.11
4/13/2018,24.87,88.22,13.5,1.79,13.11,97.36,3.95
4/14/2018,24.64,90.19,11.72,1.76,19.98,97.4,2.88
4/15/2018,25.59,85.64,1.96,1.37,18.06,97.42,6.1
4/16/2018,26.15,84.4,6.44,1.22,20.85,97.47,6.11
4/17/2018,25.76,85.48,2.56,1.82,22.2,97.49,5.67
4/18/2018,25.34,86.59,5.79,1.78,12.02,97.52,4.74
4/19/2018,25.62,83,1.23,1.41,21.21,97.38,7.87
4/20/2018,26.63,80.89,1.82,0.64,22.31,97.33,9.03
4/21/2018,26.33,81.55,1.51,1.07,21.88,97.34,8.68
4/22/2018,26.14,83.32,3.11,0.98,22.99,97.4,6.89
4/23/2018,26.65,82.76,1.7,0.71,22.83,97.37,7.04
4/24/2018,26.03,88.13,8.87,1.1,19.17,97.39,3.34
4/25/2018,26.18,86.23,5.28,1.2,21.53,97.37,6.25
4/26/2018,25.25,89.37,8.02,1.55,17.45,97.36,3.79
4/27/2018,26.03,85.22,5.96,0.82,20.78,97.39,4.88
4/28/2018,25.77,87.89,14.25,0.98,17.81,97.48,3.65
4/29/2018,25.98,86.84,9.51,1.07,20.18,97.41,4.24
4/30/2018,25.77,90.05,3.47,1.68,21.65,97.38,3.28
5/1/2018,26.51,87.06,1.37,1.76,21.39,97.39,6.42
5/2/2018,26.22,89.68,3.6,1.58,18.37,97.38,3.33
5/3/2018,25.96,79.47,5.01,1.04,17.44,97.39,6.9
5/4/2018,26.1,85.87,4.67,1.11,17.26,97.42,5.22
5/5/2018,25.23,88.08,16.56,1.77,18.01,97.58,4.59
5/6/2018,25.13,88.89,6.93,1.35,15.2,97.61,3.75
5/7/2018,25.41,89.6,15.67,1.62,16.57,97.51,4.05
5/8/2018,25.14,91.7,10.64,1.44,13.64,97.41,2.4
5/9/2018,25,91.88,18.7,1.6,17.64,97.47,2.18
5/10/2018,24.53,91.95,7.47,1.88,16.73,97.53,2.19
5/11/2018,25.23,89.73,8.06,0.94,18.48,97.46,2.58
5/12/2018,25.39,90.78,12.37,1.69,16.65,97.38,2.85
5/13/2018,24.9,91.17,25.1,1.5,16.82,97.38,2.31
5/14/2018,25.56,88.43,5.65,1.07,18.35,97.35,4.22
5/15/2018,25.24,90.56,7.06,1.06,18.78,97.29,1.77
5/16/2018,24.8,92.78,10.67,1.64,17.04,97.25,1.99
5/17/2018,24.29,94.6,26.36,2,10.75,97.29,0.95
5/18/2018,24.23,92.66,26.12,2.06,13.31,97.29,1.84
5/19/2018,24.7,90.77,7.86,2.05,19.23,97.23,3.37
5/20/2018,24.58,93.22,30.02,2.79,3.52,97.24,1.45
5/21/2018,24.27,92.77,21.54,3.17,11.58,97.36,1.28
5/22/2018,25.32,89.25,8.58,2.86,13.96,97.26,4.07
5/23/2018,24.66,92.33,15.47,3.18,5.44,97.26,1.75
5/24/2018,24.63,93.24,16.85,3.33,12.69,97.09,1.24
5/25/2018,24.74,90.01,11.14,3.02,12.79,97.07,3.35
5/26/2018,25.11,90.97,17.09,2.89,13.89,97.1,3.11
5/27/2018,25.54,90.87,7.57,4.08,12.38,97.18,2.91
5/28/2018,25.45,91.16,7.13,4.14,16.01,97.2,2.5
5/29/2018,25.71,89.73,1.98,4.39,19.97,97.18,3.67
5/30/2018,25.87,89.46,1.02,4.19,18.7,97.16,4.46
5/31/2018,25.91,90.27,2.32,3.96,18.17,97.22,4.09
6/1/2018,25.21,93.08,4.96,3.18,16.37,97.35,1.69
6/2/2018,25.02,92.99,8.93,3.03,13.78,97.34,1.64
6/3/2018,25.35,91.79,6.98,3.88,15.44,97.22,2.57
6/4/2018,25.26,92.9,6.29,3.36,15.32,97.16,1.87
6/5/2018,25.4,91.61,3.9,3.1,19.22,97.25,2.93
6/6/2018,25.22,93.31,5.74,3.6,11.16,97.5,1.65
6/7/2018,24.95,92.85,9.89,4.16,10.15,97.45,1.82
6/8/2018,25.21,91.53,6.41,4.58,17.06,97.39,2.64
6/9/2018,25.32,91.04,4.77,5.05,16.66,97.33,3.29
6/10/2018,25.13,91.99,4.2,4.58,16.54,97.37,2.22
6/11/2018,25.18,91.07,2.3,4.18,20.67,97.45,2.95
6/12/2018,25.11,90.72,2.07,3.98,18.9,97.44,3.25
6/13/2018,25.17,90.57,2.45,3.84,18.04,97.45,3.79
6/14/2018,25.12,89.37,4.44,3.25,17.97,97.47,4.12
6/15/2018,24.98,91.4,5.33,3.43,16.92,97.52,2.88
6/16/2018,24.52,90.01,6.51,3.78,14.41,97.63,3.29
6/17/2018,24.44,90.34,3.85,3.61,16.4,97.53,2.74
6/18/2018,24.53,90.61,2.81,3.43,16.08,97.45,2.69
6/19/2018,24.8,89.36,1.35,3.79,18.88,97.44,4.37
6/20/2018,24.73,87.73,0.42,3.96,20.78,97.45,5.16
6/21/2018,24.82,89.16,3.18,4.03,16.78,97.43,4.38
6/22/2018,24.67,90.53,2.98,3.93,17.98,97.38,3.35
6/23/2018,24.76,89.76,2.64,3.35,19.29,97.35,3.6
6/24/2018,24.76,91.58,3.25,3.08,17.99,97.41,2.58
6/25/2018,24.29,90.77,5.38,3.52,18.2,97.38,2.46
6/26/2018,24.42,91.76,5.08,3.6,16.94,97.3,2.14
6/27/2018,24.3,90.99,1.62,3.86,13.62,97.28,2.17
6/28/2018,24.31,87.52,2.47,3.24,17.92,97.3,4.25
6/29/2018,24.01,87.9,1.81,3.1,17.33,97.25,4.02
6/30/2018,24.43,90.15,4.89,2.59,19.07,97.27,3.05
7/1/2018,24.5,91.4,3.75,2.31,19.49,97.3,2.36
7/2/2018,24.54,92.13,5.93,2.44,16.42,97.38,2.3
7/3/2018,24.86,88.8,1.32,2.75,20.21,97.37,4.76
7/4/2018,24.77,89.73,0.79,2.79,22.45,97.42,4.23
7/5/2018,25.02,88.61,0.45,2.87,20.28,97.4,5.67
7/6/2018,24.65,91.24,0.96,3.27,17.97,97.36,2.92
7/7/2018,24.41,90.14,1.07,4.05,19.24,97.32,2.56
7/8/2018,24.64,87.76,1.74,4.36,16.59,97.28,4.67
7/9/2018,24.8,89.52,5.23,4.55,17.55,97.36,4.12
7/10/2018,24.39,89.3,8.82,3.82,16.78,97.49,3.89
7/11/2018,24.26,90.18,6.98,3.86,10.44,97.48,3.15
7/12/2018,24.17,90.31,2.92,3.64,16.78,97.39,2.42
7/13/2018,24.36,88.86,1.08,4.18,18.24,97.36,3.23
7/14/2018,24.44,87.67,1.9,4.14,16.21,97.29,4.83
7/15/2018,24.43,91.04,6.33,4.33,14.18,97.29,2.69
7/16/2018,24.45,88.52,2.87,4.25,12.47,97.31,4.29
7/17/2018,24.5,85.95,1.69,4.39,19.1,97.35,5.66
7/18/2018,24.43,87.56,0.65,4.09,21.52,97.33,4.32
7/19/2018,24.43,89.6,1,4.38,15.61,97.4,4.17
7/20/2018,24.06,84.28,0.28,4.11,18.75,97.43,4.7
7/21/2018,24.58,87.78,0.43,3.85,19.04,97.48,5.05
7/22/2018,24.42,88.99,0.28,3.73,20.85,97.41,3.94
7/23/2018,24.86,86.97,1.05,3.59,18.74,97.3,6.19
7/24/2018,24.64,87.87,3.43,4.1,16.13,97.4,4.93
7/25/2018,24.58,88.34,2.22,3.51,16.9,97.42,5.03
7/26/2018,24.76,86.8,1.02,3.87,15.74,97.45,5.87
7/27/2018,24.57,88.44,0.74,3.77,16.62,97.44,4.04
7/28/2018,24.6,86.44,0.4,3.66,20.5,97.38,6.35
7/29/2018,24.42,87.83,0.37,3.56,18.57,97.35,5.68
7/30/2018,24.63,89.81,4.68,3.86,16.3,97.41,4.02
7/31/2018,24,92.05,5.4,3.33,15.92,97.5,2.04
8/1/2018,24.17,90.88,2.73,2.74,16.47,97.53,2.98
8/2/2018,24.43,91.37,1.84,2.71,18.27,97.56,2.57
8/3/2018,24.69,89.73,0.74,3,20.48,97.57,3.63
8/4/2018,24.48,87.72,0.96,3.68,17.21,97.56,4.07
8/5/2018,24.75,88.18,0.91,4.26,16.6,97.54,4.22
8/6/2018,24.43,87.68,0.66,4.72,19.67,97.45,4.52
8/7/2018,24.57,87.47,0.59,4.24,17.97,97.33,5.04
8/8/2018,24.24,90.98,5.9,3.88,15.87,97.36,2.59
8/9/2018,24.31,89.56,6.19,3.84,14.59,97.48,3.29
8/10/2018,24.54,88.42,2.63,4.06,15.53,97.55,4.09
8/11/2018,24.42,89.05,1.79,4.48,18.18,97.45,3.29
8/12/2018,24.62,88.8,1.77,4.94,15.8,97.36,3.53
8/13/2018,23.95,90.16,3.01,3.57,16.41,97.42,2.29
8/14/2018,23.94,87.45,7.44,5.15,15.19,97.39,3.24
8/15/2018,24.28,87.69,3.5,5.52,9.26,97.38,4.16
8/16/2018,23.71,87.99,5.45,5.17,13.26,97.41,3.39
8/17/2018,24.4,87.38,3.67,5.16,13.22,97.28,4.36
8/18/2018,23.99,87.64,9.1,5.45,15.56,97.26,3.89
8/19/2018,24.11,87.59,1.94,5.13,13.3,97.27,4.58
8/20/2018,24.3,87.36,0.74,4.86,18.14,97.35,4.92
8/21/2018,24.35,86.95,0.44,4.15,20.62,97.4,5.19
8/22/2018,24.28,85.52,0.25,3.15,19.45,97.39,5.54
8/23/2018,24.82,85.28,1.33,2.73,20.97,97.38,5.98
8/24/2018,24.55,86.99,5.69,3.04,15.81,97.37,5.12
8/25/2018,24.32,88.21,2.38,2.6,16.51,97.33,4.07
8/26/2018,24.21,86.77,0.21,3.71,19.75,97.23,4.45
8/27/2018,24.66,84.48,0.28,3.5,18.94,97.28,6.35
8/28/2018,24.51,86.62,1.92,2.92,19.93,97.33,4.25
8/29/2018,24.35,86.52,1.41,2.97,21.27,97.4,4.17
8/30/2018,24.46,85.09,2.6,3.06,20.24,97.38,5.11
8/31/2018,24.42,87.81,1.16,3.47,19.69,97.46,4.4
9/1/2018,24.5,86.86,0.35,2.78,19.9,97.55,4.43
9/2/2018,24.51,87.02,0.45,2.76,21.46,97.51,5.04
9/3/2018,24.55,87.37,0.6,2.66,21.89,97.5,4.41
9/4/2018,24.61,85.63,0.05,2.77,23.38,97.58,5.8
9/5/2018,24.57,83.09,0.06,3.02,24.95,97.56,6.31
9/6/2018,24.37,86.87,0.41,3.67,25.05,97.49,3.11
9/7/2018,24.66,82.72,0.46,4.16,23.9,97.47,6.01
9/8/2018,24.75,80.53,0.05,3.37,26.37,97.38,6.5
9/9/2018,25.35,81.09,0.3,2.02,22.64,97.4,6.77
9/10/2018,25.31,82.65,1.01,2.12,22.11,97.57,6.01
9/11/2018,25.31,80.79,0.49,2.08,24.37,97.58,6.27
9/12/2018,25.33,80.59,2.23,1.81,24.64,97.48,6.46
9/13/2018,24.91,82.78,3.39,2.12,23.01,97.42,5.23
9/14/2018,24.82,83.71,1.15,1.96,22.2,97.49,4.69
9/15/2018,24.92,84.05,2.25,2.42,22.73,97.55,4.86
9/16/2018,24.85,84.47,2.12,3.43,20.71,97.46,3.84
9/17/2018,24.84,82.55,2.44,3.94,17.06,97.41,3.51
9/18/2018,24.64,84.31,2.35,4.26,17.94,97.4,2.95
9/19/2018,24.86,85.15,3.52,3.75,16.27,97.37,2.84
9/20/2018,24.75,88.25,6.21,3.6,16.34,97.25,2.45
9/21/2018,24.82,87.4,14.84,3.39,9.71,97.38,3.4
9/22/2018,24.71,87.43,4.64,2.49,19.88,97.55,3.98
9/23/2018,25.01,87.95,2.53,1.8,20.23,97.6,3.72
9/24/2018,24.19,90.05,12.2,2.07,18.17,97.62,2.24
9/25/2018,24.29,87.55,13.68,1.42,16.21,97.5,3.55
9/26/2018,25,85.55,3.91,1.4,17.15,97.35,5.86
9/27/2018,24.53,88.73,6,1.54,16.32,97.36,2.87
9/28/2018,25.04,86.11,2.53,1.39,18.83,97.35,5.35
9/29/2018,25.29,86.92,18.89,1.26,15.36,97.29,5.07
9/30/2018,25.21,88.82,9.88,1.42,19.28,97.27,3.88
10/1/2018,25.34,87.6,4.12,1.16,18.79,97.33,4.53
10/2/2018,24.84,89.68,3.81,1.78,16.42,97.35,3.29
10/3/2018,25.06,86.74,4.42,1.07,15.75,97.31,4.68
10/4/2018,25,90.03,14.49,1.97,20.01,97.3,3.21
10/5/2018,25.18,88.82,13.06,1.1,17.34,97.36,3.22
10/6/2018,24.36,93.6,14.56,1.91,11.47,97.33,1.03
10/7/2018,24.15,93.54,31.27,1.67,12.13,97.32,1
10/8/2018,23.82,90.75,18.99,2.39,12.65,97.36,2.51
10/9/2018,23.51,88.76,7.11,2.88,8.82,97.37,2.51
10/10/2018,23.97,88.2,2.84,2.16,14.92,97.36,3.39
10/11/2018,23.41,90.41,1.62,1.99,12.42,97.47,2.07
10/12/2018,23.55,87.06,2.55,2.41,11.6,97.59,4.12
10/13/2018,23.99,86.08,12.14,1.95,10.49,97.7,4.89
10/14/2018,24.13,89.35,5.06,1.61,20.25,97.71,3.77
10/15/2018,25.33,84.19,0.48,0.91,22.46,97.68,6.6
10/16/2018,24.92,86.15,4.43,0.57,16.46,97.71,3.72
10/17/2018,23.6,88.24,5.39,1.64,15.65,97.73,3.97
10/18/2018,24.89,82.02,0.18,1.2,23.64,97.63,6.62
10/19/2018,25.17,87.21,0.44,1.28,17.86,97.52,4.13
10/20/2018,24.12,91.82,2.12,2.16,13.8,97.6,1.7
10/21/2018,25,86.88,0.94,2.02,20.2,97.58,5.23
10/22/2018,24.79,90.18,16.31,1.69,17.94,97.54,2.58
10/23/2018,25.26,85.63,6.49,1.15,18.33,97.54,3.77
10/24/2018,24.65,89.12,4.72,0.49,18.78,97.55,1.96
10/25/2018,24.24,89.62,7.95,1.49,15.81,97.64,2.95
10/26/2018,24.75,88.09,4.23,0.74,19.57,97.55,3.6
10/27/2018,25.07,83.61,6.44,1.05,18.41,97.55,4.03
10/28/2018,25,86.12,6.96,0.64,16.39,97.46,3.75
10/29/2018,24.94,86.67,0.94,1.89,18.73,97.32,3.92
10/30/2018,24.13,91.16,2.09,2.21,17.11,97.33,1.68
10/31/2018,24.25,91.55,1.72,1.46,13.36,97.3,1.92
11/1/2018,24.62,88.94,19.05,0.91,11.38,97.36,3.51
11/2/2018,24.23,91.72,31,0.94,17.34,97.38,1.57
11/3/2018,24.27,90.82,7.44,1.26,15.21,97.46,2.28
11/4/2018,24.9,88.09,2.94,1.35,18.98,97.46,3.25
11/5/2018,24.02,92.06,19.63,0.83,9.14,97.47,1.11
11/6/2018,24.22,91.2,22.51,1.67,9.6,97.45,1.79
11/7/2018,23.95,88.78,5.29,1.39,16.05,97.46,2.62
11/8/2018,23.87,93.7,10.42,2.26,14.64,97.43,1.11
11/9/2018,24.37,87.72,8.58,1.23,11.97,97.41,3.54
11/10/2018,24.54,84.36,1.3,1.58,18.16,97.42,4.53
11/11/2018,24.48,81.94,0.02,1.48,21.38,97.5,5.93
11/12/2018,23.83,82.42,0.06,2.1,19.91,97.5,6.31
11/13/2018,23.76,87.02,0.05,2.26,20.99,97.39,6.34
11/14/2018,24.32,86.21,0.13,1.93,19.37,97.36,6.53
11/15/2018,25.08,84.01,0.05,1.35,20.11,97.38,6.94
11/16/2018,24.87,87.32,0.19,1.68,16.25,97.47,6.13
11/17/2018,24.23,90.21,4.97,1.11,17.37,97.54,2.87
11/18/2018,24.93,86.13,3.14,0.62,17.6,97.53,4.76
11/19/2018,24.56,88.74,17.1,0.62,14.88,97.59,2.93
11/20/2018,24.17,89.52,3,1.58,17.16,97.57,4.33
11/21/2018,25,85.82,1.85,1.19,20.14,97.55,4.41
11/22/2018,24.95,88.09,9.79,0.99,19.62,97.62,2.55
11/23/2018,24.46,91.37,21.35,1.41,18.88,97.76,2.48
11/24/2018,24.88,87.55,8.07,0.72,17.67,97.83,3.9
11/25/2018,24.8,90.15,4.31,1.05,19.42,97.7,3.67
11/26/2018,25.09,85.78,4.5,1.3,18.73,97.56,6.41
11/27/2018,24.99,87.33,10.31,1.31,16.84,97.55,5.44
11/28/2018,24.32,88.73,4.64,1.34,14.85,97.59,2.4
11/29/2018,24.65,85.46,1.82,1.95,19.42,97.66,6.06
11/30/2018,24.45,86.57,1.43,1.79,16.21,97.66,3.06
12/1/2018,23.24,82.36,0.04,1.92,18.8,97.52,5
12/2/2018,23.74,83.49,0.05,1.41,21,97.38,5.43
12/3/2018,24.42,88.27,8,1.26,15.48,97.42,3.43
12/4/2018,24.79,85.33,6.21,1.28,19.83,97.5,5.62
12/5/2018,24.32,87.46,7.51,0.91,10.9,97.48,1.96
12/6/2018,24.41,87.08,4.72,1.38,13.36,97.37,3.17
12/7/2018,24.52,85.02,4.05,1.8,14.59,97.37,6.43
12/8/2018,24.77,85.21,2.84,1.89,15.68,97.4,6.08
12/9/2018,24.48,87.41,4.32,1.63,8.56,97.39,4.09
12/10/2018,23.95,85.26,0.11,1.12,18.04,97.49,2.66
12/11/2018,23.67,81.2,0,1.56,14.83,97.5,6.14
12/12/2018,22.84,76.37,0,1.52,17.51,97.6,7.72
12/13/2018,22.98,82.22,0,1.5,17.12,97.64,5
12/14/2018,23.65,83.73,0.33,1.94,16.67,97.52,7.71
12/15/2018,23.89,87.23,0.72,2.12,17.53,97.47,5.21
12/16/2018,23.33,83.5,0.05,2.29,19.62,97.51,7.72
12/17/2018,23.67,73.79,0.01,1.08,21.64,97.63,8.41
12/18/2018,23.56,81.88,0.02,0.65,17.69,97.63,5.08
12/19/2018,23.73,80.84,0.02,0.9,20.85,97.61,7.9
12/20/2018,24.37,85.68,2.51,0.68,17.48,97.6,5.05
12/21/2018,24.85,88.65,22.12,0.64,10.93,97.53,2.99
12/22/2018,24.63,88.16,5.07,0.81,15.96,97.52,2.91
12/23/2018,24.46,89.88,2.23,1.49,19.83,97.58,4.52
12/24/2018,24.7,85.8,2.52,0.83,17.95,97.58,5.63
12/25/2018,24.46,90.03,9.23,0.98,19.26,97.6,3.86
12/26/2018,24.8,87.57,5.56,0.79,19.21,97.61,6.54
12/27/2018,24.43,89.76,26.51,0.58,18.77,97.59,2.95
12/28/2018,23.96,81.75,1.45,1.07,19.4,97.54,7.02
12/29/2018,23.47,83.11,0.05,2.01,18.06,97.65,6.95
12/30/2018,23.2,82.43,0.13,2.42,19.87,97.77,7.69
12/31/2018,23.78,84.06,0.7,2.34,19.38,97.83,7.21
1/1/2019,23.75,81.31,0.26,2.36,18.84,97.85,7.45
1/2/2019,23.23,81.82,0.05,1.74,19.79,97.84,7.06
1/3/2019,23.33,78.92,0.03,2.06,21.6,97.87,7.33
1/4/2019,22.91,79.27,0.01,1.74,22.65,97.84,7.62
1/5/2019,23.71,81.68,0.06,1.68,21.67,97.71,8.05
1/6/2019,23.37,78.55,0.02,1.47,23.06,97.64,8.14
1/7/2019,23.68,80.23,0.02,1.14,21.9,97.56,7.47
1/8/2019,24.64,80.33,0.02,1.23,20.86,97.6,7.98
1/9/2019,24.65,79.96,0.21,1.67,19.93,97.56,7.9
1/10/2019,24.98,81.11,0.47,1.28,17.77,97.53,7.44
1/11/2019,24.59,85.33,10.97,0.8,16.7,97.61,4.31
1/12/2019,24.48,88.33,5.14,1.51,14.21,97.58,3.77
1/13/2019,24.58,84.69,9.95,1.59,13.46,97.62,4
1/14/2019,24.35,85.27,6.44,1.85,15.05,97.58,4.49
1/15/2019,24.6,83.52,2.46,1.32,17.94,97.59,7.54
1/16/2019,24.51,85.3,3.42,1.64,16.59,97.59,5.06
1/17/2019,24.01,79.43,0.25,1.9,20.52,97.54,7.96
1/18/2019,23.13,77.82,0.05,1.68,20.77,97.55,7.65
1/19/2019,22.79,75.36,0,1.45,17.5,97.63,7.62
1/20/2019,23.59,79.24,0.12,1.5,19.58,97.68,6.34
1/21/2019,24.51,80.05,0.01,1.05,17.98,97.68,6.31
1/22/2019,25.19,79.45,0.03,0.7,22.54,97.66,7.19
1/23/2019,25.43,78.82,0.02,0.81,22.43,97.61,7.26
1/24/2019,25.31,80.44,0.15,0.43,21.3,97.71,5.64
1/25/2019,25.47,81.75,2.01,0.71,20.37,97.67,5.47
1/26/2019,25.7,81.82,1.22,1.15,18.92,97.64,5.98
1/27/2019,25.56,77.84,0.32,0.99,19.89,97.72,6.48
1/28/2019,25.2,76.68,0.02,1.14,21.67,97.7,6.43
1/29/2019,24.22,74.39,0,2.11,22.41,97.66,6.32
1/30/2019,24.42,76.27,0.02,2.67,21.99,97.65,5.96
1/31/2019,24.96,75.34,0.07,2.75,22.71,97.63,5.98
2/1/2019,25.21,76.42,0.33,1.54,22.75,97.65,6.02
2/2/2019,25.55,79.55,4.16,1.46,20.84,97.54,5.24
2/3/2019,25.73,82.37,5.26,1.55,17.45,97.64,4.68
2/4/2019,25.28,83.36,11.09,1.88,14.38,97.76,4.21
2/5/2019,25.47,84.79,8.19,1.57,15.48,97.72,4.51
2/6/2019,25.39,84.12,5.04,1.15,17.16,97.6,4.86
2/7/2019,25.41,81.14,0.32,0.91,18.4,97.64,6.05
2/8/2019,25.49,84.11,1.03,1.13,15.81,97.73,4.28
2/9/2019,25.02,86.77,16.84,0.94,15.8,97.75,2.92
2/10/2019,25.4,80.06,5.49,0.85,20.47,97.76,7.64
2/11/2019,25.06,80.8,0.37,2.44,20.68,97.69,7.15
2/12/2019,25.26,77.97,0.11,3.13,21.36,97.73,6.98
2/13/2019,25.87,78.2,0.44,3.02,22.23,97.75,6.56
2/14/2019,25.94,80.14,2.21,2.06,19.57,97.63,6.28
2/15/2019,25.61,84.16,5.11,1.56,19.52,97.7,4.59
2/16/2019,25.02,90.22,23.13,1.05,19.2,97.73,1.15
2/17/2019,26.03,81.35,13.72,0.95,20.96,97.69,5.91
2/18/2019,25.82,83.5,4.72,0.61,21.16,97.53,8.32
2/19/2019,25.5,82.56,0.63,1.81,22.52,97.57,8.93
2/20/2019,24.4,82.16,0.02,2.64,24.44,97.76,8.22
2/21/2019,25.18,78.87,0.26,2.5,25.03,97.81,8.65
2/22/2019,24.35,78.3,0.26,2.7,25.04,97.64,7.84
2/23/2019,23.68,75.52,0,1.61,25.09,97.54,8.05
2/24/2019,24.98,75.45,0.02,1.63,24.38,97.43,7.78
2/25/2019,26.06,78.55,0.54,1.62,21.13,97.4,6.94
2/26/2019,25.28,88.28,14.42,1.1,19.46,97.39,2.21
2/27/2019,24.45,85.72,19.11,0.98,14.3,97.43,2.92
2/28/2019,25.35,85.02,0.69,1.28,19.7,97.43,6.53
3/1/2019,26.2,80.66,0.18,1.06,20.98,97.41,7.8
3/2/2019,25.32,78.83,0.02,1.39,23.6,97.45,5.64
3/3/2019,26.06,80.06,10.37,1.02,19.04,97.41,6.28
3/4/2019,25,83.58,6.14,1.12,16.23,97.44,5.39
3/5/2019,25.56,84.21,0.99,0.95,22.62,97.42,6.86
3/6/2019,25.6,84.5,0.96,1.81,20.39,97.52,7.24
3/7/2019,26.01,81.87,0.09,1.22,21.89,97.47,7.96
3/8/2019,25.9,81.34,0.58,1.22,24.89,97.58,7.1
3/9/2019,26.25,80.61,5.85,0.58,20.94,97.67,6.27
3/10/2019,25.99,75.99,1.44,1.13,24.98,97.66,7.2
3/11/2019,25.21,74.49,0.43,1.61,25.16,97.72,6.93
3/12/2019,25.47,73.6,0.22,0.99,23.33,97.71,6.78
3/13/2019,25.91,70.04,0.03,1.16,16.68,97.69,6.12
3/14/2019,26.3,68.75,0.09,1.25,25.66,97.68,5.93
3/15/2019,25.98,66.9,0.04,1.52,23.22,97.64,6.1
3/16/2019,26.47,73.45,0.79,1.78,21.09,97.65,5.67
3/17/2019,26.26,77.57,2.73,1.58,17.86,97.64,4.04
3/18/2019,25.99,81.98,7.34,1.76,18.81,97.59,3.77
3/19/2019,26.08,74.87,0.63,1.67,24.96,97.48,3.92
3/20/2019,26.15,72.83,0.05,1.77,25.8,97.49,6.19
3/21/2019,26.28,77.56,3.75,1.62,19.01,97.57,5.46
3/22/2019,26.94,76.85,0.48,1.26,24.25,97.6,5.46
3/23/2019,27.17,76.68,4.93,0.81,20.63,97.59,5.45
3/24/2019,26.32,70.1,0.82,1,25.61,97.51,5.5
3/25/2019,25.22,66.59,0,2.43,27.42,97.47,5.88
3/26/2019,25.83,70.28,0,1.61,26.79,97.62,5.83
3/27/2019,26.67,67.76,0.02,1.19,27.24,97.72,5.82
3/28/2019,26.87,68.7,0.3,1.05,24.9,97.68,5.2
3/29/2019,26.66,66.32,0,0.9,25.86,97.52,5.4
3/30/2019,26.82,71.37,0.31,1.09,24.34,97.56,4.84
3/31/2019,27.09,72.31,0.26,1.23,25.96,97.59,4.67
4/1/2019,27.2,71.51,0.05,1.33,25.62,97.59,4.74
4/2/2019,27,71.4,0.01,0.91,24.64,97.54,4.91
4/3/2019,26.86,70.93,0.24,1.58,23.01,97.54,4.56
4/4/2019,26.5,67.93,0.17,1.44,25.24,97.68,4.65
4/5/2019,27.51,68.6,0.07,0.86,22.38,97.65,4.3
4/6/2019,27.91,69.79,0.09,1.04,23.78,97.58,3.87
4/7/2019,27.58,74.86,0.1,1.11,22.49,97.54,3.58
4/8/2019,27.47,75.32,0.08,1.93,21.61,97.46,3.56
4/9/2019,27.85,72.13,0.06,1.49,19.86,97.49,3.61
4/10/2019,28.01,72.83,0.3,0.76,21.24,97.51,2.71
4/11/2019,26.84,79.73,2.87,0.75,17.46,97.48,1.19
4/12/2019,27.25,76.43,0.68,0.63,22.31,97.41,2.27
4/13/2019,28.1,74.63,2.07,1.06,21.52,97.4,3.21
4/14/2019,28.1,73.22,1.56,1.49,22.38,97.43,3.8
4/15/2019,28.08,71.25,1.39,1.12,21.31,97.5,3.59
4/16/2019,27.93,76.03,3.42,0.84,19.93,97.48,2.64
4/17/2019,26.27,85.99,40.43,1.08,17.69,97.55,1.06
4/18/2019,26.74,79.36,2.34,1.27,21.38,97.54,3.64
4/19/2019,26.19,82.29,1.01,1.69,19.68,97.46,2.89
4/20/2019,26.02,82.61,6.02,1.23,17.52,97.31,2.43
4/21/2019,26.53,74.38,1.75,0.49,16.86,97.22,3.43
4/22/2019,26.89,78.89,5.48,0.96,19.47,97.21,2.65
4/23/2019,27.33,77.08,5.64,0.73,19.57,97.31,2.79
4/24/2019,27.62,74.72,2.22,1,21.76,97.37,3.95
4/25/2019,26.84,80.2,18.78,0.97,16.48,97.41,2.35
4/26/2019,25.87,76.91,2.61,1.1,12.31,97.36,2.43
4/27/2019,26.3,77.09,1.39,1.21,11.53,97.35,3.66
4/28/2019,26.78,82.4,4.29,1.31,17.24,97.32,3.23
4/29/2019,26.23,88.13,10.23,2,12.05,97.39,1.66
4/30/2019,26.35,87.1,7.18,3.8,12.47,97.32,2.49
5/1/2019,26.13,90.33,6.23,3.57,19.17,97.28,1.3
5/2/2019,26.42,90.61,5.13,3.46,12.18,97.31,1.48
5/3/2019,26.27,91.22,9.72,3.75,7.3,97.45,1.12
5/4/2019,25.83,85.9,5.19,2.41,20.1,97.58,2.91
5/5/2019,25.97,87.09,1.32,1.84,22.33,97.65,2.54
5/6/2019,26.43,83.61,0.07,2.26,25.17,97.52,4.29
5/7/2019,26.47,84.09,0.21,2.86,23.22,97.5,3.83
5/8/2019,26.09,83.89,0.09,3.3,23.41,97.48,2.51
5/9/2019,26.72,79.21,0.03,3.35,23.94,97.34,4.22
5/10/2019,26.78,77.93,0.01,2.44,21.41,97.38,4.21
5/11/2019,26.88,79.28,0.04,2.45,23.82,97.51,3.92
5/12/2019,26.86,81.8,0.28,2.95,20.67,97.45,3.04
5/13/2019,27.03,79.29,0.13,3.1,21.35,97.4,3.26
5/14/2019,27.32,79.9,0.2,3.24,18.04,97.33,2.74
5/15/2019,27.36,80.28,0.13,3.04,22.16,97.42,2.65
5/16/2019,26.78,83.84,3.99,3.05,22.35,97.49,2.01
5/17/2019,26.17,87.84,2.93,2.47,19.36,97.47,1.34
5/18/2019,25.92,88.99,4.35,2.51,19.99,97.41,1.02
5/19/2019,26.19,82.16,3.16,1.97,21.84,97.43,3.1
5/20/2019,26.49,83.48,1.35,2.24,22.35,97.47,2.54
5/21/2019,26.46,81.59,1.45,2.28,19.77,97.51,2.99
5/22/2019,26.49,80.45,2.36,1.81,8.52,97.48,3
5/23/2019,26.26,86.54,5.41,2.39,15.5,97.46,1.8
5/24/2019,26.16,84.93,4.1,2.19,17.34,97.48,1.59
5/25/2019,25.66,87.61,4.39,2.82,19.13,97.42,1.56
5/26/2019,26.66,83.59,1.01,2.5,22.56,97.29,3.28
5/27/2019,26.77,84.73,0.59,2.2,23,97.23,2.25
5/28/2019,26.89,86.34,2.78,2.22,21.07,97.2,1.56
5/29/2019,26.78,88.22,4.62,2.56,17.85,97.17,1.31
5/30/2019,26.26,84.63,1.95,2.75,18.12,97.25,1.82
5/31/2019,26.14,82.52,0.76,3.27,19.23,97.33,2.47
6/1/2019,26.33,79.58,0.2,3.27,20.63,97.37,2.9
6/2/2019,26.86,79.35,0.78,3.23,19.29,97.33,2.91
6/3/2019,26.88,82.25,6.98,2.9,19.59,97.32,2.32
6/4/2019,25.92,87.17,5.37,3.5,11.36,97.3,1.46
6/5/2019,25.93,86.99,6.36,2.94,18.18,97.27,1.43
6/6/2019,25.95,87.63,4.77,3.3,16.11,97.28,1.71
6/7/2019,25.62,88.5,14.06,3.95,12.84,97.38,1.34
6/8/2019,26.17,83.68,7.23,3.62,17.1,97.39,4.31
6/9/2019,26.37,84.71,1.74,3.78,19.43,97.39,3.5
6/10/2019,26.39,83.68,2.91,3.43,12.83,97.39,3.38
6/11/2019,26.23,85.54,4.86,3.12,20.74,97.38,2.96
6/12/2019,26.28,86.26,3.1,3.61,15.85,97.38,2.62
6/13/2019,26.17,86.72,2.59,3.61,15.92,97.44,1.84
6/14/2019,25.75,78.32,1.75,2.88,13.78,97.47,2.81
6/15/2019,26.03,83.95,2.68,2.61,20.18,97.47,2.58
6/16/2019,26.49,85.37,0.34,3.21,18.83,97.49,2.2
6/17/2019,26.39,83.69,0.21,3.71,16.92,97.54,1.79
6/18/2019,26.35,84.32,0.28,4,19.27,97.43,1.64
6/19/2019,26.46,84.91,0.2,4.36,19.27,97.33,1.62
6/20/2019,25.96,80.27,0.7,4.76,15.31,97.4,1.85
6/21/2019,26.02,80.56,1.07,4.74,12.16,97.32,1.96
6/22/2019,26.35,80.98,0.62,5.28,13.31,97.25,2.14
6/23/2019,26.28,83.56,0.46,4.18,16.7,97.18,1.68
6/24/2019,26.51,85.63,1.83,3.66,16.24,97.23,1.46
6/25/2019,26.28,85.91,1.39,3.66,16.7,97.38,1.44
6/26/2019,26.02,84.42,0.06,3.35,19.36,97.44,1.37
6/27/2019,26.43,82.09,0.05,3.7,22.7,97.36,2.04
6/28/2019,26.74,77.58,0.03,3.82,22.4,97.35,3.1
6/29/2019,26.88,74.8,0.02,3.96,22.52,97.36,3.2
6/30/2019,26.15,80.04,0.06,3.98,20.74,97.33,1.66
7/1/2019,26.12,84.83,0.32,3.64,19.74,97.31,1.53
7/2/2019,26.45,83.02,0.56,3.83,18.14,97.39,2.18
7/3/2019,26.3,83.45,0.7,3.23,17.92,97.42,1.54
7/4/2019,26.46,81.07,0.3,3.04,20.34,97.42,2.25
7/5/2019,26.36,83.04,0.3,3.08,19.35,97.35,1.68
7/6/2019,26.58,82.1,0.25,3.08,20.61,97.35,1.76
7/7/2019,26.57,79.71,0.13,2.99,21.75,97.4,1.77
7/8/2019,26.86,78.48,0.18,3.01,21.25,97.46,2.09
7/9/2019,25.86,85.3,7.86,2.78,15.16,97.48,1.01
7/10/2019,25.41,81.89,6.01,2.7,18.2,97.45,2.28
7/11/2019,25.7,83.23,1.69,2.01,20.85,97.49,1.74
7/12/2019,26.13,83.45,4.99,2.22,19.03,97.52,2.05
7/13/2019,25.4,87.14,8.5,2.44,16.78,97.59,1.51
7/14/2019,25.75,83.64,4.06,2.29,18.35,97.56,2.65
7/15/2019,25.55,84.38,2.1,3.17,19.57,97.42,2.15
7/16/2019,25.52,85.38,2.78,3.31,20.85,97.36,1.6
7/17/2019,25.05,87.06,6.97,4.56,14.4,97.26,1.26
7/18/2019,25.17,84.69,10.86,5.79,9.52,97.07,2.2
7/19/2019,24.78,85.64,13.07,5.58,15.2,97.04,2.42
7/20/2019,24.89,83.66,1.59,4.97,15.15,97.13,2.85
7/21/2019,24.9,82.64,3.57,4.01,16.71,97.21,3.14
7/22/2019,25.35,81.48,2.25,3.82,15.88,97.2,3.6
7/23/2019,24.99,82.17,0.27,3.4,19.7,97.24,2.68
7/24/2019,25.45,81.86,1.44,3.26,20.9,97.33,3.23
7/25/2019,25.34,85.77,2.53,3.3,18.75,97.49,1.97
7/26/2019,25.21,85.35,0.58,3.02,21.09,97.47,2
7/27/2019,25.37,82.43,0.07,2.56,21.5,97.4,2.28
7/28/2019,25.67,80.63,0.06,3.29,21.3,97.39,2.64
7/29/2019,25.75,80.8,0.05,2.98,20.81,97.44,2.92
7/30/2019,25.64,81.46,0.05,2.17,23.16,97.48,2.12
7/31/2019,25.88,81.8,1.76,2.41,20.77,97.53,2.14
8/1/2019,25.35,88.87,6.36,3.01,19.24,97.58,1.13
8/2/2019,25.74,82.66,0.6,2.77,14.68,97.55,2.19
8/3/2019,25.85,84.99,0.17,2.96,20.83,97.53,1.76
8/4/2019,26.13,82.77,2.37,3.49,17.38,97.49,2.29
8/5/2019,25.65,84.94,7.01,3.72,18.92,97.46,1.9
8/6/2019,25.72,86.37,4.35,3.98,17.62,97.41,1.84
8/7/2019,25.58,86.58,7.13,3.94,16.51,97.41,1.7
8/8/2019,25.09,87.28,17.08,4.13,11.5,97.45,2.17
8/9/2019,25.52,85.42,6.45,3.26,11.97,97.43,3.67
8/10/2019,24.9,86.78,20.55,3.74,10.56,97.41,3.07
8/11/2019,24.73,84.82,8.71,4.02,15.39,97.36,4.79
8/12/2019,24.52,85.13,5.83,4.53,13.35,97.35,3.35
8/13/2019,24.13,89.49,18.53,3.98,6.21,97.43,1.55
8/14/2019,24.71,87.74,8.45,3.9,14.26,97.51,3.56
8/15/2019,24.95,87.27,0.51,2.93,17.46,97.5,2.97
8/16/2019,25.1,86.07,4.1,3.11,12.93,97.44,3.41
8/17/2019,24.03,84.21,2.27,3.4,11.83,97.44,3.35
8/18/2019,24.69,81.12,1.17,2.94,19.42,97.44,5.14
8/19/2019,25.14,86.75,4.24,2.7,20.34,97.52,2.97
8/20/2019,25.14,87.43,5.92,3.68,19,97.53,2.76
8/21/2019,25.4,83.46,5.7,4.51,16.62,97.48,4.39
8/22/2019,25,85.57,11.36,4.29,11.56,97.5,3.28
8/23/2019,24.3,86.65,11.28,3.73,9.83,97.59,2.77
8/24/2019,24.18,87.68,7.79,3.45,16.58,97.62,2.9
8/25/2019,24.35,83.53,8.47,3.59,13.69,97.63,4.09
8/26/2019,24.08,84.67,9.3,3.66,12.35,97.65,4.06
8/27/2019,24.5,86.25,5.57,3.47,18.89,97.55,3.47
8/28/2019,25.21,86.72,6.21,3.45,14.48,97.5,3.83
8/29/2019,24.68,87.47,15.83,3.83,17.06,97.55,2.97
8/30/2019,24.71,85.28,8.04,4.21,15.29,97.33,4.37
8/31/2019,24.85,88.17,5.42,3.95,18.21,97.28,2.77
9/1/2019,24.67,90.7,17.03,3.06,9.88,97.4,2.03
9/2/2019,25.26,88.06,4.81,2.93,19.15,97.49,4
9/3/2019,25.16,88.33,1.54,3.25,19.54,97.44,3.78
9/4/2019,25.24,88.06,2.34,3.32,19.13,97.4,3.61
9/5/2019,25.12,88.43,5.82,3.14,16.03,97.43,3.41
9/6/2019,25.48,87.87,2.58,3.27,17.01,97.41,3.91
9/7/2019,25.73,87.14,1.09,3.63,20.82,97.45,4.11
9/8/2019,25.86,82.51,0.38,3.37,23.8,97.5,5.09
9/9/2019,25.67,81.3,2.36,3.01,22.85,97.41,5.94
9/10/2019,25.6,86.6,7.02,2.9,18.76,97.4,4.06
9/11/2019,25.18,90.42,26,3.13,12.59,97.56,1.98
9/12/2019,24.5,87.96,16.38,2.34,12.24,97.74,3.36
9/13/2019,24.49,87.86,4.98,1.87,18.72,97.71,3.89
9/14/2019,24.29,89.9,17.81,2.14,17.17,97.65,2.68
9/15/2019,24.58,91.65,53.79,2.58,8.83,97.59,1.77
9/16/2019,23.99,91.11,31.67,2.88,8.38,97.5,1.98
9/17/2019,24.67,90.05,11.99,3.4,13.62,97.39,3.1
9/18/2019,25.24,88.8,4.82,3.37,19.71,97.46,4.7
9/19/2019,24.7,91.02,18.7,3.02,12.08,97.54,2.36
9/20/2019,23.81,86.04,5.97,2.29,14.5,97.53,3.46
9/21/2019,24.51,90.11,3.09,2.26,18.59,97.42,3.03
9/22/2019,24.48,91.23,29.44,2.54,13.06,97.45,2.29
9/23/2019,24.29,90.85,23.04,3.45,8.41,97.48,2.24
9/24/2019,24.17,90.25,12.67,3.05,10.31,97.51,2.68
9/25/2019,24.1,92.54,21.22,1.73,11.03,97.6,1.66
9/26/2019,24.74,87.1,4.53,1.11,17.4,97.76,4.16
9/27/2019,25.16,84.37,8.6,0.57,17.2,97.78,2.75
9/28/2019,24.19,85.97,11.13,1.35,11.01,97.68,2.85
9/29/2019,23.67,88.11,10.06,1.37,15.11,97.72,2.28
9/30/2019,24.17,87.75,3.01,1.39,19.83,97.69,3.75
10/1/2019,24.73,86.17,2.46,1.05,19.03,97.68,5.15
10/2/2019,24.89,86.99,1.4,1.41,16.71,97.64,3.94
10/3/2019,25.09,87.29,7.33,1.47,17.79,97.58,4.8
10/4/2019,25.07,85.86,8.8,1.24,20.73,97.56,5.74
10/5/2019,24.25,88.75,8.84,1.64,18.08,97.53,3.33
10/6/2019,23.75,90.58,13.28,1.29,13.3,97.6,2.01
10/7/2019,24.39,87.25,15.25,1.56,19.01,97.57,4.36
10/8/2019,24.41,90.25,13.18,1.42,17.66,97.53,2.23
10/9/2019,24.76,90.44,5.38,1.35,19.28,97.49,2.34
10/10/2019,24.05,91.67,8.64,1.76,17.09,97.53,1.83
10/11/2019,24.45,88.63,15.53,1.25,16.58,97.51,3.25
10/12/2019,24.79,87.75,7.29,0.94,17.75,97.47,3.73
10/13/2019,25.34,86.74,9.91,0.58,17.76,97.47,4.4
10/14/2019,25.27,87.75,8.96,1.14,19.46,97.46,3.89
10/15/2019,24.76,90.04,14.05,1.43,15.49,97.44,2.66
10/16/2019,24.33,91.57,19.99,1.74,14.02,97.47,1.81
10/17/2019,24.07,93.3,9.27,1.56,19.12,97.48,1.02
10/18/2019,25.34,84.95,10,1.07,17.46,97.46,4.54
10/19/2019,25.1,86.72,25.5,0.74,16.49,97.47,3.06
10/20/2019,25.08,87.83,32.14,0.91,11.49,97.44,3.11
10/21/2019,24.33,93.09,19.22,2.55,10.19,97.4,1.33
10/22/2019,24.2,89.88,4.93,2.09,10.57,97.43,3.06
10/23/2019,24.11,91.15,6.26,2.04,14.98,97.41,2.13
10/24/2019,23.6,94.77,40.7,1.79,8.29,97.5,0.56
10/25/2019,23.05,92.02,3.35,1.51,15.03,97.58,1.28
10/26/2019,23.44,91.53,4.34,1.3,10.4,97.56,1.7
10/27/2019,23.79,90.02,28.34,1.63,12.71,97.47,1.79
10/28/2019,24,86.03,16.27,2.18,6.97,97.41,2.7
10/29/2019,23.82,93.83,63.18,2.69,9.25,97.44,0.63
10/30/2019,23.88,93.45,23.64,2.35,13.2,97.55,1.01
10/31/2019,23.96,90.69,1.56,1.52,17.08,97.6,2.69
11/1/2019,24.73,87.76,3.23,0.68,18.19,97.5,3.21
11/2/2019,24.69,86.89,10.94,0.91,16.88,97.53,3.01
11/3/2019,24.23,84.34,16.1,1.05,13.23,97.69,3.52
11/4/2019,24.27,88.73,6.78,0.88,18.32,97.72,3
11/5/2019,23.97,92.2,5.81,1.3,15.81,97.58,1.28
11/6/2019,24.43,89.38,0.31,1.7,19.59,97.46,3.95
11/7/2019,24.42,89.77,0.38,1.72,19.61,97.46,3.13
11/8/2019,24.68,89.1,3.08,1.87,18.16,97.52,3.53
11/9/2019,24.52,93.1,16.25,1.78,14.24,97.53,1.87
11/10/2019,24.71,92.08,13.21,1.5,14.89,97.46,2.02
11/11/2019,23.98,92.13,14.39,0.95,16.78,97.48,0.88
11/12/2019,25.01,86.46,2.97,0.85,17.93,97.5,4.03
11/13/2019,24.84,86.89,2.24,1.64,19.34,97.51,4.59
11/14/2019,25.04,84.84,1.47,1.47,20.48,97.49,5.35
11/15/2019,25.07,89.35,18.62,1.79,14.75,97.44,3.25
11/16/2019,24.79,91.67,7.48,1.38,17.53,97.49,2.01
11/17/2019,25.49,87.46,7.27,0.84,19.75,97.49,4.34
11/18/2019,24.85,87.73,5.87,1.17,17.83,97.52,3.43
11/19/2019,25.02,89.79,16.71,1.64,16.65,97.47,3.15
11/20/2019,25.02,87.23,8.06,1.21,19.59,97.43,4.07
11/21/2019,25.01,84.61,2.06,1.5,21.75,97.47,5.42
11/22/2019,24.42,89.16,18.59,1.36,15.85,97.56,1.72
11/23/2019,24.44,92.69,8.72,1.28,18.09,97.51,1.38
11/24/2019,24.93,91.9,17.7,1.38,12.56,97.47,1.01
11/25/2019,24.96,89.64,11.4,1.65,10.92,97.46,2.93
11/26/2019,25.01,89.25,11.09,2.41,18.99,97.32,3.62
11/27/2019,24.99,90.15,6.67,2,18.91,97.31,3.07
11/28/2019,25.44,91.09,17.11,2.33,15.47,97.34,2.53
11/29/2019,25.26,89.73,29.01,1.21,13.41,97.37,2.57
11/30/2019,24.3,92.53,36.35,1.57,12.89,97.51,1.92
12/1/2019,24.53,90.62,30.23,0.94,15.23,97.53,2.37
12/2/2019,24.71,89.82,20.75,1.4,16.32,97.53,2.46
12/3/2019,23.91,87.58,8.66,1.83,12.15,97.47,2.59
12/4/2019,24.12,92.3,36.3,1.72,6.1,97.54,1.12
12/5/2019,24.33,93.22,36.59,1.65,11.51,97.62,1.02
12/6/2019,24.25,91.25,6.61,2.18,17.07,97.56,1.65
12/7/2019,24.3,90.81,0.76,1.65,10.98,97.5,2.27
12/8/2019,23.95,92.71,3,1.91,16.91,97.54,0.92
12/9/2019,24.34,95.9,2.43,1.54,11.48,97.53,0.37
12/10/2019,24.58,93.18,9.34,1.86,14.55,97.48,1.31
12/11/2019,24.39,91.41,5.42,0.76,14.55,97.41,1.24
12/12/2019,23.99,88.13,1.05,0.99,16.5,97.47,2.04
12/13/2019,24.42,89.26,0.84,1.79,17.81,97.54,3.9
12/14/2019,23.9,90.49,3.3,1.93,17.7,97.64,1.74
12/15/2019,24.22,88.77,0.62,2.33,17.57,97.54,3.59
12/16/2019,24.06,87.26,0.57,2.23,16.11,97.51,4.84
12/17/2019,24.26,91.44,12.12,2.01,13.57,97.53,2.09
12/18/2019,24.67,91.53,14.27,2.28,7.82,97.52,1.62
12/19/2019,24.67,92.15,29.06,2.3,10.93,97.48,1.5
12/20/2019,24.82,91.24,42.42,1.88,5.62,97.48,2.32
12/21/2019,24.74,88.21,14.42,1.17,17.01,97.57,1.39
12/22/2019,24.69,92.75,4.89,1.45,13.41,97.48,1.35
12/23/2019,24.74,93.77,9.65,0.98,16.6,97.47,0.95
12/24/2019,24.93,89.59,2.21,1.45,17.9,97.6,2.78
12/25/2019,24.56,88.6,8.25,1.63,19.01,97.57,4.08
12/26/2019,24.22,85.4,1.88,1.33,20.67,97.58,5.17
12/27/2019,23.72,85.79,0.93,1.28,21.02,97.48,5.45
12/28/2019,24.29,86.74,0.33,1.59,20.96,97.49,5.31
12/29/2019,23.52,84.59,0.09,1.74,20.32,97.54,5.74
12/30/2019,23.42,83.4,0,1.45,20.69,97.58,5.99
12/31/2019,24.59,84.68,0.57,1.08,18.32,97.64,6.45
1/1/2020,24.76,88.14,1.03,1.74,18.32,97.69,5.51
1/2/2020,24.82,88.99,8.01,1.93,15.73,97.74,4.65
1/3/2020,24.75,88.39,2,1.77,20.15,97.69,4.93
1/4/2020,25.09,87.37,5.07,1.14,20.34,97.55,5.92
1/5/2020,24.87,86.62,1.83,1.56,20.8,97.5,6.28
1/6/2020,24.48,87.83,1.06,2.15,21.89,97.6,5.95
1/7/2020,24.49,87.55,2.1,2.29,21.87,97.57,5.78
1/8/2020,24.54,86.71,0.9,2.06,17.78,97.53,6.21
1/9/2020,23.92,83.62,0.01,1.47,19.97,97.57,6.93
1/10/2020,23.42,83.15,0.01,1.26,21.22,97.58,7.45
1/11/2020,24.18,85.36,0.96,2,20.9,97.52,6.68
1/12/2020,24.62,87.95,1.48,1.96,18.11,97.47,5.88
1/13/2020,23.64,82.16,0.7,1.72,18.89,97.47,7.19
1/14/2020,22.99,80.74,0,1.58,20.95,97.52,7.36
1/15/2020,22.94,80.93,0,0.91,20.46,97.54,7.63
1/16/2020,23.78,83.73,0.59,1.05,22.3,97.56,7.77
1/17/2020,24.5,87.67,3.82,1.3,19.15,97.55,6.69
1/18/2020,24.69,86.44,2.08,1.58,19.53,97.5,6.9
1/19/2020,24.76,88.29,8.27,1.9,20.26,97.49,6.39
1/20/2020,25.04,86.91,3.52,2.06,20.19,97.58,6.69
1/21/2020,25.02,85.61,3.19,1.98,18.29,97.61,7
1/22/2020,25,89.79,10.09,2.52,13.3,97.61,3.94
1/23/2020,24.88,88.69,2.55,2.49,18.01,97.54,4.06
1/24/2020,24.95,86.13,0.41,2.55,21.88,97.53,7.42
1/25/2020,24.36,84.22,0.05,1.74,21.82,97.63,7.95
1/26/2020,24.18,82.77,0.13,1.41,22.75,97.6,8.31
1/27/2020,24.13,84.38,0.42,0.73,20.97,97.63,7.3
1/28/2020,23.57,82.79,0.13,1.2,22.23,97.72,8.35
1/29/2020,23.01,83.09,0.02,1.54,23,97.73,8.38
1/30/2020,23.25,83.89,0.04,1.36,22.76,97.64,8.49
1/31/2020,22.78,83.55,0.04,1.95,23.73,97.51,8.41
2/1/2020,22.55,83.92,0,2,23.18,97.58,8.09
2/2/2020,23.33,82.45,0.02,1.48,23.13,97.76,8.35
2/3/2020,24.05,83.19,0.06,1.28,20.16,97.74,8.6
2/4/2020,24.36,84.38,0.21,1.52,17.69,97.57,8.22
2/5/2020,24.38,87.24,2.72,0.96,18.18,97.64,6.23
2/6/2020,24.78,85.18,0.65,0.81,21.3,97.69,7.74
2/7/2020,24.42,84.3,0.01,1.07,19.59,97.71,5.82
2/8/2020,24.75,81.68,0.02,0.89,21.34,97.75,9.55
2/9/2020,24.11,80.79,0.01,1.7,23.59,97.67,9.36
2/10/2020,23.47,82.19,0,2.26,24.33,97.62,8.98
2/11/2020,24.15,84.51,1.49,2.52,23.48,97.6,8.68
2/12/2020,25.3,85.63,5.48,2.81,18.22,97.64,7.48
2/13/2020,25.29,85.64,2.03,2.29,17.82,97.62,7.76
2/14/2020,24.15,89.66,3.59,1.07,16.39,97.6,3.14
2/15/2020,25.52,84.62,1.5,0.85,18.96,97.6,9.11
2/16/2020,25.25,83.71,0.28,1.61,21.22,97.66,9.16
2/17/2020,24.44,82.75,0.07,1.98,22.91,97.69,7.86
2/18/2020,22.98,78.9,0,1.66,24.7,97.71,9.8
2/19/2020,23.28,79.59,0,1.64,23.9,97.64,10
2/20/2020,24.73,81.66,1.16,2.11,23.69,97.54,9.91
2/21/2020,25.66,86.2,5.36,2.36,17.65,97.59,6.53
2/22/2020,25.4,87.27,4.38,3.14,15.57,97.66,6.44
2/23/2020,24.95,85.45,2.41,2.75,20.39,97.6,7.86
2/24/2020,25.3,84.07,0.27,2.26,23.16,97.49,9.12
2/25/2020,25.69,84.22,0.17,1.71,23.11,97.43,9.71
2/26/2020,25.29,83.06,0.03,1.59,23,97.47,8.61
2/27/2020,25.02,80.86,0,1.92,23.84,97.47,10.63
2/28/2020,24.78,80.03,0.03,2.17,24.39,97.4,10.57
2/29/2020,25.03,80.09,0.02,1.27,21.98,97.44,10.24
3/1/2020,25.63,81.15,0.01,1.07,23.14,97.48,10.14
3/2/2020,25.78,82.16,0.11,1.22,21.55,97.57,10.07
3/3/2020,26,80.34,0.26,0.84,23.44,97.58,10.5
3/4/2020,25.93,82.42,0.13,0.58,20.86,97.52,9.36
3/5/2020,25.31,85.87,1.91,0.94,18.87,97.53,7.34
3/6/2020,25.31,86.54,5.49,1.47,18.13,97.58,7.9
3/7/2020,25.23,84.49,2.02,1.34,23.85,97.7,9.2
3/8/2020,25.52,81.53,0.67,1.2,23.69,97.58,10.36
3/9/2020,25.84,81.12,1.11,1.25,24.41,97.45,10.88
3/10/2020,25.48,80.44,1.26,1.49,24.79,97.48,10.62
3/11/2020,24.83,80.79,0.21,1.53,25.88,97.57,10.75
3/12/2020,24.94,79.35,0.06,1.46,25.4,97.62,11.31
3/13/2020,25.29,77.8,0.01,1.29,24.17,97.57,11.33
3/14/2020,25.87,78.9,0.1,0.82,23.77,97.5,11.06
3/15/2020,26.11,80.22,0.22,1,23.45,97.44,10.68
3/16/2020,26.34,81.78,2.16,1.49,21.18,97.52,9.9
3/17/2020,25.9,82.97,5.51,2.31,17.27,97.68,8.22
3/18/2020,26.17,82.72,1.22,1.76,19.07,97.62,7.35
3/19/2020,26.38,80.53,0.82,1.17,21.5,97.58,7.78
3/20/2020,26.24,75.27,0.7,0.73,21.16,97.59,7.02
3/21/2020,25.77,78.03,0.17,1.02,24.47,97.6,8.59
3/22/2020,25.53,76.8,0.04,1.01,24.79,97.56,10.72
3/23/2020,25.68,76.3,0.28,1.35,24.6,97.51,10.47
3/24/2020,25.43,77.45,1.64,1.38,24.73,97.35,9.68
3/25/2020,26.03,77.48,1.02,1.25,23.32,97.36,9.88
3/26/2020,24.95,75.13,0.16,1.82,22.7,97.38,8.95
3/27/2020,25.12,75.88,0.03,1.58,24.23,97.55,9.48
3/28/2020,25.69,74.62,0.05,1.12,24.18,97.48,9.82
3/29/2020,26.39,78.61,0.71,0.64,22.39,97.43,8.45
3/30/2020,26.85,80.34,2.67,0.68,21.38,97.45,7.4
3/31/2020,26.54,77.25,7.72,0.92,23.33,97.5,7.94
4/1/2020,26.36,71.97,0.32,1.25,22.66,97.47,9.07
4/2/2020,25.6,70.47,0.06,1.61,26.65,97.38,9
4/3/2020,25.95,74.58,0.43,1.79,25.65,97.46,8.28
4/4/2020,26.63,78.84,3.67,1.37,19.58,97.55,6.92
4/5/2020,26.97,79.45,2.05,1.18,24.25,97.63,6.86
4/6/2020,27.13,75.27,0.52,0.98,23.39,97.63,6.96
4/7/2020,26.99,76.97,1.5,0.93,23.93,97.55,7.15
4/8/2020,26.7,81.46,3.68,1.26,22.04,97.59,5.43
4/9/2020,25.86,85.99,3.54,1.04,20.4,97.56,2.4
4/10/2020,25.87,83.44,5.94,1.14,21.73,97.58,4.19
4/11/2020,26.77,78.69,5.24,1.59,21.14,97.62,7.48
4/12/2020,26.91,78.64,6.13,1.36,21.8,97.55,7.12
4/13/2020,26.86,80.87,8.67,1.33,20.7,97.44,6.19
4/14/2020,26.34,83.98,15.46,1.33,20.22,97.5,4.09
4/15/2020,26.61,83.29,5.47,1.28,18.77,97.58,7.22
4/16/2020,26.73,81.02,2.9,1.3,21.9,97.5,7.98
4/17/2020,26.5,83.57,5.22,1.81,21.11,97.47,7.07
4/18/2020,26.72,82.1,1.49,1.49,21.87,97.49,7.12
4/19/2020,27.06,80.49,3.74,1.44,20.04,97.4,6.4
4/20/2020,27,79.38,0.92,1.72,22.27,97.38,6.65
4/21/2020,27.2,80.88,2.5,1.43,22,97.41,5.47
4/22/2020,26.3,86.34,10.38,1,15.16,97.44,2.76
4/23/2020,26.8,83.76,6.26,0.86,20.56,97.45,5.36
4/24/2020,25.8,87.12,6.69,1.73,19.31,97.45,4.21
4/25/2020,26.96,82.57,3.59,1.26,20.88,97.4,6.65
4/26/2020,26.5,86.74,12.25,1.35,21.75,97.45,4.93
4/27/2020,27.09,85.21,4.26,1.11,23.05,97.5,6.24
4/28/2020,25.86,87.63,6.1,1.74,18.04,97.51,2.83
4/29/2020,26.28,84.57,3.23,2.21,20.13,97.47,5.42
4/30/2020,25.66,86.42,5.7,1.35,18.79,97.56,2.7
5/1/2020,26.15,80.59,3.79,1.75,20.84,97.45,7.31
5/2/2020,26.96,82.9,3.92,1.28,23.61,97.31,7.11
5/3/2020,26.97,85.22,1.9,1.38,22.99,97.3,5.48
5/4/2020,26.58,88.91,3.94,1.28,19.25,97.38,2.39
5/5/2020,26.12,85.59,7.03,1.77,16.45,97.46,4.16
5/6/2020,25.91,86.76,9.93,1.66,9.89,97.48,4.46
5/7/2020,26.49,83.47,11.21,1.88,19.91,97.48,7.37
5/8/2020,25.98,88.35,10.2,1.6,21.85,97.43,4.29
5/9/2020,26.39,86.79,11.66,1.2,18.71,97.4,4.84
5/10/2020,26.07,90.31,8.97,1.05,17.11,97.37,2.38
5/11/2020,25.26,92.71,38.06,1.31,9.09,97.41,1.32
5/12/2020,26.87,83.85,21.24,0.61,19.67,97.31,7.17
5/13/2020,25.77,89.22,8.67,1.14,15.65,97.25,3.59
5/14/2020,26.18,88.12,8.56,1.37,18.58,97.19,3.69
5/15/2020,26.09,90.13,23.99,2.83,10.39,97.07,3.05
5/16/2020,25.39,91.56,16.83,3.21,12.04,97.04,2.05
5/17/2020,26.11,89.51,5.51,3.84,10.97,97.03,3.87
5/18/2020,25.76,91.26,20.87,5.1,12.42,97.01,1.86
5/19/2020,25.14,90.26,13.35,4.7,6.56,97.06,2.42
5/20/2020,26.43,87.15,3.73,4.46,19.64,97.15,5.73
5/21/2020,25.51,87.64,4.14,3.97,17.67,97.35,4.27
5/22/2020,25.88,88.36,4.03,4.2,12.64,97.29,5.36
5/23/2020,26.22,88.01,3.01,3.7,20.95,97.28,5.83
5/24/2020,26.22,87.32,3.11,3.93,17.46,97.33,5.99
5/25/2020,25.87,89.41,4.31,3.04,16.46,97.47,3.72
5/26/2020,25.98,90.25,2.92,2.68,17.41,97.47,3.92
5/27/2020,25.8,92.19,8.34,3.13,10.99,97.45,2.25
5/28/2020,26.05,90.15,4.94,3.48,17.76,97.42,3.69
5/29/2020,25.3,92.57,4.94,3.24,17.05,97.4,2.09
5/30/2020,25.31,90.17,4.27,3.02,21.02,97.46,3.43
5/31/2020,26.23,87.41,1.16,2.95,21.87,97.51,6.23
6/1/2020,25.78,87.35,0.05,2.34,24.24,97.58,5.25
6/2/2020,25.44,85.99,0.08,2.54,22.83,97.58,5.92
6/3/2020,25.19,85.37,0.02,2.3,25.56,97.52,7.68
6/4/2020,25.53,85.63,0.03,2.74,25.15,97.53,7.52
6/5/2020,25.77,88.03,1.91,3.08,22.81,97.49,5.1
6/6/2020,25.21,86.51,9.36,3.89,12.06,97.5,4.52
6/7/2020,24.71,87.91,6.24,4.15,12.99,97.4,3.03
6/8/2020,25.6,87.52,3.08,3.78,17.18,97.28,4.73
6/9/2020,25.95,88.55,2.64,3.66,20.25,97.25,4.48
6/10/2020,25.92,90,4.7,3.78,17.54,97.23,3.12
6/11/2020,24.34,85.92,5.49,4.04,16.82,97.23,4.1
6/12/2020,25.23,87.01,8.89,3.76,18.32,97.18,5.16
6/13/2020,25.67,87.7,2.04,3.44,22.2,97.2,4.61
6/14/2020,25.8,86.92,2.15,3.97,18.15,97.27,5.22
6/15/2020,25.98,88.66,2,3.24,22.22,97.31,4.37
6/16/2020,25.76,89.35,1.38,3.18,15.96,97.29,3.53
6/17/2020,25.64,88.55,2.96,3.01,17.19,97.31,3.93
6/18/2020,25.63,88.3,1.14,2.69,20.13,97.44,4.36
6/19/2020,25.93,86.97,1.4,3.48,19.34,97.43,5.52
6/20/2020,24.94,88.71,2.8,3.34,20.74,97.38,2.99
6/21/2020,24.96,86.62,3.82,4.23,15.42,97.29,4.35
6/22/2020,25.12,84.62,1.13,4.52,19.61,97.16,5.74
6/23/2020,25.55,81.27,0.4,3.27,16.87,97.17,6.26
6/24/2020,24.97,86.09,5.24,2.25,18.49,97.19,4.03
6/25/2020,24.31,86.05,15.53,2.76,12.8,97.19,3.64
6/26/2020,24.78,86.43,10.47,3.44,10.73,97.24,5.18
6/27/2020,25.12,86.96,2.71,3.32,22.12,97.22,4.72
6/28/2020,25.69,87.17,1.37,3.57,17.99,97.19,5.51
6/29/2020,25.46,89.33,6.81,3.79,16.67,97.12,3.4
6/30/2020,25.39,90.16,10.05,3.17,13.13,97.19,3.14
7/1/2020,25.39,89.87,2.61,2.47,18.12,97.24,3.64
7/2/2020,25.42,89.16,1.26,2.59,19.57,97.25,3.63
7/3/2020,24.68,87.62,5.28,3.88,15.17,97.38,3.25
7/4/2020,24.79,86.84,0.57,2.83,16.03,97.38,4.18
7/5/2020,24.94,83.64,0.6,2.9,21.04,97.32,5.32
7/6/2020,24.92,86.57,2.9,3.87,17.38,97.27,3.91
7/7/2020,25.46,85.21,1.26,3.21,22.06,97.28,5.74
7/8/2020,24.71,89.32,1.72,2.08,16.13,97.29,2.45
7/9/2020,24.62,90.55,5.01,1.95,17.11,97.22,1.95
7/10/2020,24.57,90.25,8.15,2.55,15.46,97.3,2.3
7/11/2020,24.49,90.64,4.51,2.43,14.14,97.34,2.12
7/12/2020,24.7,88.02,2.05,2.75,16.92,97.27,3.34
7/13/2020,24.72,87.86,0.52,2.64,19.78,97.2,3.74
7/14/2020,25.33,88.34,6.24,2.4,20.58,97.21,3.77
7/15/2020,25.53,90.45,13.49,3.27,16.55,97.23,2.95
7/16/2020,24.37,91.89,7.49,3.25,11.02,97.22,1.62
7/17/2020,23.82,91.61,3.99,2.92,18.11,97.16,1.62
7/18/2020,24.75,89.39,3.47,2.18,17.78,97.15,3.47
7/19/2020,24.56,92.58,16.47,1.53,18.16,97.16,1.19
7/20/2020,24.07,92.2,21.41,2.46,6.76,97.17,1.5
7/21/2020,24.19,89.97,1.52,1.83,21.44,97.28,2.79
7/22/2020,24.44,89.72,0.89,2.24,18.27,97.32,3.82
7/23/2020,24.45,91.49,10.32,3.1,16.12,97.28,2.37
7/24/2020,24.93,86.96,2.99,3.12,18.18,97.39,5.31
7/25/2020,23.78,89.42,2.95,2.84,11.15,97.49,2.5
7/26/2020,23.42,86.67,0.7,3.42,14.8,97.51,3.87
7/27/2020,24.12,87.19,0.83,2.36,16.47,97.33,3.61
7/28/2020,24.37,88.71,1.69,3.01,9.37,97.2,3.47
7/29/2020,24.13,87.46,8.46,4.48,15.16,97.24,3.87
7/30/2020,24.71,84.66,1.67,4.26,16.63,97.31,6.3
7/31/2020,24.99,87.17,4.89,4.1,19.46,97.27,5.13
8/1/2020,25.01,87.56,9.56,4.06,16.07,97.32,4.87
8/2/2020,24.72,89.68,10.76,3.77,13.39,97.38,3.1
8/3/2020,24.51,90.3,4.56,3.9,8.39,97.32,2.79
8/4/2020,24.63,91.58,5.01,3.93,15.31,97.14,2.53
8/5/2020,24.18,88.78,9.45,3.49,15.73,97.19,3.43
8/6/2020,24.42,89.91,27.54,4.13,8,97.3,2.7
8/7/2020,24.76,87.48,6.67,4.23,13.32,97.37,4.66
8/8/2020,24.45,88.45,5.08,4,16.99,97.32,3.4
8/9/2020,24.33,87.86,5.97,4.47,13.94,97.29,4.54
8/10/2020,24.85,87.37,3.73,3.9,14.16,97.34,5.37
8/11/2020,24.91,90.24,9.85,3.66,11.59,97.43,3.5
8/12/2020,24.88,87.66,4.07,3.35,23.73,97.49,4.39
8/13/2020,24.78,87.74,0.53,3.2,21.82,97.32,4.96
8/14/2020,24.61,87.31,0.2,3.14,22.94,97.28,5.11
8/15/2020,24.83,89.25,0.08,2.8,20.43,97.3,4
8/16/2020,24.91,87.79,0.07,2.44,20.56,97.31,4.62
8/17/2020,25.24,86.9,1,2.47,22.89,97.28,6.1
8/18/2020,25.32,85.61,0.77,2.65,24.37,97.27,6.74
8/19/2020,25.01,86.69,0.29,2.6,23.42,97.18,5.46
8/20/2020,25.42,86.9,0.3,2.7,21.12,97.19,5.79
8/21/2020,25.58,84.87,0.2,2.36,23.9,97.34,7.07
8/22/2020,25.61,85.04,1.42,2.14,23.69,97.42,6.48
8/23/2020,25.24,85.78,2.75,1.96,24.56,97.42,6.04
8/24/2020,25.09,86.02,0.91,1.69,23.95,97.43,5.56
8/25/2020,25.63,85.28,3.37,1.79,22.27,97.44,6.28
8/26/2020,24.8,87.48,5.26,2.17,21.29,97.51,3.7
8/27/2020,25.19,85.51,4.64,2.47,22.62,97.39,6.12
8/28/2020,25.07,85.9,2.87,3.3,23.41,97.31,5.49
8/29/2020,25.06,85.21,0.3,3.6,21.69,97.32,4.81
8/30/2020,25.11,86.08,0.86,2.81,20.44,97.34,4.28
8/31/2020,24.42,88.86,3.87,2.48,19.67,97.35,2.56
9/1/2020,24.54,86.92,10.96,2.77,12.2,97.37,4.26
9/2/2020,24.1,89.31,11.94,3.16,9.92,97.38,2.66
9/3/2020,24.6,89.98,2.1,2.72,17.87,97.31,2.53
9/4/2020,24.78,90.34,4.77,2.15,21.08,97.26,2.78
9/5/2020,24.83,87.32,3.42,3.68,15.01,97.27,4.74
9/6/2020,24.8,86.94,24.18,4.03,11.52,97.32,4.68
9/7/2020,24.19,86.02,3.24,3.23,15.41,97.39,4.28
9/8/2020,24.71,88.72,6.13,2.73,18.09,97.41,3.09
9/9/2020,24.84,89.37,10.56,3.58,15.87,97.39,3.27
9/10/2020,24.38,88.58,6.23,3.59,16.79,97.32,2.91
9/11/2020,25,86.1,4.73,4.02,16.41,97.32,5.23
9/12/2020,24.9,87.37,6.53,3.52,15.05,97.44,4.86
9/13/2020,24.45,89.27,8.41,3.31,12.47,97.45,2.79
9/14/2020,24.47,88.85,3.64,3.13,14.44,97.4,3.39
9/15/2020,24.75,87.03,3.45,3.67,15.96,97.38,5.21
9/16/2020,24.96,88.41,1.63,3.27,18.79,97.4,4.52
9/17/2020,25.28,89.79,2.79,3.67,17.99,97.43,3.73
9/18/2020,24.8,91.3,7.32,4.34,10.27,97.38,2.14
9/19/2020,24.14,89.44,12.46,4.39,16.69,97.32,2.55
9/20/2020,24.35,84.4,14.51,4.7,13.79,97.29,4.84
9/21/2020,24.49,85.37,7.1,4.33,14.72,97.32,5.36
9/22/2020,24.32,88.98,10.16,3.6,15.27,97.38,3.08
9/23/2020,24.86,86.01,1.45,3.54,18.69,97.4,5.56
9/24/2020,24.66,89.4,5.97,2.12,17.29,97.5,3.16
9/25/2020,23.07,93.9,13.09,1.92,14.19,97.55,0.76
9/26/2020,24.47,89.1,3.82,2.05,20.26,97.46,4
9/27/2020,24.46,91.06,3.42,1.79,21.1,97.49,2.97
9/28/2020,24.84,90.09,8.43,2.72,16.41,97.46,3.92
9/29/2020,24.81,90.39,13.45,3.56,9.99,97.38,3.13
9/30/2020,24.56,86.91,9.67,4.35,11.71,97.36,3.79
10/1/2020,24.61,87.05,0.86,3.74,20.55,97.33,4.17
10/2/2020,24.54,86.99,1.23,3.75,22.23,97.38,4.34
10/3/2020,24.93,86.15,1.22,4.09,18.99,97.42,6.04
10/4/2020,24.54,87.13,0.66,4.03,19.86,97.44,4.42
10/5/2020,24.7,85.09,0.19,3.23,24.75,97.32,6.44
10/6/2020,24.6,86.36,0.2,2.64,22.41,97.35,5.76
10/7/2020,24.83,85.03,0.21,2.93,20.32,97.38,6.38
10/8/2020,24.95,87.28,0.43,2.52,19.64,97.38,4.85
10/9/2020,24.94,87.62,4.95,3.2,15.1,97.38,4.69
10/10/2020,24.7,88.55,13.3,3.62,18.91,97.33,3.31
10/11/2020,24.83,86.54,7.67,4.88,14.56,97.23,4.29
10/12/2020,24.67,87.72,8.59,4.52,16.84,97.19,3.57
10/13/2020,24.9,89.15,12.1,4.95,17.28,97.16,3.28
10/14/2020,25.1,88.73,12.44,4.62,13.78,97.24,4.04
10/15/2020,25,89.49,6.94,4.08,14.85,97.22,3.98
10/16/2020,25.03,90.04,3.86,3.44,19.35,97.15,3.43
10/17/2020,24.58,85,0.18,3.17,20.86,97.21,6.07
10/18/2020,25.01,86.58,0.17,3.08,22.32,97.24,6.29
10/19/2020,25.11,86.92,0.24,3.09,19.2,97.22,5.95
10/20/2020,25.19,87.84,0.46,3.52,22.03,97.23,5.04
10/21/2020,25.36,88.35,1.58,3.83,19.31,97.29,5.01
10/22/2020,25.24,87.99,3.07,3.96,19.16,97.28,5.35
10/23/2020,24.67,90.15,1.27,3.13,20.41,97.31,3.49
10/24/2020,24.91,88.13,1.3,2.81,18.02,97.39,4.83
10/25/2020,24.98,88.12,1.25,2.08,20.01,97.44,4.24
10/26/2020,25.37,86.37,1.04,1.75,20.82,97.41,5.48
10/27/2020,25.49,86.64,5.11,1.28,16.04,97.36,4.92
10/28/2020,24.74,88.27,4.35,1.34,17.31,97.43,3.2
10/29/2020,25.06,84.97,1.55,1.76,19.13,97.44,6.05
10/30/2020,24.75,87.29,5.91,1.74,19.76,97.44,5.18
10/31/2020,25.08,86.23,3.97,1.53,19.29,97.47,5.3
11/1/2020,24.62,89.65,4.43,1.52,20.05,97.56,3.38
11/2/2020,24.43,89.81,3.36,1.38,17.88,97.6,2.92
11/3/2020,25.49,85.9,7.02,1.06,19.29,97.55,5.83
11/4/2020,25.37,88.21,20.6,0.89,17.95,97.5,3.39
11/5/2020,25.61,84.14,21.83,0.8,19.57,97.5,4.92
11/6/2020,25.08,89.02,13.69,1.17,16.51,97.56,3.23
11/7/2020,25.46,85.26,4.48,1.65,18.01,97.57,5.34
11/8/2020,25.38,86.66,19.93,1.19,16.4,97.56,5.26
11/9/2020,25.56,85.79,6.76,1.52,19.51,97.41,5.42
11/10/2020,24.6,91.41,16.76,1.32,15.12,97.3,1.94
11/11/2020,24.95,89.03,21.42,1.45,17.4,97.35,3.34
11/12/2020,24.99,91.02,9.14,1.24,16.24,97.43,2.22
11/13/2020,25.62,87.19,16.51,0.6,16.19,97.37,4.36
11/14/2020,25.73,86.47,8.25,1.06,19.45,97.26,5.43
11/15/2020,25.01,91.32,12.03,2.2,18.48,97.26,2.84
11/16/2020,24.89,90.99,31.48,2.18,12.48,97.38,2.62
11/17/2020,23.82,94.32,9.79,2.36,17.5,97.38,0.76
11/18/2020,24.17,90.19,20.64,1.55,17.81,97.51,3.2
11/19/2020,25.2,84.27,3.87,0.49,17.59,97.46,5.2
11/20/2020,24.72,87.16,7.3,0.83,17.27,97.44,3.68
11/21/2020,24.35,88.35,6.16,1.12,17.12,97.46,2.09
11/22/2020,24.44,84.5,3.05,1.16,13.32,97.52,4.13
11/23/2020,24.46,86.62,1.59,1.28,16.87,97.47,4
11/24/2020,24.58,89.24,2.9,2.69,15.86,97.28,4.23
11/25/2020,24.43,93.18,2.3,2.65,12.89,97.28,1.59
11/26/2020,24.16,87.93,0.43,1.55,20.04,97.43,3.3
11/27/2020,23.69,88.71,7.75,1.3,19.65,97.55,3.6
11/28/2020,24.94,83.26,7.45,0.64,21.99,97.6,4.91
11/29/2020,25.13,82.99,0.83,1.18,20.8,97.51,6.45
11/30/2020,25.2,82.38,0.82,1.53,18.07,97.45,7.35
12/1/2020,24.42,87.95,3.65,1.79,14.76,97.4,2.23
12/2/2020,23.82,93.25,11.06,4.38,8.91,97.12,1.25
12/3/2020,24.34,92.03,7.53,3.9,16.53,97.18,2.44
12/4/2020,24.63,90.57,6.57,2.31,15.09,97.2,3.96
12/5/2020,24.84,90.92,7.2,1.6,18.38,97.28,3.33
12/6/2020,24.8,87.81,0.3,1.32,19.85,97.43,5.83
12/7/2020,25.31,80.18,5.54,0.48,20.94,97.57,7.66
12/8/2020,24.82,86.87,5.56,1.34,17.82,97.64,5.15
12/9/2020,25.03,84.01,2.2,1.24,20.14,97.55,6.41
12/10/2020,24.84,85.47,6.31,0.69,15.58,97.54,3.73
12/11/2020,25.02,84.52,1.7,0.95,19.9,97.55,6.72
12/12/2020,23.65,89.98,0.88,0.59,18.05,97.53,1.9
12/13/2020,24.43,82.28,0.09,0.95,18.4,97.48,6.82
12/14/2020,23.97,79.83,0.03,1.07,18.14,97.46,7.56
12/15/2020,24.1,82.5,0.83,1.1,19.23,97.53,8.19
12/16/2020,24.42,84.41,0.42,1.18,19.98,97.59,7.56
12/17/2020,24.64,83.92,1.09,0.81,19.45,97.54,8.35
12/18/2020,24.24,85.97,8.09,0.53,17.13,97.5,3.61
12/19/2020,24.13,88.46,6.52,1.14,16.08,97.47,3.75
12/20/2020,24.14,91.56,22.11,1.77,11.84,97.49,1.13
12/21/2020,23.88,91.9,16.06,2.03,14.32,97.41,1.31
12/22/2020,24.04,91.57,10.97,1.31,10.11,97.39,1.43
12/23/2020,24.02,91.93,7.03,1.08,15.31,97.43,1.41
12/24/2020,24.68,86.73,4.67,1.52,16.01,97.31,4.93
12/25/2020,24.46,83.57,0.54,1.56,19.48,97.36,7.33
12/26/2020,24.03,85.05,1.03,1.39,18.04,97.44,6.97
12/27/2020,24.34,89.56,15.94,1.65,14.96,97.35,3.56
12/28/2020,24.97,87.82,7.31,1.01,15.91,97.35,6.36
12/29/2020,24.67,89.46,4.45,1.49,19.49,97.35,6.14
12/30/2020,24.54,87.38,1.6,1.76,20.96,97.35,7.13
12/31/2020,24.57,90.32,18.43,2.35,14.23,97.39,3.74
1/1/2021,23.99,86.85,5.89,1.74,9.79,97.48,4.62
1/2/2021,24.48,86.62,2.63,1.71,15.64,97.39,5.04
1/3/2021,24.19,90.47,3.48,1.51,12.46,97.32,2.26
1/4/2021,24.08,91.36,18.5,1.41,11.64,97.37,1.18
1/5/2021,24.1,88.22,3.97,1.17,17.19,97.43,3.91
1/6/2021,24.53,87.86,4.7,0.98,16.22,97.44,5.53
1/7/2021,24.49,87.45,1.28,0.86,15.64,97.32,3.09
1/8/2021,24.95,86.92,6.08,0.53,15.37,97.22,4.83
1/9/2021,24.07,90.62,25.31,0.49,6.26,97.3,1.8
1/10/2021,23.13,90.15,9.21,1.03,10.41,97.29,1.23
1/11/2021,23.79,91.53,10.89,1.4,13.14,97.21,0.87
1/12/2021,24.07,93.25,14.94,2.48,12.18,97.23,2.02
1/13/2021,24.04,92.02,21.14,2.24,8.07,97.36,2.42
1/14/2021,23.71,91.48,8.85,1.47,15.59,97.42,3
1/15/2021,23.02,82.58,6.07,1.26,12.1,97.38,1.5
1/16/2021,22.47,93.11,6.21,1.52,11.99,97.31,0.69
1/17/2021,24.59,85.81,3.51,1.38,16.07,97.38,6.75
1/18/2021,24.44,89.09,6.58,1.6,15.35,97.38,4.48
1/19/2021,24.45,88.21,5.32,0.8,15.49,97.39,4.11
1/20/2021,25.1,89.56,4.29,0.82,20.04,97.45,4.77
1/21/2021,25.24,88.18,2.8,1.34,20.53,97.47,6.37
1/22/2021,24.88,84.64,0.59,1.55,21.3,97.47,7.61
1/23/2021,24.47,81.89,0.08,1.28,17.93,97.49,8.26
1/24/2021,23.94,82.59,0.02,1.34,21.76,97.55,8.07
1/25/2021,23.69,83.45,0.02,1.15,20.93,97.6,7.5
1/26/2021,22.75,80.56,0.01,1.83,21.89,97.55,8.03
1/27/2021,22.7,82.48,0.01,1.87,19.16,97.53,7.34
1/28/2021,23.82,81.93,0.12,1.26,18.24,97.53,7.8
1/29/2021,22.29,91.51,5.71,1.02,13.06,97.6,0.96
1/30/2021,24.09,86.28,3.64,1.3,16.6,97.5,5.08
1/31/2021,24.01,85.92,9.89,1.73,17.3,97.53,5.87
2/1/2021,24.23,84.66,3.46,2.07,20.34,97.61,6.58
2/2/2021,24.68,87.85,6.46,2.42,19.27,97.56,5.02
2/3/2021,24.47,87.14,2.59,2.36,11.78,97.54,5.4
2/4/2021,24.1,84.26,0.31,2.36,18.42,97.58,7.85
2/5/2021,23.89,83.68,1.51,2.07,18.02,97.52,6.43
2/6/2021,24.43,85.17,6.08,1.64,15.25,97.43,6.65
2/7/2021,24.77,85,1.88,2.08,17.61,97.4,7.66
2/8/2021,24.58,86.83,5.12,2.73,17.81,97.43,6.34
2/9/2021,23.21,83.47,0.2,2.74,23.02,97.41,7.95
2/10/2021,22.96,80.01,0,1.67,21.53,97.45,8.78
2/11/2021,23.09,80.02,0,1.44,23.22,97.44,8.98
2/12/2021,24.11,81.14,0.01,0.79,24.18,97.52,9.52
2/13/2021,24.97,81.76,0.37,0.78,22.77,97.6,9.43
2/14/2021,25.51,82.52,0.98,0.67,20.58,97.6,9.42
2/15/2021,25.6,81.72,0.41,0.93,23.56,97.51,9.64
2/16/2021,25.02,84.04,0.31,1.2,22.69,97.49,7.35
2/17/2021,25.25,82.16,0.07,0.97,22.79,97.43,9.43
2/18/2021,24.6,80.13,0.24,1.12,22.5,97.52,9.42
2/19/2021,25.04,84.34,4.02,0.9,21.17,97.5,8.81
2/20/2021,25.14,86.08,4.59,1.81,21.51,97.45,7.86
2/21/2021,24.96,83.67,3.66,1.8,21.45,97.51,7.56
2/22/2021,25.12,84.76,4.08,1.75,21.17,97.52,7.9
2/23/2021,25.01,82.79,0.25,1.92,21.74,97.47,8.45
2/24/2021,24.91,82.97,1.22,1.1,21.59,97.46,9.75
2/25/2021,25.61,83.88,0.45,0.57,23.77,97.46,8.62
2/26/2021,25.47,86.37,0.27,0.77,23.12,97.42,7.12
2/27/2021,25.44,85.16,0.19,0.88,23.62,97.35,7.95
2/28/2021,24.92,80.18,0.07,1.2,25.33,97.37,9.9
3/1/2021,23.88,78.59,1.19,0.83,24.43,97.65,9.07
3/2/2021,23.11,78.35,0.03,1.41,26.12,97.63,8.55
3/3/2021,23.52,78.99,0.16,1.79,23.21,97.53,9.32
3/4/2021,23.56,78.85,0.04,1.89,24.74,97.53,9.09
3/5/2021,24.5,78.23,0.29,1.11,17.59,97.64,8.15
3/6/2021,24.83,84.62,20.02,0.45,20.45,97.65,3.18
3/7/2021,25.04,86.14,12.37,0.81,21.57,97.54,3.99
3/8/2021,24.86,88.59,8.01,1.62,17.91,97.55,3.16
3/9/2021,25.19,81.21,0.41,1.64,22.63,97.61,9.68
3/10/2021,24.15,87.21,15.87,1.75,17.83,97.68,4.35
3/11/2021,24.15,87.14,9.31,1.71,16.64,97.67,4.55
3/12/2021,24.46,82.98,2.37,1.89,22.28,97.68,6.94
3/13/2021,25.17,82.57,2.87,1.69,24.79,97.58,9.08
3/14/2021,24.84,85.42,3.66,1.93,22.66,97.49,6.47
3/15/2021,25.27,81.49,0.15,1.41,24.75,97.41,9.37
3/16/2021,25.32,81.32,0.4,1.35,22.5,97.43,8.73
3/17/2021,24.97,82.67,1.74,1.35,21.07,97.39,7.04
3/18/2021,24.39,83.21,4.38,1.07,13.85,97.44,4.24
3/19/2021,23.94,85.83,1.9,0.96,11.07,97.47,3.92
3/20/2021,24.11,84.7,4.48,0.76,17.4,97.39,5.8
3/21/2021,25.22,82.43,9.37,0.25,17.05,97.33,6.58
3/22/2021,25.41,85.12,3.56,0.99,22.35,97.43,6.41
3/23/2021,25.41,85.04,4.35,1.23,18.49,97.46,5.56
3/24/2021,24.89,87.55,6.68,1.23,16.37,97.45,3.79
3/25/2021,24,81.52,2.47,1.79,11.1,97.43,4.62
3/26/2021,24.75,80.43,3.95,2.75,19.86,97.34,6.67
3/27/2021,23.8,86.25,7.5,1.94,19.36,97.38,4.2
3/28/2021,24.38,81.59,39.53,1.37,16.54,97.38,6.46
3/29/2021,25.13,82.89,9.71,1.16,20.97,97.39,8.45
3/30/2021,25.03,85.75,12.29,1.52,24.5,97.31,5.42
3/31/2021,25.28,87.18,0.61,1.74,24.09,97.2,6.45
4/1/2021,25.2,89.38,0.19,1.99,23.35,97.23,5.07
4/2/2021,26.16,85.99,0.2,2.29,20.25,97.26,7.92
4/3/2021,25.56,86.95,0.17,2.39,23.95,97.34,7.27
4/4/2021,25.48,85.23,0.1,1.9,23.46,97.33,6.47
4/5/2021,26.18,81.74,0.13,1.33,22.51,97.33,7.92
4/6/2021,25.95,81.06,0.43,0.98,21.45,97.41,7.06
4/7/2021,25.65,81.89,2.15,0.86,21.07,97.5,8.37
4/8/2021,25.24,84.77,1.92,1.25,22.1,97.42,6.84
4/9/2021,25.41,84.6,1.58,1.32,22.13,97.36,7.81
4/10/2021,25.97,80.87,5.29,0.88,21.53,97.46,7.93
4/11/2021,25.65,84.79,5.78,1.11,20.58,97.58,6.96
4/12/2021,26.14,80.83,6.27,0.76,20.86,97.6,8.13
4/13/2021,25.74,84.51,5.41,1.23,20.97,97.58,6.8
4/14/2021,25.94,83.5,8.78,1,21.71,97.56,6.18
4/15/2021,24.84,88.62,27.22,1.01,20.46,97.56,2.82
4/16/2021,24.88,86.94,5.08,1.26,19.56,97.55,3.97
4/17/2021,25.23,89.25,4.81,1.46,17.58,97.57,3.51
4/18/2021,24.96,90.1,3.95,2.01,21.69,97.65,2.33
4/19/2021,25.25,87.82,1.29,2.21,22.38,97.5,5.57
4/20/2021,25.7,86.46,4.58,2.06,22.52,97.4,6.86
4/21/2021,25.78,88.17,13.27,1.95,19.61,97.49,4.52
4/22/2021,25.75,88.76,7.75,2.07,21.56,97.51,4.19
4/23/2021,25.54,89.88,11.49,2.04,18.89,97.49,3.46
4/24/2021,25.94,87.36,8.68,0.96,22.79,97.42,4.19
4/25/2021,26.49,81.48,1.27,0.76,21.98,97.39,8.57
4/26/2021,25.98,87.8,5.4,1.32,21.54,97.38,4.25
4/27/2021,26.23,87.08,0.78,1.56,23.11,97.45,5.98
4/28/2021,25.91,88.74,6.5,2.05,21.12,97.51,3.83
4/29/2021,25.64,88.07,8.03,1.85,20.16,97.48,4.99
4/30/2021,26.06,86.59,6.15,1.17,13.67,97.35,5.62
5/1/2021,25.15,90.81,14.5,1.46,15.55,97.36,2.03
5/2/2021,26.05,84.74,5.17,0.86,18.68,97.35,4.85
5/3/2021,26.17,84.38,16.92,0.84,18.67,97.29,5.19
5/4/2021,25.91,86.29,20.14,0.85,20.26,97.28,4.81
5/5/2021,26.38,84.63,2.65,0.97,19.65,97.26,6.75
5/6/2021,26.12,86.37,9.2,1.23,17.74,97.34,5.7
5/7/2021,25.76,86.22,6.59,1.31,16.94,97.42,4.9
5/8/2021,26.13,84.45,12.91,1.06,19.52,97.32,5.74
5/9/2021,25.82,88.46,11.54,1.52,20.02,97.26,4.54
5/10/2021,25.51,91.92,17.52,1.35,17.28,97.29,1.8
5/11/2021,25.42,92.82,17.61,1.52,21.58,97.31,1.73
5/12/2021,25.84,90.86,7.22,2,17.22,97.23,3.38
5/13/2021,25.76,90.74,17.71,3.15,10.27,97.16,2.89
5/14/2021,25.13,90.02,12.29,3.48,20.8,97.16,3.43
5/15/2021,25.19,89.48,1.62,3.15,15.37,97.17,3.65
5/16/2021,25.31,89.51,0.62,2.39,18.59,97.28,3.36
5/17/2021,25.93,85.96,4.04,1.42,22.36,97.3,4.92
5/18/2021,25.83,87,1.28,1.63,20.94,97.36,4.87
5/19/2021,25.62,89.78,2.93,2.09,20.08,97.36,3.79
5/20/2021,25.42,89.96,10.83,2.63,18.74,97.45,3.22
5/21/2021,25.64,89.23,15.6,2.69,11.16,97.5,3.82
5/22/2021,25.67,91.34,9.71,3.4,17.53,97.41,2.29
5/23/2021,25.73,91.06,6.21,3.58,9.23,97.39,2.42
5/24/2021,25.91,92.94,19.4,4.08,11.71,97.44,1.54
5/25/2021,25.01,91.56,27.3,5.07,12.78,97.48,1.55
5/26/2021,25,87.03,8.61,5.79,15.16,97.41,4.4
5/27/2021,25.04,89.36,3.88,5.16,17.67,97.35,3.02
5/28/2021,25.35,89.73,3.52,4.1,18.68,97.36,2.85
5/29/2021,25.67,90.16,2.77,3.98,18.36,97.38,3.45
5/30/2021,25.78,88.33,1.45,4.41,18.65,97.33,4.71
5/31/2021,25.49,89.78,1.47,4.13,18.49,97.22,3.45
6/1/2021,25.63,87.36,0.79,3.53,21.98,97.22,5.98
6/2/2021,25.79,88.48,5.31,2.96,17.57,97.23,5.22
6/3/2021,25.56,89.31,10.43,3.13,14.25,97.3,3.74
6/4/2021,24.53,93.78,42.1,3.06,12.61,97.41,1.02
6/5/2021,24.66,93,6.73,3.03,14.97,97.43,1.12
6/6/2021,25.28,89.07,4.45,2.89,19.9,97.42,4.14
6/7/2021,25.26,90.54,3.76,2.84,19.94,97.43,3.28
6/8/2021,25.31,91.84,18.11,3.9,13.98,97.44,2.46
6/9/2021,24.84,89.19,6.5,2.98,15.95,97.4,3.84
6/10/2021,25.24,90.3,2.42,3.57,22.72,97.25,4.05
6/11/2021,25.18,87.62,0.48,3.7,23.72,97.29,5.27
6/12/2021,25.41,88.1,1.61,4.09,20.17,97.35,5.06
6/13/2021,25.2,90.69,10.05,4.21,18.73,97.39,2.72
6/14/2021,24.76,89.05,11.96,3.84,18.13,97.36,3.66
6/15/2021,25.03,87.57,0.41,3.89,19.73,97.3,5.09
6/16/2021,25.25,86.96,0.18,4.02,20.9,97.37,5.99
6/17/2021,25.27,88.08,0.2,3.61,20.8,97.44,4.76
6/18/2021,25.14,90.93,0.24,2.98,20.8,97.45,3.3
6/19/2021,25.13,89.08,0.16,2.8,22.79,97.55,3.83
6/20/2021,24.68,88,0.11,2.72,23.66,97.52,3.78
6/21/2021,25.05,89.57,0.5,2.58,22.79,97.47,4.07
6/22/2021,24.96,91.63,6.57,3.1,17.46,97.42,2.29
6/23/2021,24.68,87.13,2.74,2.87,18.02,97.48,4.6
6/24/2021,24.85,90.34,10.78,3.15,19.38,97.47,2.89
6/25/2021,25.11,89.36,2.08,3.51,21.4,97.4,3.88
6/26/2021,24.56,88.25,2.64,3.9,15.61,97.37,3.46
6/27/2021,24.68,88.67,3.47,3.48,18,97.44,3.32
6/28/2021,24.75,86.04,2.17,2.8,20.78,97.41,5.18
6/29/2021,24.76,89.9,2.23,2.52,19.32,97.34,3.79
6/30/2021,25.27,90.36,2.3,2.57,19.28,97.33,3.75
7/1/2021,24.65,91.2,15.4,3.53,15.7,97.36,2.17
7/2/2021,24.93,87.28,1.99,3.43,20.04,97.38,5.11
7/3/2021,25.18,91.63,3.07,3.17,17.97,97.29,2.06
7/4/2021,24.71,92.87,3.89,2.92,14.38,97.3,1.52
7/5/2021,25.06,90.13,6.03,2.29,20.29,97.23,3
7/6/2021,24.79,90.45,5.29,2.23,17.29,97.15,2.95
7/7/2021,24.74,89.94,3.86,3.21,19.08,97.18,3.32
7/8/2021,25.11,91.22,9.69,3.37,20.13,97.26,2.21
7/9/2021,24.92,90.96,25.68,4.28,9.25,97.19,2.51
7/10/2021,24.09,93.52,18.93,5.04,14.99,97.17,0.86
7/11/2021,24.64,89.06,4.51,4.28,14.64,97.22,3.64
7/12/2021,24.75,89.2,2.29,4.58,16.19,97.17,4.31
7/13/2021,24.32,87.99,1.12,4.06,19.64,97.17,3.63
7/14/2021,24.54,88.72,0.54,3.82,19.11,97.17,4.48
7/15/2021,25.02,86.93,1.04,2.87,14.95,97.2,5.67
7/16/2021,24.68,89.65,0.83,2.61,16.96,97.33,4.31
7/17/2021,25.33,87.8,4.14,2.69,17.88,97.32,4.35
7/18/2021,24.77,90.56,6.73,4.08,16.43,97.3,2.44
7/19/2021,24.92,89.41,1.4,3.96,21.93,97.39,3.38
7/20/2021,25.03,89.48,0.28,3.98,21.78,97.49,3.42
7/21/2021,25.2,88.11,0.67,4.66,19.1,97.46,4.19
7/22/2021,25.01,91.7,3.89,4.53,15.86,97.34,2.08
7/23/2021,24.89,91.39,11.2,4.47,14.16,97.33,2.6
7/24/2021,24.37,88.67,8.48,3.9,12.02,97.41,3.5
7/25/2021,24.42,90.72,11.99,3.59,16.1,97.47,2.58
7/26/2021,24.75,88.77,7.28,4.05,12.06,97.5,3.96
7/27/2021,25.2,90.03,7.94,3.7,19.03,97.4,3.8
7/28/2021,24.85,90.16,4.7,3.76,20,97.43,2.91
7/29/2021,25.06,87.27,1.03,3.62,22.25,97.41,5.11
7/30/2021,25.26,87.91,0.28,3.57,22.4,97.51,4.83
7/31/2021,24.92,88.94,0.27,3.5,22.63,97.53,3.68
8/1/2021,24.74,90.56,0.35,3.41,20.07,97.44,2.87
8/2/2021,24.96,87.5,0.4,4.07,19.6,97.52,4.96
8/3/2021,24.51,86.01,0.11,3.55,18.37,97.65,4.44
8/4/2021,25.14,88.24,1.27,4.04,17.52,97.63,4.67
8/5/2021,24.89,89.37,3.4,4.15,17.65,97.55,3.72
8/6/2021,25.04,89.67,3.8,4.08,16.52,97.46,3.73
8/7/2021,25.06,90.33,9.25,3.83,12.34,97.45,3.29
8/8/2021,24.44,89.95,8.31,3.35,11.48,97.51,3.39
8/9/2021,24.33,90.52,18.96,3.52,18.08,97.53,3.09
8/10/2021,24.15,89.79,3.21,3.22,18.16,97.46,2.52
8/11/2021,24.28,90.64,11.71,4.09,17.49,97.43,2.63
8/12/2021,24.5,89.79,13.44,4.05,13.54,97.46,3.03
8/13/2021,24.46,89.39,3.13,3.27,16.49,97.35,3.39
8/14/2021,24.44,87.91,1.27,3.84,16.36,97.23,3.89
8/15/2021,24.49,89.06,0.62,3.52,15.75,97.31,3.17
8/16/2021,24.32,88.37,4.35,3.03,17.87,97.44,3.77
8/17/2021,24.36,90.73,2.6,3.24,18.59,97.53,3.53
8/18/2021,23.72,86.52,2.76,3.65,19.59,97.53,3.83
8/19/2021,24.52,86.62,0.75,2.91,22.21,97.34,5.49
8/20/2021,25.17,88.21,3.18,2.63,21.18,97.28,4.9
8/21/2021,24.74,90.33,12.38,1.94,13.17,97.39,2.66
8/22/2021,24.42,91.73,6.79,1.36,12.9,97.42,1.82
8/23/2021,24.21,90.11,2.37,1.7,22.37,97.43,3.2
8/24/2021,24.19,89.39,2.29,2.02,21.15,97.46,3.74
8/25/2021,24.48,90.9,8.54,2.79,15.62,97.38,2.9
8/26/2021,24.77,89.72,10.88,3.95,16.12,97.27,3.17
8/27/2021,25.15,89.12,7.82,4.24,14.14,97.18,3.36
8/28/2021,24.79,89.38,8.77,4.7,16.09,97.12,3.51
8/29/2021,24.25,88.32,16.88,4.62,14.95,97.15,3.14
8/30/2021,24.49,89.07,3.63,3.46,15.17,97.21,3.38
8/31/2021,25.1,89.56,0.97,2.99,20.32,97.26,4.02
9/1/2021,25.14,88.65,5.81,3.24,17.32,97.36,4.25
9/2/2021,24.67,90.43,7.22,3.16,10.71,97.38,2.42
9/3/2021,24.56,89.9,4.14,2.99,14.8,97.35,3.31
9/4/2021,24.78,89.33,5.36,3.79,12.36,97.39,3.72
9/5/2021,25.3,88.57,8.22,4.19,15.79,97.38,3.94
9/6/2021,24.95,91.78,7.15,3.39,17.22,97.39,1.74
9/7/2021,24.84,90.64,4.34,3.25,19.9,97.42,2.69
9/8/2021,24.49,90.41,3.97,2.89,18.91,97.47,2.91
9/9/2021,24.83,89.02,1.14,2.87,21.25,97.51,4.14
9/10/2021,25.08,88.92,3.12,3.26,19.26,97.47,4.36
9/11/2021,24.94,88.55,1.76,3.61,20.52,97.44,4.06
9/12/2021,24.79,87.16,1.41,4.07,20.69,97.39,4.82
9/13/2021,25.11,87.64,3.25,4.17,16.42,97.32,4.63
9/14/2021,25.27,89.52,3.39,3.11,18.99,97.35,3.6
9/15/2021,25.49,90.99,4.33,3.11,18.68,97.4,3.03
9/16/2021,24.88,89.63,6.1,2.93,14.99,97.37,3.27
9/17/2021,24.81,90.64,5.35,2.55,17.63,97.27,2.82
9/18/2021,25.14,88.03,11.2,2.89,19.81,97.35,4.27
9/19/2021,25.33,89.49,3.92,2.3,20.48,97.42,3.84
9/20/2021,25.46,90.14,8.43,2.36,15.98,97.42,3.29
9/21/2021,25.04,90.38,6.53,2.63,14.59,97.38,3.24
9/22/2021,25.47,89.72,5.51,2.44,22.1,97.21,3.77
9/23/2021,25.21,88.64,9.91,3.11,20.07,97.27,3.33
9/24/2021,25.28,89.3,17.66,2.64,15.46,97.3,3.1
9/25/2021,25.04,87.4,4.59,3.32,18.58,97.29,4.15
9/26/2021,24.72,89.44,14.91,4.38,9.29,97.18,2.8
9/27/2021,23.81,89.55,10.39,5.77,18.95,97.18,2.1
9/28/2021,24.27,87.8,8.79,4.76,12.26,97.3,3.69
9/29/2021,24.76,87.75,1.05,3.41,20.4,97.28,3.82
9/30/2021,24.87,87.81,5.67,2.4,14.7,97.36,4.18
10/1/2021,23.61,90.91,40.41,1.75,6.07,97.31,1.37
10/2/2021,24.26,89.52,11.57,1.82,19.19,97.25,3.48
10/3/2021,24.68,90.01,3.44,2.08,19.07,97.25,3.7
10/4/2021,24.82,92.9,12.76,1.99,11.82,97.24,1.75
10/5/2021,24.31,93.65,28.02,3.14,5.96,97.27,1.21
10/6/2021,24.63,90.1,12.51,3.22,17.7,97.26,3.28
10/7/2021,24.98,90.06,0.56,2.75,20.24,97.3,3.67
10/8/2021,24.94,89.53,0.52,2.97,19.36,97.4,3.88
10/9/2021,25.02,88.6,1.06,3.08,18.97,97.48,4.69
10/10/2021,24.93,91.5,8.71,3.52,17.49,97.39,1.85
10/11/2021,24.61,91.29,17.67,3.55,12.5,97.32,1.96
10/12/2021,24.78,87.59,5.54,4.05,15.65,97.28,4.53
10/13/2021,24.94,88.32,1,3.7,19.85,97.22,4.2
10/14/2021,25.19,90.19,1.06,3.58,19.12,97.18,3.38
10/15/2021,25.33,90.85,1.5,3.41,18.98,96.99,2.92
10/16/2021,25.37,90.86,4.05,3.87,14.89,97.06,3.11
10/17/2021,24.8,91.78,3.51,4.15,17.12,97.19,1.91
10/18/2021,25.27,90.26,3.17,4.03,19.31,97.33,3.08
10/19/2021,24.89,88.07,6.77,2.21,18.94,97.51,3.57
10/20/2021,25.08,88.01,10.58,1.15,14.93,97.6,3.19
10/21/2021,25.21,88.6,13.53,1.35,19.56,97.61,3.41
10/22/2021,24.99,89.07,9.26,1.48,18.38,97.67,3.08
10/23/2021,24.19,89.29,8.54,1.94,20.67,97.79,2.86
10/24/2021,24.21,89.12,9.31,2.44,17.46,97.71,3.91
10/25/2021,24.54,89.08,9.26,1.71,16.77,97.48,3.03
10/26/2021,23.89,91.49,20.92,1.72,16.22,97.38,1.31
10/27/2021,24.3,88.31,15.16,1.27,15.18,97.41,2.98
10/28/2021,24.54,88.95,5.41,1.88,16.08,97.33,3.34
10/29/2021,24.08,91.7,17.2,1.49,13.3,97.41,1.92
10/30/2021,24.85,88.86,10.15,1.04,13.36,97.46,3.67
10/31/2021,25.04,93.66,34.84,1.42,17.57,97.25,0.99
11/1/2021,24.54,92.95,22.73,3.49,14.97,97.3,1.76
11/2/2021,24.71,87.52,15.12,1.2,19.7,97.43,4.06
11/3/2021,24.29,90.17,17.91,1.64,15.52,97.49,2.55
11/4/2021,24.06,91.16,25.07,2.13,13.45,97.51,2.23
11/5/2021,24.11,91.96,9.71,2.34,14.17,97.49,1.89
11/6/2021,24.14,92.35,13.21,2.62,12.73,97.37,1.63
11/7/2021,23.97,90.72,24.4,3.32,7.89,97.32,2.27
11/8/2021,23.49,91.29,20.53,3.84,7.27,97.32,1.54
11/9/2021,23.43,92.26,12.19,2.71,15.89,97.27,1.28
11/10/2021,24.26,91.16,4.88,3.53,15.71,97.15,2.43
11/11/2021,24.35,90.7,3.79,3.1,15.93,97.14,3.03
11/12/2021,24.55,88.8,5.34,3.9,13.36,97.28,3.53
11/13/2021,24.31,90.09,2.72,3.24,19.02,97.37,3.09
11/14/2021,24.75,90.72,5.4,3.44,13.27,97.4,3.25
11/15/2021,24.95,91.41,8.39,3.54,14,97.25,2.87
11/16/2021,24.26,92.99,8.69,2.77,14.2,97.21,1.6
11/17/2021,24.34,91.38,6.81,2.58,12.52,97.29,2.36
11/18/2021,24.19,90.03,2.56,2.74,16.63,97.16,3.09
11/19/2021,24.48,90.62,8.84,2.8,11.58,97.09,3.59
11/20/2021,23.95,87.69,3.44,2.75,22.55,97.21,4.44
11/21/2021,23.66,85.17,0.03,2.16,23.81,97.38,5.35
11/22/2021,24.11,84.8,0.18,1.78,22.64,97.34,5.12
11/23/2021,24.6,87.5,16.36,1.04,15.82,97.24,4.2
11/24/2021,24.38,90.65,58.59,1.08,11.56,97.24,1.07
11/25/2021,23.64,92.71,19.81,1.52,4.45,97.22,1.02
11/26/2021,24.12,93.72,4.21,1.29,18.51,97.29,1.28
11/27/2021,24.61,90.38,25.18,0.75,18.06,97.3,1.3
11/28/2021,23.57,93.86,15.25,1.18,14.96,97.39,0.89
11/29/2021,23.93,90.42,8.59,0.82,12.79,97.54,2.17
11/30/2021,24.71,86.41,12.1,0.82,15.24,97.51,3.26
12/1/2021,25.1,85.2,3.33,0.81,17.53,97.43,4.65
12/2/2021,25.03,89.53,6.03,0.98,19.29,97.42,3.44
12/3/2021,25.03,89.21,10,0.46,18.22,97.51,2.43
12/4/2021,25.17,90.07,12.11,1.28,15.21,97.56,3.35
12/5/2021,25.38,87.51,4.01,1,18.74,97.53,4.15
12/6/2021,24.9,90.25,12.04,0.53,16.17,97.47,2.4
12/7/2021,24.81,85.85,0.5,1.09,19.83,97.49,5.17
12/8/2021,24.69,87.66,3.27,1.26,20.34,97.46,5.15
12/9/2021,24.76,87.11,8.53,1.86,19.38,97.55,3.94
12/10/2021,24.09,88.46,1.96,2.18,19.48,97.56,3.32
12/11/2021,24.74,87.76,2.56,2.57,20.54,97.48,4.8
12/12/2021,24.38,89.27,10.21,2.32,15.26,97.44,2.95
12/13/2021,24.25,92.15,26.76,1.75,10.27,97.38,0.84
12/14/2021,23.84,92.37,12.33,1.69,15.34,97.36,0.77
12/15/2021,23.78,90.9,7.43,1.16,11.69,97.45,1.1
12/16/2021,24.21,88.25,3.81,1.02,18.5,97.54,2.88
12/17/2021,24.26,87.1,1.76,1.19,17.62,97.6,3.88
12/18/2021,24.47,85.72,19.51,1.19,17.72,97.54,5.04
12/19/2021,24.96,87.56,9.62,1.68,20.68,97.59,4.59
12/20/2021,24.55,86.8,0.34,1.64,21.14,97.64,5.25
12/21/2021,24.73,84.93,0.26,1.09,18.12,97.71,6.36
12/22/2021,25.08,86.13,2.12,0.78,19.74,97.63,5.77
12/23/2021,24.52,88.1,1.25,0.66,19.96,97.56,4.42
12/24/2021,23.99,82.81,0.47,0.76,21.46,97.6,6.92
12/25/2021,22.46,81.71,0,1.38,21.78,97.65,6.4
12/26/2021,22.34,82.16,0,1.56,22.3,97.76,6.51
12/27/2021,22.61,85.14,0,1.94,23.13,97.75,6.3
12/28/2021,22.76,84.55,0.01,1.9,23.17,97.65,6.79
12/29/2021,23.62,85.49,0.41,1.69,22.46,97.54,6.79
12/30/2021,24.28,87.52,0.92,1.76,20.31,97.61,6.4
12/31/2021,24.4,87.46,2.57,1.76,17.57,97.65,5.95
1/1/2022,24.95,86.67,5.03,1.7,19.99,97.64,5.52
1/2/2022,24.76,87.67,5,2.63,17.51,97.54,5.41
1/3/2022,24.83,89.14,26.19,2.53,13.32,97.5,4.6
1/4/2022,24.82,88.99,22.75,2.05,16.56,97.57,4.2
1/5/2022,25.15,87.74,17.18,0.88,15.73,97.57,5.11
1/6/2022,24.85,89.05,4.52,1.85,19.96,97.51,3.08
1/7/2022,24.81,87,2.64,1.54,21.1,97.57,5.9
1/8/2022,24.19,86.44,1.3,1.29,19.46,97.6,3.65
1/9/2022,24.23,86.73,4.83,1.43,16.71,97.49,3.78
1/10/2022,24.22,87.71,3.59,0.9,14.54,97.48,3.49
1/11/2022,24.94,86.83,1.3,1.13,17.55,97.44,6.51
1/12/2022,25.44,85.98,2.7,1.06,18.85,97.44,7.08
1/13/2022,24.84,90.98,4.3,1.06,20.26,97.45,2.68
1/14/2022,25.49,85.96,1.83,0.56,20.57,97.47,6.54
1/15/2022,25.49,84.86,1.3,0.64,20.41,97.48,7.35
1/16/2022,25.05,86.53,6.28,1.92,20.4,97.52,5.62
1/17/2022,24.68,86.2,6.54,2.14,20.48,97.65,5.99
1/18/2022,24.27,86.97,2.32,1.87,20.51,97.64,6.11
1/19/2022,24.08,85.38,0.44,2.15,19.06,97.5,4.93
1/20/2022,23.69,78.49,0.05,1.59,22.21,97.45,7.96
1/21/2022,23.45,76.01,0.04,0.97,23.7,97.54,8.07
1/22/2022,23.06,67.93,0,0.81,24.04,97.45,8.58
1/23/2022,23.25,76.42,0,0.71,21.41,97.45,8.84
1/24/2022,23.47,81.08,0.05,0.87,21.32,97.41,8.27
1/25/2022,22.94,83.14,0.06,0.77,20.49,97.39,7.33
1/26/2022,23.35,83.72,0.18,0.95,19.82,97.4,7.53
1/27/2022,22.73,83.28,0.18,1.42,21.44,97.38,5.53
1/28/2022,23.74,85.28,0.1,1.43,21.77,97.41,8.03
1/29/2022,24.72,88.16,0.57,1.28,22.86,97.49,6.14
1/30/2022,25.29,85.11,0.85,0.97,22.89,97.47,8.49
1/31/2022,24.93,88.11,6.97,1.53,19.59,97.4,5.41
2/1/2022,23.79,82.27,0.13,1.38,23.94,97.4,8.41
2/2/2022,22.74,82.54,0,0.95,22.03,97.48,8.65
2/3/2022,23.31,81.68,0.01,1.08,22.51,97.53,8.85
2/4/2022,24.03,80.63,0.01,0.82,23.55,97.41,9.57
2/5/2022,24.28,82.04,0.11,0.78,23.43,97.44,9.17
2/6/2022,23.86,79.14,0.03,1.3,21.87,97.58,8.85
2/7/2022,23.94,86.63,1.29,1.3,15.23,97.59,3.6
2/8/2022,23.97,80.69,0.19,1.2,17.75,97.49,5.28
2/9/2022,23.04,79.5,0.64,2.02,21.49,97.44,5.19
2/10/2022,24.2,87.05,5.38,0.8,15.11,97.4,4.8
2/11/2022,24.09,87.52,4.93,1.52,13.82,97.39,3.85
2/12/2022,24.05,89.09,22.78,1.11,15.02,97.35,2.96
2/13/2022,23.69,93.25,15.28,1.01,14.82,97.31,1.84
2/14/2022,23.76,88.86,4.6,1.94,17.04,97.31,2.89
2/15/2022,24.41,81.06,0.05,1.35,20.31,97.28,8.47
2/16/2022,24,79.25,0.01,1.52,21.93,97.12,8.49
2/17/2022,23.74,77.04,0.01,0.95,23.17,97.09,8.9
2/18/2022,24.11,82.73,1.66,0.89,21.11,97.26,8.19
2/19/2022,25.02,87.6,3.14,0.52,9.52,97.44,3.78
2/20/2022,24.66,90.02,3.3,0.82,21.49,97.42,3.09
2/21/2022,26.03,81.81,2.73,0.67,22.82,97.38,9.27
2/22/2022,25.43,82.41,3.41,0.61,21.13,97.48,8.51
2/23/2022,24.37,84.81,20.19,1.48,22.9,97.63,7.95
2/24/2022,24.8,86.41,24.34,1.68,18.9,97.67,6.52
2/25/2022,24.77,84.68,3.8,1.58,18.96,97.59,7.13
2/26/2022,25.06,85.94,6.39,1.9,19.46,97.56,6.5
2/27/2022,24.5,83.15,0.77,2.28,23.01,97.56,7.19
2/28/2022,24.22,81.48,0.07,1.73,23.41,97.54,9.23
3/1/2022,24.22,82.31,0.33,2.37,21.83,97.48,8.58
3/2/2022,23.63,87.14,2.33,2.25,14.88,97.39,3.87
3/3/2022,25.02,84.81,1.19,1.89,16.3,97.31,5.06
3/4/2022,24.59,87.99,1.95,1.81,17.04,97.38,4.78
3/5/2022,24.84,86.37,0.28,1.79,22.06,97.35,4.55
3/6/2022,25.44,83.26,0.36,0.95,22.28,97.33,8.11
3/7/2022,24.92,88.74,5.48,1.37,19.97,97.43,4.93
3/8/2022,25.32,85.99,9.12,1.13,18.73,97.41,6.69
3/9/2022,25.11,79.35,1.56,1.18,22.92,97.35,9.37
3/10/2022,25.13,80.92,1.63,0.75,22.72,97.35,9.16
3/11/2022,24.9,82.74,7.21,1.03,20.3,97.3,4.98
3/12/2022,25.03,84.05,7.29,0.93,18.03,97.22,6.2
3/13/2022,24.86,85.44,1.77,1.45,19.7,97.25,4.84
3/14/2022,25.22,83.8,0.79,0.94,20.76,97.3,5.49
3/15/2022,24.78,84.01,0.41,0.76,18.39,97.3,4.92
3/16/2022,24.85,86.19,0.5,1.53,14.23,97.23,5.19
3/17/2022,25.34,86.34,12.88,1.05,15.72,97.24,5.04
3/18/2022,25.1,84.94,5.29,1.46,18.77,97.27,5.72
3/19/2022,25.01,87.91,3.69,2.71,20.23,97.25,5.73
3/20/2022,25.23,87,1.33,3.1,21.23,97.25,6.98
3/21/2022,25.35,86.29,0.17,2.54,22.95,97.29,7.92
3/22/2022,25.59,84.75,0.09,2.03,22.21,97.28,7.95
3/23/2022,25.64,85.88,0.07,1.26,20.41,97.28,7.48
3/24/2022,25.33,84.91,0.13,1.83,20.69,97.27,7.69
3/25/2022,25.33,84.79,0.9,1.38,20.73,97.37,6.92
3/26/2022,25.17,87.16,3.22,1.46,21.46,97.54,4.65
3/27/2022,25.42,85.79,3.98,1.53,22.1,97.55,7.12
3/28/2022,25.63,87.11,2.63,1.7,21.92,97.54,7.07
3/29/2022,25.78,85.94,8.36,1.32,21.33,97.46,7
3/30/2022,25.21,88.75,19.45,1.46,19.76,97.45,4.97
3/31/2022,25.74,85.19,2.92,1.05,20.95,97.45,8.14
4/1/2022,25.59,87.18,5.63,1.78,21.06,97.49,7.04
4/2/2022,25.7,85.95,11.19,1.24,19.97,97.55,6.59
4/3/2022,25.64,85.79,5.73,1.21,20.66,97.45,6.41
4/4/2022,25.43,87.36,13.71,1.3,19.96,97.48,4.36
4/5/2022,25.26,88.1,47.1,1.31,18.02,97.65,4.83
4/6/2022,24.42,91.51,43.34,1.2,17.27,97.71,1.63
4/7/2022,26.29,81.59,10.82,0.36,21.81,97.53,6.56
4/8/2022,25.05,88.53,22.45,1.29,13.1,97.49,3.71
4/9/2022,24.63,87.78,4.86,1.93,16.08,97.41,4.61
4/10/2022,24.75,88.92,17.54,2.59,12.81,97.31,4.47
4/11/2022,25.05,89.3,11.74,2.12,16.81,97.22,4.03
4/12/2022,25.16,91.1,16.76,1.61,14.37,97.21,2.87
4/13/2022,24.66,92.41,13.05,1.39,14.22,97.25,1.96
4/14/2022,25.19,87.49,3.42,1.56,23.02,97.32,5.35
4/15/2022,25.56,87.6,4.65,1.33,22.73,97.3,6.1
4/16/2022,25.79,88.43,3.75,1.46,21.65,97.2,5.27
4/17/2022,25.81,88.71,6.41,1.53,20.42,97.27,3.88
4/18/2022,25.34,91.12,4.27,1.89,19.9,97.37,2.4
4/19/2022,25.46,91.25,5.7,2.25,17.44,97.47,2.39
4/20/2022,26.29,87.53,2.51,1.1,21.2,97.3,5.12
4/21/2022,25.95,89.88,4.48,1.37,20.04,97.27,3.55
4/22/2022,25.37,91.41,12.03,1.65,13.69,97.4,2.53
4/23/2022,25.34,87.23,4.83,1.2,20.96,97.42,4
4/24/2022,26.22,85.32,12.97,0.71,22.99,97.25,5.88
4/25/2022,26.13,85.88,14.27,0.51,18.05,97.25,3.49
4/26/2022,26.63,82.7,6.72,0.62,20.9,97.28,5.85
4/27/2022,26.88,83.13,14.23,0.63,20.99,97.22,5.98
4/28/2022,25.99,88.79,16.35,1.21,18.49,97.35,3.26
4/29/2022,25.76,89.17,6.75,1.17,19.74,97.38,2.9
4/30/2022,25.73,90.6,4.41,2.02,21.46,97.28,2.79
5/1/2022,25.04,91.91,14.55,3,9.25,97.25,1.63
5/2/2022,25.88,90.56,5.14,2.67,19.77,97.18,2.8
5/3/2022,26.41,90.02,2.77,1.71,15.54,97.22,2.9
5/4/2022,25.88,91.56,7.72,2.01,21.25,97.3,2.35
5/5/2022,25.7,92.1,16.45,2.47,16.55,97.27,1.66
5/6/2022,24.94,86.75,1.78,2.39,19.36,97.23,4.29
5/7/2022,25.87,88.72,1.41,2.48,19.76,97.11,4.73
5/8/2022,26.2,89.7,2.16,3.11,16.41,96.96,4.02
5/9/2022,25.97,91.98,10.84,3.94,16.72,96.98,1.84
5/10/2022,25.32,91.85,5.54,3.96,13.09,97.01,1.98
5/11/2022,25.23,91.07,2.14,4.37,17.58,97.13,2.2
5/12/2022,25.76,90.65,15.16,4.39,13.48,97.25,3.21
5/13/2022,25.46,90.71,8.4,4.61,9.13,97.24,2.77
5/14/2022,25.24,89.28,19.77,4.46,10.18,97.28,4.15
5/15/2022,25.2,90.18,11.62,3.94,17.5,97.35,3.18
5/16/2022,25.59,90.9,7.04,4.1,16.16,97.27,3.63
5/17/2022,25.66,91.99,12.49,4.54,14.38,97.19,2.99
5/18/2022,25.65,92.14,6.66,4.95,15.08,97.28,2.53
5/19/2022,25.27,92.32,6.1,4.23,19.05,97.43,2
5/20/2022,25.42,91.82,1.8,3.16,20.14,97.43,3.12
5/21/2022,25.34,90.92,1.29,3.38,19.51,97.37,3.2
5/22/2022,25.58,89.67,1.15,4.07,18.58,97.24,4.61
5/23/2022,25.63,89.96,2.63,3.7,17.28,97.15,4.13
5/24/2022,25.34,92.47,10.35,3.54,13.73,97.35,2.12
5/25/2022,25.07,91.52,4.89,2.55,19.75,97.44,2.58
5/26/2022,25.02,91.05,6.52,3.12,15.45,97.51,3.16
5/27/2022,25.19,89.14,5.62,3.6,18.73,97.47,4.65
5/28/2022,25.11,90.91,6.44,3.89,18.27,97.38,2.72
5/29/2022,24.89,92.15,9.68,3.57,13.26,97.38,2.01
5/30/2022,24.84,92.15,21,3.77,14.09,97.32,1.97
5/31/2022,24.24,90.93,14.62,4.59,3.87,97.27,2.49
6/1/2022,24.93,90.04,7.5,3.95,15.54,97.22,3.27
6/2/2022,25.15,90.27,5.97,4.1,15.46,97.2,3.4
6/3/2022,25.05,93.43,4.31,3.39,18.04,97.18,1.42
6/4/2022,24.97,91.88,1.95,3.06,18.02,97.23,2.26
6/5/2022,25.05,90.45,3.83,3.56,20.58,97.24,3.57
6/6/2022,25.12,90.19,6.14,3.58,17.63,97.27,3.48
6/7/2022,24.68,91.58,1.8,3.4,15.07,97.35,2.05
6/8/2022,24.94,90.45,1.69,3.38,20.66,97.32,3.29
6/9/2022,24.96,91.57,3.12,3.67,17.3,97.29,2.42
6/10/2022,25.27,89.1,3.52,3.92,23.16,97.33,4.09
6/11/2022,24.44,90.96,1.97,3.22,17.25,97.41,2.02
6/12/2022,24.58,88.87,1.71,2.86,17.45,97.38,3.68
6/13/2022,24.55,90.64,4.34,3.02,20.88,97.38,2.43
6/14/2022,25.34,89.27,1.88,2.73,17.9,97.31,2.79
6/15/2022,24.6,90.23,4.39,3.49,14.5,97.26,2.86
6/16/2022,24,93.15,12.53,2.53,10.31,97.29,1.31
6/17/2022,24.1,92.17,7.68,2.51,13.98,97.27,1.76
6/18/2022,24.41,92.23,7.24,2.62,17.4,97.31,1.66
6/19/2022,24.75,90.41,3.27,2.47,17.83,97.31,2.85
6/20/2022,24.79,92.26,5.03,2.58,19.65,97.22,1.96
6/21/2022,24.76,90.99,2.14,3.31,17.05,97.16,2.53
6/22/2022,24.82,89.69,1.81,3.31,16.35,97.31,3.41
6/23/2022,24.61,89.07,1.76,3.05,18.95,97.38,3.27
6/24/2022,25.21,89.52,2.97,3.69,13.99,97.32,3.07
6/25/2022,24.8,87.47,3.7,4.52,18.95,97.23,4.39
6/26/2022,24.95,88.49,2.41,3.82,20.65,97.21,3.36
6/27/2022,25.14,88.51,0.28,3.25,21.47,97.3,3.82
6/28/2022,24.89,89.18,0.43,3.82,20.97,97.24,3.25
6/29/2022,25.27,87.71,0.95,4.11,19.38,97.15,4.88
6/30/2022,24.98,89.66,1.81,4.45,14.31,97.13,3.01
7/1/2022,25.17,88.22,0.51,4.19,20.57,97.13,4.36
7/2/2022,25.31,88.58,2.13,4,18.23,97.07,4.2
7/3/2022,24.67,89.83,6.2,5.31,13.61,97.1,3.06
7/4/2022,24.28,89.03,1.99,4.32,18.12,97.13,3.08
7/5/2022,24.06,90.16,1.81,4.09,17.29,97.16,2.69
7/6/2022,24.45,87.74,0.53,4.08,18.91,97.29,4.96
7/7/2022,24,89.59,0.45,3.7,16.16,97.4,3.04
7/8/2022,24.29,87.6,0.25,3.89,19.74,97.33,4.34
7/9/2022,24.47,86.67,0.2,4.77,17.17,97.19,4.69
7/10/2022,24.18,88.36,3.86,3.79,15.04,97.3,2.58
7/11/2022,23.78,87.59,1.33,3.93,11.51,97.54,3.37
7/12/2022,24.28,87.93,0.12,4.05,20.96,97.45,5.02
7/13/2022,24.76,86.59,0.09,4.83,19.82,97.3,5.38
7/14/2022,24.94,85.97,1.07,4.63,18.51,97.19,5.53
7/15/2022,25.06,88.09,0.69,3.82,17.63,97.17,4.99
7/16/2022,25.23,88.94,0.98,3.58,18.11,97.23,4.64
7/17/2022,25.28,89.98,1.79,2.54,18.54,97.25,3.19
7/18/2022,24.88,90.33,2.84,3.21,18.94,97.25,2.74
7/19/2022,25.28,87.45,6.88,2.69,21.56,97.23,3.8
7/20/2022,24.45,91.41,4.98,3.28,16.69,97.24,2.01
7/21/2022,24.1,92.16,7.74,2.84,11.4,97.3,1.74
7/22/2022,24.32,89.72,7.5,3.87,13.62,97.31,3.52
7/23/2022,24.28,88.68,3.06,4.15,16.21,97.3,4.01
7/24/2022,24.61,86.89,0.51,3.57,15.26,97.22,5.53
7/25/2022,24.65,88.33,8.31,2.35,21.02,97.21,4.86
7/26/2022,24.82,89.32,12.93,1.45,19.63,97.23,2.51
7/27/2022,25.21,86.09,9.56,1.22,16.16,97.22,4.39
7/28/2022,24.59,87.93,11.59,1.41,10.33,97.27,1.54
7/29/2022,25.11,85.03,3.78,1.06,15.81,97.26,3.97
7/30/2022,24.14,90.03,16.98,1.67,16.85,97.27,2.66
7/31/2022,24.11,90.4,14.22,2.83,12.59,97.12,3.33
8/1/2022,23.84,92.9,27.39,5.36,5.06,97.09,1.14
8/2/2022,23.9,88.61,16.95,5.74,12.32,97.06,3.15
8/3/2022,24.31,89.34,10.13,5.62,13.23,97.13,3.03
8/4/2022,23.96,88.83,7,5.58,14.09,97.26,3.06
8/5/2022,24.33,89.5,3.85,5.03,15.04,97.31,3.11
8/6/2022,24.19,88.51,1.16,3.72,16.52,97.29,3.32
8/7/2022,23.74,91.3,0.94,3.71,17.35,97.25,2.58
8/8/2022,24.35,92.04,0.97,4.07,19.83,97.23,2.21
8/9/2022,24.39,90.15,0.29,3.65,21.39,97.22,3.19
8/10/2022,24.61,87.89,0,3.56,24.25,97.18,4.98
8/11/2022,24.65,87.76,0.01,3.56,25.43,97.22,4.44
8/12/2022,24.9,88.05,0.03,3.27,18.24,97.27,4.43
8/13/2022,25.24,85.82,0.14,2.99,21.2,97.24,5.58
8/14/2022,24.74,89.18,1.68,2.74,20.44,97.28,2.83
8/15/2022,24.83,89.61,1.43,1.72,20.97,97.39,3.64
8/16/2022,24.92,89.14,1.03,2.29,20.62,97.38,5.01
8/17/2022,24.55,89.7,1.53,2.31,20.42,97.46,3.33
8/18/2022,24.71,88.12,2.04,3.04,21.4,97.36,4.69
8/19/2022,24.93,87.74,2.22,3.56,18.96,97.35,5.41
8/20/2022,24.96,87.9,1.14,3.52,20.41,97.34,4.82
8/21/2022,24.8,88.36,2.46,3.81,19.85,97.34,4.61
8/22/2022,24.74,88.09,6.85,4.87,15.24,97.33,3.91
8/23/2022,24.66,87.73,3.44,4.7,18.3,97.33,4.92
8/24/2022,24.07,90.72,1.36,3.97,15.27,97.37,1.98
8/25/2022,24.47,87.82,1.41,3.58,19.36,97.22,4.03
8/26/2022,23.49,91.47,9.64,3.98,12.74,97.22,1.72
8/27/2022,23.37,88.12,3.98,4.13,17.44,97.25,3.84
8/28/2022,24.14,86.23,1.43,3.84,18.23,97.17,5.21
8/29/2022,24.46,87.18,1.42,3.27,17.9,97.21,4.55
8/30/2022,24.44,90.22,37.94,1.89,13.74,97.14,2.61
8/31/2022,22.97,92.59,36.27,3.77,7.03,97.2,1.08
9/1/2022,23.95,89.49,5.99,4.28,16.54,97.29,3.08
9/2/2022,24.19,89.53,4.13,3.24,19.62,97.41,3.17
9/3/2022,23.99,91.48,2.74,2.87,16.91,97.38,2.24
9/4/2022,24.4,92.26,4.33,3.26,15.8,97.33,1.84
9/5/2022,24.88,91.48,20.6,3.72,8.25,97.26,2.69
9/6/2022,24.29,90.57,6.68,4.27,14.68,97.34,2.94
9/7/2022,24.06,90.94,2.8,4.14,14.92,97.37,2.23
9/8/2022,24.15,88.58,0.38,3.28,16.55,97.4,3.22
9/9/2022,24.67,89.1,0.18,3.64,16.02,97.39,4.28
9/10/2022,24.81,88.44,0.33,3.74,20.29,97.42,5.02
9/11/2022,24.87,87.64,0.16,3.65,20.31,97.39,5.36
9/12/2022,24.57,87.96,0.1,3.09,20.39,97.35,5.14
9/13/2022,24.6,87.81,0.05,2.43,21.55,97.47,4.73
9/14/2022,24.64,86.99,0.06,2.66,22.05,97.66,5.63
9/15/2022,24.59,86.98,0.03,2.26,22.53,97.66,5.91
9/16/2022,24.66,87.2,0.04,2.52,23.56,97.47,5.97
9/17/2022,24.49,86.15,0.01,2.85,23.65,97.46,6.26
9/18/2022,24.95,86.39,0.05,2.93,21.01,97.48,5.65
9/19/2022,24.86,86.83,0.32,3.19,17.68,97.46,4.08
9/20/2022,25.3,84.97,0.15,3.62,20.12,97.44,5.39
9/21/2022,25,87.31,0.39,3,21.79,97.41,5.35
9/22/2022,25.01,86,0.31,3.24,22.16,97.43,5.67
9/23/2022,24.89,85.11,0.42,3.2,22.34,97.45,5.19
9/24/2022,24.67,85.62,0.61,2.91,23.82,97.37,4.89
9/25/2022,25.5,85.18,2.44,2.5,22.74,97.24,6.43
9/26/2022,25.01,87.94,2.4,2.39,19.53,97.33,4.29
9/27/2022,25.07,87.6,1.37,3.25,22.14,97.29,4.24
9/28/2022,24.72,86.34,2.22,3.82,18.5,97.27,4.64
9/29/2022,24.89,86.12,3.77,3.79,21.13,97.3,5.67
9/30/2022,24.53,88.1,5.14,4.54,17.4,97.42,3.7
10/1/2022,24.68,85.61,7.26,4.45,17.07,97.42,5.35
10/2/2022,24.21,88.99,6.63,4.81,15.37,97.32,3.23
10/3/2022,24.19,87.15,7.09,4.98,14.36,97.26,4.17
10/4/2022,24.59,87.75,2.61,3.92,15.78,97.22,3.72
10/5/2022,23.88,88.24,2.44,4.07,15.75,97.27,3.11
10/6/2022,24.63,86.35,0.88,3.86,18.08,97.24,5.09
10/7/2022,24.82,85.86,1.33,3.51,16.85,97.28,5.44
10/8/2022,24.5,86.74,1.14,2.42,18.88,97.29,4.34
10/9/2022,24.19,89.42,6.39,2.03,18.94,97.36,2.68
10/10/2022,24.41,89.64,3.85,1.66,17.94,97.48,3.81
10/11/2022,25.08,86.64,2,2.13,18.76,97.48,4.55
10/12/2022,24.84,89.18,4.88,2.6,12.31,97.43,2.91
10/13/2022,24.26,91.06,13.21,3.1,6.38,97.39,2.01
10/14/2022,24.02,91.72,30.92,3.39,8.99,97.37,1.76
10/15/2022,23.83,91.35,18.97,2.2,10.76,97.35,2.26
10/16/2022,24.54,88.73,17.61,2.72,16.29,97.51,4.14
10/17/2022,24.25,89.94,12.54,2.62,13.98,97.65,2.87
10/18/2022,24.31,87.97,8.14,3.76,12.16,97.59,3.96
10/19/2022,24.5,88.49,9.1,3.75,17.14,97.51,3.84
10/20/2022,24.45,88.03,10.2,4.08,13.92,97.5,3.81
10/21/2022,24.03,90.61,14.85,3.04,8.48,97.6,2.37
10/22/2022,24.04,89.44,21.67,2.15,10.36,97.64,3.11
10/23/2022,23.83,91.01,13.97,2.81,11.14,97.61,2.76
10/24/2022,23.89,92.08,9.72,2.67,12.91,97.55,1.84
10/25/2022,24.74,89.99,5.12,2.32,16.74,97.5,4.03
10/26/2022,25.24,88.45,10.92,1.12,16.16,97.52,4.58
10/27/2022,25.44,80.54,8.15,1.36,15.32,97.48,5.79
10/28/2022,25.29,76.82,0.04,1.31,22.3,97.38,6.58
10/29/2022,25.27,81.89,3.27,0.67,20.69,97.33,6.81
10/30/2022,25.34,85.44,7.53,1.13,19.57,97.32,4.52
10/31/2022,25.2,89,20.43,1.96,18.77,97.21,2.74
11/1/2022,24.2,94.52,14.26,3.04,11.71,97.32,0.64
11/2/2022,23.99,89.18,11.91,1.6,20.1,97.5,3.44
11/3/2022,24.18,88.59,7.32,1.58,14.41,97.48,4.19
11/4/2022,24.4,88.45,6.78,1.3,14.53,97.56,3.82
11/5/2022,23.46,91.28,41.13,1.34,11.98,97.67,2.3
11/6/2022,24.48,87.34,11.94,1.1,16.96,97.65,4.8
11/7/2022,24.54,87.16,5.72,1.28,18.02,97.57,3.99
11/8/2022,24.75,89.67,20.35,1.35,15.6,97.46,3.43
11/9/2022,24.75,87.11,4.77,1.37,14.66,97.44,3.66
11/10/2022,24.26,87.32,1.42,1.21,14.51,97.38,2.33
11/11/2022,23.9,87.7,4.69,1.98,18.13,97.4,3.92
11/12/2022,23.93,90.8,7,1.33,12.1,97.49,2.63
11/13/2022,23.89,89.71,34.07,0.55,15,97.51,1.51
11/14/2022,23.62,90.77,41.07,0.5,15.61,97.54,1.3
11/15/2022,23.71,87.38,12.38,1.19,15.53,97.57,2.14
11/16/2022,24.67,83.45,6.61,1.05,15.04,97.43,4.47
11/17/2022,23.78,83.49,1.98,1.94,20.89,97.39,4.71
11/18/2022,23.48,82.41,0.09,1.93,20.01,97.4,4.86
11/19/2022,23.4,88.78,0.09,2.03,17.68,97.36,2.34
11/20/2022,24.24,86.6,0.14,1.67,18.14,97.25,4.09
11/21/2022,23.41,86.25,0.13,2.31,19.27,97.36,5.24
11/22/2022,23.94,88.11,0.21,1.6,21.18,97.4,4.51
11/23/2022,23.58,88.15,0.03,1.99,20.45,97.48,2.92
11/24/2022,24.22,86.41,0.26,1.9,20.27,97.48,4.88
11/25/2022,24.6,82.17,0.3,0.98,19.58,97.53,6.19
11/26/2022,24.9,84.11,8.72,0.94,17.27,97.46,5.16
11/27/2022,25.44,80.99,9.14,0.83,17.63,97.33,4.97
11/28/2022,25.09,86.39,6.95,0.58,17.76,97.31,4.25
11/29/2022,24.99,83.75,4.06,0.89,19.15,97.38,5.86
11/30/2022,24.49,84.31,1.01,0.87,20.07,97.42,5.25
12/1/2022,24.68,84.53,0.96,1.24,17.48,97.41,5.18
12/2/2022,23.22,85.67,9.98,1.64,14.92,97.41,2.59
12/3/2022,23.93,82.12,13.39,1.11,15.22,97.38,4.9
12/4/2022,24.24,85.51,17.11,0.5,16.27,97.42,3.74
12/5/2022,24.47,85.74,4.15,0.94,16.69,97.5,4.18
12/6/2022,23.77,89.88,3.33,1.2,11.96,97.38,1.73
12/7/2022,22.21,90.06,0.56,3.33,11.36,97.25,1.71
12/8/2022,22.21,89.49,0.72,4.46,4.73,97.2,1.63
12/9/2022,22.43,89.41,5.17,3.44,10.55,97.21,1.95
12/10/2022,23.9,89.91,12.59,2.81,6.37,97.26,3.73
12/11/2022,24.07,90.66,4.32,2.55,15.67,97.43,2.87
12/12/2022,23.89,89.99,1.93,1.79,15.55,97.48,1.88
12/13/2022,24.22,86.14,0.52,1.48,19.08,97.54,6.03
12/14/2022,24.23,85.45,4.33,1.03,17.2,97.52,5.59
12/15/2022,24.44,83.32,2.69,0.87,18.91,97.39,6.09
12/16/2022,23.99,82.62,1.18,1.19,18.81,97.3,6.82
12/17/2022,23.41,87.89,3.39,1.86,15,97.31,3.77
12/18/2022,23.8,89.32,14.31,1.98,10.45,97.21,3.07
12/19/2022,23.44,91.25,8.55,1.65,11.66,97.11,1.18
12/20/2022,23.86,89.23,7.78,1.37,15.57,97.08,1.15
12/21/2022,23.73,90.93,19.04,2.25,13.91,97.02,1.37
12/22/2022,24.39,86.68,6.71,1.47,15.74,97.15,3.24
12/23/2022,24.93,87.47,8.8,2.16,19.16,97.17,5.3
12/24/2022,24.64,89.67,11.56,2.97,12.79,97.23,4.78
12/25/2022,24.04,95.09,28.16,3.65,3.51,97.19,0.55
12/26/2022,23.89,93.18,3.21,2.78,15.28,97.53,2.37
12/27/2022,23.36,90.17,0.59,1.52,19.62,97.74,3.64
12/28/2022,23.86,88.42,3.04,1.47,16.39,97.76,4.44
12/29/2022,23.03,88.35,0.24,2.44,20.13,97.87,4.48
12/30/2022,23.01,85.1,0.01,2.13,21.12,97.91,6.53
12/31/2022,22.47,84.11,0,1.86,19.18,97.89,5.44
1/1/2023,22.88,84.78,0.01,1.84,21.84,97.81,6.74
1/2/2023,22.58,85.17,0.01,1.91,20.22,97.77,5.67
1/3/2023,22.77,83.37,0.03,1.79,20.24,97.78,6.97
1/4/2023,23.37,83.87,0.31,2.01,18.95,97.65,6.72
1/5/2023,24.09,86.6,1.09,1.63,18.71,97.6,6.65
1/6/2023,23.8,89.78,6.37,1.81,16.42,97.69,2.11
1/7/2023,24.02,90.41,10.23,1.71,13.12,97.65,2.66
1/8/2023,24.2,87.8,4.2,2.67,16.64,97.58,5.39
1/9/2023,23.97,85.4,0.89,2.03,18.57,97.71,6.86
1/10/2023,23.21,82.96,0.07,2.22,20.86,97.68,7.38
1/11/2023,21.68,80.83,0,2.18,20.6,97.58,7.45
1/12/2023,21.49,78.89,0,1.53,21.55,97.53,7.87
1/13/2023,22.53,80.22,0,1.45,21.11,97.55,7.98
1/14/2023,23.59,81.66,0.23,1.1,19.01,97.54,5.51
1/15/2023,23.87,87.19,1.37,0.81,16.78,97.51,5.26
1/16/2023,24.29,88.66,14.98,1.35,15.04,97.51,5.19
1/17/2023,23.86,88.46,4.63,1.66,10.57,97.58,3.67
1/18/2023,23.04,84.83,0.84,2.6,15.58,97.65,6.52
1/19/2023,21.71,83.19,0,2.57,22.07,97.62,6.93
1/20/2023,21.76,81.11,0.72,2.12,22.23,97.6,7.81
1/21/2023,22.34,86.51,3.21,2.63,7.27,97.48,3.08
1/22/2023,22.8,89.13,16.43,2.68,13.24,97.45,2.33
1/23/2023,23.41,87.35,4.23,1.81,16.31,97.43,2.69
1/24/2023,23.21,84.61,7.78,1.62,12.11,97.5,4.64
1/25/2023,23.82,83.94,3.06,0.98,17.75,97.48,6.88
1/26/2023,23.96,84.56,4.59,1.3,18.87,97.46,5.41
1/27/2023,24.03,86.01,4.08,1,13.27,97.4,4.63
1/28/2023,23.4,82.44,1.13,1.74,21.75,97.35,7.23
1/29/2023,23.11,81.64,0.02,1.62,20.59,97.27,7.57
1/30/2023,23.15,87.11,4.45,1.72,15.53,97.29,4.54
1/31/2023,22.67,89.68,3.32,3.41,13.41,97.17,3
2/1/2023,23.52,88.73,1.44,3.51,15.96,97.16,4.07
2/2/2023,24.27,88.47,27.39,1.34,14.33,97.22,2.83
2/3/2023,23.9,91.1,26.75,2.4,11.67,97.26,1.82
2/4/2023,24.08,88.44,9.83,2.39,17.38,97.3,3.03
2/5/2023,24.6,85.63,2.74,1.55,17.94,97.29,5.51
2/6/2023,23.83,88.86,4.47,1.6,12.06,97.33,2.1
2/7/2023,24.46,87.17,2.44,1.49,16.58,97.38,3.35
2/8/2023,24.61,84.78,0.35,1.59,21.8,97.4,7.81
2/9/2023,24.55,82.62,1.78,1.19,23.07,97.49,8.37
2/10/2023,23.98,85.01,2.16,1.15,19.59,97.57,6.46
2/11/2023,23.79,80.6,2.64,1.19,18.91,97.61,7.41
2/12/2023,23.9,81.82,2.13,1.07,21.98,97.62,8.14
2/13/2023,23.79,81.33,0.43,1.09,23.49,97.59,8.78
2/14/2023,23.9,80.78,0.29,1.18,24.01,97.54,8.86
2/15/2023,22.65,78.01,0.06,1.71,24.67,97.43,9.08
2/16/2023,21.97,80.92,0,2.13,25.48,97.47,8.64
2/17/2023,23.13,83.71,0.02,2.15,24.39,97.5,8.36
2/18/2023,24.53,85.39,3.1,1.94,21.89,97.55,7.82
2/19/2023,24.47,88.97,23.97,2.06,14.17,97.58,4.21
2/20/2023,24.26,90.77,16.39,1.66,12.46,97.57,3.1
2/21/2023,24.2,87.32,2.88,1.51,21.54,97.61,3.88
2/22/2023,23.99,83.05,0.4,1.51,23.23,97.6,8.65
2/23/2023,23.59,81.22,0.49,1.7,23.23,97.6,8.91
2/24/2023,24.09,85.51,4.26,1.65,19.09,97.63,5.61
2/25/2023,24.91,82.43,3.36,1.08,18.5,97.74,6.92
2/26/2023,22.82,80.93,0.48,2.08,25.59,97.82,7.7
2/27/2023,23.15,83.4,2.53,2,21.18,97.76,8.12
2/28/2023,24.68,86.58,14.35,2.79,15.93,97.7,5.16
3/1/2023,24.11,86.87,5.6,2.4,14.95,97.75,3.76
3/2/2023,24.34,82.91,1.03,1.7,14.68,97.83,7.67
3/3/2023,24.36,82.83,0.35,2.3,18.9,97.86,7.91
3/4/2023,24.41,86.14,5.03,2.39,16.21,97.84,5.79
3/5/2023,24.28,86.82,1.6,2.44,20.67,97.77,4.97
3/6/2023,25.09,84.36,6.42,1.3,21.22,97.67,7.66
3/7/2023,24.93,85.11,4.31,1.9,22.37,97.61,7.15
3/8/2023,24.77,83.61,0.57,2.27,23.81,97.57,8.27
3/9/2023,25.21,82.99,0.49,2.15,22.64,97.53,7.83
3/10/2023,24.35,87.67,0.32,1.45,10.95,97.56,3.02
3/11/2023,24.91,86.55,5.51,1.43,13.23,97.53,5.09
3/12/2023,25.31,84.61,6.23,2.21,18.24,97.51,6.19
3/13/2023,24.89,87.39,10.31,1.48,21.01,97.44,4.14
3/14/2023,25.35,84.98,3.85,1.08,18.89,97.38,5.22
3/15/2023,24.96,87.92,3.38,1.31,18.73,97.37,4.11
3/16/2023,25.36,87.72,7.39,1.35,17.43,97.42,4.65
3/17/2023,24.44,85.34,0.78,1.47,24.15,97.42,3.98
3/18/2023,24.9,85.17,6.18,1.31,21.22,97.41,6.62
3/19/2023,25.03,89.15,9.78,1.63,20.44,97.37,3.78
3/20/2023,24.95,88.33,7.07,1.13,18.15,97.37,3.6
3/21/2023,25.89,84.24,2.83,0.7,22.64,97.31,7.01
3/22/2023,25.38,88.56,7.39,1.27,20.77,97.4,4.72
3/23/2023,25.35,85.93,7.48,1.1,17.24,97.43,5.11
3/24/2023,25.56,86.4,25.66,1.19,21.1,97.44,6.37
3/25/2023,25.86,83.78,0.92,0.95,23.55,97.48,7.13
3/26/2023,26.24,80.2,0.9,0.74,21.64,97.43,9.08
3/27/2023,26.27,81.3,2.02,0.67,22.62,97.4,8.25
3/28/2023,26.22,82.78,1.67,0.85,21.43,97.44,8.71
3/29/2023,26.27,82.52,2.64,0.71,22.29,97.51,9.15
3/30/2023,26.02,83.63,4.31,0.74,20.96,97.47,7.89
3/31/2023,26.39,82.65,2.86,0.78,23.65,97.41,8.69
4/1/2023,25.67,83.11,5.03,1.11,21.46,97.44,8.31
4/2/2023,25.58,86.36,8.12,1.25,19.7,97.41,5.76
4/3/2023,25.53,85.47,3.92,1.24,20.38,97.4,6.88
4/4/2023,24.93,86.77,11.41,1.22,15.32,97.48,5.09
4/5/2023,25.24,86.2,4.65,0.93,23,97.44,4.44
4/6/2023,25.82,84.21,3.05,0.99,20.07,97.46,7.39
4/7/2023,26.06,79.28,2.45,1.49,22.77,97.55,8.85
4/8/2023,25.21,83.93,8.34,1.77,15.53,97.72,7.86
4/9/2023,25.59,80.37,1.41,1.18,24.91,97.66,6.69
4/10/2023,25.79,82.19,0.93,1.52,20.35,97.51,7.3
4/11/2023,25.78,81.18,0.19,1.51,25.41,97.53,8.82
4/12/2023,25.62,82.22,0.13,1.39,23.71,97.53,7.47
4/13/2023,26.27,83.34,1.8,1.23,23.3,97.5,7.3
4/14/2023,26.32,82.44,2.46,0.88,19.79,97.53,5.3
4/15/2023,26.47,83.59,7.03,0.89,21.95,97.48,7.54
4/16/2023,25.93,84.93,8.87,0.8,21.21,97.36,4.36
4/17/2023,26.5,80.97,0.33,0.61,23.51,97.4,8.5
4/18/2023,26.77,80.56,0.15,0.8,23.36,97.47,9.1
4/19/2023,26.35,84.6,0.56,1.17,22.84,97.34,7.9
4/20/2023,26.12,85.82,0.93,1.58,20.9,97.2,7.19
4/21/2023,26.28,86.53,4.63,1.67,19.06,97.15,6.52
4/22/2023,26.27,86.09,3.9,1.42,17.75,97.16,6.3
4/23/2023,26.4,89.02,7.24,1,19.89,97.17,2.26
4/24/2023,26.19,90.4,5.78,0.92,17.06,97.28,2.27
4/25/2023,25.53,89.49,9.45,1.03,18.22,97.37,2.83
4/26/2023,26,79.42,20.94,0.71,16.07,97.34,5.24
4/27/2023,25.82,83.76,9.4,1.88,17.78,97.35,5.62
4/28/2023,25.72,87.35,13.12,1.93,16.17,97.39,5.62
4/29/2023,26.11,86.02,19.56,0.97,9.46,97.33,4.45
4/30/2023,26.59,83.12,6.83,1.32,19.85,97.26,7.33
5/1/2023,25.71,89.12,15.12,1.62,15.24,97.28,3.84
5/2/2023,26.02,87.14,7.08,1.69,16.5,97.39,4.52
5/3/2023,25.36,89.46,9.06,2.61,19.83,97.44,3.47
5/4/2023,24.59,91.82,29.25,2.42,19.76,97.35,1.62
5/5/2023,23.51,92.87,25.92,3.18,11.02,97.3,1
5/6/2023,24.39,90.47,4.3,2.64,15.87,97.29,2.23
5/7/2023,25.33,86.48,5.34,3.25,14.3,97.21,5.42
5/8/2023,25.4,87.98,5.2,2.75,13.26,97.19,4
5/9/2023,25.2,87.31,9.21,2.31,14.36,97.28,4.24
5/10/2023,24.66,89.64,5.65,2.47,13.2,97.26,2.28
5/11/2023,25.33,89.77,4.36,2.94,11.18,97.42,2.87
5/12/2023,25.81,89.34,6.43,3.6,16.85,97.49,3.43
5/13/2023,25.91,90.44,4.5,4.2,19.42,97.46,3.08
5/14/2023,26.3,89.34,3.34,4.04,6.37,97.37,3.59
5/15/2023,26.43,90.92,2.02,3.38,20.4,97.37,3.22
5/16/2023,26.59,90.7,2.04,1.7,20.98,97.46,3.23
5/17/2023,26.36,88.67,2.36,1.71,21.6,97.51,4.87
5/18/2023,26.12,87.29,5.36,1.88,21.58,97.61,5.34
5/19/2023,25.62,90.07,11.23,2.33,18.21,97.58,4.77
5/20/2023,25.49,91.87,8.66,2.21,14.1,97.51,2.62
5/21/2023,25.79,90.55,4.61,2.5,13.72,97.56,4.03
5/22/2023,25.87,88.49,1.38,2.22,21.96,97.63,5.09
5/23/2023,25.51,87.95,2.77,1.61,22.3,97.65,5.5
5/24/2023,25.55,88.78,0.72,1.85,24.73,97.64,6
5/25/2023,25.77,89.07,0.23,2.5,23.32,97.66,6.18
5/26/2023,26.19,88.88,0.61,3.09,21.63,97.62,6.09
5/27/2023,26.1,88.67,1.11,2.9,21.09,97.46,4.64
5/28/2023,26.6,87.91,1.01,2.6,19.97,97.33,4.92
5/29/2023,26.48,87.24,3.96,1.72,19.16,97.39,4.66
5/30/2023,25.9,92.03,13.93,2.08,19.57,97.45,2.47
5/31/2023,25.05,86.55,8.09,1.8,19.13,97.49,3.21
6/1/2023,25.6,88.62,15.22,3.26,16.69,97.45,4.83
6/2/2023,25.73,91.24,6.41,3.38,16.44,97.44,2.69
6/3/2023,25.67,89.03,2.43,3.33,18.98,97.45,4.26
6/4/2023,25.62,88.15,4.34,3.72,15.56,97.48,4.71
6/5/2023,25.74,88.77,8.34,3.79,15.67,97.43,3.96
6/6/2023,25.66,90.16,3.9,3.69,18.4,97.37,2.67
6/7/2023,25.73,87.67,4.13,4.64,16.76,97.39,4.95
6/8/2023,25.71,86.92,3.82,4.21,17.97,97.41,5.2
6/9/2023,25.96,88.3,2.44,4.01,18.94,97.31,4.8
6/10/2023,25.67,89.54,2.68,3.58,19.96,97.27,3.41
6/11/2023,25.7,90.4,3.7,3.56,13.05,97.25,3.42
6/12/2023,25.94,89.58,7.09,3.96,16.46,97.26,3.37
6/13/2023,25.53,92.12,11.35,3.82,14.07,97.33,2.33
6/14/2023,25.37,88.05,4.91,3.22,19.2,97.46,4.27
6/15/2023,25.66,91.03,0.85,2.85,18.94,97.35,3.47
6/16/2023,25.84,91.21,1.41,3.57,20.22,97.37,2.48
6/17/2023,25.25,89.53,0.89,3.73,15.3,97.42,3.18
6/18/2023,25.39,87.87,1.19,4.26,17.77,97.4,4.22
6/19/2023,25.53,89.25,0.66,3.35,18.24,97.29,4.35
6/20/2023,25.78,89.5,1.38,3.15,18.98,97.27,4.31
6/21/2023,25.82,89.38,3.1,3.15,16.16,97.33,3.52
6/22/2023,25.72,88.03,2.61,2.6,18.99,97.34,3.75
6/23/2023,25.61,87.27,2.64,3.45,18.64,97.35,4.46
6/24/2023,25.56,88.33,4.09,3.4,20.34,97.34,4.42
6/25/2023,25,91.09,6.51,4.07,13.48,97.32,2.16
6/26/2023,24.64,88.8,2.35,3.92,17.84,97.37,3.52
6/27/2023,24.82,88.94,4.6,3.67,17.56,97.43,3.91
6/28/2023,25.39,88.68,3.99,2.94,18.1,97.5,4.99
6/29/2023,24.98,91.78,9.47,3.25,16.43,97.55,2.41
6/30/2023,25.3,90.88,9.47,3.05,17.89,97.51,3.71
7/1/2023,25.09,92.38,4.49,2.76,16.05,97.52,1.89
7/2/2023,24.57,90.94,6.71,3.36,10.12,97.51,2.3
7/3/2023,24.36,88.9,3.71,4.38,14.5,97.47,3.54
7/4/2023,24.51,90.08,8.86,4.5,12.23,97.37,2.7
7/5/2023,24.29,91,10.23,4.26,12.39,97.3,2.31
7/6/2023,24.47,90.47,2.32,3.61,15.89,97.38,2.9
7/7/2023,24.6,89.95,5.15,3.12,15.42,97.51,3.54
7/8/2023,24.85,88.24,2.23,3.05,19.76,97.53,4.58
7/9/2023,25.6,86.6,1.02,2.03,20.45,97.36,5.28
7/10/2023,25.23,88.83,2.59,2.93,16.37,97.34,4.51
7/11/2023,25.37,89.11,0.52,2.83,19,97.37,3.9
7/12/2023,25.49,89.37,1.37,2.76,22.16,97.39,5.24
7/13/2023,25.54,88.79,3.71,3.31,18.91,97.46,5.25
7/14/2023,25.03,88.01,1.97,3.43,20.45,97.53,4.91
7/15/2023,25.32,88.49,4.02,3.09,17.64,97.49,4.68
7/16/2023,25.55,90.65,3.18,3.33,19.78,97.42,3.3
7/17/2023,25.55,90.92,1.66,3.58,18.1,97.41,2.97
7/18/2023,25.37,90.16,2.67,4.23,17.79,97.44,3.2
7/19/2023,25.39,88.67,3.1,4.4,18.75,97.39,3.73
7/20/2023,25.22,89.64,2.73,4.21,19.56,97.31,3.53
7/21/2023,25.34,87.49,0.66,4.02,23.49,97.41,4.57
7/22/2023,25.26,86.57,0.11,3.96,20.74,97.49,4.66
7/23/2023,25.51,86.28,2.33,4.12,20.53,97.47,6.3
7/24/2023,24.92,90.1,3.57,3.85,15.77,97.41,3.07
7/25/2023,25.08,89.45,3.68,3.5,11.16,97.47,3.81
7/26/2023,25.19,89.37,3.25,2.98,16.37,97.59,3.54
7/27/2023,25.04,89.91,0.32,3.03,19.49,97.6,3.25
7/28/2023,25.66,86.48,0.07,3.76,20.4,97.5,6.29
7/29/2023,25.55,86.83,0.16,3.96,20.72,97.47,5.51
7/30/2023,25.64,86.29,0.76,4.03,21.09,97.41,6.37
7/31/2023,25.66,88.39,1.31,4.15,18.73,97.41,4.68
8/1/2023,25.59,89.3,0.09,4.34,18.88,97.4,3.75
8/2/2023,25.46,87.73,0.08,3.69,19.7,97.56,4.81
8/3/2023,25.7,87.9,0.32,3.72,18.48,97.54,5.27
8/4/2023,25.59,88.04,0.35,3.46,20.45,97.63,4.75
8/5/2023,25.85,86.28,0.19,3.06,19.39,97.67,5.65
8/6/2023,25.98,83.99,3.05,3.46,20.81,97.58,5.84
8/7/2023,25.89,86.59,1.18,3.53,20.58,97.43,5.61
8/8/2023,25.34,89.59,1.01,3.69,19.25,97.48,3.47
8/9/2023,25.17,88.65,3.03,2.59,19.81,97.58,3.03
8/10/2023,25.1,89.64,3.64,2.44,20.07,97.59,2.76
8/11/2023,25.49,86.95,9.27,2.98,20.74,97.55,5.09
8/12/2023,25.41,86.03,2.93,4,19.77,97.56,5.64
8/13/2023,25.81,81.06,3.94,3.56,19.84,97.52,6.6
8/14/2023,25.95,82.41,0.88,3.5,20.83,97.53,6.72
8/15/2023,25.19,83.92,0.23,3.24,22.33,97.59,6.56
8/16/2023,25.16,85.6,0.51,3.01,21.29,97.61,5.97
8/17/2023,25.32,85.72,2.57,3.38,23.1,97.58,5.74
8/18/2023,25.41,86.07,3.71,3.76,18.91,97.51,5.75
8/19/2023,25.39,85.78,0.38,3.66,22.03,97.42,5.44
8/20/2023,25.48,84.32,0.19,3.03,23.44,97.32,5.86
8/21/2023,26.1,84.94,0.14,2.7,22.92,97.27,6.78
8/22/2023,26.07,85.75,1.21,2.58,21.14,97.35,6.19
8/23/2023,25.85,86.5,4.67,2.72,22.16,97.4,5.2
8/24/2023,25.77,85.51,2.71,2.78,24.15,97.41,6.11
8/25/2023,25.69,85.06,0.38,2.49,22.69,97.42,5.97
8/26/2023,25.55,87.76,0.48,2.18,21.95,97.5,3.99
8/27/2023,25.76,86.86,2.18,2.76,21.77,97.55,5.14
8/28/2023,26.02,85.9,4.23,3.39,20.33,97.49,4.88
8/29/2023,25.49,87.61,9.9,3.84,12.74,97.43,3.42
8/30/2023,24.75,89.96,14.45,2.97,12.93,97.44,2.5
8/31/2023,24.97,86.76,18.78,3.15,11.72,97.47,4.35
9/1/2023,24.88,89.76,22.57,3.05,12.64,97.51,2.95
9/2/2023,25.06,90.89,33.22,3.97,10.44,97.49,2.41
9/3/2023,24.69,90.63,22.09,4.08,9.2,97.42,2.16
9/4/2023,24.94,86.16,19.08,4.55,13.57,97.3,4.68
9/5/2023,25.18,89.31,12.81,3.91,13.63,97.34,2.76
9/6/2023,25.14,90.03,16.86,3.56,7.42,97.45,2.15
9/7/2023,24.69,89.98,17.72,3.06,9.27,97.53,2.44
9/8/2023,24.83,88.75,4.84,3.26,19.77,97.6,3.88
9/9/2023,25.32,87.87,3.71,3.35,19.26,97.49,4.56
9/10/2023,25.37,88.6,8.38,3.74,16.95,97.44,4.54
9/11/2023,24.39,86.98,9.94,3.72,12.78,97.5,3.97
9/12/2023,24.62,89.49,4.54,3.15,19,97.51,2.3
9/13/2023,25,89.21,8.94,3.46,16.39,97.47,3.14
9/14/2023,24.52,91.44,21.53,3.11,10.45,97.56,1.84
9/15/2023,24.89,86.25,13.59,2.85,14.36,97.59,5.01
9/16/2023,25.25,87.04,0.8,2.42,21.01,97.54,5.43
9/17/2023,25,90.17,18.48,2.39,16.92,97.42,2.61
9/18/2023,24.67,89.71,18.91,2.59,9.91,97.43,3.02
9/19/2023,24.58,90.01,33.09,2.64,14.16,97.56,3.06
9/20/2023,24.77,88.45,11.45,2.41,19.29,97.55,3.18
9/21/2023,24.32,89.87,3.8,2.34,20.95,97.55,2.55
9/22/2023,24.77,90.33,10.98,2.69,17.4,97.57,3.69
9/23/2023,25.23,90.77,6.75,2.77,17.54,97.56,2.67
9/24/2023,24.97,89.55,5.13,2.68,19.25,97.55,3.2
9/25/2023,25.34,89.38,8.8,2.96,19.11,97.42,2.73
9/26/2023,25.07,91.65,12.17,3.43,9.46,97.42,1.64
9/27/2023,24.49,91.4,40.53,3.41,7.98,97.48,2.19
9/28/2023,24.36,90.38,22.27,3.37,7.72,97.53,2.18
9/29/2023,25.01,89.99,32.49,3.04,12.14,97.58,2.88
9/30/2023,24.6,90.99,9.02,2.55,16.36,97.62,2.01
10/1/2023,24.33,91.49,48.12,2.5,13.69,97.63,1.85
10/2/2023,24.43,92.09,67.52,2.8,9.09,97.68,1.24
10/3/2023,24.83,92.01,23.89,2.78,10.8,97.65,1.7
10/4/2023,24.5,91.25,16,2.83,11.05,97.65,2.01
10/5/2023,24.6,91.89,13.95,3.05,13.98,97.56,1.8
10/6/2023,24.84,91.88,31.33,3.3,13.56,97.5,1.82
10/7/2023,25.05,91.55,14.11,2.58,12.36,97.47,2.16
10/8/2023,24.87,92.95,12.76,1.78,18.64,97.59,1.31
10/9/2023,25.28,91.2,5.89,1.58,18.08,97.68,2.27
10/10/2023,25.1,91.58,27.18,1.45,16.89,97.67,1.56
10/11/2023,24.68,92.65,23.85,2.11,12.01,97.65,1.25
10/12/2023,24.11,91.37,9.22,2.03,13.22,97.7,2.08
10/13/2023,24.68,88.93,13.33,1.6,16.44,97.75,2.81
10/14/2023,24.72,89.78,14.33,1.22,18.64,97.74,2.25
10/15/2023,24.52,91.21,18.24,1.95,12.52,97.63,2.39
10/16/2023,24.55,91.74,6.32,1.52,19.89,97.6,1.78
10/17/2023,24.74,90.46,17.84,1.68,13.99,97.6,2.11
10/18/2023,23.78,96.32,33.1,2.11,7.31,97.68,0.31
10/19/2023,23.55,94.15,24.82,1.54,10.08,97.74,0.63
10/20/2023,24.42,90.33,26.83,1.44,16.13,97.67,2.21
10/21/2023,24.16,92.77,11.73,1.34,13.78,97.7,0.84
10/22/2023,24.4,93.07,61.08,1.72,13.85,97.67,0.96
10/23/2023,23.73,92.99,58.44,1.18,14.97,97.71,0.68
10/24/2023,24.82,88.77,9.84,1.23,19.21,97.65,2.1
10/25/2023,24.95,88.97,5.49,0.84,18.08,97.71,2.2
10/26/2023,25.41,86.37,3.68,0.89,20.95,97.68,3.29
10/27/2023,25.24,88.26,5.16,1.31,20.12,97.57,3.07
10/28/2023,24.79,91.15,20.44,1.36,18.94,97.56,1.61
10/29/2023,23.74,92.5,17.5,1.3,17.83,97.61,1.04
10/30/2023,25.02,86.09,10.85,0.71,17.25,97.52,3.68
10/31/2023,25.04,89.17,25.22,1.1,18.15,97.56,2.76
11/1/2023,24.98,85.72,12.15,0.89,15.5,97.61,3.4
11/2/2023,25.03,88.7,10.23,0.77,16.97,97.49,3
11/3/2023,24.06,93.78,13.53,1.36,11.42,97.49,0.75
11/4/2023,24.8,92.39,17.24,1.28,16.22,97.45,1.25
11/5/2023,24.97,89.82,12.88,0.94,18.42,97.6,1.88
11/6/2023,25.07,89.15,16.74,0.95,16.92,97.63,1.95
11/7/2023,25.21,87.06,14.16,0.84,15.69,97.58,1.89
11/8/2023,24.54,91.83,16.48,1.44,18.4,97.58,1.2
11/9/2023,24.24,88.13,28.46,0.82,17.18,97.67,1.45
11/10/2023,25.21,87.29,31.06,0.78,19.29,97.71,2.84
11/11/2023,25.25,92,8.6,0.87,18.13,97.68,1.31
11/12/2023,25.6,87.89,25.48,0.67,13.61,97.62,2.53
11/13/2023,25.01,88.27,19.03,0.86,13.71,97.59,2.05
11/14/2023,24.55,95.18,9.72,1.77,14.16,97.42,0.36
11/15/2023,24.88,92.57,5.21,1.85,16.86,97.55,1.62
11/16/2023,24.93,90.59,8.54,0.99,19.55,97.64,1.04
11/17/2023,25.08,93.06,10.52,1,15.64,97.6,0.99
11/18/2023,25.14,91.91,20.22,1.16,16.54,97.59,1.18
11/19/2023,24.94,87.22,16.47,0.59,12.9,97.65,1.99
11/20/2023,25.24,88.15,6.39,0.88,18.59,97.58,3.41
11/21/2023,25.28,90.95,10.86,1.3,15.68,97.56,2.43
11/22/2023,24.83,90.11,33.95,0.83,14.12,97.54,2.01
11/23/2023,25.56,84.8,8.83,0.38,16.66,97.43,3.64
11/24/2023,25.32,87.57,10.84,0.78,18.6,97.43,3.87
11/25/2023,25.23,87.58,3.75,1.2,18.35,97.47,3.66
11/26/2023,25,87.15,1.57,1.71,19.26,97.53,3.94
11/27/2023,25.02,89.92,10.63,1.83,17.06,97.44,2.75
11/28/2023,25.14,88.66,15.05,1.34,12.9,97.33,2.47
11/29/2023,24.74,87.61,16.5,1.1,16.74,97.34,0.98
11/30/2023,24.31,90.3,12.12,1.57,17.39,97.43,1.04
12/1/2023,24.19,90.43,5.71,1.74,13.82,97.34,1.32
12/2/2023,24.24,94.71,6.92,2.68,12.51,97.28,0.56
12/3/2023,25.02,92,18.94,2.87,13.51,97.35,1.91
12/4/2023,24.5,94.96,11.7,2.62,4.97,97.38,0.68
12/5/2023,25.17,93.85,12.51,2.04,14.24,97.37,1.56
12/6/2023,24.86,93.13,8.18,1.37,14.2,97.51,1.62
12/7/2023,25.08,90.34,5.36,0.9,17.09,97.52,2.73
12/8/2023,25.29,91.38,15.42,1.32,13.67,97.55,2.67
12/9/2023,25.69,88.63,22.17,0.63,16.13,97.55,2.76
12/10/2023,25.38,87.92,14.46,0.73,14.28,97.49,2.93
12/11/2023,25.43,88.99,7.54,0.87,17.86,97.48,2.99
12/12/2023,24.77,91.62,26.18,0.78,13.31,97.39,0.7
12/13/2023,25.02,90.43,4.21,1.58,19.85,97.37,0.95
12/14/2023,24.86,91.95,11.4,1.6,12.99,97.45,0.85
12/15/2023,24.57,95.18,52.12,1.29,11.74,97.47,0.45
12/16/2023,24.58,92.4,20.31,1.22,10.49,97.48,1.24
12/17/2023,24.63,93.98,8.52,2.22,17.24,97.46,1.33
12/18/2023,24.51,90.76,39.07,1.37,16.04,97.59,1.53
12/19/2023,24.82,89.64,8.93,1.97,15.99,97.54,2.75
12/20/2023,24.65,92.46,6.94,2.21,15.06,97.53,0.89
12/21/2023,24.62,90.98,2.61,1.88,19.14,97.58,1.71
12/22/2023,24.74,90.27,1.11,1.99,18.14,97.58,2.19
12/23/2023,24.35,85.35,0.09,1.84,20.5,97.66,4.43
12/24/2023,24.57,87.42,0.23,1.89,18.3,97.72,4.72
12/25/2023,24.2,89.29,1.18,2.34,19.81,97.64,3.15
12/26/2023,24.77,87.91,4.22,2.35,19.42,97.58,4.42
12/27/2023,25.73,89.7,24.85,2.33,16.65,97.51,3.48
12/28/2023,25.26,95.25,38.4,2.78,11.3,97.52,0.48
12/29/2023,24.83,94.37,22.61,2.23,10.52,97.6,0.82
12/30/2023,24.85,90.93,11.17,2.38,16.63,97.56,1.7
12/31/2023,25.03,90.03,17.92,2.54,15.99,97.56,3.07
1/1/2024,24.53,93.39,48.9,1.34,8.83,97.6,0.71
1/2/2024,24.72,90.4,8.15,0.9,14.62,97.59,1.1
1/3/2024,25.43,88.66,1.93,0.8,19.48,97.51,3.57
1/4/2024,25.59,88.24,6.29,0.76,18.77,97.53,4.11
1/5/2024,26.02,88.31,14.17,0.4,19.59,97.5,4.47
1/6/2024,24.39,94.71,9.57,1.36,17.66,97.53,0.96
1/7/2024,24.19,89.82,27.37,0.87,16.67,97.55,1.23
1/8/2024,24.28,89.33,45.44,1.22,6.72,97.58,1.46
1/9/2024,24.15,92.42,37.01,2.03,11.52,97.46,0.77
1/10/2024,24.43,93.07,39.52,2.28,3.6,97.49,0.73
1/11/2024,24.81,89.6,4,2.2,14.93,97.5,2.6
1/12/2024,24.08,88.66,0.12,2.12,21,97.55,3.75
1/13/2024,23.74,86.73,0.02,1.95,21.51,97.6,4.67
1/14/2024,23.08,87.89,0.02,2.08,17.75,97.6,3.68
1/15/2024,22.32,84.75,0,1.49,19.99,97.64,4.78
1/16/2024,22.87,82.62,0.03,0.99,21.46,97.58,6.39
1/17/2024,24.53,84.47,0.1,0.78,22.14,97.51,6.82
1/18/2024,24.94,87.38,3.2,0.91,20.49,97.51,6.34
1/19/2024,25.01,88.36,4.67,1.14,17.46,97.56,5.95
1/20/2024,24.75,89.02,13.43,1.46,17.95,97.61,4.41
1/21/2024,24.88,86.27,1.85,1.6,20.42,97.67,6.34
1/22/2024,25.3,86.28,0,1.48,21.31,97.72,6.75
1/23/2024,24.2,83.54,0,1.54,22.48,97.71,7.12
1/24/2024,22.97,80.5,0,1.51,24.17,97.72,7.35
1/25/2024,22.36,82.38,0,1.84,24.33,97.78,6.96
1/26/2024,23.06,83.63,0,1.91,23.42,97.87,7.04
1/27/2024,23.96,84.6,0.55,1.94,23.71,97.81,6.86
1/28/2024,24.73,87.21,2.02,2.26,19.48,97.71,5.95
1/29/2024,25.16,88.28,3.38,2.37,16.98,97.65,5.7
1/30/2024,25.2,88.91,8.61,1.51,17.9,97.67,5.74
1/31/2024,25.09,87.84,9.24,1.16,16.31,97.76,6.16
2/1/2024,25.19,89.32,2.95,1.18,19.1,97.73,4.75
2/2/2024,25.96,86.87,7.37,1.32,20.55,97.7,6.78
2/3/2024,25.73,86.36,0.63,1.5,21.81,97.7,6.99
2/4/2024,25.25,87.73,7.89,1.67,18.25,97.81,5.42
2/5/2024,25.37,87.79,1.18,2.1,18.38,97.81,6.63
2/6/2024,24.01,84.34,0.04,2.32,24.93,97.78,7.65
2/7/2024,23.1,83.49,0,1.92,24.48,97.77,8.03
2/8/2024,23.06,84.63,0,2.25,23.48,97.68,7.39
2/9/2024,23.2,85.66,0,2.48,24.49,97.72,7.31
2/10/2024,23.58,85.1,0,2.65,23.79,97.82,7.51
2/11/2024,23.53,85.1,0,2.67,23.5,97.84,5.77
2/12/2024,24.4,86.92,0.2,3.06,20.35,97.77,5.62
2/13/2024,25.09,86.39,0.71,2.99,19.97,97.67,7.33
2/14/2024,25.38,86.41,0.86,2.68,19.22,97.6,7.63
2/15/2024,24.96,86.5,0.42,2.52,17.45,97.62,6.65
2/16/2024,25.01,87.06,1.52,2.36,17.77,97.62,5.53
2/17/2024,25.44,85.5,0.41,2.3,21.79,97.53,7.15
2/18/2024,24.99,83.69,0.02,2.28,24.18,97.55,8.05
2/19/2024,25.1,85.54,0.06,2.55,23.92,97.6,7.84
2/20/2024,25.61,86.94,0.16,1.93,22,97.65,8.2
2/21/2024,26.32,85.49,0.43,1.06,22.37,97.64,8.11
2/22/2024,25.98,88.28,0.74,1.29,21.71,97.69,6.82
2/23/2024,26.47,85.7,1.87,0.61,22.64,97.61,8.59
2/24/2024,25.91,84.43,3.64,0.81,19,97.57,7.03
2/25/2024,25.13,83.53,0.27,1.67,24.06,97.45,8.92
2/26/2024,25.74,86.07,0.27,2.88,23.53,97.4,7.25
2/27/2024,25.97,85.49,0.36,3.16,23.19,97.43,7.6
2/28/2024,25.73,83.57,0.18,2.32,19.75,97.43,8.81
2/29/2024,25.47,83.98,0.13,1.62,21.85,97.53,6.94
3/1/2024,25.39,84.01,0.1,2.13,21.56,97.6,7.27
3/2/2024,24.49,83.01,0.05,1.46,21.2,97.63,5.53
3/3/2024,25.47,81.84,0.33,0.81,20.77,97.57,9.8
3/4/2024,25.99,83.6,0.26,0.62,22.98,97.55,8.95
3/5/2024,25.82,81.84,0.24,0.58,22.22,97.58,9.46
3/6/2024,25.5,87.25,1.14,1.04,18.16,97.62,6.36
3/7/2024,25.62,84.22,0.5,0.86,20.3,97.55,6.33
3/8/2024,25.41,78.94,1.87,0.76,19.12,97.62,9.34
3/9/2024,25.14,75.95,0.38,1,25.09,97.59,10.04
3/10/2024,24.92,75.3,0.05,1.11,26,97.69,10.44
3/11/2024,24.9,80.65,0.02,1.5,25.4,97.82,10
3/12/2024,25.5,81.63,0.05,1.31,23.37,97.76,8.76
3/13/2024,26.01,80.12,1.21,0.9,22.69,97.72,9.61
3/14/2024,26.28,83.41,2.17,1.12,22.98,97.7,8.41
3/15/2024,26.14,83.29,2.56,0.91,22.19,97.64,8.9
3/16/2024,25.83,85.48,0.7,1.31,24.86,97.63,8.2
3/17/2024,24.49,77.07,0.42,1.64,27.15,97.64,10.59
3/18/2024,24.63,76.15,0,0.89,24.85,97.6,10.72
3/19/2024,25.11,78.73,0.02,0.99,24.44,97.54,10.62
3/20/2024,25.75,78.73,0.16,1.26,24.54,97.53,10.93
3/21/2024,26.13,87.04,7.15,2.03,15.53,97.44,7.11
3/22/2024,26.6,86.53,15.12,1.49,16.39,97.33,6.73
3/23/2024,26.57,84.6,1.89,1.32,21.79,97.38,6.08
3/24/2024,26.16,85.16,5.85,1.36,17.26,97.5,4.87
3/25/2024,26.25,82.41,0.91,1.65,24.69,97.49,7.56
3/26/2024,26.3,81.14,2.39,1.22,21.72,97.61,9.5
3/27/2024,25.89,89.39,5.83,1.75,20.19,97.73,2.92
3/28/2024,26.94,81.45,0.95,1.41,22.54,97.6,8.84
3/29/2024,26.72,81.31,1.23,0.95,23.41,97.53,8.59
3/30/2024,26.49,79.05,0.39,1.14,22.65,97.65,11.12
3/31/2024,26.97,82.29,0.88,0.86,24.5,97.68,10.42
4/1/2024,27.11,81.38,4.5,0.63,19.49,97.5,9.97
4/2/2024,27.25,83.63,12.44,0.86,22.88,97.35,8.23
4/3/2024,26.98,84.87,5.49,1.37,21.78,97.43,8.69
4/4/2024,27.3,82.53,7.24,1.11,21.22,97.45,9.47
4/5/2024,27.14,83.69,3.53,0.56,22.65,97.42,6.07
4/6/2024,27.71,83.12,0.71,0.83,22.31,97.35,9.64
4/7/2024,27.05,86.22,1.31,1.35,22.61,97.35,7.86
4/8/2024,27.12,82.78,1.65,1.11,21.05,97.43,8.91
4/9/2024,27.05,76.96,0.39,1.46,23.4,97.37,10.49
4/10/2024,26.86,79.84,0.21,1.64,23.07,97.38,9.63
4/11/2024,26.56,87.91,7,1.94,18.21,97.4,4.23
4/12/2024,25.84,88.57,7.38,1.5,13.2,97.44,3.94
4/13/2024,26.29,81.87,3.9,1.19,17.55,97.42,5.88
4/14/2024,26.76,84.82,3.79,1.43,20.22,97.4,6.85
4/15/2024,26.09,88.83,4.11,1.61,15.48,97.5,3.61
4/16/2024,26.3,87.53,2.85,1.58,18.44,97.48,5.25
4/17/2024,26.97,84.45,0.78,1.08,21.72,97.46,7.61
4/18/2024,27.26,84.93,0.97,1.06,21.79,97.34,7.96
4/19/2024,26.85,87.22,0.56,1.37,21.92,97.23,5.19
4/20/2024,27.33,85.04,1.62,1.7,22.07,97.2,7.51
4/21/2024,27.37,83.55,2.12,0.79,22.87,97.27,6.73
4/22/2024,27.2,85.11,2.62,0.9,19.89,97.35,5.98
4/23/2024,27.19,84.28,4.61,1.01,17.38,97.27,5.84
4/24/2024,27.18,85.44,3.24,0.83,21.39,97.24,5.38
4/25/2024,27.2,82.32,0.85,1.05,20.21,97.21,6.46
4/26/2024,27.3,77.96,0.4,0.76,21.19,97.21,7.91
4/27/2024,27.59,82.06,11.1,0.94,15.29,97.19,7.37
4/28/2024,27.61,84.33,4.67,1.09,20.11,97.23,6.35
4/29/2024,27.67,84.54,2.47,0.79,19.01,97.32,5.18
4/30/2024,26.27,90.32,9.09,1.44,20.27,97.3,2.71
5/1/2024,27.37,85,1.5,1,21.02,97.13,6.25
5/2/2024,27.46,86.14,0.32,1.3,21.12,97.19,6.25
5/3/2024,27.61,88,0.23,1.58,21.39,97.31,6.12
5/4/2024,27.61,87.11,0.23,1.36,20.5,97.28,5.93
5/5/2024,27.22,88.05,0.9,2.11,21.51,97.25,5.49
5/6/2024,27.8,86.03,4.34,2.23,21.39,97.33,6.01
5/7/2024,27.39,88.56,5.8,2.07,19.02,97.4,4.48
5/8/2024,26.84,88.41,3.78,1.16,18.51,97.36,3.18
5/9/2024,26.66,87.14,7.18,1.25,17.09,97.31,4.27
5/10/2024,26.92,84.5,8.05,1.02,15.57,97.34,5.18
5/11/2024,26.85,85.38,6.48,0.78,16.59,97.43,5.83
5/12/2024,26.48,87.67,8.89,0.91,12.91,97.43,4.31
5/13/2024,27.47,80.81,15.69,0.53,18.92,97.34,6.49
5/14/2024,26.33,88.54,12.06,0.88,18.83,97.32,2.29
5/15/2024,26.23,86.89,10.42,1.02,17.72,97.41,2.79
5/16/2024,25.95,89.83,15.29,1.51,11.02,97.42,3.36
5/17/2024,25.76,89.91,5.47,2.1,13.85,97.34,2.9
5/18/2024,25.7,92.08,19.66,2.78,8.78,97.18,1.95
5/19/2024,26.06,91.29,15.13,3.44,10.92,97.08,2.36
5/20/2024,25.85,88.37,6.18,4.49,6.44,97.08,3.9
5/21/2024,26.59,86.01,2.3,4.07,10.1,97.12,7.13
5/22/2024,26.38,88.38,6.51,5.55,12.92,97.1,4.49
5/23/2024,26.19,89.28,4.93,6.13,14.42,97.06,3.66
5/24/2024,26.08,87.35,7.37,6.3,12.41,97.06,4.44
5/25/2024,25.92,91.68,6.49,5.57,13.12,97.07,2.14
5/26/2024,26.41,89.52,10.08,4.9,13.66,97.15,4.65
5/27/2024,26,88.59,4.78,4.95,10.97,97.23,4.44
5/28/2024,25.74,88.14,3.09,5.45,12.23,97.22,3.61
5/29/2024,26.06,88.46,6.26,5.49,14.84,97.12,4.59
5/30/2024,26.31,88.81,3.56,4.66,15.13,97.09,4.95
5/31/2024,26.24,89.71,3.95,3.35,14.28,97.1,3.52
6/1/2024,26.35,89.63,6.46,3.38,11.92,97.23,3.96
6/2/2024,25.38,91.44,25.88,2.77,3.74,97.36,2.32
6/3/2024,24.94,91.35,9.04,2.57,15.18,97.42,2.6
6/4/2024,25.91,89.07,4.6,3.12,17.28,97.47,5.24
6/5/2024,25.89,88.06,1.13,2.94,16.09,97.55,5.94
6/6/2024,25.9,88.52,2.02,3.2,14.92,97.57,4.96
6/7/2024,25.66,89.07,5.55,3.22,12.57,97.51,3.97
6/8/2024,25.95,86.99,2.41,3.39,17.78,97.51,5.77
6/9/2024,25.71,89.89,3.19,3.54,15.34,97.45,2.99
6/10/2024,25.78,88.85,1.33,3.58,19.11,97.51,3.56
6/11/2024,25.76,89.99,0.73,3.59,19.25,97.51,2.75
6/12/2024,25.58,89.94,0.87,3.24,17.86,97.57,2.93
6/13/2024,25.84,89.88,0.42,2.92,19.15,97.51,3.21
6/14/2024,26.35,88.01,0.99,3,20.77,97.38,5.25
6/15/2024,26.13,88.31,2.34,3.45,19.77,97.32,4.97
6/16/2024,25.94,89.92,0.94,3.24,20.97,97.33,3.4
6/17/2024,26.35,87.43,0.28,3,21.07,97.38,6.52
6/18/2024,26.13,89.09,2.71,3.11,19.23,97.39,4.62
6/19/2024,25.65,89.7,3.09,3.7,19.28,97.35,3.15
6/20/2024,25.61,88.32,3.14,3.57,17.47,97.35,4.08
6/21/2024,25.57,86.43,2.72,4,16.92,97.34,4.72
6/22/2024,25.36,84.64,4.17,4.88,15.45,97.24,5.54
6/23/2024,25.87,84.62,1.4,5.22,16.56,97.22,5.46
6/24/2024,25.84,86.47,6.39,4.65,16.99,97.24,4.95
6/25/2024,25.75,85.98,2.33,4.45,9.28,97.18,5.29
6/26/2024,25.19,88.17,2.97,3.85,9.1,97.2,3.45
6/27/2024,25.33,89.4,2.09,3.35,17.55,97.31,3.14
6/28/2024,25.69,86.81,0.97,2.94,22.16,97.34,4.97
6/29/2024,25.56,88.66,0.45,2.49,22.75,97.37,4
6/30/2024,25.77,88.3,2.82,2.11,20.31,97.45,4.83
7/1/2024,25.91,87.51,4.3,2.84,17.9,97.42,4.58
7/2/2024,26.14,87.36,0.55,2.39,21.41,97.3,4.91
7/3/2024,25.9,89.15,3.47,2.48,19.65,97.34,3.44
7/4/2024,25.25,86.96,7.58,2.54,10.51,97.48,3.68
7/5/2024,25.3,87.83,8.95,3.39,12.91,97.39,4
7/6/2024,24.94,84.67,2.67,3.11,17.22,97.35,5.22
7/7/2024,25,90.2,3.62,2.63,13.1,97.31,2.54
7/8/2024,24.91,87.27,7.88,3.56,18.14,97.21,4.45
7/9/2024,25.32,84.18,0.9,3.27,19.37,97.33,5.82
7/10/2024,25.35,87,0.82,2.71,19.3,97.51,4.62
7/11/2024,26,86.62,1.03,3.18,19.96,97.41,5.14
7/12/2024,25.82,90.13,2.55,3.23,19.33,97.32,2.82
7/13/2024,25.04,88.61,3.17,4.05,6.64,97.32,2.66
7/14/2024,25.64,85.41,2.69,3.98,17.38,97.2,5.24
7/15/2024,25.77,86.08,4.75,4.68,10.54,97.22,4.82
7/16/2024,25.52,86.72,1.51,3.73,12.23,97.3,4.23
7/17/2024,25.61,87.68,1.77,3.53,15.36,97.34,3.86
7/18/2024,24.96,88,1.61,4.2,15.55,97.4,2.85
7/19/2024,25.52,87.04,1.2,3.93,18.97,97.28,4.08
7/20/2024,26.11,87.58,0.47,3.73,22.86,97.29,4.17
7/21/2024,26.31,85.1,0.24,3.56,24.68,97.33,5.45
7/22/2024,26.11,85.37,1.26,2.78,14.52,97.49,4.78
7/23/2024,25.74,86.58,1.6,2.55,22.3,97.52,3.96
7/24/2024,26.4,85.38,0.5,3.12,22.73,97.34,5.21
7/25/2024,25.09,83.96,1.14,3.7,22.29,97.28,3.22
7/26/2024,25.9,85.41,0.74,4.18,17.11,97.27,4.18
7/27/2024,25.83,87.79,1.46,4.24,18.58,97.33,2.5
7/28/2024,25.84,88.76,4.63,4.4,17.78,97.25,2.17
7/29/2024,25.61,86.95,8.35,4.34,11.69,97.2,3.43
7/30/2024,24.91,83.77,6.99,4.09,15.4,97.35,4.47
7/31/2024,25.68,88.1,2.38,2.99,17.93,97.5,3.51
8/1/2024,25.68,86.86,1.75,3.13,18.45,97.47,4.19
8/2/2024,25.37,85.94,1.4,3.39,13.84,97.47,3.98
8/3/2024,25.18,85.92,2.4,2.78,19.67,97.45,3.41
8/4/2024,25.87,87,2.34,3.04,18.73,97.45,3.53
8/5/2024,25.14,87.61,7.57,3.52,16.44,97.52,3.12
8/6/2024,25.22,87.92,2.6,2.62,17.57,97.38,3.46
8/7/2024,25.54,84.45,0.31,2.97,22.51,97.35,4.6
8/8/2024,25.28,85.57,2.7,3.68,17.74,97.47,3.98
8/9/2024,25.33,85.6,0.55,2.73,21.55,97.5,3.73
8/10/2024,25.4,84.26,1.72,3.29,17.33,97.48,3.87
8/11/2024,25.56,86.33,3.98,2.74,16.27,97.28,3.79
8/12/2024,25.59,89.4,10.1,2.63,15.19,97.13,2.27
8/13/2024,24.73,92.74,7.62,2.34,15.39,97.09,1.06
8/14/2024,25.04,90.49,4.12,2.35,16.99,97.14,2.45
8/15/2024,25.5,90.04,1.91,2.68,18.38,97.12,2.76
8/16/2024,26.05,90.72,10.68,3.26,12.71,97.04,2.4
8/17/2024,25.33,89.47,12.47,3.52,11.69,97.22,2.4
8/18/2024,25.37,90.83,7.47,2.37,17.27,97.29,2.24
8/19/2024,25.12,91.5,8.63,2.44,12.95,97.28,2.28
8/20/2024,24.87,89.85,22.61,2.87,14.37,97.36,3.28
8/21/2024,24.58,87.21,3.63,3.37,7.62,97.54,3.63
8/22/2024,24.62,85.31,0.93,2.09,17.88,97.61,4.82
8/23/2024,24.88,87.07,1.01,2.02,17.89,97.62,4.48
8/24/2024,25.07,89.65,0.45,2.24,20.46,97.63,3.12
8/25/2024,25.19,86.11,0.39,3.21,19.18,97.68,5.1
8/26/2024,25.78,81.82,0.12,3.44,21.52,97.57,6.65
8/27/2024,25.43,84.9,0.02,3.03,23.91,97.59,4.3
8/28/2024,25.41,86.04,0.05,2.79,19.64,97.57,3.9
8/29/2024,25.81,86.3,0.97,3.53,19.83,97.46,4.06
8/30/2024,25.34,86.98,11.69,4.04,11.08,97.47,3.27
8/31/2024,25.15,86.21,3.46,3.43,14.15,97.48,4.35
9/1/2024,24.85,87.43,4.32,3.47,11.99,97.41,2.92
9/2/2024,25.58,87.35,12.36,4.09,15.63,97.43,3.65
9/3/2024,24.8,89.21,5.5,3.74,12.5,97.56,2.44
9/4/2024,25.17,88.41,1.8,3.39,14.44,97.52,3.57
9/5/2024,25.75,87.93,1.73,3.63,19.81,97.38,3.51
9/6/2024,25.91,86.3,0.93,4.19,18.94,97.41,4.71
9/7/2024,25.69,88.39,2.14,3.63,17.84,97.51,2.74
9/8/2024,25.65,88.5,2.23,3.79,18.38,97.54,3.15
9/9/2024,25.86,87.37,4.12,3.71,17.84,97.41,4.56
9/10/2024,25.8,86.88,2.86,3.31,18.16,97.4,4.19
9/11/2024,25.42,87.01,3.48,3.19,16.18,97.51,3.69
9/12/2024,25.25,86.07,1,3.72,21.97,97.58,4.18
9/13/2024,25.99,84.9,0.83,2.9,20.23,97.46,5.42
9/14/2024,25.62,87.34,1.07,3.43,17.33,97.43,3.06
9/15/2024,25.69,86.97,0.61,3.6,19.97,97.42,3.36
9/16/2024,26.03,85.79,0.79,4.24,19.43,97.46,4.12
9/17/2024,26.1,85.21,0.28,4.15,19.03,97.39,3.83
9/18/2024,25.87,84.84,0.58,3.89,22.12,97.32,3.36
9/19/2024,25.66,86.98,0.33,3.68,19.57,97.32,2.4
9/20/2024,25.6,85.4,0.37,3.58,20.83,97.28,2.97
9/21/2024,25.78,85.32,1.24,4.09,19.74,97.31,3.37
9/22/2024,25.85,84.78,1.75,4.26,19.86,97.28,3.31
9/23/2024,26.12,82.16,0.36,4.59,18.58,97.28,4.73
9/24/2024,26.28,84.16,1.73,4.56,19.78,97.25,3.95
9/25/2024,26.43,84.43,0.87,3.72,20.09,97.26,3.75
9/26/2024,26.28,85.49,1.4,2.95,21.91,97.25,2.95
9/27/2024,24.87,89.21,5.03,2.66,14.04,97.35,1.36
9/28/2024,26.05,83.21,2.64,0.99,17.53,97.34,3.84
9/29/2024,25.57,86.48,13.22,2.01,16.91,97.41,2.95
9/30/2024,25.25,86.1,5.82,1.95,16.48,97.43,4.01
10/1/2024,25.85,85.98,1.63,2.18,21.89,97.38,4.93
10/2/2024,25.54,88.88,3.63,2.14,20.32,97.49,3.13
10/3/2024,25.75,87.59,2.88,2.39,21.39,97.47,3.75
10/4/2024,25.85,86.03,0.3,2.31,22.57,97.48,4.71
10/5/2024,25.42,86.66,1.35,2.23,20.32,97.5,2.85
10/6/2024,24.79,87.51,2.9,2.22,16.64,97.5,2.69
10/7/2024,24.17,92.45,15.63,2.3,14.42,97.56,0.94
10/8/2024,24.25,88.25,14.98,2.4,19.24,97.63,3.03
10/9/2024,25.16,86.57,8.26,2.19,19.24,97.44,5.41
10/10/2024,24.5,89.82,12.24,3.04,13.65,97.35,2.69
10/11/2024,24.39,88.78,9.7,3.81,10.04,97.35,2.82
10/12/2024,24.41,88.43,8.77,2.93,13.19,97.43,3.36
10/13/2024,24.06,89.33,8.4,2.73,11.58,97.44,2.48
10/14/2024,24.03,89.12,9.43,3.62,8.91,97.42,2.95
10/15/2024,24.73,86.98,1.53,3.5,18.54,97.35,4.06
10/16/2024,25.67,86.92,2.65,3.19,18.38,97.36,5.59
10/17/2024,25.73,87.16,0.29,2.63,21.77,97.39,5.41
10/18/2024,25.76,85.06,0.04,2.1,22.63,97.42,6.24
10/19/2024,25.38,86.24,0.31,2,19.03,97.55,4.17
10/20/2024,25.48,88.28,6.85,1.72,14.63,97.56,3.68
10/21/2024,25.27,91.87,7.02,1.69,12.41,97.56,1.55
10/22/2024,25.48,90.42,4.05,1.18,9.22,97.55,1.79
10/23/2024,25.12,91.5,13.53,1.96,11.7,97.56,2.04
10/24/2024,24.85,88.99,2.42,2.24,18.28,97.59,3.46
10/25/2024,25.48,87.34,1.71,2.23,18.92,97.56,5.95
10/26/2024,25.17,91.13,6.1,2.48,17.8,97.51,2.11
10/27/2024,25.12,90.55,4.66,2.35,15.23,97.41,2.34
10/28/2024,25.72,88.46,0.41,2.75,15.74,97.36,4.36
10/29/2024,25.81,88.5,0.09,2.32,19,97.4,3.94
10/30/2024,25.48,91.22,0.27,1.39,19.14,97.43,2.43
10/31/2024,25.65,89.23,0.35,1.38,18.62,97.5,3.57
11/1/2024,25.46,89.69,4.11,0.99,15.61,97.57,2.75
11/2/2024,24.89,87.6,39.48,0.85,13.2,97.62,2.37
11/3/2024,25.09,86.51,26.34,0.92,19.58,97.59,4.36
11/4/2024,24.86,88.79,10.15,1.55,13.5,97.47,3.87
11/5/2024,24.31,88.94,15.83,1.82,13.65,97.55,2.93
11/6/2024,25.47,79.67,1.86,1.16,22.63,97.49,7.28
11/7/2024,25.23,84.76,3.37,2.02,21.27,97.44,6.72
11/8/2024,25.29,93.96,28.33,2.33,16.05,97.35,1.05
11/9/2024,25.38,87.58,8.84,1.39,20.41,97.38,2.36
11/10/2024,25.35,83.85,0.31,1.59,21.61,97.35,5.7
11/11/2024,25.93,83.5,0.41,1.39,21.15,97.31,7.51
11/12/2024,25.71,87.47,9.64,1.57,18.43,97.28,4.29
11/13/2024,25.19,93.11,13.92,0.96,18.06,97.22,1.29
11/14/2024,25.67,87.24,29.49,0.9,15.49,97.38,4.35
11/15/2024,25.56,85.71,12.52,1.07,13.43,97.41,5.08
11/16/2024,25.39,87.12,4.48,1.59,18.31,97.36,5.45
11/17/2024,25.7,85.13,3.38,1.45,19.98,97.34,6.44
11/18/2024,25.97,83.34,4.55,0.67,16.81,97.38,7.13
11/19/2024,25.45,88.12,9.35,1.01,16.36,97.37,4.06
11/20/2024,25.03,89.17,5.52,1.84,16.8,97.44,4.82
11/21/2024,24.91,90.33,6.28,1.41,12.22,97.4,2.57
11/22/2024,24.44,94.12,13.25,1.55,15.36,97.31,0.84
11/23/2024,25.01,87.65,8.13,0.84,16.17,97.46,3.7
11/24/2024,24.57,87.45,16.21,1.52,11.61,97.41,2.18
11/25/2024,23.97,92.49,11.96,3.1,6.79,97.12,0.77
11/26/2024,24.02,92.66,25.51,4.94,2.89,96.92,0.74
11/27/2024,24.51,91.27,3.94,6.43,10.89,96.83,2.44
11/28/2024,24.38,87.14,1.3,4.75,13.17,97.04,4.24
11/29/2024,24.52,89.42,1.37,3.37,8.55,97.13,4.39
11/30/2024,24.32,90.18,7.95,3.34,8.21,97.2,2.81
12/1/2024,24.63,87.9,0.29,3.39,19.42,97.16,4.6
12/2/2024,24.3,85.86,0.03,2.65,20.88,97.25,5.53
12/3/2024,24.72,85.38,0.04,1.85,20.78,97.38,6.02
12/4/2024,25.05,84.82,0.14,1,19.67,97.41,5.23
12/5/2024,25.34,84.52,0.96,0.61,19.25,97.44,6.3
12/6/2024,24.69,84.48,0.56,0.71,17.14,97.46,2.82
12/7/2024,24.77,83.81,0.22,0.82,16.97,97.42,4.84
12/8/2024,24.82,85.98,5.43,0.73,16.19,97.42,5.26
12/9/2024,25.09,81.54,2.19,0.72,19.25,97.39,6.28
12/10/2024,24.99,82.85,0.3,0.99,19.61,97.35,5.6
12/11/2024,25.52,85.98,3.32,1.34,18.4,97.25,6.84
12/12/2024,25.11,90.4,12.06,0.99,15.28,97.23,3.08
12/13/2024,25.03,89.46,11.55,1.31,13.21,97.37,3.62
12/14/2024,25.29,86.71,24.45,1.1,16.46,97.45,5.15
12/15/2024,25.3,86.62,5.15,1.66,19.6,97.48,5.57
12/16/2024,24.25,92.49,11.67,1.22,13.51,97.41,1.29
12/17/2024,25.12,89.03,2.32,2.15,16.23,97.35,5.08
12/18/2024,24.96,88.83,1.68,1.7,17.72,97.35,4.45
12/19/2024,24.75,90.52,4.12,1.56,15.93,97.38,3.25
12/20/2024,24.88,92.31,3.9,1.9,15.62,97.41,2.49
12/21/2024,25.27,94.65,33.33,2.3,11.47,97.39,1.16
12/22/2024,25.19,90.28,4.89,1.67,17.51,97.43,2.92
12/23/2024,25.03,83.87,0.12,1.04,20.45,97.43,3.86
12/24/2024,24.07,83.6,0,1.52,21.26,97.5,7.35
12/25/2024,23.84,83.33,0,1.49,22.55,97.58,7.53
12/26/2024,24.96,83.54,0.04,0.95,21.55,97.67,8.26
12/27/2024,25.46,86.17,1.12,0.82,15.26,97.72,7.33
12/28/2024,25.28,85.67,2.24,1.69,16.23,97.63,6.71
12/29/2024,24.63,85.03,2.96,1.27,17.79,97.6,4.23
12/30/2024,25,86.77,11.2,1.12,15.67,97.58,5.33
12/31/2024,24.54,89.03,7.08,2.1,15.04,97.53,2.83
1/1/2025,24.39,89.27,14.21,2.62,12.32,97.45,3.3
1/2/2025,23.93,88.35,8.21,2.19,7.94,97.48,3.02
1/3/2025,23.99,86.54,0.83,2.29,18.77,97.48,5.56
1/4/2025,24.13,84.86,0.22,1.46,14.69,97.49,7.4
1/5/2025,24.24,84.42,0.51,1.12,16.49,97.57,7.38
1/6/2025,24.67,84.14,0.06,1.14,18.93,97.51,7.11
1/7/2025,25.28,84.39,0.19,0.6,19.88,97.47,8.81
1/8/2025,25.05,86.91,1.21,0.49,19.19,97.46,6.35
1/9/2025,25.31,85.29,2.04,1.11,18.21,97.48,6.96
1/10/2025,25.14,86.25,5.2,1.49,17.41,97.55,4.49
1/11/2025,24.86,87.91,6.06,1.67,11.57,97.55,3.95
1/12/2025,24.34,90.17,22.34,2.37,5.2,97.52,3.15
1/13/2025,24.48,88.35,2.53,1.95,17.39,97.41,3.46
1/14/2025,23.71,91.66,11.64,2.5,5.3,97.5,1.62
1/15/2025,23.79,89.59,3.22,2.23,13.18,97.56,2.3
1/16/2025,23.79,88.32,3.24,2.57,12.76,97.52,3.41
1/17/2025,24.06,83.97,0.22,2.43,21.83,97.4,7.82
1/18/2025,23.95,88.83,18.71,1.98,14.52,97.28,2.83
1/19/2025,23.64,94.09,22.83,2.83,6.67,97.28,0.98
1/20/2025,23.93,87.62,1.76,2.32,18.06,97.33,3.53
1/21/2025,24.68,87.9,4.15,1.59,16.6,97.28,5.68
1/22/2025,24.04,90.68,8.63,1.18,5.95,97.31,1.55
1/23/2025,23.8,87.22,3.95,2.1,15.35,97.33,3.91
1/24/2025,23.83,86.76,7.96,1.57,5.24,97.31,5.39
1/25/2025,23.56,89.6,2.1,1.57,15.17,97.36,2.81
1/26/2025,23.55,87.02,0.51,2.5,14.05,97.32,4.01
1/27/2025,23.24,84.39,1.61,1.64,12.64,97.35,5.07
1/28/2025,21.92,86.15,4.79,2.07,9.91,97.46,2.85
1/29/2025,23.23,86.78,12.14,1.64,12.25,97.47,3.74
1/30/2025,25.25,89.75,12.29,1.27,16.42,97.39,4.96
1/31/2025,25.27,89.28,4.26,1.24,16.92,97.35,4.17
2/1/2025,25.07,86.51,1.53,1.74,20.6,97.45,7.46
2/2/2025,24.82,84.41,0.5,1.47,24.5,97.5,8.32
2/3/2025,24.58,81.58,0.24,0.98,20.75,97.55,8.73
2/4/2025,23.8,82.51,0.07,1.15,22.98,97.52,8.76
2/5/2025,24.52,84.62,0.5,1.07,19.94,97.43,8
2/6/2025,24.3,83.75,0.1,1.75,23.09,97.42,8.73
2/7/2025,23.53,81.78,0.03,2.15,23.13,97.51,8.91
2/8/2025,22.99,82.94,0,2.5,22.16,97.49,8.44
2/9/2025,22.9,81.81,0,2.49,22.61,97.47,8.55
2/10/2025,23.56,80.22,0.01,1.64,23.46,97.56,9.53
2/11/2025,25.03,82.31,0.08,1.27,17.78,97.6,9.8
2/12/2025,25.26,83.46,0.02,1.76,22.19,97.56,9.9
2/13/2025,23.9,82.23,0,1.63,25.81,97.58,10.19
2/14/2025,23.38,82.46,0,0.93,25.16,97.62,9.7
2/15/2025,24.07,81.76,0.03,0.69,23.55,97.55,9.91
2/16/2025,24.27,81.07,0.04,1.31,24.21,97.53,10.07
2/17/2025,25.04,82.44,0.56,1.28,22.28,97.65,9.87
2/18/2025,24.81,81.84,0.34,1.41,21.17,97.63,9.23
2/19/2025,24.57,80.45,0.11,1.04,23.11,97.51,9.77
2/20/2025,24.57,82.46,0.07,0.86,24.5,97.59,9.79
2/21/2025,24.54,81.58,0.03,1.47,24.85,97.66,10.07
2/22/2025,24.57,80.22,0.04,1.14,24.38,97.7,10.08
2/23/2025,24.65,80.6,0.03,1.34,25.18,97.71,10.07
2/24/2025,24.88,81.24,0.05,2.27,24.92,97.63,9.68
2/25/2025,25.62,83.77,4.68,2.02,20.84,97.62,7.86
2/26/2025,25.9,83.66,32.29,2.25,16.63,97.56,6.61
2/27/2025,25,90.18,11.52,1.96,14.96,97.46,3.15
2/28/2025,25.34,91.89,52.51,2.52,8.86,97.42,2.63
3/1/2025,24.48,94.08,32.11,1.61,15.69,97.43,1.01
3/2/2025,25.19,88.57,53.14,0.73,15.83,97.42,3.68
3/3/2025,24.92,87.69,10.66,1.26,13.26,97.44,3.06
3/4/2025,24.84,84.51,0.77,1.16,15.83,97.43,6.01
3/5/2025,25.5,79.52,0.14,0.58,23.29,97.51,6.88
3/6/2025,25.51,77.58,0.29,0.85,23.11,97.57,9.04
3/7/2025,24.78,72.82,0.01,0.89,24.69,97.47,9.49
3/8/2025,24.47,76.1,0.02,1.32,24.12,97.37,9.18
3/9/2025,23.48,74.68,0.11,1.16,25.02,97.39,9.83
3/10/2025,24.4,87.35,8.74,1.87,9.38,97.44,3.36
3/11/2025,24.23,92.88,77.83,2.43,11.18,97.48,1.37
3/12/2025,25.11,83.18,3.44,1.52,22.82,97.52,6.5
3/13/2025,25.75,83.17,2.71,0.89,21.95,97.43,8.5
3/14/2025,25.41,85.31,5.29,0.81,22.91,97.49,6.06
3/15/2025,25.68,84.32,1.74,1.25,21.82,97.54,8.22
3/16/2025,25.5,82.22,3.47,0.76,17.97,97.57,4.9
3/17/2025,25.63,84.19,6.28,0.39,17.53,97.53,3.97
3/18/2025,25.41,88.22,5.65,1.12,21.7,97.52,3.86
3/19/2025,25.52,87.27,5.38,1.42,15.22,97.67,5.3
3/20/2025,25.74,85.98,0.63,2,21.13,97.72,6.97
3/21/2025,26.01,86.59,2.44,1.58,22.24,97.72,5.78
3/22/2025,26.08,85.26,3.99,1.61,20.36,97.68,6.41
3/23/2025,25.84,84.44,0.98,1.55,23.72,97.62,7.28
3/24/2025,26.06,83.86,4.6,1.37,23.63,97.53,8.34
3/25/2025,26.39,85.99,14.79,0.86,18.65,97.34,5.72
3/26/2025,25.79,81.34,36.92,0.81,20.72,97.37,5.75
3/27/2025,25.07,89.42,17.39,1.51,19.38,97.34,2.81
3/28/2025,25.44,85.54,2.92,0.87,21.04,97.28,4.14
3/29/2025,25.85,86.27,2.79,0.6,21.1,97.24,4.79
3/30/2025,25.37,85.53,2.4,1.41,21.41,97.37,5.54
3/31/2025,25.42,84.52,2.77,1.11,18.91,97.4,6.9
4/1/2025,25.55,88.75,9.25,1.16,18,97.32,3.64
4/2/2025,25.67,87.1,7.89,1.19,19.55,97.42,4.39
4/3/2025,25.76,86.64,10.06,0.97,17.84,97.49,5.9
4/4/2025,25.66,82.91,28.14,0.75,16.93,97.57,4.81
4/5/2025,24.42,94.36,18.4,1.71,15.8,97.51,0.83
4/6/2025,25.31,91.84,11.04,1.89,17.88,97.41,2.18
4/7/2025,25.32,92.13,8.62,1.73,20.57,97.43,2.03
4/8/2025,25.41,92.01,6.27,1.37,18.96,97.54,1.87
4/9/2025,24.72,90.42,6.96,2.31,15.49,97.54,2.83
4/10/2025,25.21,87.43,8.61,2.4,8.35,97.4,4.61
4/11/2025,25.28,88.58,6.98,2.83,11.98,97.46,3.85
4/12/2025,25.57,88.97,2.05,2.7,22.3,97.4,4.74
4/13/2025,25.85,89.38,3.24,2.29,21.04,97.4,4.49
4/14/2025,25.93,89.62,6.25,1.48,18.85,97.36,3.24
4/15/2025,25.97,88.17,12.23,0.99,20.39,97.36,3.03
4/16/2025,25.49,92.25,10.7,1.52,20.54,97.41,1.77
4/17/2025,25.8,89.74,0.62,1.39,20.23,97.35,3.16
4/18/2025,25.65,90.47,3.98,1.94,20.49,97.38,3.52
4/19/2025,25.73,89.45,4.29,2.23,22.52,97.36,4.47
4/20/2025,25.95,88.86,4.2,1.9,20.91,97.36,3.9
4/21/2025,25.7,91.15,10.16,1.89,17.5,97.45,2.76
4/22/2025,25.47,89.53,9.05,1.57,20.99,97.58,3.37
4/23/2025,24.85,91.31,9.7,1.71,20.06,97.48,2.93
4/24/2025,25.49,90.98,5.85,1.8,20.51,97.38,3.69
4/25/2025,25.79,90.55,4.92,1.66,20.46,97.36,3.61
4/26/2025,25.81,89.14,10.48,1.48,21.38,97.37,3.85
4/27/2025,25.34,90.82,11.26,0.99,19.58,97.43,1.89
4/28/2025,25.2,88.28,20.08,1.28,19.28,97.37,3.77
4/29/2025,25.68,87.99,15.19,1.3,18.35,97.32,4.78
4/30/2025,24.83,93.46,23.84,1.58,12.12,97.44,1.32
5/1/2025,25.22,86.1,1.22,1.13,20.36,97.46,3.32
5/2/2025,26,88.05,9,1.17,17.19,97.46,5.03
5/3/2025,25.52,90.61,10.01,1.49,19.43,97.41,2.93
5/4/2025,25.51,91.97,6.12,1.34,19.47,97.32,1.77
5/5/2025,25.68,92.8,5.17,1.39,21.64,97.31,1.98
5/6/2025,25.32,92.19,9.07,1.44,20.73,97.42,1.57
5/7/2025,24.49,92.86,11.07,2.36,12.65,97.44,1.38
5/8/2025,25.15,86.81,4.64,1.56,15.2,97.39,3.47
5/9/2025,26.01,87.88,2.19,1.54,19.77,97.36,4.84
5/10/2025,25.78,91.15,1.11,1.95,20.56,97.39,2.56
5/11/2025,25.35,90.05,0.59,2.1,21.92,97.34,3.16
5/12/2025,25.85,89.7,1.16,2.7,20.18,97.25,3.68
5/13/2025,25.87,91.48,4.2,3.32,20.11,97.22,2.13
5/14/2025,25.75,91.37,6.33,3.02,17.48,97.31,2.21
5/15/2025,25.57,85.2,5.89,1.73,16.59,97.35,4.09
5/16/2025,25.61,89.13,4.05,2.47,14.79,97.28,3.89
5/17/2025,25.12,90.81,4.42,2.28,11.22,97.29,2.35
5/18/2025,25.53,89.87,7.29,2.51,15.01,97.17,3.56
5/19/2025,25.55,92.88,8.24,3.62,11.8,97.15,1.46
5/20/2025,25.69,91.02,3.66,3.83,15.85,97.16,3.04
5/21/2025,25.48,87.62,1.4,3.27,14.8,97.26,4.44
5/22/2025,25.99,89.3,1.03,3.12,17.09,97.26,3.98
5/23/2025,25.97,91.12,4.4,2.86,17.88,97.15,3.53
5/24/2025,24.94,91.84,9.12,3.08,9.69,97.26,1.51
5/25/2025,25.6,91.59,7.57,3.24,15.2,97.35,3.46
5/26/2025,25.7,92.13,3.94,3.44,14.64,97.38,2.48
5/27/2025,25.57,92.37,8.41,4.35,10.83,97.31,2.01
5/28/2025,25.95,92.09,6.07,4.43,12.48,97.25,2.45
5/29/2025,25.48,91.97,9.03,4.48,16.56,97.33,2
5/30/2025,25.18,90.12,11.32,5.09,11.68,97.37,2.31
5/31/2025,25.03,90.71,14.94,4.5,10.83,97.47,2.39
6/1/2025,25.35,92.24,6.63,3.59,16.62,97.51,1.89
6/2/2025,25.72,90.13,0.98,3.18,22.89,97.46,3.93
6/3/2025,25.7,90.43,0.88,2.99,22.5,97.46,4.09
6/4/2025,25.48,91.06,3.55,2.86,21.78,97.48,3.76
6/5/2025,25.71,90.75,3.62,2.67,20.67,97.47,3.48
6/6/2025,25.94,90.11,0.59,2.81,23.59,97.46,4.3
6/7/2025,25.63,89.28,0.09,3.23,22.81,97.49,4.78
6/8/2025,25.34,88.84,0.02,3.18,22.36,97.45,4.22
6/9/2025,25.64,87.7,0.31,4.05,20.51,97.35,5.72
6/10/2025,25.41,91.38,8.78,4.44,14.01,97.16,2.53
6/11/2025,24.52,90.5,8.88,5.15,14.31,97.14,2.68
6/12/2025,25.32,88.19,2.8,4.53,17.13,97.14,5
6/13/2025,25.32,91.12,9.01,4.21,16.13,97.29,2.77
6/14/2025,24.54,90.95,10.95,4.25,7.34,97.43,2.38
6/15/2025,24.86,88.98,3.99,4.07,15.63,97.38,4.43
6/16/2025,24.87,89.63,3.56,3.63,14.5,97.4,3.9
6/17/2025,24.97,88.86,2.02,2.15,17.64,97.5,3.73
6/18/2025,24.73,90.23,1.04,2.67,20.16,97.46,3.15
6/19/2025,25.28,90.64,2.6,3.11,20.04,97.46,3.51
6/20/2025,25.38,91.04,1.14,3.17,19.32,97.51,3.36
6/21/2025,25.29,91.69,0.88,3.03,17.56,97.48,2.73
6/22/2025,25.19,91.08,0.92,3.35,16.84,97.49,2.7
6/23/2025,24.61,85.48,0.65,3.19,16.7,97.45,3.74
6/24/2025,25.19,89.34,0.57,3.35,20.59,97.36,4.34
6/25/2025,25.53,90.41,1.25,3.49,18.82,97.32,3.47
6/26/2025,25.3,90.63,1.5,3.43,18.86,97.38,3.06
6/27/2025,24.89,88.2,0.61,2.9,20.31,97.4,4.29
6/28/2025,24.89,90.95,1.82,2.96,18.24,97.4,2.94
6/29/2025,25.11,89.67,0.5,2.65,18.91,97.4,3.52
6/30/2025,25.56,86.78,0.07,3.01,22.67,97.31,5.39
7/1/2025,25.24,90.27,0.06,3.12,19.62,97.36,3.15
7/2/2025,25.3,88.76,0.09,3.67,21.12,97.34,4.35
7/3/2025,25.01,89.79,0.76,3.25,19.02,97.42,3.27
7/4/2025,25.44,87.45,0.92,3.31,21.34,97.47,5
7/5/2025,25.57,88.46,0.57,3.42,20.55,97.45,4.88
7/6/2025,24.97,91.16,2.98,3.27,18.99,97.42,2.62
7/7/2025,25.3,89.76,0.92,3.3,19.88,97.39,3.68
7/8/2025,25.49,89.26,0.16,3.44,20.15,97.41,3.95
7/9/2025,25.54,89.91,0.84,3.48,20.35,97.38,3.55
7/10/2025,25.51,90.67,1.81,3.3,21.6,97.28,3.15
7/11/2025,25.61,89.08,0.48,4.49,19.31,97.24,4.46
7/12/2025,25.42,88.78,0.25,4.45,16.15,97.37,3.84
7/13/2025,24.73,89.06,0.3,4.08,18.62,97.4,3.57
7/14/2025,24.88,87.49,0.52,4.67,18.83,97.4,4.37
7/15/2025,25.28,85.83,0.94,4.18,17.1,97.31,5.84
7/16/2025,24.45,89.71,4.43,4.24,15.96,97.24,2.75
7/17/2025,24.71,88.44,5.31,4.3,12,97.26,3.83
7/18/2025,24.78,87.29,2.81,4.8,15.64,97.24,4.72
7/19/2025,24.45,88.99,4.98,5.35,12.62,97.15,3.57
7/20/2025,23.98,89.36,3.9,4.58,11.5,97.12,2.99
7/21/2025,24.49,90.79,6.96,4.21,15.32,97.25,3.01
7/22/2025,24.69,91.45,3.84,3.86,14.66,97.33,2.69
7/23/2025,24.75,89.41,7.15,4.18,15.47,97.27,4.3
7/24/2025,24.78,90.39,4.36,4.01,14.34,97.27,3.57
7/25/2025,24.62,88.16,2.13,3.57,11.35,97.32,4.16
7/26/2025,24.15,89.3,3.34,3.64,17.65,97.44,3.43
7/27/2025,23.91,89.14,0.91,3.1,19.48,97.49,3.32
7/28/2025,24.98,85.73,0.3,3.56,22.75,97.4,6.6
7/29/2025,25.16,86.57,0.38,4.38,23.33,97.36,5.68
7/30/2025,25.42,85.79,0.22,4.07,20.19,97.36,6.16
7/31/2025,25.28,87.46,0.09,4,15.33,97.26,4.29
8/1/2025,24.75,88.87,10.42,3.38,15.83,97.25,3.12
8/2/2025,24.28,89.61,16.18,2.73,12.48,97.3,3.34
8/3/2025,23.83,90.9,9.2,3.32,10.25,97.37,2.25
8/4/2025,24.54,87.06,0.78,3.13,19.57,97.37,4.88
8/5/2025,24.74,87.87,0.38,3.85,18.8,97.37,4.95
8/6/2025,24.84,86.46,0.1,3.82,19.74,97.29,5.76
8/7/2025,24.69,89.12,0.18,3.31,17.96,97.25,3.62
8/8/2025,24.74,89.38,0.24,2.96,20.09,97.37,3.86
8/9/2025,24.79,87.81,0.76,2.51,20.42,97.55,5.14
8/10/2025,24.77,88.82,0.68,2.81,22.1,97.52,4.27
8/11/2025,24.54,89.3,1.28,3,14.42,97.52,3.32
8/12/2025,23.97,85.98,3.03,3.94,15.12,97.44,4.07
8/13/2025,24.35,88.35,0.37,3.75,16.08,97.33,3.67
8/14/2025,24.83,87.92,0.82,3.53,18.5,97.36,4.68
8/15/2025,24.75,87.97,1.18,3.92,18.53,97.28,4.37
8/16/2025,24.8,87.67,2.08,4.35,17.79,97.16,4.76
8/17/2025,24.91,89.34,3.4,4.08,15.48,97.22,3.89
8/18/2025,24.83,90.53,1.23,3.5,20.58,97.41,2.88
8/19/2025,24.73,88.59,0.26,3.62,21.3,97.41,3.57
8/20/2025,25.05,86.26,0.06,2.55,24.12,97.4,5.46
8/21/2025,25.01,85.35,0.6,2.07,23.2,97.46,6.02
8/22/2025,24.88,88.49,0.98,2.02,22.18,97.47,3.93
8/23/2025,24.69,89.05,1.04,2.56,20.33,97.46,3.28
8/24/2025,24.86,89.4,0.67,2.3,24.21,97.49,3.46
8/25/2025,25.76,84.83,0.39,2.8,23.51,97.4,6.95
8/26/2025,25.22,85.34,0.33,3.39,20.74,97.42,4.8
8/27/2025,25.26,85.22,3.07,4.07,19.81,97.44,5.9
8/28/2025,25.32,86.81,3.1,4.34,19.28,97.4,4.64
8/29/2025,25.41,87.71,1.49,3.91,20.47,97.49,4.29
8/30/2025,24.78,81.31,0.81,4.06,20.94,97.57,6
8/31/2025,25.02,85.75,0.64,3.88,17.82,97.48,5.17
9/1/2025,24.94,85.45,1.16,4.12,17.74,97.3,4.28
9/2/2025,24.66,86.71,0.45,3.86,21.31,97.31,3.72
9/3/2025,25.18,87.64,0.73,3.93,19.3,97.32,4.02
9/4/2025,25.28,83.38,0.19,4.04,22.37,97.36,6.71
9/5/2025,25.17,84.99,0.08,3.46,22.18,97.4,6.07
9/6/2025,25.61,84.78,0.09,3.68,19.7,97.4,6.19
9/7/2025,25.78,83.68,0.07,3.63,24.04,97.32,5.3
9/8/2025,25.45,86.5,2.37,2.8,20.24,97.28,3.51
9/9/2025,25.41,88.51,8.4,1.82,17.74,97.39,3.35
9/10/2025,25.32,87.47,5.95,2.25,19.89,97.44,4.28
9/11/2025,24.66,88.59,6.64,2.64,20.19,97.44,2.73
9/12/2025,25.17,85.19,1.64,2.92,21.46,97.38,4.58
9/13/2025,25.47,85.6,1.04,3.08,19.7,97.4,5.25
9/14/2025,25.12,87.06,0.44,2.51,20.09,97.48,4.07
9/15/2025,24.94,85.97,1.07,2.84,19.51,97.42,3.74
9/16/2025,24.83,89.01,3.81,2.43,16.53,97.42,2.81
9/17/2025,25.32,88.62,8.28,2.62,14.59,97.42,3.88
9/18/2025,24.62,91.35,18.21,2.61,9.34,97.48,1.95
9/19/2025,24.92,90.56,9.05,2.66,16.32,97.54,2.61
9/20/2025,25.22,86.5,2.05,2.86,20.08,97.48,5.08
9/21/2025,25.28,85.88,2.51,3.2,19.25,97.41,5.59
9/22/2025,25.48,87.26,5.25,3.33,18.93,97.5,5.32
9/23/2025,25.28,88.54,5.43,3.68,18.38,97.56,3.16
9/24/2025,25.03,88.11,8.99,3.84,14.96,97.47,3.31
9/25/2025,24.53,87.25,14.61,4.14,10.5,97.41,3.29
9/26/2025,24.03,90.03,21.47,3.84,11.43,97.44,2.29
9/27/2025,24.98,86.99,5.7,3.32,19.58,97.48,5.08
9/28/2025,25.36,85.22,1.86,3.42,20.54,97.52,5.73
9/29/2025,25.18,88.61,0.92,3.21,18.97,97.45,4.78
9/30/2025,25.23,89.83,3.5,2.98,22.87,97.34,3.13
10/1/2025,25.23,87.2,0.26,3.26,22.55,97.26,4.02
10/2/2025,25.32,85.61,0.13,2.22,23.24,97.4,4.31
10/3/2025,25.41,86.62,0.95,1.75,22.96,97.51,4.88
10/4/2025,25.03,89.19,11.97,1.52,14.2,97.6,2.68
10/5/2025,25,83.54,18.65,1.31,15.98,97.63,3.95
10/6/2025,25.11,84.33,4.6,1.72,21.67,97.63,6.16
10/7/2025,24.72,89.1,6.48,2.01,17.11,97.58,3.54
10/8/2025,24.97,88.11,3.08,1.49,20.12,97.58,4.1
10/9/2025,24.71,88.82,2.65,1.7,21.09,97.62,3.89
10/10/2025,24.59,88.69,3.01,2.15,17.42,97.53,4.02
10/11/2025,24.94,88.68,4.9,1.86,16.47,97.43,3.78
10/12/2025,25.33,87.33,8.38,1.24,17.65,97.36,4.7
10/13/2025,25.82,87.64,8.78,1.45,19.6,97.29,5.18
10/14/2025,24.85,90,27.36,1.4,18.73,97.13,1.35
10/15/2025,24.5,91.8,16.65,1.56,13.25,97.13,1.82
10/16/2025,24.73,90.95,11.33,1.79,18.55,97.18,2.7
10/17/2025,24.58,91.78,12.52,1.39,14.86,97.32,1.7
10/18/2025,24.14,92.12,11.32,1.89,15.07,97.32,1.55
10/19/2025,24.18,91.24,20.66,1.72,12.67,97.23,1.96
10/20/2025,23.78,92.75,58.76,2.95,13.55,97.15,1.13
10/21/2025,23.57,90.94,10.59,3.24,12.58,97.24,1.66
10/22/2025,24.39,89.97,14.94,2.9,14.83,97.38,2.88
10/23/2025,24.52,92.83,16.33,2.53,13.6,97.45,1.39
10/24/2025,24.11,89.21,10.3,2.1,11.4,97.51,2.2
10/25/2025,24.55,88.73,16.96,3.06,8.99,97.44,3.54
10/26/2025,24.88,88.2,2.78,2.66,17.23,97.4,4.09
10/27/2025,24.71,89.19,1.66,3.37,17.71,97.39,4.01
10/28/2025,25.15,87.92,1.83,3.19,19.61,97.42,4.48
10/29/2025,25.15,87.81,0.4,2.28,22.32,97.45,5.67
10/30/2025,25.26,86.31,0.04,1.88,22.83,97.52,6.37
10/31/2025,25.74,80.78,0.01,1.14,22.37,97.58,7.01
11/1/2025,25.76,83.7,0.14,0.67,21.46,97.62,5.61
11/2/2025,25.08,88.1,1.91,1.86,18.55,97.68,4.96
11/3/2025,24.48,86.55,0.23,2.11,22.2,97.62,5.25
11/4/2025,24.96,87.16,0.25,2.8,19.26,97.55,5.45
11/5/2025,24.78,86.83,2.87,2.8,19.88,97.43,6.23
11/6/2025,24.73,88.27,5.3,3.03,11.94,97.44,4.43
11/7/2025,24.51,90.12,6.86,2.08,15.48,97.5,2.82
11/8/2025,24.92,87.72,9.27,1.52,15.56,97.53,3.79
11/9/2025,25.08,82.08,5.14,1.23,18.48,97.49,6.69
11/10/2025,24.09,89.43,9.76,1.5,13.79,97.52,2.43
11/11/2025,24.67,89.37,12.13,1.59,18.32,97.52,3.43
11/12/2025,25.73,84.49,10.94,0.82,17.03,97.49,5.77
11/13/2025,25.11,88.7,21.43,1.65,18.34,97.57,3.57
11/14/2025,25.23,87.39,5.47,1.04,17.04,97.5,3.7
11/15/2025,24.72,89.7,7.83,1.57,16.61,97.49,2.34
11/16/2025,24.67,92.68,3.11,1.23,17.87,97.51,1.33
11/17/2025,24.67,88.87,70.1,0.6,13.4,97.52,1.83
11/18/2025,23.76,91.8,51.47,1.37,12.48,97.53,1.94
11/19/2025,24.45,85.17,7.61,0.9,19.85,97.5,3.01
11/20/2025,25.19,86.12,5.42,0.72,17.45,97.5,3.51
11/21/2025,25.52,87.93,9.85,0.99,17.26,97.55,4.55
11/22/2025,24.86,88.69,27.4,0.87,16.37,97.55,2.75
11/23/2025,24.35,92.27,23.63,1.27,13.25,97.52,1.18
11/24/2025,23.88,95.93,65.65,2.24,14.36,97.49,0.26
11/25/2025,23.7,93.31,18.67,2.7,12.76,97.47,1.04
11/26/2025,23.83,94,72.36,1.94,9.49,97.42,0.44
11/27/2025,24.12,95.45,128.77,3.54,3.88,97.02,0.29
11/28/2025,22.87,92.55,32.76,5.62,7.56,97.2,1.61
11/29/2025,22.71,90.28,2.63,3.63,10.84,97.34,2.78
11/30/2025,23.24,89.3,0.33,2.02,22.27,97.43,3.5
12/1/2025,23.98,91.9,1.16,1.94,16.15,97.47,2.28
12/2/2025,23.94,86.42,0.2,1.44,21.49,97.46,4.81
12/3/2025,24.58,85.92,0.85,0.95,19.67,97.52,4.98
12/4/2025,24.79,84.87,3.36,0.77,16.88,97.59,5.03
12/5/2025,24.66,87.76,14.31,1.2,17.17,97.58,3.26
12/6/2025,24.48,85.64,14.51,1.03,16.57,97.62,3.38
12/7/2025,24.53,89.95,8.92,1.24,19.61,97.61,2.73
12/8/2025,24.84,85.63,4.84,1.41,19.62,97.53,4.15
12/9/2025,24.11,88.89,15.09,1.16,12.93,97.49,1.65
12/10/2025,24.06,86.07,4.47,1.23,12.45,97.51,2.53
12/11/2025,24.23,89.71,11.5,1.52,12.83,97.49,2.96
12/12/2025,23.98,89.5,9.84,1.16,16.03,97.45,2.05
12/13/2025,24.02,86.92,3.66,1.62,16.86,97.48,4.8
12/14/2025,23.75,87.12,2.6,1.85,16.78,97.5,4.77
12/15/2025,24.15,86.54,1.57,1.76,20.11,97.46,5.13
12/16/2025,24.42,87.8,1.23,1.82,18.81,97.45,4.84
12/17/2025,24.32,89.28,14.87,1.7,11.76,97.51,2.62
12/18/2025,24.78,88.6,24.86,2.36,11.92,97.48,3.68
12/19/2025,24.02,87.82,13.54,2.1,13.8,97.43,4.29
12/20/2025,23.11,87.83,14.28,1.51,16.35,97.41,2.63
12/21/2025,23.95,87.22,5.27,2.18,13.23,97.42,4.4
12/22/2025,23.94,85.93,0.47,1.83,17.95,97.4,5.58
12/23/2025,23.9,85.85,3.66,1.71,20.37,97.38,5.51
12/24/2025,23.38,87.93,3.61,1.53,17.06,97.42,2.62
12/25/2025,23.57,84.65,1.05,1.49,17.38,97.52,5.56
12/26/2025,23.4,83.26,0.12,1.72,20.72,97.49,6.31
12/27/2025,23.6,83.15,0.54,1.62,16.87,97.5,6.5
12/28/2025,24.09,85.42,4.15,1.36,17.66,97.54,6.36
12/29/2025,24.98,85.75,1.65,1.14,16.85,97.48,6.33
12/30/2025,25.22,85.45,0.45,1.29,19.76,97.46,5.81
12/31/2025,24.38,90.96,23.45,1.81,16.72,97.35,1.8
1/1/2026,24.42,90.16,14.58,1.78,15.71,97.44,2.67
1/2/2026,24.2,86.99,1.87,0.95,10.58,97.57,2.01
1/3/2026,23.55,86.58,0.61,2.2,18.67,97.56,4.05
1/4/2026,23.4,86.36,0.76,2.59,18.49,97.57,5.1
1/5/2026,23.67,88.88,6.7,1.91,13.76,97.57,2.94
1/6/2026,23.64,89.26,10.4,2.29,10.82,97.54,3.43
1/7/2026,22.97,86.6,0.63,3.09,15.7,97.61,4.04
1/8/2026,23.01,90.31,3.64,2.33,9.49,97.62,1.8
1/9/2026,23.6,93.65,1.76,1.66,16.19,97.48,1.05
1/10/2026,24.4,88.02,1.22,0.96,13.6,97.55,5.5
1/11/2026,24.06,89.57,3.69,1.78,16.46,97.72,4.72
1/12/2026,24.09,86.92,10.51,1.7,14.38,97.79,5.11
1/13/2026,24.46,86.06,7.36,1.24,18.56,97.75,6.14
1/14/2026,23.93,85.27,0.91,1.67,20.75,97.67,6.76
1/15/2026,23.15,83.26,0.47,1.66,21.67,97.57,7.35
1/16/2026,22.44,84.19,0.47,2.23,21.02,97.6,6.26
1/17/2026,22.69,82.13,0,1.49,21.79,97.48,7.24
1/18/2026,23.04,81.66,0.01,0.98,22.18,97.48,7.63
1/19/2026,23,80.71,0,1.26,21.17,97.55,7.15
1/20/2026,22.18,81.06,0,1.47,22.14,97.49,7.59
1/21/2026,21.66,83.12,0.02,1.88,20.67,97.56,7.25
1/22/2026,22.01,82.11,0.03,1.4,22.29,97.65,7.49
1/23/2026,22.43,77.01,0,1.03,23.3,97.72,8.6
1/24/2026,24.59,83.06,0.24,0.97,20.76,97.65,8.42
1/25/2026,24.86,87.03,1.99,1.24,19.7,97.63,7.3
1/26/2026,24.42,83.4,1.15,1.89,20.04,97.74,7.72
1/27/2026,23.76,84.21,0.72,2.18,20.08,97.78,7.38
1/28/2026,22.27,81.9,0,2.15,23.92,97.73,7.56
1/29/2026,22.66,80.49,0.39,1.27,23.12,97.68,8.17
1/30/2026,23.48,83.85,7.95,1.09,10.44,97.72,6.82
1/31/2026,23.61,88.06,7.32,1.74,17.61,97.68,5.14
2/1/2026,24.25,86.56,7.03,0.63,19.01,97.81,7.1
2/2/2026,24.13,87,9.13,0.81,18.81,97.79,5.65
2/3/2026,24.11,84.32,0.7,0.71,17.08,97.83,6.79
2/4/2026,24.46,81.06,1.26,0.89,13.77,97.79,9.21
2/5/2026,24.27,85.69,16.74,0.8,9.44,97.83,6.89
2/6/2026,24.17,86.93,6.15,0.89,8.99,97.83,5.77
2/7/2026,24.42,87.46,7.55,0.76,11.42,97.75,5.13
2/8/2026,24.34,81.6,0.11,0.78,18.88,97.68,7.86
2/9/2026,23.63,78.71,0.16,0.76,20.76,97.7,9.38
2/10/2026,23.2,78.91,0.04,0.66,22.34,97.78,8.9
2/11/2026,23.01,81.57,0.04,0.74,19.94,97.83,6.51
2/12/2026,24.14,84.24,3.94,0.73,11.65,97.75,6.3
2/13/2026,24.13,83.65,2.37,0.83,15.15,97.65,6.87
2/14/2026,24.1,86.4,9.43,0.81,4.59,97.6,5.8
2/15/2026,23.84,86.13,1.61,0.64,6.9,97.61,4.58
2/16/2026,23.3,85.35,0.22,0.71,18.92,97.53,6.1
2/17/2026,22.4,95.44,12.05,0.61,9.77,97.53,1.13
2/18/2026,22.87,93.69,8.71,0.79,11.71,97.53,1.42
2/19/2026,24.04,88.27,7.41,0.92,16.79,97.54,5.95
2/20/2026,24.22,89.76,6.91,0.67,13.44,97.58,4.32
2/21/2026,23.96,90.56,13.24,0.69,7.75,97.47,3.8
2/22/2026,23.72,91.2,1.89,0.85,17.36,97.35,2.29
2/23/2026,24.96,85.36,0.9,0.89,23.24,97.33,7.41
2/24/2026,25.68,82.04,0.63,0.39,22.18,97.44,10.65
2/25/2026,25.5,81.72,1.96,0.4,22.34,97.62,8.74
2/26/2026,25.24,80.53,1.16,0.54,21.54,97.58,9.98
2/27/2026,25.27,77.49,0.92,0.29,22.24,97.43,13.94
2/28/2026,25.05,78.4,1.27,0.44,23.6,97.44,9.6
3/1/2026,24.75,72.92,0.14,0.5,25.21,97.5,10.72
3/2/2026,24.42,72.31,0,0.44,24.95,97.58,10.68
3/3/2026,24.17,77.76,0.72,0.46,24.23,97.65,9.11
3/4/2026,24.75,78.62,1.22,0.55,24.03,97.69,9.71
3/5/2026,25.06,81.26,2.44,0.54,22.51,97.63,10.29
3/6/2026,25.27,80.96,2,0.64,23.01,97.56,9.52
3/7/2026,25.16,82.56,6.48,0.53,24.51,97.6,9
3/8/2026,25.24,78.77,2.1,0.55,22.88,97.61,10.61
3/9/2026,24.57,77.17,0.81,0.56,24.91,97.65,10.22
3/10/2026,24.48,77.18,0.11,0.62,25.23,97.73,11.72
3/11/2026,25.27,80.51,2.45,0.66,24.51,97.69,10.83
3/12/2026,25.35,81.96,4.58,0.52,-999,97.56,9.47
