Factory,Name,ProdYear,ProdMonth,ManOwnLeaf,ManBoughtLeaf,ManOtherEstate,TotalProduction,DuringTheMonth
BF0143,Templevally,2025,1,0,14806,0,14806,1477
BF0143,Templevally,2025,2,0,10933,0,10933,1095
BF0143,Templevally,2025,3,0,17276,0,17276,1730
BF0143,Templevally,2025,4,0,15870,0,15870,1587
BF0143,Templevally,2025,5,0,13425,0,13425,1343
BF0143,Templevally,2025,6,0,14343,0,14343,1434
BF0143,Templevally,2025,7,0,19581,0,19581,1958
BF0143,Templevally,2025,8,0,19585,0,19585,1959
BF0143,Templevally,2025,9,0,19337,0,19337,1934
BF0143,Templevally,2025,10,0,23341,0,23341,2334
BF0143,Templevally,2025,11,0,21181,0,21181,2118
BF0143,Templevally,2025,12,0,24364,0,24364,2436
BF0150,Sherwood ,2025,1,0,36398,0,36398,1915
BF0150,Sherwood ,2025,2,0,29267,0,29267,1540
BF0150,Sherwood ,2025,3,0,58449,0,58449,3068
BF0150,Sherwood ,2025,4,0,53934,0,53934,2837
BF0150,Sherwood ,2025,6,0,42337,0,42337,2228
BF0150,Sherwood ,2025,7,0,29570,0,29570,1558
BF0150,Sherwood ,2025,8,0,18355,0,18355,969
BF0150,Sherwood ,2025,9,0,21621,0,21621,1140
BF0150,Sherwood ,2025,10,0,37885,0,37885,3515
BF0150,Sherwood ,2025,11,0,47401,0,47401,4120
BF0150,Sherwood ,2025,12,0,37224,0,37224,3235
BF0155,GANGALAGAMUWA,2025,1,0,52925,0,52925,2544
BF0155,GANGALAGAMUWA,2025,2,0,37035,0,37035,1795
BF0155,GANGALAGAMUWA,2025,3,0,53185,0,53185,2575
BF0155,GANGALAGAMUWA,2025,4,0,66559,0,66559,3249
BF0155,GANGALAGAMUWA,2025,5,0,82613,0,82613,4003
BF0155,GANGALAGAMUWA,2025,6,0,67401,0,67401,3238
BF0155,GANGALAGAMUWA,2025,7,0,56235,0,56235,2731
BF0155,GANGALAGAMUWA,2025,8,0,47194,0,47194,2271
BF0155,GANGALAGAMUWA,2025,9,0,51740,0,51740,2492
BF0155,GANGALAGAMUWA,2025,10,0,50254,0,50254,2444
BF0155,GANGALAGAMUWA,2025,11,0,27172,0,27172,1279
BF0155,GANGALAGAMUWA,2025,12,0,26028,0,26028,1281
HT0002,ECO,2025,1,2.5,0,0,2.5,3.95
HT0002,ECO,2025,2,52,0,0,52,3
HT0002,ECO,2025,3,47.05,0,0,47.05,3.3
HT0002,ECO,2025,4,27.67,0,0,27.67,1.95
HT0002,ECO,2025,5,88.5,0,0,88.5,5.8
HT0002,ECO,2025,6,47.34,0,0,47.34,4.4
HT0002,ECO,2025,7,76.58,0,0,76.58,6.5
HT0002,ECO,2025,8,58.76,0,0,58.76,29.92
HT0002,ECO,2025,9,49.67,0,0,49.67,17.44
HT0002,ECO,2025,10,45.76,0,0,45.76,12.7
HT0002,ECO,2025,11,28.26,0,0,28.26,9.8
HT0002,ECO,2025,12,35.38,0,0,35.38,8.9
HT0007,C R A Ceylon Hand Made,2025,1,0,0,0,0,0
HT0007,C R A Ceylon Hand Made,2025,2,0,0,0,0,0
HT0007,C R A Ceylon Hand Made,2025,3,0,0,0,0,0
HT0007,C R A Ceylon Hand Made,2025,4,0,0,0,0,0
HT0007,C R A Ceylon Hand Made,2025,5,0,0,0,0,0
HT0007,C R A Ceylon Hand Made,2025,6,0,0,0,0,0
HT0007,C R A Ceylon Hand Made,2025,10,0,0,0,0,0
HT0012,Forest Hill Specialty Hand Made,2025,5,18.43,41.06,0,59.49,0
HT0012,Forest Hill Specialty Hand Made,2025,6,60.61,50.35,0,110.96,0
HT0012,Forest Hill Specialty Hand Made,2025,8,34.13,92.71,0,126.84,0
HT0012,Forest Hill Specialty Hand Made,2025,9,11.39,90.17,0,101.56,0
HT0012,Forest Hill Specialty Hand Made,2025,10,37.23,129.22,0,166.45,0
HT0012,Forest Hill Specialty Hand Made,2025,11,8.72,127.02,0,135.74,0
HT0016,Kurundugahadola Specialty Hand Made,2025,7,0,0,0,0,0
HT0016,Kurundugahadola Specialty Hand Made,2025,11,0,0,0,0,0
HT0020,Hidden Hills Hand Made ,2025,6,93.4,0,0,93.4,0
HT0020,Hidden Hills Hand Made ,2025,7,107.91,0,0,107.91,0
HT0020,Hidden Hills Hand Made ,2025,8,77.1,0,0,77.1,0
HT0020,Hidden Hills Hand Made ,2025,9,75.4,0,0,75.4,0
HT0020,Hidden Hills Hand Made ,2025,10,80.6,0,0,80.6,0
HT0020,Hidden Hills Hand Made ,2025,11,53.2,0,0,53.2,0
HT0020,Hidden Hills Hand Made ,2025,12,89,0,0,89,0
HT0023,Rocky Mark Hand Made Tea ,2025,1,10,28,0,38,0
HT0023,Rocky Mark Hand Made Tea ,2025,2,18,38,0,56,0
HT0023,Rocky Mark Hand Made Tea ,2025,3,12,17,0,29,0
HT0023,Rocky Mark Hand Made Tea ,2025,4,15,30,0,45,0
HT0023,Rocky Mark Hand Made Tea ,2025,5,10,12,0,22,0
HT0023,Rocky Mark Hand Made Tea ,2025,6,8,12,0,20,0
HT0040,Sun Green Handmade,2025,10,3,0,0,3,0
HT0046,Sense Artisanal Tea Handmade,2025,7,0,0,0,0,0
HT0061,Rasenro Handmade,2025,6,72,0,0,72,14
HT0061,Rasenro Handmade,2025,7,86,0,0,86,17
HT0061,Rasenro Handmade,2025,10,0,0,0,0,0
HT0061,Rasenro Handmade,2025,12,16,0,0,16,3
HT0064,N N Enterprise Handmade,2025,6,100,0,0,100,0
HT0064,N N Enterprise Handmade,2025,8,0,0,0,0,0
HT0064,N N Enterprise Handmade,2025,9,10,0,0,10,0
MF0083,Rilhena ,2025,1,0,10497,0,10497,1239
MF0083,Rilhena ,2025,2,0,6270,0,6270,748
MF0083,Rilhena ,2025,3,0,11352,0,11352,1118
MF0083,Rilhena ,2025,4,0,21657,0,21657,2964
MF0083,Rilhena ,2025,5,0,12981,0,12981,2044
MF0083,Rilhena ,2025,6,0,10570.5,0,10570.5,1608
MF0083,Rilhena ,2025,7,0,3721.5,0,3721.5,1713
MF0083,Rilhena ,2025,8,0,0,0,0,2
MF0083,Rilhena ,2025,9,0,0,0,0,183
MF0083,Rilhena ,2025,10,0,0,0,0,6
MF0083,Rilhena ,2025,12,0,0,0,0,0
MF0085,Noori ,2025,1,0,42430,0,42430,4434
MF0085,Noori ,2025,2,0,21319,0,21319,2923
MF0085,Noori ,2025,3,0,44219,0,44219,4102
MF0085,Noori ,2025,4,0,39896,0,39896,4004
MF0085,Noori ,2025,5,0,40346.5,0,40346.5,3083
MF0085,Noori ,2025,6,0,41132,0,41132,3426
MF0085,Noori ,2025,7,0,43128,0,43128,3274
MF0085,Noori ,2025,8,0,40947,0,40947,2065
MF0085,Noori ,2025,9,0,64983,0,64983,2350
MF0085,Noori ,2025,10,0,50830,0,50830,2226
MF0085,Noori ,2025,11,0,45359,0,45359,2003
MF0085,Noori ,2025,12,0,39220,0,39220,1690
MF0103,Opatha ,2025,1,3601,7592,0,11193,1472
MF0103,Opatha ,2025,2,2353,5468,0,7821,766
MF0103,Opatha ,2025,3,4097,9890,0,13987,1392
MF0103,Opatha ,2025,4,4211,0,15990,20201,2551
MF0103,Opatha ,2025,5,3722,15904,0,19626,2634
MF0103,Opatha ,2025,6,3527,12982,0,16509,2265
MF0103,Opatha ,2025,7,3226,7406,0,10632,1471
MF0103,Opatha ,2025,8,2912,6074,0,8986,1086
MF0103,Opatha ,2025,9,3557,4841,0,8398,0
MF0103,Opatha ,2025,10,3528,6115,0,9643,982
MF0103,Opatha ,2025,11,0,14808,0,14808,1494
MF0103,Opatha ,2025,12,0,13847,0,13847,1617
MF0104,Wellandura ,2025,1,6716,23145,0,29861,3500
MF0104,Wellandura ,2025,2,4684,15431,0,20115,2275
MF0104,Wellandura ,2025,3,7730,26422,0,34152,3960
MF0104,Wellandura ,2025,4,6778,24527,0,31305,4222
MF0104,Wellandura ,2025,5,7151,20373,433,27957,3802
MF0104,Wellandura ,2025,6,6649,20791,0,27440,3698
MF0104,Wellandura ,2025,7,6873.5,15832,0,22705.5,3428
MF0104,Wellandura ,2025,8,7092,10824,0,17916,2343
MF0104,Wellandura ,2025,9,8200,13650,0,21850,2817
MF0104,Wellandura ,2025,10,7323,18632,0,25955,3171
MF0104,Wellandura ,2025,11,0,23955,0,23955,2549
MF0104,Wellandura ,2025,12,0,22814,0,22814,2823
MF0106,Mahawale ,2025,1,8719.5,0,0,8719.5,27203
MF0106,Mahawale ,2025,2,5086,7272.5,0,12358.5,28000
MF0106,Mahawale ,2025,3,13428,0,0,13428,39109
MF0106,Mahawale ,2025,4,8908.5,0,0,8908.5,22168
MF0106,Mahawale ,2025,5,0,22724,0,22724,56323
MF0106,Mahawale ,2025,6,0,21612.5,0,21612.5,35331
MF0106,Mahawale ,2025,7,0,19853,0,19853,36597
MF0106,Mahawale ,2025,8,0,13479.5,0,13479.5,32170
MF0106,Mahawale ,2025,9,0,12019.5,0,12019.5,30362
MF0106,Mahawale ,2025,10,0,11914,0,11914,27216
MF0106,Mahawale ,2025,11,0,11508,0,11508,25117
MF0106,Mahawale ,2025,12,9011.5,0,0,9011.5,21233
MF0107,Nilagama ,2025,1,3511.5,5923,9319,18753.5,2350
MF0107,Nilagama ,2025,2,3322,4269,9989,17580,2040
MF0107,Nilagama ,2025,3,4744,8247,14513,27504,2935
MF0107,Nilagama ,2025,4,5584,6927,14754,27265,2927
MF0107,Nilagama ,2025,5,5029,7395,13921,26345,3572
MF0107,Nilagama ,2025,6,4094,10320,11338,25752,3158
MF0107,Nilagama ,2025,7,4413,7525,11692,23630,3206
MF0107,Nilagama ,2025,8,4008,4510,10859,19377,2432
MF0107,Nilagama ,2025,9,4281,2992,13011,20284,2516
MF0107,Nilagama ,2025,10,4654,2217,13553,20424,2620
MF0107,Nilagama ,2025,11,4161,0,21957,26118,3000
MF0107,Nilagama ,2025,12,3840,0,23232,27072,2938
MF0108,Poronuwa,2025,3,0,0,0,0,215
MF0108,Poronuwa,2025,10,0,0,0,0,0
MF0168,ENDANE,2025,1,25364,0,1586,26950,2454
MF0168,ENDANE,2025,2,17699,0,0,17699,2079
MF0168,ENDANE,2025,3,29781,0,0,29781,2658
MF0168,ENDANE,2025,4,26777,0,1036,27813,2592
MF0168,ENDANE,2025,5,21798,0,0,21798,2443
MF0168,ENDANE,2025,6,23222,0,0,23222,2592
MF0168,ENDANE,2025,7,26896,0,0,26896,2561
MF0168,ENDANE,2025,8,23648,0,0,23648,2493
MF0168,ENDANE,2025,9,28204,0,0,28204,2885
MF0168,ENDANE,2025,10,27981.5,0,0,27981.5,2700
MF0168,ENDANE,2025,11,21776,0,13770,35546,3488
MF0168,ENDANE,2025,12,20676,0,14959,35635,3600
MF0181,Ceciliyan ,2025,1,2666,140881,0,143547,2975
MF0181,Ceciliyan ,2025,1,0,199072,0,199072,3450
MF0181,Ceciliyan ,2025,2,2081,90625,0,92706,3050
MF0181,Ceciliyan ,2025,2,0,135661,0,135661,3755
MF0181,Ceciliyan ,2025,3,204762,0,0,204762,1940
MF0181,Ceciliyan ,2025,3,123156,0,0,123156,3500
MF0181,Ceciliyan ,2025,4,3284,109906,0,113190,1200
MF0181,Ceciliyan ,2025,4,0,224859,0,224859,1834
MF0181,Ceciliyan ,2025,5,2812,99466,0,102278,2000
MF0181,Ceciliyan ,2025,5,0,248935,0,248935,2635
MF0181,Ceciliyan ,2025,6,2922,74595,0,77517,5769
MF0181,Ceciliyan ,2025,6,0,224472,0,224472,3326
MF0181,Ceciliyan ,2025,7,3545,104172,0,107717,6344
MF0181,Ceciliyan ,2025,7,0,231968,0,231968,3416
MF0181,Ceciliyan ,2025,8,0,137537,0,137537,4539
MF0181,Ceciliyan ,2025,8,0,188807,0,188807,6266
MF0181,Ceciliyan ,2025,9,2695,134049,0,136744,4102
MF0181,Ceciliyan ,2025,9,0,226073,0,226073,7118
MF0181,Ceciliyan ,2025,10,0,128478,0,128478,3420
MF0181,Ceciliyan ,2025,10,0,0,233967,233967,6340
MF0181,Ceciliyan ,2025,11,2971,97263,0,100234,1950
MF0181,Ceciliyan ,2025,11,0,231468,0,231468,4505
MF0181,Ceciliyan ,2025,12,2933,123742,0,126675,3850
MF0181,Ceciliyan ,2025,12,0,206960,0,206960,6425
MF0183,New Kandagastenne ,2025,1,56722,0,0,56722,2367
MF0183,New Kandagastenne ,2025,2,0,38496,0,38496,2310
MF0183,New Kandagastenne ,2025,3,0,62493,0,62493,3764
MF0183,New Kandagastenne ,2025,4,0,69226,0,69226,4168
MF0183,New Kandagastenne ,2025,5,0,73016,0,73016,3730
MF0183,New Kandagastenne ,2025,6,0,60650,0,60650,3036
MF0183,New Kandagastenne ,2025,7,0,70308,0,70308,3555
MF0183,New Kandagastenne ,2025,8,0,77409,0,77409,3953
MF0183,New Kandagastenne ,2025,9,0,75008,0,75008,3780
MF0183,New Kandagastenne ,2025,10,0,71484,0,71484,3061
MF0183,New Kandagastenne ,2025,11,0,60554,0,60554,2992
MF0183,New Kandagastenne ,2025,12,0,49995,0,49995,2206
MF0200,Pettiyagalla ,2025,1,11648,1733,4437,17818,2405
MF0200,Pettiyagalla ,2025,2,11201,1101,3374,15676,3837
MF0200,Pettiyagalla ,2025,3,15294,2077,5114,22485,3276
MF0200,Pettiyagalla ,2025,4,16893,2251,5823,24967,3765
MF0200,Pettiyagalla ,2025,5,15289,2743,5235,23267,4307
MF0200,Pettiyagalla ,2025,6,10729,3296,4704,18729,3447
MF0200,Pettiyagalla ,2025,7,10335,3013,3077,16425,2688
MF0200,Pettiyagalla ,2025,8,10620,1664,3222,15506,2552
MF0200,Pettiyagalla ,2025,9,12961,840,6800,20601,4120
MF0200,Pettiyagalla ,2025,10,11450,1663,10230,23343,4081
MF0200,Pettiyagalla ,2025,11,11775,1278,9625,22678,4880
MF0200,Pettiyagalla ,2025,12,11217,520.5,8933,20670.5,4602
MF0210,Haughton ,2025,1,3960,49501.5,0,53461.5,4489
MF0210,Haughton ,2025,2,2409,34945,0,37354,3182
MF0210,Haughton ,2025,3,3390,0,61310.5,64700.5,5478
MF0210,Haughton ,2025,4,3768,64797,0,68565,5894
MF0210,Haughton ,2025,5,4026,65591,0,69617,5778
MF0210,Haughton ,2025,6,2993,56666,0,59659,4991
MF0210,Haughton ,2025,7,2988,51767.5,0,54755.5,4572
MF0210,Haughton ,2025,8,2695,45598,0,48293,4101
MF0210,Haughton ,2025,9,3430,47404,0,50834,4078
MF0210,Haughton ,2025,10,3152,37194,0,40346,3492
MF0210,Haughton ,2025,11,2776,28125,0,30901,2605
MF0210,Haughton ,2025,12,2922,22518,0,25440,2198
MF0236,Pambagama ,2025,1,10084,19636,10494,40214,9319
MF0236,Pambagama ,2025,2,7211,13886,7462,28559,7254
MF0236,Pambagama ,2025,3,11559,21198,11419,44176,9800
MF0236,Pambagama ,2025,4,12364,23242,10883,46489,8875
MF0236,Pambagama ,2025,5,12508,23379,10915,46802,7473
MF0236,Pambagama ,2025,6,10905,20316.5,9506,40727.5,8088
MF0236,Pambagama ,2025,7,14284,22183,11522,47989,8824
MF0236,Pambagama ,2025,8,10605,19036,10861,40502,7035
MF0236,Pambagama ,2025,9,12154,18570,6115,36839,5533
MF0236,Pambagama ,2025,10,11918,20770,676,33364,4913
MF0236,Pambagama ,2025,11,11701,16905,5548,34154,4527
MF0236,Pambagama ,2025,12,10497,16173,9661,36331,4799
MF0258,Balangoda Tea Shakthi,2025,1,0,21272,0,21272,1530
MF0258,Balangoda Tea Shakthi,2025,3,0,29910,0,29910,3312
MF0258,Balangoda Tea Shakthi,2025,4,0,27424,0,27424,3042
MF0258,Balangoda Tea Shakthi,2025,5,0,27511,0,27511,3055
MF0258,Balangoda Tea Shakthi,2025,6,0,15154,0,15154,1671
MF0258,Balangoda Tea Shakthi,2025,7,0,14441,0,14441,1603
MF0258,Balangoda Tea Shakthi,2025,8,0,15954,0,15954,1760
MF0258,Balangoda Tea Shakthi,2025,9,0,15239,0,15239,1220
MF0258,Balangoda Tea Shakthi,2025,10,0,23358,0,23358,2586
MF0258,Balangoda Tea Shakthi,2025,11,0,17407,0,17407,1921
MF0258,Balangoda Tea Shakthi,2025,12,0,21078,0,21078,1831
MF0262,Upper Balangoda,2025,1,537,15860,0,16397,1426
MF0262,Upper Balangoda,2025,2,445,10890,0,11335,986
MF0262,Upper Balangoda,2025,3,681,25472,0,26153,2274
MF0262,Upper Balangoda,2025,4,984,27470,0,28454,2475
MF0262,Upper Balangoda,2025,5,786,29702,0,30488,2651
MF0262,Upper Balangoda,2025,6,628,29707,0,30335,2638
MF0262,Upper Balangoda,2025,7,352,28649,0,29001,2522
MF0262,Upper Balangoda,2025,8,781,18526,0,19307,1679
MF0262,Upper Balangoda,2025,9,564,22516,0,23080,2007
MF0262,Upper Balangoda,2025,10,983,23913,0,24896,2165
MF0262,Upper Balangoda,2025,11,934,24258,0,25192,2190
MF0262,Upper Balangoda,2025,12,1113,20629,0,21742,1892
MF0263,Wewawatte,2025,1,962,19003,0,19965,1691
MF0263,Wewawatte,2025,2,684,14561,0,15245,1074
MF0263,Wewawatte,2025,3,1075,27059,0,28134,2590
MF0263,Wewawatte,2025,4,1415,29367,0,30782,2618
MF0263,Wewawatte,2025,5,1320,31903,0,33223,2824
MF0263,Wewawatte,2025,6,1030,26968,0,27998,2380
MF0263,Wewawatte,2025,7,781,20272,0,21053,1790
MF0263,Wewawatte,2025,8,776,17231,0,18007,1531
MF0263,Wewawatte,2025,9,772,19393,0,20165,1714
MF0263,Wewawatte,2025,10,793,23869,0,24662,2096
MF0263,Wewawatte,2025,11,1340,26448,0,27788,2362
MF0263,Wewawatte,2025,12,978,23916,0,24894,2116
MF0293,Kelani ,2025,1,2256,26196.5,9124,37576.5,2917
MF0293,Kelani ,2025,2,1163,21053,5748,27964,3040
MF0293,Kelani ,2025,3,1563,32504,8700,42767,3646
MF0293,Kelani ,2025,4,2730,32362.5,10280,45372.5,3252
MF0293,Kelani ,2025,5,1989,27689,9437,39115,4159
MF0293,Kelani ,2025,6,2108,28302,8622,39032,5051
MF0293,Kelani ,2025,7,1919,29929,9120,40968,5012
MF0293,Kelani ,2025,8,1911,27183.5,7096,36190.5,4571
MF0293,Kelani ,2025,9,2168,30143,8569,40880,4540
MF0293,Kelani ,2025,10,2247,28111,7558,37916,4086
MF0293,Kelani ,2025,11,1873,23359,6660,31892,3406
MF0293,Kelani ,2025,12,2193,31403,8339,41935,4163
MF0295,Kuttapitiya ,2025,1,0,72567,0,72567,8891
MF0295,Kuttapitiya ,2025,2,0,52771,0,52771,6862
MF0295,Kuttapitiya ,2025,3,0,87564,0,87564,10507
MF0295,Kuttapitiya ,2025,4,0,86096,0,86096,11208
MF0295,Kuttapitiya ,2025,5,0,79741,0,79741,10237
MF0295,Kuttapitiya ,2025,6,0,72441,0,72441,9193
MF0295,Kuttapitiya ,2025,7,0,71278,0,71278,8520
MF0295,Kuttapitiya ,2025,8,0,70968,0,70968,8225
MF0295,Kuttapitiya ,2025,9,0,71645,0,71645,8904
MF0295,Kuttapitiya ,2025,10,0,73004,0,73004,9490
MF0295,Kuttapitiya ,2025,11,0,66354,0,66354,8136
MF0295,Kuttapitiya ,2025,12,0,0,0,0,8489
MF0296,DOLOSWELLA,2025,1,7236,18189,7633,33058,4569
MF0296,DOLOSWELLA,2025,2,5241,11481,5005,21727,3092
MF0296,DOLOSWELLA,2025,3,7709,17113,8178,33000,3907
MF0296,DOLOSWELLA,2025,4,8009,15130,8161,31300,3957
MF0296,DOLOSWELLA,2025,5,7721,17460,7508,32689,5428
MF0296,DOLOSWELLA,2025,6,6804,14669,7297,28770,4446
MF0296,DOLOSWELLA,2025,7,7482,16927,9067,33476,5009
MF0296,DOLOSWELLA,2025,8,7408,19569,8847,35824,5106
MF0296,DOLOSWELLA,2025,9,8310,19960,8841,37111,6017
MF0296,DOLOSWELLA,2025,10,8563,21287,9285,39135,5962
MF0296,DOLOSWELLA,2025,11,6922,17591,7255,31768,5209
MF0296,DOLOSWELLA,2025,12,9084,23145,8833,41062,5912
MF0353,YATIDERIYA,2025,1,8675,26895,228,35798,4784
MF0353,YATIDERIYA,2025,2,6075,16220,0,22295,3166
MF0353,YATIDERIYA,2025,3,8298,28833,0,37131,4442
MF0353,YATIDERIYA,2025,4,9811.5,40266,0,50077.5,5839
MF0353,YATIDERIYA,2025,5,8982.5,36088,0,45070.5,5096
MF0353,YATIDERIYA,2025,6,7855.5,34425,0,42280.5,4912
MF0353,YATIDERIYA,2025,7,9566.5,33921,0,43487.5,5279
MF0353,YATIDERIYA,2025,8,8006.5,30687,0,38693.5,4874
MF0353,YATIDERIYA,2025,9,9808.5,35727,0,45535.5,6113
MF0353,YATIDERIYA,2025,10,8952,34395,0,43347,6353
MF0353,YATIDERIYA,2025,11,7826.5,28327,0,36153.5,5011
MF0353,YATIDERIYA,2025,12,8020,29225,0,37245,5111
MF0367,Cecilton ,2025,1,13057,6438,5865,25360,3504
MF0367,Cecilton ,2025,2,9360,4215,3100,16675,2060
MF0367,Cecilton ,2025,3,17578,6395,7147,31120,4010
MF0367,Cecilton ,2025,4,15000,8080,5886,28966,3600
MF0367,Cecilton ,2025,5,17340,12010,7450,36800,4782
MF0367,Cecilton ,2025,6,12670,8950,5160,26780,3440
MF0367,Cecilton ,2025,7,12592,9620,7308,29520,4006
MF0367,Cecilton ,2025,8,10776,8270,5734,24780,3616
MF0367,Cecilton ,2025,9,13153,6842,4785,24780,3525
MF0367,Cecilton ,2025,10,14616,8734,0,23350,3320
MF0367,Cecilton ,2025,11,16922,8690,0,25612,3498
MF0367,Cecilton ,2025,12,12411,6286,0,18697,2343
MF0369,MARATENNE,2025,1,35151,0,10837,45988,5350
MF0369,MARATENNE,2025,2,30288,7466,0,37754,6188
MF0369,MARATENNE,2025,3,58493,8955,0,67448,11331
MF0369,MARATENNE,2025,4,48274,6655,0,54929,8417
MF0369,MARATENNE,2025,5,53497,6254,0,59751,7535
MF0369,MARATENNE,2025,6,51804,5633,0,57437,6704
MF0369,MARATENNE,2025,7,45008,9144,0,54152,7576
MF0369,MARATENNE,2025,8,43862,3293,0,47155,7985
MF0369,MARATENNE,2025,9,46712,4814,2288,53814,9025
MF0369,MARATENNE,2025,10,53046,2663,7346,63055,10549
MF0369,MARATENNE,2025,11,64209,3337,0,67546,10179
MF0369,MARATENNE,2025,12,36315,3138,0,39453,5870
MF0481,Aigburth ,2025,1,4898,27240.2,0,32138.2,3068
MF0481,Aigburth ,2025,2,2856,17918.5,0,20774.5,1798
MF0481,Aigburth ,2025,3,5945,22960.55,0,28905.55,4421
MF0481,Aigburth ,2025,4,7121,17774.5,0,24895.5,2453
MF0481,Aigburth ,2025,5,7141,18822.4,0,25963.4,4175
MF0481,Aigburth ,2025,6,4088,14620.54,0,18708.54,2319
MF0481,Aigburth ,2025,7,4379.86,18729.76,0,23109.62,1959
MF0481,Aigburth ,2025,8,3986.17,10711.83,0,14698,1975
MF0481,Aigburth ,2025,9,4018.2,22193.04,0,26211.24,2732
MF0481,Aigburth ,2025,10,4864,18107.25,0,22971.25,2403
MF0481,Aigburth ,2025,11,5240.42,22819.24,0,28059.66,3500
MF0481,Aigburth ,2025,12,4235.76,23408.48,0,27644.24,3710
MF0490,Hatherleigh ,2025,1,19128,0,9382,28510,4522
MF0490,Hatherleigh ,2025,2,14238.5,0,5265,19503.5,3939
MF0490,Hatherleigh ,2025,3,19631,0,7828,27459,4327
MF0490,Hatherleigh ,2025,4,23577,0,9215,32792,5626
MF0490,Hatherleigh ,2025,5,20746.5,0,9775,30521.5,7010
MF0490,Hatherleigh ,2025,6,17760.5,0,9067,26827.5,5820
MF0490,Hatherleigh ,2025,7,18075,0,9067,27142,6296
MF0490,Hatherleigh ,2025,8,15872,0,8385.5,24257.5,5596
MF0490,Hatherleigh ,2025,9,9942,0,480,10422,2611
MF0490,Hatherleigh ,2025,10,0,17916,0,17916,1990
MF0490,Hatherleigh ,2025,11,0,23482,0,23482,3200
MF0490,Hatherleigh ,2025,12,0,22092,0,22092,2007
MF0540,Ranmudhu Ella,2025,1,0,321,0,321,31
MF0540,Ranmudhu Ella,2025,2,306,0,0,306,27
MF0540,Ranmudhu Ella,2025,3,0,236,0,236,23
MF0540,Ranmudhu Ella,2025,4,0,1699,0,1699,160
MF0540,Ranmudhu Ella,2025,5,0,2742,0,2742,251
MF0540,Ranmudhu Ella,2025,6,0,928,0,928,88
MF0540,Ranmudhu Ella,2025,7,0,1656,0,1656,156
MF0540,Ranmudhu Ella,2025,8,0,1531,0,1531,135
MF0540,Ranmudhu Ella,2025,9,0,1334,0,1334,120
MF0540,Ranmudhu Ella,2025,10,0,1181,0,1181,112
MF0540,Ranmudhu Ella,2025,11,0,1395,0,1395,135
MF0540,Ranmudhu Ella,2025,12,0,1054,0,1054,102
MF0546,Springwood,2025,1,0,22305,0,22305,3220
MF0546,Springwood,2025,2,0,10960,0,10960,755
MF0546,Springwood,2025,3,0,14617.5,0,14617.5,4488.5
MF0546,Springwood,2025,4,0,17172,0,17172,1666
MF0546,Springwood,2025,5,0,30633,0,30633,3378
MF0546,Springwood,2025,6,0,20696,0,20696,2259
MF0546,Springwood,2025,7,420,18649,0,19069,2087
MF0546,Springwood,2025,8,0,14566,0,14566,1621
MF0546,Springwood,2025,9,0,20501,0,20501,2777
MF0546,Springwood,2025,10,0,24950.5,0,24950.5,2952
MF0546,Springwood,2025,11,0,23344,0,23344,3183
MF0546,Springwood,2025,12,0,14387,0,14387,2400
MF0574,Sapumalkande ,2025,1,0,78385,0,78385,6817
MF0574,Sapumalkande ,2025,2,0,42110,0,42110,3632
MF0574,Sapumalkande ,2025,3,0,59287,0,59287,3799
MF0574,Sapumalkande ,2025,4,0,84873,0,84873,5425
MF0574,Sapumalkande ,2025,5,0,71261,0,71261,4443
MF0574,Sapumalkande ,2025,6,0,70996,0,70996,4404
MF0574,Sapumalkande ,2025,7,0,81991,0,81991,5232
MF0574,Sapumalkande ,2025,8,0,68424,0,68424,4364
MF0574,Sapumalkande ,2025,9,0,77344,0,77344,4786
MF0574,Sapumalkande ,2025,10,0,70395,0,70395,4378
MF0574,Sapumalkande ,2025,11,0,63479,0,63479,4492
MF0574,Sapumalkande ,2025,12,0,46592,0,46592,3217
MF0594,Boscombe ,2025,1,0,31302,0,31302,4253
MF0594,Boscombe ,2025,2,0,21241,0,21241,2884
MF0594,Boscombe ,2025,3,0,39204,0,39204,5330
MF0594,Boscombe ,2025,4,0,44975,0,44975,6122
MF0594,Boscombe ,2025,5,0,43752,0,43752,5953
MF0594,Boscombe ,2025,6,0,25134,0,25134,3766
MF0594,Boscombe ,2025,7,0,22659,0,22659,3091
MF0594,Boscombe ,2025,8,0,16296,0,16296,2214
MF0594,Boscombe ,2025,9,0,48394,0,48394,5237
MF0594,Boscombe ,2025,10,0,49587,0,49587,4904
MF0594,Boscombe ,2025,11,0,51457,0,51457,5064
MF0594,Boscombe ,2025,12,0,47303,0,47303,4692
MF0600,Alupola ,2025,1,10430.5,0,0,10430.5,36349.5
MF0600,Alupola ,2025,2,15551.5,0,0,15551.5,21878.5
MF0600,Alupola ,2025,3,13640,0,0,13640,25449.5
MF0600,Alupola ,2025,4,12491.5,0,0,12491.5,65844
MF0600,Alupola ,2025,5,14710,0,0,14710,41947
MF0600,Alupola ,2025,6,0,18584,0,18584,54726
MF0600,Alupola ,2025,7,0,20366,0,20366,48024
MF0600,Alupola ,2025,8,0,15014,0,15014,48304
MF0600,Alupola ,2025,9,0,14891.5,0,14891.5,34312.5
MF0600,Alupola ,2025,10,0,13528,0,13528,26761.5
MF0600,Alupola ,2025,11,0,13784.5,0,13784.5,15273.5
MF0600,Alupola ,2025,12,0,12909,0,12909,24815
MF0614,MADAMPE,2025,1,0,27104,0,27104,3252
MF0614,MADAMPE,2025,2,0,23947,0,23947,3162
MF0614,MADAMPE,2025,3,0,31916,0,31916,3829
MF0614,MADAMPE,2025,4,0,34088,0,34088,4295
MF0614,MADAMPE,2025,5,0,34321,0,34321,4360
MF0614,MADAMPE,2025,6,0,38834,0,38834,4316
MF0614,MADAMPE,2025,7,0,40338,0,40338,4831
MF0614,MADAMPE,2025,8,0,38382,0,38382,4989
MF0614,MADAMPE,2025,9,0,40452,0,40452,3854
MF0614,MADAMPE,2025,10,0,39493,0,39493,4253
MF0614,MADAMPE,2025,11,0,34259,0,34259,4126
MF0614,MADAMPE,2025,12,0,32465,0,32465,3927
MF0619,GALABODDA,2025,1,8266,17531,446,26243,868
MF0619,GALABODDA,2025,2,4003,7676,54,11733,440
MF0619,GALABODDA,2025,3,7097,36779,53,43929,1442
MF0619,GALABODDA,2025,4,7996,30081,20,38097,1716
MF0619,GALABODDA,2025,5,7501,28456,0,35957,1408
MF0619,GALABODDA,2025,6,7183,24548,0,31731,1147
MF0619,GALABODDA,2025,7,7367,26824,0,34191,1306
MF0619,GALABODDA,2025,8,8816,26658,0,35474,2024
MF0619,GALABODDA,2025,9,7809,25709,9363,42881,1770
MF0619,GALABODDA,2025,10,8527,33532,0,42059,2236
MF0619,GALABODDA,2025,11,7209,30904,0,38113,1537
MF0619,GALABODDA,2025,12,7598,24009,0,31607,1140
MF0623,MEDDAKANDE,2025,1,7481,2036,5518,15035,2203
MF0623,MEDDAKANDE,2025,2,8096,426,7112,15634,1879
MF0623,MEDDAKANDE,2025,3,11592,4872,10460,26924,3430
MF0623,MEDDAKANDE,2025,4,8253,10986,9827,29066,4640
MF0623,MEDDAKANDE,2025,5,10185,11794,7617,29596,4222
MF0623,MEDDAKANDE,2025,6,6960,9699,6392,23051,5883
MF0623,MEDDAKANDE,2025,7,6956,4743,4804,16503,4299
MF0623,MEDDAKANDE,2025,8,6850,737,5006,12593,3241
MF0623,MEDDAKANDE,2025,9,24,0,0,24,565
MF0624,Wikiliya,2025,1,0,140558,0,140558,8090
MF0624,Wikiliya,2025,2,0,101439,0,101439,6068
MF0624,Wikiliya,2025,3,173552,0,0,173552,12631
MF0624,Wikiliya,2025,4,0,150364,0,150364,9961
MF0624,Wikiliya,2025,5,0,165130,0,165130,9968
MF0624,Wikiliya,2025,6,0,138893,0,138893,9090
MF0624,Wikiliya,2025,7,0,123992,0,123992,7927
MF0624,Wikiliya,2025,8,0,110579,0,110579,7186
MF0624,Wikiliya,2025,9,0,124575,0,124575,11823
MF0624,Wikiliya,2025,10,0,153934,0,153934,13018
MF0624,Wikiliya,2025,11,0,155241,0,155241,12207
MF0624,Wikiliya,2025,12,0,147317,0,147317,14866
MF0625,NEW RASAGALLA,2025,1,14451,7120,0,21571,2994
MF0625,NEW RASAGALLA,2025,2,10129,5534,0,15663,2542
MF0625,NEW RASAGALLA,2025,3,19495,8792,0,28287,3892
MF0625,NEW RASAGALLA,2025,4,16183,10988,1496,28667,4788
MF0625,NEW RASAGALLA,2025,5,14180,12738,0,26918,4556
MF0625,NEW RASAGALLA,2025,6,8605,11454,0,20059,3167
MF0625,NEW RASAGALLA,2025,7,12996,11927,646,25569,3946
MF0625,NEW RASAGALLA,2025,8,9377,12783,0,22160,3081
MF0625,NEW RASAGALLA,2025,9,17142,13569,7431,38142,6003
MF0625,NEW RASAGALLA,2025,10,10954,8397,6579,25930,4530
MF0625,NEW RASAGALLA,2025,11,12046,8056,5506,25608,3993
MF0625,NEW RASAGALLA,2025,12,9801,6420,4647,20868,3118
MF0626,HALGOLLE,2025,1,10131,17453,10,27594,2791
MF0626,HALGOLLE,2025,2,7284,10510,0,17794,1933
MF0626,HALGOLLE,2025,3,11176,10333,0,21509,2652
MF0626,HALGOLLE,2025,4,14015,29765,0,43780,5546
MF0626,HALGOLLE,2025,5,13519,20207.5,0,33726.5,5039
MF0626,HALGOLLE,2025,6,8223,22617,0,30840,4378
MF0626,HALGOLLE,2025,7,8613,8506.5,0,17119.5,2978
MF0626,HALGOLLE,2025,8,7390,4929,0,12319,1818
MF0626,HALGOLLE,2025,9,11030,11478,198,22706,2670
MF0626,HALGOLLE,2025,10,11490,10456.5,0,21946.5,2448
MF0626,HALGOLLE,2025,11,11698,11750,0,23448,2697
MF0626,HALGOLLE,2025,12,10593,21417,0,32010,4856
MF0659,RYE,2025,1,0,44220,0,44220,4970
MF0659,RYE,2025,2,0,30127,0,30127,3348
MF0659,RYE,2025,3,0,53844,0,53844,5981
MF0659,RYE,2025,4,0,53686,0,53686,5958
MF0659,RYE,2025,5,0,58276,0,58276,7889
MF0659,RYE,2025,6,0,56867,0,56867,6514
MF0659,RYE,2025,7,0,49191,0,49191,5462
MF0659,RYE,2025,8,0,32923,0,32923,3657
MF0659,RYE,2025,9,0,33427,0,33427,3714
MF0659,RYE,2025,10,0,53140,0,53140,5902
MF0659,RYE,2025,11,0,53957,0,53957,5995
MF0659,RYE,2025,12,0,53132,0,53132,2408
MF0780,HOUPE ,2025,1,15909.5,21003,4705,41617.5,4561
MF0780,HOUPE ,2025,2,11271,13477,0,24748,2602
MF0780,HOUPE ,2025,3,17289.5,19433,0,36722.5,3223
MF0780,HOUPE ,2025,4,17585.5,27700,0,45285.5,5491
MF0780,HOUPE ,2025,5,15334.5,24616,2750,42700.5,5681
MF0780,HOUPE ,2025,6,14240,20395,0,34635,4835
MF0780,HOUPE ,2025,7,15038.5,16730.5,0,31769,3310
MF0780,HOUPE ,2025,8,14503,16904.5,0,31407.5,3446
MF0780,HOUPE ,2025,9,18245,17716,0,35961,3678
MF0780,HOUPE ,2025,10,16811.5,18727,152,35690.5,3613
MF0780,HOUPE ,2025,11,0,30063,0,30063,3511
MF0780,HOUPE ,2025,12,0,25410,0,25410,3028
MF0801,HAPUGASTENNE ,2025,1,18814,15090,8414,42318,6447
MF0801,HAPUGASTENNE ,2025,2,12585.5,7708,7199,27492.5,4698
MF0801,HAPUGASTENNE ,2025,3,17745,23664,10011,51420,7141
MF0801,HAPUGASTENNE ,2025,4,20753,26774,9639,57166,8803
MF0801,HAPUGASTENNE ,2025,5,20091,24889,9577,54557,8438
MF0801,HAPUGASTENNE ,2025,6,16114,25252.5,7792,49158.5,6806
MF0801,HAPUGASTENNE ,2025,7,18391,21657,10405,50453,5590
MF0801,HAPUGASTENNE ,2025,8,14362,18974,9427,42763,6143
MF0801,HAPUGASTENNE ,2025,9,16793,16543,9676,43012,5688
MF0801,HAPUGASTENNE ,2025,10,14821,15340,9581,39742,5481
MF0801,HAPUGASTENNE ,2025,11,15291,15988,8740,40019,4871
MF0801,HAPUGASTENNE ,2025,12,14610,8195,7186,29991,3799
MF0903,Maliboda,2025,1,0,460.5,0,460.5,234
MF0903,Maliboda,2025,2,0,0,0,0,0
MF0903,Maliboda,2025,3,0,0,0,0,0
MF0903,Maliboda,2025,4,0,0,0,0,0
MF0903,Maliboda,2025,6,0,0,0,0,0
MF0905,Millavitiya ,2025,1,0,37276,0,37276,2931
MF0905,Millavitiya ,2025,2,0,28165,0,28165,2235
MF0905,Millavitiya ,2025,3,0,39830,0,39830,3151
MF0905,Millavitiya ,2025,4,0,35779,0,35779,2828
MF0905,Millavitiya ,2025,5,0,35699,0,35699,2824
MF0905,Millavitiya ,2025,6,0,33664,0,33664,2659
MF0905,Millavitiya ,2025,7,0,29772,0,29772,2357
MF0905,Millavitiya ,2025,8,0,32553,0,32553,2565
MF0905,Millavitiya ,2025,9,0,32356,0,32356,2561
MF0905,Millavitiya ,2025,10,0,38600,0,38600,3019
MF0905,Millavitiya ,2025,11,0,32866,0,32866,2463
MF0905,Millavitiya ,2025,12,0,0,29305,29305,5996
MF0906,Palm Garden,2025,1,0,52524,0,52524,5729
MF0906,Palm Garden,2025,2,0,39463,0,39463,4254
MF0906,Palm Garden,2025,3,0,54683,0,54683,5964
MF0906,Palm Garden,2025,4,0,49781,0,49781,5521
MF0906,Palm Garden,2025,5,0,47910,0,47910,5313
MF0906,Palm Garden,2025,6,0,42123,0,42123,4612
MF0906,Palm Garden,2025,7,0,43520,0,43520,4734
MF0906,Palm Garden,2025,8,0,42481,0,42481,4699
MF0906,Palm Garden,2025,9,0,49691,0,49691,5508
MF0906,Palm Garden,2025,10,0,43931,0,43931,4867
MF0906,Palm Garden,2025,11,0,34576.75,0,34576.75,3796
MF0906,Palm Garden,2025,12,0,35827.5,0,35827.5,3966
MF0909,Allerton,2025,1,0,0,0,0,0
MF0909,Allerton,2025,2,0,10845,0,10845,1310
MF0909,Allerton,2025,3,0,24617,0,24617,2584
MF0909,Allerton,2025,4,0,23274,0,23274,2090
MF0909,Allerton,2025,5,0,24403,0,24403,3277
MF0909,Allerton,2025,6,0,20149,0,20149,2262
MF0909,Allerton,2025,7,19993,10242,0,30235,1373
MF0909,Allerton,2025,8,0,9100,0,9100,1240
MF0909,Allerton,2025,9,0,4822,0,4822,1021
MF0909,Allerton,2025,10,0,0,0,0,0
MF0909,Allerton,2025,11,0,0,0,0,1353.5
MF0909,Allerton,2025,12,0,17885,0,17885,2290
MF0912,Vardhana,2025,1,0,82195,0,82195,3412
MF0912,Vardhana,2025,2,0,62642,0,62642,5447
MF0912,Vardhana,2025,3,0,82756,0,82756,7180
MF0912,Vardhana,2025,4,0,72346,0,72346,6280
MF0912,Vardhana,2025,5,0,72142,0,72142,6258
MF0912,Vardhana,2025,6,0,74324,0,74324,6450
MF0912,Vardhana,2025,7,0,77114,0,77114,6688
MF0912,Vardhana,2025,8,0,74784,0,74784,6492
MF0912,Vardhana,2025,9,0,83675,0,83675,7261
MF0912,Vardhana,2025,10,0,86286,0,86286,7491
MF0912,Vardhana,2025,11,0,76710,0,76710,6657
MF0912,Vardhana,2025,12,0,73586,0,73586,6384
MF0946,Rajjuruwatta,2025,1,0,105016,0,105016,5036
MF0946,Rajjuruwatta,2025,2,0,81986,0,81986,3971
MF0946,Rajjuruwatta,2025,3,0,116201,0,116201,5559
MF0946,Rajjuruwatta,2025,4,0,111226,0,111226,5316
MF0946,Rajjuruwatta,2025,5,0,92881,0,92881,4462
MF0946,Rajjuruwatta,2025,6,0,56349,0,56349,2720
MF0946,Rajjuruwatta,2025,7,0,92179,0,92179,3387
MF0946,Rajjuruwatta,2025,8,0,70341,0,70341,3314
MF0946,Rajjuruwatta,2025,9,0,80528,0,80528,3794
MF0946,Rajjuruwatta,2025,10,0,87288,0,87288,4113
MF0946,Rajjuruwatta,2025,11,0,85775,0,85775,4027
MF0946,Rajjuruwatta,2025,12,0,93467,0,93467,4730
MF1075,Kadigalahena,2025,1,0,41161,0,41161,3524
MF1075,Kadigalahena,2025,2,0,33375,0,33375,2958
MF1075,Kadigalahena,2025,3,0,57709,0,57709,5383
MF1075,Kadigalahena,2025,4,0,59092,0,59092,5154
MF1075,Kadigalahena,2025,5,0,53192,0,53192,4911
MF1075,Kadigalahena,2025,6,0,43339,0,43339,4021
MF1075,Kadigalahena,2025,7,0,30690,0,30690,2890
MF1075,Kadigalahena,2025,8,0,27591,0,27591,2615
MF1075,Kadigalahena,2025,9,0,40495,0,40495,3786
MF1075,Kadigalahena,2025,10,0,48153,0,48153,4462
MF1075,Kadigalahena,2025,11,0,45408,0,45408,4526
MF1075,Kadigalahena,2025,12,0,45818,0,45818,4845
MF1172,New Vithanakanda,2025,1,835,143245,0,144080,26809
MF1172,New Vithanakanda,2025,2,347,108281,0,108628,21819
MF1172,New Vithanakanda,2025,3,611,157630,0,158241,13430
MF1172,New Vithanakanda,2025,4,590,142638,0,143228,14317
MF1172,New Vithanakanda,2025,5,557,161845,0,162402,19523
MF1172,New Vithanakanda,2025,6,596,146569,0,147165,11240
MF1172,New Vithanakanda,2025,7,540,168250,0,168790,14558
MF1172,New Vithanakanda,2025,8,518,160598,0,161116,9570
MF1172,New Vithanakanda,2025,9,576,174761,0,175337,15900
MF1172,New Vithanakanda,2025,10,651,169364,0,170015,16066
MF1172,New Vithanakanda,2025,11,554,143973,0,144527,21709
MF1172,New Vithanakanda,2025,12,618,152556,0,153174,15889
MF1188,Green Mount,2025,7,0,6025,0,6025,520
MF1188,Green Mount,2025,8,0,7879,0,7879,710
MF1188,Green Mount,2025,9,0,2295,0,2295,210
MF1188,Green Mount,2025,10,0,33743,0,33743,3689
MF1188,Green Mount,2025,11,0,34842,0,34842,3510
MF1188,Green Mount,2025,12,0,38635,0,38635,3843
MF1217,GALPADITENNE ,2025,1,0,231523,0,231523,27023
MF1217,GALPADITENNE ,2025,1,0,29576,0,29576,0
MF1217,GALPADITENNE ,2025,2,0,163170,0,163170,20676
MF1217,GALPADITENNE ,2025,2,0,4262,0,4262,0
MF1217,GALPADITENNE ,2025,3,249569,0,0,249569,33225
MF1217,GALPADITENNE ,2025,3,55220,0,0,55220,0
MF1217,GALPADITENNE ,2025,4,0,234127,0,234127,37521
MF1217,GALPADITENNE ,2025,4,0,50337,0,50337,0
MF1217,GALPADITENNE ,2025,5,0,238167,0,238167,36422
MF1217,GALPADITENNE ,2025,5,0,50812,0,50812,0
MF1217,GALPADITENNE ,2025,6,0,245398,0,245398,32239
MF1217,GALPADITENNE ,2025,6,0,23807,0,23807,0
MF1217,GALPADITENNE ,2025,7,0,220603,0,220603,30461
MF1217,GALPADITENNE ,2025,7,0,14821,0,14821,0
MF1217,GALPADITENNE ,2025,8,0,200093,0,200093,29165
MF1217,GALPADITENNE ,2025,8,0,14861,0,14861,0
MF1217,GALPADITENNE ,2025,9,0,244525,0,244525,29170
MF1217,GALPADITENNE ,2025,9,0,18906,0,18906,0
MF1217,GALPADITENNE ,2025,10,0,217180,0,217180,28916
MF1217,GALPADITENNE ,2025,10,0,22082,0,22082,0
MF1217,GALPADITENNE ,2025,11,0,210386,0,210386,28160
MF1217,GALPADITENNE ,2025,11,0,28868,0,28868,0
MF1217,GALPADITENNE ,2025,12,0,184728,0,184728,26715
MF1217,GALPADITENNE ,2025,12,0,26195,0,26195,0
MF1264,AVISSAWELLA,2025,1,0,112297,0,112297,2675
MF1264,AVISSAWELLA,2025,2,0,73363,0,73363,1740
MF1264,AVISSAWELLA,2025,3,0,111954,0,111954,2775
MF1264,AVISSAWELLA,2025,4,0,114155,0,114155,2814
MF1264,AVISSAWELLA,2025,5,0,99226,0,99226,2369
MF1264,AVISSAWELLA,2025,6,0,96833,0,96833,2326
MF1264,AVISSAWELLA,2025,7,0,106868,0,106868,2588
MF1264,AVISSAWELLA,2025,8,0,99908,0,99908,2176
MF1264,AVISSAWELLA,2025,9,0,101014,0,101014,2181
MF1264,AVISSAWELLA,2025,10,0,133343,0,133343,2868
MF1264,AVISSAWELLA,2025,11,0,99276,0,99276,2337
MF1264,AVISSAWELLA,2025,12,0,107245,0,107245,2490
MF1266,KENDALANDA,2025,1,896,93017,0,93913,6100
MF1266,KENDALANDA,2025,2,332,59021,0,59353,4126
MF1266,KENDALANDA,2025,3,514,93725,0,94239,6228
MF1266,KENDALANDA,2025,4,736,96539,0,97275,6208
MF1266,KENDALANDA,2025,5,613,91653,0,92266,5576
MF1266,KENDALANDA,2025,6,595,93528,0,94123,4954
MF1266,KENDALANDA,2025,7,680,95031,0,95711,5570
MF1266,KENDALANDA,2025,8,929,96817,0,97746,5798
MF1266,KENDALANDA,2025,9,718,106509,0,107227,6722
MF1266,KENDALANDA,2025,10,659,109584,0,110243,6292
MF1266,KENDALANDA,2025,11,581,92577,0,93158,5946
MF1266,KENDALANDA,2025,12,970,86004,0,86974,4577
MF1281,ST.JOACHIM ,2025,1,1349,26279,0,27628,3172
MF1281,ST.JOACHIM ,2025,2,695,16562,0,17257,2393
MF1281,ST.JOACHIM ,2025,3,1063,26484,0,27547,3020
MF1281,ST.JOACHIM ,2025,4,1064,24820,0,25884,3086
MF1281,ST.JOACHIM ,2025,5,860,22477,0,23337,2383
MF1281,ST.JOACHIM ,2025,6,888,21434,0,22322,2384
MF1281,ST.JOACHIM ,2025,7,909,19322,0,20231,2514
MF1281,ST.JOACHIM ,2025,8,867,19000,0,19867,2398
MF1281,ST.JOACHIM ,2025,9,1026,19278,0,20304,2131
MF1281,ST.JOACHIM ,2025,10,1075,20409,0,21484,2306
MF1281,ST.JOACHIM ,2025,11,1010,16808,0,17818,1661
MF1281,ST.JOACHIM ,2025,12,1448,18354,0,19802,2091
MF1284,NEW PANAWENNA ,2025,1,0,20155,0,20155,1616
MF1284,NEW PANAWENNA ,2025,2,0,11477,0,11477,1148
MF1284,NEW PANAWENNA ,2025,3,0,22823,0,22823,2287
MF1284,NEW PANAWENNA ,2025,4,0,22463,0,22463,2246
MF1284,NEW PANAWENNA ,2025,5,0,15544,0,15544,1554
MF1284,NEW PANAWENNA ,2025,6,0,14575,0,14575,1458
MF1284,NEW PANAWENNA ,2025,7,0,21369,0,21369,2137
MF1284,NEW PANAWENNA ,2025,8,0,27337,0,27337,2734
MF1284,NEW PANAWENNA ,2025,9,0,35328,0,35328,3533
MF1284,NEW PANAWENNA ,2025,10,0,35674,0,35674,3567
MF1284,NEW PANAWENNA ,2025,11,0,31610,0,31610,2529
MF1284,NEW PANAWENNA ,2025,12,0,26659,0,26659,2133
MF1286,SAMARAKANDA TEA PROCESSING CENTRE,2025,1,11452,0,0,11452,19916
MF1286,SAMARAKANDA TEA PROCESSING CENTRE,2025,2,9044,0,0,9044,15458
MF1286,SAMARAKANDA TEA PROCESSING CENTRE,2025,3,8481,0,0,8481,10987
MF1286,SAMARAKANDA TEA PROCESSING CENTRE,2025,4,11845.5,0,0,11845.5,15076
MF1286,SAMARAKANDA TEA PROCESSING CENTRE,2025,5,16872.5,0,0,16872.5,27456
MF1286,SAMARAKANDA TEA PROCESSING CENTRE,2025,6,0,13373,0,13373,20182
MF1286,SAMARAKANDA TEA PROCESSING CENTRE,2025,7,0,9506.5,0,9506.5,15162
MF1286,SAMARAKANDA TEA PROCESSING CENTRE,2025,8,0,9778,0,9778,15130
MF1286,SAMARAKANDA TEA PROCESSING CENTRE,2025,9,0,8415.5,0,8415.5,12848
MF1286,SAMARAKANDA TEA PROCESSING CENTRE,2025,10,0,10946.5,0,10946.5,15559
MF1286,SAMARAKANDA TEA PROCESSING CENTRE,2025,11,0,9579,0,9579,13767
MF1286,SAMARAKANDA TEA PROCESSING CENTRE,2025,12,11296.5,0,0,11296.5,16132
MF1297,ILLUKTENNE,2025,1,0,0,0,0,0
MF1297,ILLUKTENNE,2025,2,0,0,0,0,0
MF1297,ILLUKTENNE,2025,3,0,0,0,0,0
MF1297,ILLUKTENNE,2025,4,0,0,0,0,0
MF1297,ILLUKTENNE,2025,7,0,0,0,0,0
MF1297,ILLUKTENNE,2025,9,0,13683,0,13683,1454
MF1297,ILLUKTENNE,2025,10,0,23284,0,23284,2471
MF1297,ILLUKTENNE,2025,11,0,24264,0,24264,2659
MF1297,ILLUKTENNE,2025,12,0,30419,0,30419,3160
MF1304,KEHELWALA ,2025,1,0,0,0,0,0
MF1304,KEHELWALA ,2025,2,0,0,0,0,0
MF1304,KEHELWALA ,2025,3,0,0,0,0,0
MF1304,KEHELWALA ,2025,5,0,0,0,0,0
MF1304,KEHELWALA ,2025,6,0,0,0,0,0
MF1304,KEHELWALA ,2025,7,0,0,0,0,0
MF1304,KEHELWALA ,2025,8,0,0,0,0,0
MF1304,KEHELWALA ,2025,9,0,0,0,0,0
MF1304,KEHELWALA ,2025,10,0,0,0,0,0
MF1304,KEHELWALA ,2025,11,0,0,0,0,0
MF1308,New Udakada,2025,1,0,14675,0,14675,1174
MF1308,New Udakada,2025,2,0,10355,0,10355,829
MF1308,New Udakada,2025,3,0,19258,0,19258,1540
MF1308,New Udakada,2025,4,0,21295,0,21295,1703
MF1308,New Udakada,2025,5,0,21153,0,21153,1692
MF1308,New Udakada,2025,6,0,24886,0,24886,1991
MF1308,New Udakada,2025,7,0,19808,0,19808,1585
MF1308,New Udakada,2025,8,0,17148,0,17148,1372
MF1308,New Udakada,2025,9,0,16984,0,16984,1359
MF1308,New Udakada,2025,10,0,16682,0,16682,1334
MF1308,New Udakada,2025,11,0,15262,0,15262,1258
MF1308,New Udakada,2025,12,0,13067,0,13067,1111
MF1316,Kolonna,2025,1,0,55461,0,55461,2309
MF1316,Kolonna,2025,2,0,37697,0,37697,1571
MF1316,Kolonna,2025,3,0,55557,0,55557,2290
MF1316,Kolonna,2025,4,0,47774,0,47774,1921
MF1316,Kolonna,2025,5,0,36900,0,36900,1471
MF1316,Kolonna,2025,6,0,65341,0,65341,2480
MF1316,Kolonna,2025,7,0,44236,0,44236,2118
MF1316,Kolonna,2025,7,0,10973,0,10973,0
MF1316,Kolonna,2025,8,0,41074,0,41074,0
MF1316,Kolonna,2025,8,0,0,0,0,1580
MF1316,Kolonna,2025,9,0,42314,0,42314,1596
MF1316,Kolonna,2025,9,0,0,0,0,0
MF1316,Kolonna,2025,10,0,58724,0,58724,2247
MF1316,Kolonna,2025,10,0,0,0,0,0
MF1316,Kolonna,2025,11,0,46511,0,46511,1787
MF1316,Kolonna,2025,11,0,0,0,0,0
MF1317,Deshika,2025,1,0,23065,0,23065,2018
MF1317,Deshika,2025,2,0,35802,0,35802,2744
MF1317,Deshika,2025,3,0,30217,0,30217,2016
MF1317,Deshika,2025,4,0,34428,0,34428,7948
MF1317,Deshika,2025,5,0,39845,0,39845,5029
MF1317,Deshika,2025,6,0,36382,0,36382,4280
MF1317,Deshika,2025,7,0,60885,0,60885,7479
MF1317,Deshika,2025,8,0,42688,0,42688,5717
MF1317,Deshika,2025,9,0,56146,0,56146,6823
MF1317,Deshika,2025,10,0,35362,0,35362,3757
MF1317,Deshika,2025,11,0,27628,0,27628,3239
MF1317,Deshika,2025,12,0,27589,0,27589,3202
MF1343,Kongahawatte,2025,1,0,76798,0,76798,6500
MF1343,Kongahawatte,2025,2,0,57200,0,57200,5100
MF1343,Kongahawatte,2025,3,0,83376,0,83376,8200
MF1343,Kongahawatte,2025,4,0,77302,0,77302,7948
MF1343,Kongahawatte,2025,5,0,80700,0,80700,6500
MF1343,Kongahawatte,2025,6,0,71400,0,71400,5700
MF1343,Kongahawatte,2025,7,0,79900,0,79900,7150
MF1343,Kongahawatte,2025,8,0,70650,0,70650,6330
MF1343,Kongahawatte,2025,9,0,81146,0,81146,6110
MF1343,Kongahawatte,2025,10,0,90450,0,90450,8950
MF1343,Kongahawatte,2025,11,0,76823,0,76823,6680
MF1343,Kongahawatte,2025,12,0,76469,0,76469,6074
MF1354,Peak Paradise,2025,11,0,20509,0,20509,1784
MF1363,New Nawalakanda,2025,1,0,31309,0,31309,4121
MF1363,New Nawalakanda,2025,2,0,18709,0,18709,2600
MF1363,New Nawalakanda,2025,3,0,35211,0,35211,4742
MF1363,New Nawalakanda,2025,4,0,41158,0,41158,5581
MF1363,New Nawalakanda,2025,5,0,31237,0,31237,4059
MF1363,New Nawalakanda,2025,6,0,22064,0,22064,2923.5
MF1363,New Nawalakanda,2025,7,0,7049,0,7049,980
MF1363,New Nawalakanda,2025,12,0,10642,0,10642,1064
MF1365,Nawagamuwahena,2025,1,0,103492,0,103492,12061
MF1365,Nawagamuwahena,2025,2,0,73852,0,73852,8571
MF1365,Nawagamuwahena,2025,3,0,119226,0,119226,13894
MF1365,Nawagamuwahena,2025,4,0,119572,0,119572,13933
MF1365,Nawagamuwahena,2025,5,0,118651,0,118651,13831
MF1365,Nawagamuwahena,2025,6,0,93521,0,93521,12384
MF1365,Nawagamuwahena,2025,7,0,92478,0,92478,10777
MF1365,Nawagamuwahena,2025,8,0,95660,0,95660,11146
MF1365,Nawagamuwahena,2025,9,0,94695,0,94695,11033
MF1365,Nawagamuwahena,2025,10,0,99185,0,99185,11558
MF1365,Nawagamuwahena,2025,11,0,90510,0,90510,10544
MF1365,Nawagamuwahena,2025,12,0,87329,0,87329,10178
MF1368,New Temple View,2025,1,0,27492,0,27492,2749
MF1368,New Temple View,2025,2,0,20271,0,20271,2028
MF1368,New Temple View,2025,3,0,33060,0,33060,3306
MF1368,New Temple View,2025,4,0,34968,0,34968,3497
MF1368,New Temple View,2025,5,0,34922,0,34922,3492
MF1368,New Temple View,2025,6,0,28984,0,28984,2898
MF1368,New Temple View,2025,7,0,37332,0,37332,3733
MF1368,New Temple View,2025,8,0,41183,0,41183,4118
MF1368,New Temple View,2025,9,0,43344,0,43344,4334
MF1368,New Temple View,2025,10,0,51996,0,51996,5200
MF1368,New Temple View,2025,11,0,46162,0,46162,4616
MF1368,New Temple View,2025,12,0,45263,0,45263,4526
MF1387,A.C.U.,2025,1,0,36709,0,36709,3660
MF1387,A.C.U.,2025,2,0,30056,0,30056,3005
MF1387,A.C.U.,2025,3,0,40612,0,40612,4062
MF1387,A.C.U.,2025,4,0,38061,0,38061,3806
MF1387,A.C.U.,2025,5,0,36878,0,36878,3688
MF1387,A.C.U.,2025,6,0,33662,0,33662,3366
MF1387,A.C.U.,2025,7,0,39655,0,39655,3966
MF1387,A.C.U.,2025,8,0,42615,0,42615,4262
MF1387,A.C.U.,2025,9,0,42389,0,42389,4239
MF1387,A.C.U.,2025,10,0,42606,0,42606,4261
MF1387,A.C.U.,2025,11,0,35878,0,35878,3588
MF1387,A.C.U.,2025,12,0,33603,0,33603,3360
MF1392,Hidellana,2025,1,0,10626,0,10626,7657
MF1392,Hidellana,2025,2,0,60709,0,60709,9915
MF1392,Hidellana,2025,3,0,98821,0,98821,9784
MF1392,Hidellana,2025,4,0,103158,0,103158,10356
MF1392,Hidellana,2025,5,0,93520,0,93520,14770
MF1392,Hidellana,2025,6,0,89718,0,89718,9030
MF1392,Hidellana,2025,7,0,93781,0,93781,11340
MF1392,Hidellana,2025,8,0,88437,0,88437,9300
MF1392,Hidellana,2025,9,0,88707,0,88707,6000
MF1392,Hidellana,2025,10,0,88037,0,88037,4350
MF1392,Hidellana,2025,11,0,79968,0,79968,4640
MF1392,Hidellana,2025,12,0,93584,0,93584,3745
MF1397,New Ferndale,2025,1,0,23199,0,23199,1481
MF1397,New Ferndale,2025,2,12082,0,0,12082,770
MF1397,New Ferndale,2025,3,0,9646,0,9646,617
MF1397,New Ferndale,2025,4,0,21779,0,21779,1392
MF1397,New Ferndale,2025,5,0,22878,0,22878,1458
MF1397,New Ferndale,2025,6,0,14998,0,14998,959
MF1397,New Ferndale,2025,7,0,1521,0,1521,97
MF1418,Doralawitiyahena,2025,1,0,34170,0,34170,2100
MF1418,Doralawitiyahena,2025,2,0,25840,0,25840,1464
MF1418,Doralawitiyahena,2025,3,0,42900,0,42900,2800
MF1418,Doralawitiyahena,2025,4,0,42717,0,42717,2920
MF1418,Doralawitiyahena,2025,5,0,42860,0,42860,2900
MF1418,Doralawitiyahena,2025,6,0,37711,0,37711,2320
MF1418,Doralawitiyahena,2025,7,0,35743,0,35743,2160
MF1418,Doralawitiyahena,2025,8,0,36968,0,36968,2200
MF1418,Doralawitiyahena,2025,9,0,38835,0,38835,2765
MF1418,Doralawitiyahena,2025,10,0,35916,0,35916,2525
MF1418,Doralawitiyahena,2025,11,0,34765,0,34765,2540
MF1418,Doralawitiyahena,2025,12,0,32312,0,32312,2565
MF1436,New Wewelkandura,2025,1,0,83824,0,83824,9301
MF1436,New Wewelkandura,2025,2,0,63787,0,63787,7030
MF1436,New Wewelkandura,2025,3,0,88389,0,88389,9808
MF1436,New Wewelkandura,2025,4,0,82926,0,82926,9202
MF1436,New Wewelkandura,2025,5,0,81717,0,81717,9068
MF1436,New Wewelkandura,2025,6,0,71023,0,71023,7879
MF1436,New Wewelkandura,2025,7,0,83130,0,83130,9219
MF1436,New Wewelkandura,2025,8,0,84198,0,84198,9342
MF1436,New Wewelkandura,2025,9,0,92280,0,92280,10236
MF1436,New Wewelkandura,2025,10,0,95119,0,95119,10572
MF1436,New Wewelkandura,2025,11,0,87870,0,87870,9750
MF1436,New Wewelkandura,2025,12,0,105100,0,105100,11660
MF1440,Nivithigala,2025,1,0,80865,0,80865,6058
MF1440,Nivithigala,2025,2,0,48712,0,48712,3980
MF1440,Nivithigala,2025,3,0,80757,0,80757,6305
MF1440,Nivithigala,2025,4,0,82081,0,82081,6174
MF1440,Nivithigala,2025,5,0,82743,0,82743,6224
MF1440,Nivithigala,2025,6,0,72690,0,72690,5463
MF1440,Nivithigala,2025,7,0,74079,0,74079,5868
MF1440,Nivithigala,2025,8,0,69230,0,69230,5509
MF1440,Nivithigala,2025,9,0,74713,0,74713,5726
MF1440,Nivithigala,2025,10,0,83059,0,83059,6246
MF1440,Nivithigala,2025,11,0,71229,0,71229,5355
MF1440,Nivithigala,2025,12,0,85104,0,85104,6394
MF1441,Falcon,2025,1,0,137101,0,137101,10445
MF1441,Falcon,2025,2,0,85702,0,85702,8710
MF1441,Falcon,2025,3,0,132992,0,132992,12140
MF1441,Falcon,2025,4,0,129361,0,129361,10689
MF1441,Falcon,2025,5,0,124953,0,124953,12812
MF1441,Falcon,2025,6,0,113720,0,113720,11682
MF1441,Falcon,2025,7,0,130195,0,130195,12382
MF1441,Falcon,2025,8,0,127199,0,127199,12577
MF1441,Falcon,2025,9,0,126790,0,126790,13548
MF1441,Falcon,2025,10,0,137724,0,137724,13340
MF1441,Falcon,2025,11,0,114763,0,114763,10576
MF1441,Falcon,2025,12,0,125824,0,125824,11983
MF1442,Veddagala,2025,1,0,62658,0,62658,5435
MF1442,Veddagala,2025,1,0,0,0,0,0
MF1442,Veddagala,2025,2,0,47536,0,47536,4120
MF1442,Veddagala,2025,2,0,0,0,0,0
MF1442,Veddagala,2025,3,0,70977,0,70977,6150
MF1442,Veddagala,2025,3,0,0,0,0,0
MF1442,Veddagala,2025,4,0,54333,0,54333,4717
MF1442,Veddagala,2025,4,0,0,0,0,0
MF1442,Veddagala,2025,5,0,46453,0,46453,3957
MF1442,Veddagala,2025,5,0,0,0,0,0
MF1442,Veddagala,2025,6,0,42510,0,42510,3698
MF1442,Veddagala,2025,6,0,0,0,0,0
MF1442,Veddagala,2025,7,0,60087,0,60087,5241
MF1442,Veddagala,2025,7,0,0,0,0,0
MF1442,Veddagala,2025,8,0,43234,0,43234,3791
MF1442,Veddagala,2025,8,0,0,0,0,0
MF1442,Veddagala,2025,9,0,48181,0,48181,6554
MF1442,Veddagala,2025,9,0,0,0,0,0
MF1442,Veddagala,2025,10,0,38344,0,38344,5215
MF1442,Veddagala,2025,10,0,0,0,0,0
MF1442,Veddagala,2025,12,0,34779,3064,37843,3871
MF1453,Kalawana,2025,1,0,0,0,0,0
MF1453,Kalawana,2025,2,0,57200,0,57200,5100
MF1453,Kalawana,2025,3,0,17954,0,17954,1146
MF1453,Kalawana,2025,4,0,27316,0,27316,1746
MF1453,Kalawana,2025,5,0,41616,0,41616,2656
MF1453,Kalawana,2025,6,0,40592,0,40592,2592
MF1453,Kalawana,2025,7,0,59177,0,59177,3778
MF1453,Kalawana,2025,8,0,58069,0,58069,3707
MF1453,Kalawana,2025,9,0,68340,0,68340,4363
MF1453,Kalawana,2025,10,0,76366,0,76366,4875
MF1453,Kalawana,2025,11,0,71198,0,71198,4541
MF1453,Kalawana,2025,12,0,65161,0,65161,4161
MF1458,Seron,2025,1,0,16124,0,16124,1706
MF1458,Seron,2025,2,0,11011,0,11011,1215
MF1458,Seron,2025,3,0,23001,0,23001,2543
MF1458,Seron,2025,4,0,24662,0,24662,2645
MF1458,Seron,2025,5,0,22275,0,22275,2468
MF1458,Seron,2025,6,0,13574,0,13574,1496
MF1458,Seron,2025,7,0,22477,0,22477,2485
MF1458,Seron,2025,8,0,14691,0,14691,1621
MF1458,Seron,2025,9,0,20870,0,20870,2305
MF1458,Seron,2025,10,0,19912,0,19912,2200
MF1458,Seron,2025,11,0,17176,0,17176,1900
MF1458,Seron,2025,12,0,8450,0,8450,787
MF1459,New Laksakanda,2025,1,0,153208,0,153208,10503
MF1459,New Laksakanda,2025,2,0,89653,0,89653,5215
MF1459,New Laksakanda,2025,3,0,159858,0,159858,9126
MF1459,New Laksakanda,2025,4,0,139564,0,139564,9283
MF1459,New Laksakanda,2025,5,0,144410,0,144410,10382
MF1459,New Laksakanda,2025,6,0,126059,0,126059,8925
MF1459,New Laksakanda,2025,7,0,136215,0,136215,8129
MF1459,New Laksakanda,2025,8,0,125282,0,125282,7725
MF1459,New Laksakanda,2025,9,0,146504,0,146504,8885
MF1459,New Laksakanda,2025,10,0,139786,0,139786,10820
MF1459,New Laksakanda,2025,11,0,126952,0,126952,9913
MF1459,New Laksakanda,2025,12,0,116022,0,116022,9028
MF1463,Peekview,2025,1,0,87407,1560.5,88967.5,7160
MF1463,Peekview,2025,2,0,63227,0,63227,4475
MF1463,Peekview,2025,3,0,83417,0,83417,6441
MF1463,Peekview,2025,4,0,82485,0,82485,8243
MF1463,Peekview,2025,5,0,69223,0,69223,5463
MF1463,Peekview,2025,6,0,71397,0,71397,5463
MF1463,Peekview,2025,7,0,94250,0,94250,6102
MF1463,Peekview,2025,8,0,92607,0,92607,6396
MF1463,Peekview,2025,10,0,99729,0,99729,7225
MF1463,Peekview,2025,11,0,73106,0,73106,5163
MF1463,Peekview,2025,12,0,87664,0,87664,6166
MF1466,Tea Lanka,2025,1,26734,0,0,26734,3295
MF1466,Tea Lanka,2025,2,0,12946,0,12946,1674
MF1466,Tea Lanka,2025,3,0,20326,0,20326,2635
MF1466,Tea Lanka,2025,4,0,32507,0,32507,3016
MF1466,Tea Lanka,2025,5,0,25336,0,25336,2350
MF1466,Tea Lanka,2025,6,0,19530,0,19530,1806
MF1466,Tea Lanka,2025,7,0,18458,0,18458,1786
MF1466,Tea Lanka,2025,8,0,15469,0,15469,708
MF1466,Tea Lanka,2025,9,0,23081,0,23081,1055
MF1466,Tea Lanka,2025,10,0,16313,0,16313,765
MF1466,Tea Lanka,2025,11,0,27406,0,27406,1266
MF1466,Tea Lanka,2025,12,0,4640,0,4640,212
MF1467,Daduwangala Watte,2025,1,0,65839,0,65839,4912
MF1467,Daduwangala Watte,2025,2,0,47589,0,47589,3565
MF1467,Daduwangala Watte,2025,4,0,72507,0,72507,4667
MF1467,Daduwangala Watte,2025,5,0,77568,0,77568,4991
MF1467,Daduwangala Watte,2025,6,0,70815,0,70815,4549
MF1467,Daduwangala Watte,2025,7,0,64717,0,64717,3965
MF1467,Daduwangala Watte,2025,8,0,61754,0,61754,3970
MF1467,Daduwangala Watte,2025,9,0,73662,0,73662,4744
MF1467,Daduwangala Watte,2025,10,0,61773,0,61773,3966
MF1467,Daduwangala Watte,2025,11,0,58647,0,58647,3759
MF1467,Daduwangala Watte,2025,12,0,57312,0,57312,3657
MF1470,Karawita,2025,1,0,57120,0,57120,5141
MF1470,Karawita,2025,2,0,31932,0,31932,2873
MF1470,Karawita,2025,3,0,45581,0,45581,4102
MF1470,Karawita,2025,4,0,49829,0,49829,4961
MF1470,Karawita,2025,5,0,52846,0,52846,4588
MF1470,Karawita,2025,5,0,0,0,0,0
MF1470,Karawita,2025,6,0,57373,0,57373,4430
MF1470,Karawita,2025,7,0,76150,0,76150,6600
MF1470,Karawita,2025,8,0,72143,0,72143,6200
MF1470,Karawita,2025,9,0,71325,0,71325,6008
MF1470,Karawita,2025,9,0,3014,0,3014,0
MF1470,Karawita,2025,10,0,65473,0,65473,5802
MF1470,Karawita,2025,10,0,1004,0,1004,0
MF1470,Karawita,2025,11,0,51010,0,51010,4460
MF1470,Karawita,2025,11,0,2590,0,2590,0
MF1470,Karawita,2025,12,0,35054,0,35054,3891
MF1478,Sanora,2025,1,187,19700,0,19887,1712
MF1478,Sanora,2025,2,150,11638,0,11788,1012
MF1478,Sanora,2025,3,210,17365,0,17575,1510
MF1478,Sanora,2025,4,307,19594,0,19901,1720
MF1478,Sanora,2025,5,238,19514,0,19752,1706
MF1478,Sanora,2025,6,188,15393,0,15581,1342
MF1478,Sanora,2025,7,138,14654,0,14792,1281
MF1478,Sanora,2025,8,165,14230,0,14395,1281
MF1478,Sanora,2025,9,158,14819,0,14977,1291
MF1478,Sanora,2025,10,105,15282,0,15387,1334
MF1478,Sanora,2025,11,198,13264,0,13462,1172
MF1478,Sanora,2025,12,258,16394,0,16652,1450
MF1480,New Hopewell,2025,1,0,91292,0,91292,6025
MF1480,New Hopewell,2025,1,0,42996,0,42996,0
MF1480,New Hopewell,2025,2,0,92495,0,92495,5985
MF1480,New Hopewell,2025,2,0,10600,0,10600,0
MF1480,New Hopewell,2025,3,0,140596,0,140596,11635
MF1480,New Hopewell,2025,3,0,46691,0,46691,0
MF1480,New Hopewell,2025,4,0,136575,0,136575,11804
MF1480,New Hopewell,2025,4,0,38304,0,38304,0
MF1480,New Hopewell,2025,5,0,129873,0,129873,14476
MF1480,New Hopewell,2025,5,0,52662,0,52662,0
MF1480,New Hopewell,2025,6,0,105810,0,105810,8098
MF1480,New Hopewell,2025,6,0,39602,0,39602,0
MF1480,New Hopewell,2025,7,0,108248,0,108248,6872
MF1480,New Hopewell,2025,7,0,25365,0,25365,0
MF1480,New Hopewell,2025,8,0,83721.5,0,83721.5,7057
MF1480,New Hopewell,2025,8,0,49609.5,0,49609.5,0
MF1480,New Hopewell,2025,9,0,99968.5,0,99968.5,6106
MF1480,New Hopewell,2025,9,0,19667.5,0,19667.5,0
MF1480,New Hopewell,2025,10,0,129275.5,0,129275.5,10190
MF1480,New Hopewell,2025,10,0,32458.5,0,32458.5,0
MF1480,New Hopewell,2025,11,0,136069,0,136069,15050
MF1480,New Hopewell,2025,11,0,32770,0,32770,0
MF1480,New Hopewell,2025,12,0,139799.5,0,139799.5,15018
MF1480,New Hopewell,2025,12,0,33397.5,0,33397.5,0
MF1483,Galaxy ,2025,1,0,47905,0,47905,3479
MF1483,Galaxy ,2025,2,0,29916,0,29916,2154
MF1483,Galaxy ,2025,3,0,45632.5,0,45632.5,3244
MF1483,Galaxy ,2025,4,0,81642,0,81642,3379
MF1483,Galaxy ,2025,5,0,50789,0,50789,3823
MF1483,Galaxy ,2025,6,0,44262,0,44262,3330
MF1483,Galaxy ,2025,7,0,54308,0,54308,4018
MF1483,Galaxy ,2025,8,0,39784,0,39784,2846
MF1483,Galaxy ,2025,9,0,56647,0,56647,4111
MF1483,Galaxy ,2025,10,0,53749,0,53749,4045
MF1483,Galaxy ,2025,11,0,58119,0,58119,4633
MF1483,Galaxy ,2025,12,0,59673,0,59673,4675
MF1487,Adams View,2025,1,0,51849,0,51849,3281
MF1487,Adams View,2025,2,0,33838,0,33838,2139
MF1487,Adams View,2025,3,0,49178,0,49178,3105
MF1487,Adams View,2025,4,0,58214,0,58214,3677
MF1487,Adams View,2025,5,0,57475,0,57475,3634
MF1487,Adams View,2025,6,0,56564,0,56564,3575
MF1487,Adams View,2025,7,0,53667,0,53667,3385
MF1487,Adams View,2025,8,0,51866,0,51866,3278
MF1487,Adams View,2025,9,0,52537,0,52537,3318
MF1487,Adams View,2025,10,0,56028,0,56028,3545
MF1487,Adams View,2025,11,0,49376,0,49376,3121
MF1487,Adams View,2025,12,0,53605,0,53605,3434
MF1488,Kukuleganga,2025,1,0,34133,0,34133,2892
MF1488,Kukuleganga,2025,2,0,23809,0,23809,2071
MF1488,Kukuleganga,2025,3,0,33686,0,33686,2928
MF1488,Kukuleganga,2025,4,0,37323,0,37323,3247
MF1488,Kukuleganga,2025,5,0,34910,0,34910,3038
MF1488,Kukuleganga,2025,6,0,26380,0,26380,2269
MF1488,Kukuleganga,2025,7,0,17123,0,17123,1488
MF1488,Kukuleganga,2025,8,0,17087,0,17087,1487
MF1488,Kukuleganga,2025,9,0,21253,0,21253,1850
MF1491,New Doralavitiyahena,2025,1,0,60899,0,60899,4902
MF1491,New Doralavitiyahena,2025,1,0,8809,0,8809,0
MF1491,New Doralavitiyahena,2025,2,0,39851,0,39851,3886
MF1491,New Doralavitiyahena,2025,2,0,5402,0,5402,0
MF1491,New Doralavitiyahena,2025,3,0,66985,0,66985,5400
MF1491,New Doralavitiyahena,2025,3,0,13231,0,13231,0
MF1491,New Doralavitiyahena,2025,4,0,69980,0,69980,6675
MF1491,New Doralavitiyahena,2025,4,0,10729,0,10729,0
MF1491,New Doralavitiyahena,2025,5,0,70842,0,70842,6425
MF1491,New Doralavitiyahena,2025,5,0,6156,0,6156,0
MF1491,New Doralavitiyahena,2025,6,0,62968,0,62968,6018
MF1491,New Doralavitiyahena,2025,6,0,8412,0,8412,0
MF1491,New Doralavitiyahena,2025,7,0,63017,0,63017,6502
MF1491,New Doralavitiyahena,2025,7,0,6755,0,6755,0
MF1491,New Doralavitiyahena,2025,8,0,61099,0,61099,0
MF1491,New Doralavitiyahena,2025,8,0,5366,0,5366,0
MF1491,New Doralavitiyahena,2025,9,0,63628,0,63628,4036
MF1491,New Doralavitiyahena,2025,9,0,7928,0,7928,0
MF1491,New Doralavitiyahena,2025,10,0,59070,0,59070,4290
MF1491,New Doralavitiyahena,2025,10,0,9843,0,9843,0
MF1491,New Doralavitiyahena,2025,11,0,56193,0,56193,4154
MF1491,New Doralavitiyahena,2025,11,0,5739,0,5739,0
MF1491,New Doralavitiyahena,2025,12,0,52395,0,52395,4058
MF1491,New Doralavitiyahena,2025,12,0,5437,0,5437,0
MF1495,Nilvin View,2025,4,0,0,0,0,0
MF1495,Nilvin View,2025,5,0,0,0,0,0
MF1495,Nilvin View,2025,6,0,0,0,0,0
MF1495,Nilvin View,2025,7,0,0,0,0,0
MF1495,Nilvin View,2025,8,0,15083,0,15083,741
MF1495,Nilvin View,2025,9,0,17961,0,17961,904
MF1495,Nilvin View,2025,10,0,22120,0,22120,1268
MF1495,Nilvin View,2025,11,0,20941,0,20941,1278
MF1495,Nilvin View,2025,12,0,26326,0,26326,1589
MF1496,CO-OP TEA,2025,1,0,18480,0,18480,1846
MF1496,CO-OP TEA,2025,2,0,8835,0,8835,886
MF1496,CO-OP TEA,2025,3,0,16646,0,16646,1667
MF1496,CO-OP TEA,2025,4,0,26020,0,26020,2602
MF1496,CO-OP TEA,2025,5,0,24374,0,24374,2437
MF1496,CO-OP TEA,2025,6,0,26471,0,26471,2647
MF1496,CO-OP TEA,2025,7,0,11255,0,11255,1126
MF1496,CO-OP TEA,2025,8,0,0,0,0,0
MF1519,Parakaduwa,2025,1,0,54168,0,54168,3339
MF1519,Parakaduwa,2025,2,0,27833,0,27833,1819
MF1519,Parakaduwa,2025,3,0,0,30857,30857,2016
MF1519,Parakaduwa,2025,4,0,51096,0,51096,3544
MF1519,Parakaduwa,2025,5,0,51855,0,51855,4045
MF1519,Parakaduwa,2025,6,0,60163,0,60163,3830
MF1519,Parakaduwa,2025,7,0,60134,0,60134,5019
MF1519,Parakaduwa,2025,8,0,53773,0,53773,4385
MF1519,Parakaduwa,2025,9,0,44356,0,44356,3251
MF1519,Parakaduwa,2025,10,0,54361.5,0,54361.5,5755
MF1519,Parakaduwa,2025,11,0,50606,0,50606,3985
MF1519,Parakaduwa,2025,12,0,50031,0,50031,3193
MF1528,MISA,2025,1,0,163335,0,163335,8578
MF1528,MISA,2025,2,0,102362,0,102362,5575
MF1528,MISA,2025,3,0,179845,0,179845,9686
MF1528,MISA,2025,4,0,182280,0,182280,10123
MF1528,MISA,2025,5,0,196235,0,196235,10601
MF1528,MISA,2025,6,0,172982,0,172982,9445
MF1528,MISA,2025,7,0,183708,0,183708,9896
MF1528,MISA,2025,8,0,160505,0,160505,8569
MF1528,MISA,2025,9,0,204302,0,204302,10828
MF1528,MISA,2025,10,0,181801,0,181801,9811
MF1528,MISA,2025,11,0,115114,0,115114,6139
MF1528,MISA,2025,12,0,98589,0,98589,5194
MF1531,Kolonne Panapitiya,2025,1,0,54881,0,54881,6098
MF1531,Kolonne Panapitiya,2025,2,0,32627,0,32627,3627
MF1531,Kolonne Panapitiya,2025,3,0,50765,0,50765,5639
MF1531,Kolonne Panapitiya,2025,4,0,60830,0,60830,6759
MF1531,Kolonne Panapitiya,2025,5,0,53313,0,53313,5924
MF1531,Kolonne Panapitiya,2025,6,0,52216,0,52216,5805
MF1531,Kolonne Panapitiya,2025,7,0,44972,0,44972,4998
MF1531,Kolonne Panapitiya,2025,8,0,37300,0,37300,4144
MF1531,Kolonne Panapitiya,2025,9,0,23560,0,23560,2620
MF1531,Kolonne Panapitiya,2025,10,0,19793,0,19793,1179
MF1531,Kolonne Panapitiya,2025,11,0,19592,0,19592,980
MF1531,Kolonne Panapitiya,2025,12,0,24800,0,24800,2464
MF1551,Galahitiya,2025,1,43571,0,0,43571,2765
MF1551,Galahitiya,2025,2,0,37190,0,37190,2360
MF1551,Galahitiya,2025,3,0,43386,0,43386,7969
MF1551,Galahitiya,2025,4,0,26553,0,26553,1604
MF1551,Galahitiya,2025,6,0,20859,0,20859,1316
MF1551,Galahitiya,2025,7,0,23733,0,23733,1495
MF1551,Galahitiya,2025,8,0,24838,0,24838,1575
MF1551,Galahitiya,2025,9,0,24125,0,24125,1541
MF1551,Galahitiya,2025,10,0,27485,0,27485,1756
MF1551,Galahitiya,2025,11,0,23764,0,23764,1517
MF1552,Sisiramba ,2025,1,0,58128,0,58128,5800
MF1552,Sisiramba ,2025,2,0,43155,0,43155,4538
MF1552,Sisiramba ,2025,3,0,78917,0,78917,7969
MF1552,Sisiramba ,2025,4,0,64581,0,64581,7037
MF1552,Sisiramba ,2025,5,0,68230,0,68230,7400
MF1552,Sisiramba ,2025,6,0,54919,0,54919,5985
MF1552,Sisiramba ,2025,7,0,61929,0,61929,6822
MF1552,Sisiramba ,2025,8,0,58274,0,58274,6369
MF1552,Sisiramba ,2025,9,0,64153,0,64153,6934
MF1552,Sisiramba ,2025,10,0,66130,0,66130,7111
MF1552,Sisiramba ,2025,11,0,56768,0,56768,5887
MF1552,Sisiramba ,2025,12,0,56682,0,56682,6132
MF1553,New Spring View,2025,1,0,17234,0,17234,721
MF1553,New Spring View,2025,2,0,19401.5,0,19401.5,1346
MF1553,New Spring View,2025,3,0,30700,0,30700,2298
MF1553,New Spring View,2025,4,0,40453,0,40453,3621
MF1553,New Spring View,2025,5,0,41144,0,41144,3773
MF1553,New Spring View,2025,6,0,40163,0,40163,3398
MF1553,New Spring View,2025,7,0,56396,0,56396,4916
MF1553,New Spring View,2025,8,0,47605,0,47605,4138
MF1553,New Spring View,2025,9,0,54824,0,54824,4854
MF1553,New Spring View,2025,10,0,60935,0,60935,5295
MF1553,New Spring View,2025,11,0,40336,0,40336,3505
MF1553,New Spring View,2025,12,0,46039,0,46039,3658
MF1554,Daduwangala CTC,2025,1,0,543,0,543,28
MF1554,Daduwangala CTC,2025,2,0,0,0,0,0
MF1554,Daduwangala CTC,2025,3,0,649,0,649,34
MF1554,Daduwangala CTC,2025,4,0,20112,0,20112,1268
MF1554,Daduwangala CTC,2025,5,0,1987,0,1987,105
MF1554,Daduwangala CTC,2025,6,0,1860,0,1860,100
MF1554,Daduwangala CTC,2025,7,0,3850,0,3850,204
MF1554,Daduwangala CTC,2025,8,0,12127,0,12127,648
MF1554,Daduwangala CTC,2025,9,0,14599,0,14599,776
MF1554,Daduwangala CTC,2025,10,0,25142,0,25142,1339
MF1554,Daduwangala CTC,2025,11,0,10515,0,10515,561
MF1554,Daduwangala CTC,2025,12,0,4984,0,4984,262
MF1555,M J F Beverages (Pvt) Limited,2025,12,0,0,0,0,0
MF1571,Kamarangapitiya,2025,1,0,78655,0,78655,9484
MF1571,Kamarangapitiya,2025,2,0,60672,0,60672,5016
MF1571,Kamarangapitiya,2025,3,0,89326,0,89326,8005
MF1571,Kamarangapitiya,2025,4,0,78253,0,78253,7554
MF1571,Kamarangapitiya,2025,5,0,74253,0,74253,4750
MF1571,Kamarangapitiya,2025,6,0,74931,0,74931,12058
MF1571,Kamarangapitiya,2025,7,0,73041,0,73041,7629
MF1571,Kamarangapitiya,2025,8,0,78548,0,78548,6616
MF1571,Kamarangapitiya,2025,9,0,74901,0,74901,5304
MF1571,Kamarangapitiya,2025,10,0,78738,0,78738,5418
MF1571,Kamarangapitiya,2025,11,0,69207,0,69207,5414
MF1571,Kamarangapitiya,2025,12,0,64783,0,64783,5024
MF1579,Deraniyagala Tea Shakthi,2025,1,0,39371,0,39371,3424
MF1579,Deraniyagala Tea Shakthi,2025,2,0,25166,0,25166,2188
MF1579,Deraniyagala Tea Shakthi,2025,3,0,36480,0,36480,3171
MF1579,Deraniyagala Tea Shakthi,2025,4,0,42283,0,42283,3665
MF1579,Deraniyagala Tea Shakthi,2025,5,0,40008,0,40008,3369
MF1579,Deraniyagala Tea Shakthi,2025,6,0,40017,0,40017,3481
MF1579,Deraniyagala Tea Shakthi,2025,7,0,37363,0,37363,3233
MF1579,Deraniyagala Tea Shakthi,2025,8,0,32078,0,32078,2774
MF1579,Deraniyagala Tea Shakthi,2025,9,0,35489,0,35489,3080
MF1579,Deraniyagala Tea Shakthi,2025,10,0,36011,0,36011,3122
MF1579,Deraniyagala Tea Shakthi,2025,11,0,30121,0,30121,2586
MF1579,Deraniyagala Tea Shakthi,2025,12,0,31324,0,31324,2720
MF1580,Kolonne Kithulgala,2025,1,0,23310.04,0,23310.04,2026.96
MF1580,Kolonne Kithulgala,2025,4,0,13932,0,13932,581
MF1580,Kolonne Kithulgala,2025,5,0,18457,0,18457,759
MF1580,Kolonne Kithulgala,2025,6,0,11297,0,11297,463
MF1580,Kolonne Kithulgala,2025,7,0,21327,0,21327,894
MF1580,Kolonne Kithulgala,2025,8,0,22606,0,22606,944
MF1580,Kolonne Kithulgala,2025,9,0,26024,0,26024,1071
MF1580,Kolonne Kithulgala,2025,10,0,30622,0,30622,1266
MF1580,Kolonne Kithulgala,2025,11,0,26917,0,26917,1111
MF1580,Kolonne Kithulgala,2025,12,0,27120,0,27120,1127
MF1591,Ethoya Waththa,2025,1,5497,62344,0,67841,9367
MF1591,Ethoya Waththa,2025,2,3260,41113,0,44373,5476
MF1591,Ethoya Waththa,2025,3,4382,63420,0,67802,8722
MF1591,Ethoya Waththa,2025,4,4782,63255,0,68037,8743
MF1591,Ethoya Waththa,2025,5,5195,67367,0,72562,9378
MF1591,Ethoya Waththa,2025,6,3861,56633,0,60494,7650
MF1591,Ethoya Waththa,2025,7,5039,57574,0,62613,8093
MF1591,Ethoya Waththa,2025,8,5002,53609,0,58611,7496
MF1591,Ethoya Waththa,2025,9,4460,54309,0,58769,7470
MF1591,Ethoya Waththa,2025,10,5558,54584,0,60142,7723
MF1591,Ethoya Waththa,2025,11,5265,47478,0,52743,6809
MF1591,Ethoya Waththa,2025,12,5764,43701,0,49465,6354
MF1592,Super Leaf ,2025,1,0,27123,0,27123,1586
MF1592,Super Leaf ,2025,2,0,21401,0,21401,1333
MF1592,Super Leaf ,2025,3,0,33036,0,33036,2105
MF1592,Super Leaf ,2025,4,0,39800,0,39800,2467
MF1592,Super Leaf ,2025,5,0,24164,0,24164,1528
MF1592,Super Leaf ,2025,6,0,31837,0,31837,1951
MF1592,Super Leaf ,2025,7,0,36924,0,36924,2061
MF1592,Super Leaf ,2025,8,0,38000,0,38000,2105
MF1592,Super Leaf ,2025,9,0,42255,0,42255,2363
MF1592,Super Leaf ,2025,10,0,39919,0,39919,2115
MF1592,Super Leaf ,2025,11,0,29919,0,29919,1600
MF1592,Super Leaf ,2025,12,0,29612,0,29612,1568
MF1601,Blue Hills,2025,1,0,47488,0,47488,4534
MF1601,Blue Hills,2025,2,0,33429,0,33429,3194
MF1601,Blue Hills,2025,3,0,66268,0,66268,6420
MF1601,Blue Hills,2025,4,0,65868,0,65868,6275
MF1601,Blue Hills,2025,5,0,78185,0,78185,7447
MF1601,Blue Hills,2025,6,0,63619,0,63619,6169
MF1601,Blue Hills,2025,7,0,52546,0,52546,5021
MF1601,Blue Hills,2025,8,0,39014,0,39014,3709
MF1601,Blue Hills,2025,9,0,46583,0,46583,4433
MF1601,Blue Hills,2025,10,0,55383,0,55383,5297
MF1601,Blue Hills,2025,11,0,62843,0,62843,5998
MF1601,Blue Hills,2025,12,0,50995,0,50995,4871
RT0391,M.K.G. Tea Re Processing Centre,2025,1,4715,0,0,4715,11672
RT0391,M.K.G. Tea Re Processing Centre,2025,2,11658,0,0,11658,28686
RT0391,M.K.G. Tea Re Processing Centre,2025,3,6419,0,0,6419,15766
RT0391,M.K.G. Tea Re Processing Centre,2025,4,5599,0,0,5599,9586
RT0391,M.K.G. Tea Re Processing Centre,2025,5,0,11384,0,11384,12334
RT0391,M.K.G. Tea Re Processing Centre,2025,6,0,8000,0,8000,7000
RT0391,M.K.G. Tea Re Processing Centre,2025,7,0,8591,0,8591,8216
RT0391,M.K.G. Tea Re Processing Centre,2025,8,0,15350,0,15350,12412
RT0391,M.K.G. Tea Re Processing Centre,2025,9,0,29748,0,29748,16025
RT0391,M.K.G. Tea Re Processing Centre,2025,11,0,17406,0,17406,7824
RT0391,M.K.G. Tea Re Processing Centre,2025,12,30242,0,0,30242,14234
RT0507,JAYA LAND,2025,1,2650,0,0,2650,880000
RT0507,JAYA LAND,2025,2,4520,2200,0,6720,57600
RT0507,JAYA LAND,2025,3,11390,0,0,11390,37000
RT0507,JAYA LAND,2025,4,3090,0,0,3090,33000
RT0507,JAYA LAND,2025,5,0,3810,0,3810,35000
RT0507,JAYA LAND,2025,6,0,8700,0,8700,43000
RT0507,JAYA LAND,2025,7,0,7940,0,7940,41500
RT0507,JAYA LAND,2025,8,0,8170,0,8170,36000
RT0507,JAYA LAND,2025,9,0,5920,0,5920,42000
RT0507,JAYA LAND,2025,10,0,6340,0,6340,30000
RT0507,JAYA LAND,2025,11,0,8290,0,8290,36000
RT0507,JAYA LAND,2025,12,0,6530,0,6530,42000
RT0647,Samanalakanda Refuse Tea Processing Center,2025,1,0,0,0,0,0
RT0647,Samanalakanda Refuse Tea Processing Center,2025,2,0,0,0,0,0
RT0647,Samanalakanda Refuse Tea Processing Center,2025,3,1567,0,0,1567,3650
RT0647,Samanalakanda Refuse Tea Processing Center,2025,4,0,0,0,0,0
RT0647,Samanalakanda Refuse Tea Processing Center,2025,5,0,0,0,0,0
RT0647,Samanalakanda Refuse Tea Processing Center,2025,6,0,0,0,0,0
RT0647,Samanalakanda Refuse Tea Processing Center,2025,7,0,0,0,0,0
BF0143,Templevally,2024,1,0,27900,0,27900,2790
BF0143,Templevally,2024,2,0,29221,0,29221,2922
BF0143,Templevally,2024,3,0,27142,0,27142,2714
BF0143,Templevally,2024,4,0,23426,0,23426,2342
BF0143,Templevally,2024,5,0,10267,0,10267,1026
BF0143,Templevally,2024,6,0,7224,0,7224,722
BF0143,Templevally,2024,7,0,10286,0,10286,1028
BF0143,Templevally,2024,8,0,14094,0,14094,1409
BF0143,Templevally,2024,9,0,17597,0,17597,1759
BF0143,Templevally,2024,10,0,16307,0,16307,1610
BF0143,Templevally,2024,11,0,10628,0,10628,1062
BF0143,Templevally,2024,12,0,12251,0,12251,1217
BF0150,Sherwood ,2024,1,0,0,0,0,0
BF0150,Sherwood ,2024,2,0,0,0,0,0
BF0150,Sherwood ,2024,3,0,0,0,0,0
BF0150,Sherwood ,2024,4,0,28915,0,28915,2506
BF0150,Sherwood ,2024,5,0,44015,0,44015,6004
BF0150,Sherwood ,2024,6,0,33611,0,33611,4583
BF0150,Sherwood ,2024,7,0,43616,0,43616,5948
BF0150,Sherwood ,2024,8,0,29603,0,29603,4040
BF0150,Sherwood ,2024,9,0,45572,0,45572,2909
BF0150,Sherwood ,2024,10,0,41305,0,41305,2636
BF0150,Sherwood ,2024,11,0,42547,0,42547,2239
BF0150,Sherwood ,2024,12,0,35916,0,35916,1891
BF0155,GANGALAGAMUWA,2024,1,0,74075,0,74075,3917
BF0155,GANGALAGAMUWA,2024,2,0,64957,0,64957,3304
BF0155,GANGALAGAMUWA,2024,3,0,55607,0,55607,2823
BF0155,GANGALAGAMUWA,2024,4,0,60309,0,60309,3023
BF0155,GANGALAGAMUWA,2024,5,0,63000,0,63000,3018
BF0155,GANGALAGAMUWA,2024,6,0,51119,0,51119,2490
BF0155,GANGALAGAMUWA,2024,7,0,39812,0,39812,1928
BF0155,GANGALAGAMUWA,2024,8,0,59617,0,59617,2889
BF0155,GANGALAGAMUWA,2024,9,0,66264,0,66264,3192
BF0155,GANGALAGAMUWA,2024,10,0,40726,0,40726,1950
BF0155,GANGALAGAMUWA,2024,11,0,46518,0,46518,2267
BF0155,GANGALAGAMUWA,2024,12,0,50237,0,50237,2434
HT0002,ECO,2024,1,63.25,0,0,63.25,1.27
HT0002,ECO,2024,2,7.7,0,0,7.7,0.15
HT0002,ECO,2024,3,0,0,0,0,0
HT0002,ECO,2024,4,0,0,0,0,0
HT0002,ECO,2024,5,0,0,0,0,0
HT0002,ECO,2024,6,139.16,0,0,139.16,2.84
HT0002,ECO,2024,7,116.4,0,0,116.4,3.6
HT0002,ECO,2024,8,118,0,0,118,10.24
HT0002,ECO,2024,9,6.5,0,0,6.5,3
HT0002,ECO,2024,10,104,0,0,104,5
HT0002,ECO,2024,11,135,0,0,135,7
HT0002,ECO,2024,12,4,0,0,4,3
HT0007,C R A Ceylon Hand Made,2024,8,16,0,0,16,0
HT0007,C R A Ceylon Hand Made,2024,9,0,0,0,0,0
HT0007,C R A Ceylon Hand Made,2024,11,0,0,0,0,0
HT0007,C R A Ceylon Hand Made,2024,12,0,0,0,0,0
HT0023,Rocky Mark Hand Made Tea ,2024,7,0,95,0,95,0
HT0023,Rocky Mark Hand Made Tea ,2024,8,20,27,0,47,0
HT0023,Rocky Mark Hand Made Tea ,2024,9,10,21,0,31,0
HT0023,Rocky Mark Hand Made Tea ,2024,11,13,18,0,31,0
MF0083,Rilhena ,2024,1,4517,14763,0,19280,2688
MF0083,Rilhena ,2024,2,0,31416,0,31416,2956
MF0083,Rilhena ,2024,3,0,26531,0,26531,3262
MF0083,Rilhena ,2024,4,0,23256,0,23256,2857
MF0083,Rilhena ,2024,5,0,18702,0,18702,5879
MF0083,Rilhena ,2024,6,0,5374.5,0,5374.5,2021
MF0083,Rilhena ,2024,7,0,14526,0,14526,1306
MF0083,Rilhena ,2024,8,0,14665.5,0,14665.5,1780
MF0083,Rilhena ,2024,9,0,17206,0,17206,1984
MF0083,Rilhena ,2024,10,0,16815.5,0,16815.5,2118
MF0083,Rilhena ,2024,11,0,20118,0,20118,1598
MF0083,Rilhena ,2024,12,0,12596,0,12596,1703
MF0085,Noori ,2024,1,0,40910,0,40910,3974
MF0085,Noori ,2024,2,0,45425,0,45425,4559
MF0085,Noori ,2024,3,0,36530,0,36530,3908
MF0085,Noori ,2024,4,0,43066,0,43066,4250
MF0085,Noori ,2024,5,0,46729,0,46729,5000
MF0085,Noori ,2024,6,0,49027,0,49027,5084
MF0085,Noori ,2024,7,0,52837,0,52837,4130
MF0085,Noori ,2024,8,0,44532,0,44532,4901
MF0085,Noori ,2024,9,0,45537,0,45537,5708
MF0085,Noori ,2024,10,0,45455,0,45455,4874
MF0085,Noori ,2024,11,0,40060,0,40060,4097
MF0085,Noori ,2024,12,0,37094,0,37094,4150
MF0103,Opatha ,2024,1,3590.5,8865,0,12455.5,4555
MF0103,Opatha ,2024,2,3124,15535,0,18659,2102
MF0103,Opatha ,2024,3,3426,21173,0,24599,3123
MF0103,Opatha ,2024,4,3700,21327,0,25027,3428
MF0103,Opatha ,2024,5,3676,23201,0,26877,3147
MF0103,Opatha ,2024,6,4132,20014,0,24146,2610
MF0103,Opatha ,2024,7,3472,21738,0,25210,2747
MF0103,Opatha ,2024,8,3758,18967,0,22725,2615
MF0103,Opatha ,2024,9,3833,19113,0,22946,3642
MF0103,Opatha ,2024,10,2634,7759,0,10393,2070
MF0103,Opatha ,2024,11,3271,11288,0,14559,2157
MF0103,Opatha ,2024,12,2727,7148.5,0,9875.5,1531
MF0104,Wellandura ,2024,1,7036,26734,1505,35275,4391
MF0104,Wellandura ,2024,2,5514,34039,0,39553,5027
MF0104,Wellandura ,2024,3,6114,44030,0,50144,6898
MF0104,Wellandura ,2024,4,6294,35475,0,41769,5437
MF0104,Wellandura ,2024,5,6562,32289,0,38851,5308
MF0104,Wellandura ,2024,6,6236,32225,0,38461,5468
MF0104,Wellandura ,2024,7,5708,28755,0,34463,3800
MF0104,Wellandura ,2024,8,6537,26498,0,33035,4490
MF0104,Wellandura ,2024,9,7618,30422,0,38040,4876
MF0104,Wellandura ,2024,10,6264,19246,0,25510,3004
MF0104,Wellandura ,2024,11,5630,22764,0,28394,4752
MF0104,Wellandura ,2024,12,5649,23035,0,28684,4329
MF0106,Mahawale ,2024,1,0,9093.5,0,9093.5,21868
MF0106,Mahawale ,2024,2,0,8018,0,8018,20868
MF0106,Mahawale ,2024,3,0,11921.5,0,11921.5,29225
MF0106,Mahawale ,2024,4,0,7368.5,0,7368.5,22648
MF0106,Mahawale ,2024,5,0,15618,0,15618,41088
MF0106,Mahawale ,2024,6,0,15399.5,0,15399.5,41762
MF0106,Mahawale ,2024,7,0,16745,0,16745,32071
MF0106,Mahawale ,2024,8,0,13926,0,13926,35858
MF0106,Mahawale ,2024,9,14943.5,14126,0,29069.5,35000
MF0106,Mahawale ,2024,10,0,16898,0,16898,46234
MF0106,Mahawale ,2024,11,12762.5,9456,0,22218.5,21000
MF0106,Mahawale ,2024,12,15712,0,0,15712,42362
MF0107,Nilagama ,2024,1,3955,12770,0,16725,2736
MF0107,Nilagama ,2024,2,3305,6988,11070,21363,3017
MF0107,Nilagama ,2024,3,4178,3573,12409,20160,3179
MF0107,Nilagama ,2024,4,4707,3379,14120,22206,3846
MF0107,Nilagama ,2024,5,4636,4199,14555,23390,2775
MF0107,Nilagama ,2024,6,3896,6455,12089,22440,2871
MF0107,Nilagama ,2024,7,3818,10470,12291,26579,2934
MF0107,Nilagama ,2024,8,4697,13852,0,18549,4111
MF0107,Nilagama ,2024,9,4881,12797,15290,32968,3858
MF0107,Nilagama ,2024,10,4278,10361,13126,27765,3379
MF0107,Nilagama ,2024,11,3841,12125,12429,28395,3502
MF0107,Nilagama ,2024,12,4245,11763,11594,27602,4343
MF0108,Poronuwa,2024,1,199215,7861.5,0,207076.5,1640
MF0108,Poronuwa,2024,2,71,0,0,71,1949
MF0108,Poronuwa,2024,3,0,0,0,0,690.5
MF0108,Poronuwa,2024,4,0,0,0,0,0
MF0108,Poronuwa,2024,7,0,0,0,0,0
MF0168,ENDANE,2024,1,21417.5,0,0,21417.5,4329
MF0168,ENDANE,2024,2,19534.5,0,0,19534.5,2835
MF0168,ENDANE,2024,3,21307.5,0,0,21307.5,2472
MF0168,ENDANE,2024,4,22947.5,0,807,23754.5,2549
MF0168,ENDANE,2024,5,23429,0,0,23429,3039
MF0168,ENDANE,2024,6,20856,0,0,20856,2424
MF0168,ENDANE,2024,7,23760.5,0,0,23760.5,3201
MF0168,ENDANE,2024,8,27925.5,0,0,27925.5,2958
MF0168,ENDANE,2024,9,28673.5,0,0,28673.5,3321
MF0168,ENDANE,2024,10,24458,0,0,24458,3527
MF0168,ENDANE,2024,11,25307.5,0,0,25307.5,3036
MF0168,ENDANE,2024,12,24210,0,0,24210,3411
MF0181,Ceciliyan ,2024,1,3807,148468,0,152275,5073
MF0181,Ceciliyan ,2024,1,0,220063,0,220063,0
MF0181,Ceciliyan ,2024,2,2450,120751,0,123201,5725
MF0181,Ceciliyan ,2024,2,0,188772,0,188772,0
MF0181,Ceciliyan ,2024,3,1240,88802,0,90042,5462
MF0181,Ceciliyan ,2024,3,0,189364,0,189364,0
MF0181,Ceciliyan ,2024,4,3478,158180,0,161658,1948
MF0181,Ceciliyan ,2024,4,0,209681,0,209681,0
MF0181,Ceciliyan ,2024,5,2642,133122,0,135764,6226
MF0181,Ceciliyan ,2024,5,0,254945,0,254945,0
MF0181,Ceciliyan ,2024,6,3274,82830,0,86104,6024
MF0181,Ceciliyan ,2024,6,0,269707,0,269707,0
MF0181,Ceciliyan ,2024,7,2492,131461,0,133953,2116
MF0181,Ceciliyan ,2024,7,0,197090,0,197090,3173
MF0181,Ceciliyan ,2024,8,2841,140613,0,143454,2152
MF0181,Ceciliyan ,2024,8,0,225918,0,225918,2152
MF0181,Ceciliyan ,2024,9,2545,134899,0,137444,3128
MF0181,Ceciliyan ,2024,9,87,230759,0,230846,1950
MF0181,Ceciliyan ,2024,10,2217,107504,0,109721,3362
MF0181,Ceciliyan ,2024,10,0,193824,0,193824,2500
MF0181,Ceciliyan ,2024,11,3060,119738,0,122798,2032
MF0181,Ceciliyan ,2024,11,0,193118,0,193118,1750
MF0181,Ceciliyan ,2024,12,0,108262,0,108262,3620
MF0181,Ceciliyan ,2024,12,0,201056,0,201056,2283
MF0183,New Kandagastenne ,2024,1,0,76071,0,76071,3048
MF0183,New Kandagastenne ,2024,2,0,84216,0,84216,3386
MF0183,New Kandagastenne ,2024,3,0,87637,0,87637,3533
MF0183,New Kandagastenne ,2024,4,0,92135,0,92135,3695
MF0183,New Kandagastenne ,2024,5,0,100266,0,100266,4028
MF0183,New Kandagastenne ,2024,6,0,75754,0,75754,3079
MF0183,New Kandagastenne ,2024,7,0,71307,0,71307,2864
MF0183,New Kandagastenne ,2024,8,0,73562,0,73562,3112
MF0183,New Kandagastenne ,2024,9,0,86059,0,86059,3517
MF0183,New Kandagastenne ,2024,10,0,78863,0,78863,3200
MF0183,New Kandagastenne ,2024,11,0,70723,0,70723,2887
MF0183,New Kandagastenne ,2024,12,0,56065,0,56065,2223
MF0200,Pettiyagalla ,2024,1,9447,1600,7071,18118,3614
MF0200,Pettiyagalla ,2024,2,0,0,0,0,630
MF0200,Pettiyagalla ,2024,3,17726,3372,10532,31630,3802
MF0200,Pettiyagalla ,2024,4,15766,4200,13849,33815,5168
MF0200,Pettiyagalla ,2024,5,15503,2899,12996,31398,6079.5
MF0200,Pettiyagalla ,2024,6,11107,3306,9097,23510,4505
MF0200,Pettiyagalla ,2024,7,11724,4650,10646,27020,5100
MF0200,Pettiyagalla ,2024,8,12633,2915,9631,25179,5438
MF0200,Pettiyagalla ,2024,9,14196,3569,11819,29584,5576
MF0200,Pettiyagalla ,2024,10,11210,1322,10514,23046,4435
MF0200,Pettiyagalla ,2024,11,13910,2698,11430,28038,5271
MF0200,Pettiyagalla ,2024,12,12040,1571,10630.5,24241.5,5140
MF0210,Haughton ,2024,1,3871,41095,0,44966,3713
MF0210,Haughton ,2024,2,2746,42378,0,45124,3759
MF0210,Haughton ,2024,3,2213,35303.5,0,37516.5,3037
MF0210,Haughton ,2024,4,4036,45215,0,49251,4272
MF0210,Haughton ,2024,5,3122,51670.5,0,54792.5,4470
MF0210,Haughton ,2024,6,4283,58159,0,62442,5093
MF0210,Haughton ,2024,7,4036,50660,0,54696,4557
MF0210,Haughton ,2024,8,3750,42073,0,45823,3886
MF0210,Haughton ,2024,9,3984,38687.5,0,42671.5,3626
MF0210,Haughton ,2024,10,3447,43762,0,47209,3902
MF0210,Haughton ,2024,11,3819,46953.5,0,50772.5,4202
MF0210,Haughton ,2024,12,3459,46972,0,50431,4341
MF0236,Pambagama ,2024,1,10357,21514,9341,41212,8754
MF0236,Pambagama ,2024,2,10384,19659,8168.5,38211.5,7829
MF0236,Pambagama ,2024,3,7485.5,13694,9036,30215.5,6925
MF0236,Pambagama ,2024,4,10637,22228.5,10512,43377.5,7104
MF0236,Pambagama ,2024,5,9341,18667,9011,37019,5447
MF0236,Pambagama ,2024,6,10570,20101,9692,40363,7273
MF0236,Pambagama ,2024,7,12072,18913,11037,42022,8872
MF0236,Pambagama ,2024,8,11915,20490,10884,43289,8917
MF0236,Pambagama ,2024,9,10844,21719.5,11033,43596.5,8774
MF0236,Pambagama ,2024,10,10320,19100,10745,40165,8835
MF0236,Pambagama ,2024,11,11191,19766,11617,42574,8820
MF0236,Pambagama ,2024,12,9200.5,19463,10221,38884.5,9826
MF0258,Balangoda Tea Shakthi,2024,1,0,9475,0,9475,818
MF0258,Balangoda Tea Shakthi,2024,2,0,21711,0,21711,1884
MF0258,Balangoda Tea Shakthi,2024,3,0,26624,0,26624,2314
MF0258,Balangoda Tea Shakthi,2024,4,0,25821,0,25821,2241
MF0258,Balangoda Tea Shakthi,2024,5,0,28851,0,28851,2680
MF0258,Balangoda Tea Shakthi,2024,6,0,20274,0,20274,1762
MF0258,Balangoda Tea Shakthi,2024,7,0,26949,0,26949,2341
MF0258,Balangoda Tea Shakthi,2024,8,0,18104,0,18104,1574
MF0258,Balangoda Tea Shakthi,2024,9,0,18392,0,18392,1635
MF0258,Balangoda Tea Shakthi,2024,10,0,15331,0,15331,1415
MF0258,Balangoda Tea Shakthi,2024,11,0,18463,0,18463,1814
MF0258,Balangoda Tea Shakthi,2024,12,0,19403,0,19403,2024
MF0262,Upper Balangoda,2024,1,229,10183,0,10412,906
MF0262,Upper Balangoda,2024,2,335,14927,0,15262,1327
MF0262,Upper Balangoda,2024,3,447,16691,0,17138,1491
MF0262,Upper Balangoda,2024,4,508,19803,0,20311,1766
MF0262,Upper Balangoda,2024,5,538,15005,0,15543,1352
MF0262,Upper Balangoda,2024,6,321,12875,0,13196,1148
MF0262,Upper Balangoda,2024,7,1810,21742,0,23552,2048
MF0262,Upper Balangoda,2024,8,320,14003,0,14323,1246
MF0262,Upper Balangoda,2024,9,438,15077,0,15515,1349
MF0262,Upper Balangoda,2024,10,416,7069,0,7485,651
MF0262,Upper Balangoda,2024,11,387,10749,0,11136,968
MF0262,Upper Balangoda,2024,12,620,10171,0,10791,939
MF0263,Wewawatte,2024,1,1507,11312,0,12819,1086
MF0263,Wewawatte,2024,2,1882,17949,0,19831,1673
MF0263,Wewawatte,2024,3,1810,25516,0,27326,2312
MF0263,Wewawatte,2024,4,2843,28306,0,31149,2487
MF0263,Wewawatte,2024,5,2371,26403,0,28774,2439
MF0263,Wewawatte,2024,6,1975,18585,0,20560,1736
MF0263,Wewawatte,2024,7,1870,19540,0,21410,1817
MF0263,Wewawatte,2024,8,1650,18542,0,20192,1719
MF0263,Wewawatte,2024,9,1726,25806,0,27532,2334
MF0263,Wewawatte,2024,10,1210,17520,0,18730,1591
MF0263,Wewawatte,2024,11,1355,17517,28887,47759,1636
MF0263,Wewawatte,2024,12,1165,20260,0,21425,1815
MF0293,Kelani ,2024,1,2892.5,29889.03,8983.5,41765.03,2305
MF0293,Kelani ,2024,2,2706,28754,8645,40105,3033
MF0293,Kelani ,2024,3,1722.01,22492,7203,31417.01,2889
MF0293,Kelani ,2024,4,2455,30512.5,9366,42333.5,4375
MF0293,Kelani ,2024,5,2594,26880,9208,38682,2052
MF0293,Kelani ,2024,6,2662,29153.5,9455,41270.5,4159
MF0293,Kelani ,2024,7,2457,32595.5,9682,44734.5,4152
MF0293,Kelani ,2024,8,2828,41347.5,8354,52529.5,5684
MF0293,Kelani ,2024,9,2456,38174.6,8971,49601.6,6388
MF0293,Kelani ,2024,10,2279,33149.5,8679,44107.5,4380
MF0293,Kelani ,2024,11,2256,26503.5,8887,37646.5,4258
MF0293,Kelani ,2024,12,2312,27244,8358,37914,4031
MF0295,Kuttapitiya ,2024,1,0,49056,0,49056,6377
MF0295,Kuttapitiya ,2024,2,0,60352,0,60352,8450
MF0295,Kuttapitiya ,2024,3,0,65862,0,65862,9976
MF0295,Kuttapitiya ,2024,4,0,72550,0,72550,10050
MF0295,Kuttapitiya ,2024,5,0,73278,0,73278,9325
MF0295,Kuttapitiya ,2024,6,0,64620,0,64620,9987
MF0295,Kuttapitiya ,2024,7,0,61213,0,61213,8366
MF0295,Kuttapitiya ,2024,8,0,65830,0,65830,9450
MF0295,Kuttapitiya ,2024,9,0,87960,0,87960,9576
MF0295,Kuttapitiya ,2024,10,0,79634,0,79634,8973
MF0295,Kuttapitiya ,2024,11,0,77350,0,77350,8282
MF0295,Kuttapitiya ,2024,12,0,72885,0,72885,10296
MF0296,DOLOSWELLA,2024,1,6241,11103,7378,24722,2863
MF0296,DOLOSWELLA,2024,2,3900,9138,5652,18690,4473
MF0296,DOLOSWELLA,2024,3,3785,12077,5005,20867,3326
MF0296,DOLOSWELLA,2024,4,5828,13129,6430,25387,3369
MF0296,DOLOSWELLA,2024,5,4902,14104,6379,25385,4281
MF0296,DOLOSWELLA,2024,6,6218,14266,5849,26333,3395
MF0296,DOLOSWELLA,2024,7,5343,16303,6742,28388,3600
MF0296,DOLOSWELLA,2024,8,6606,20266,7457,34329,5191
MF0296,DOLOSWELLA,2024,9,7021,20729,7060,34810,4679
MF0296,DOLOSWELLA,2024,10,6168,17074,6636,29878,4816
MF0296,DOLOSWELLA,2024,11,7177,19300,7885,34362,4955
MF0296,DOLOSWELLA,2024,12,6746,18065,7249,32060,4920
MF0353,YATIDERIYA,2024,1,8013.5,29823,1913,39749.5,4827
MF0353,YATIDERIYA,2024,2,6767,28291,1512,36570,5311
MF0353,YATIDERIYA,2024,3,7173.5,26154,1560,34887.5,4904
MF0353,YATIDERIYA,2024,4,8747,30180,1396,40323,6043
MF0353,YATIDERIYA,2024,5,8630.5,32890,1798,43318.5,4412
MF0353,YATIDERIYA,2024,6,8337,34829,2024,45190,5330
MF0353,YATIDERIYA,2024,7,9163,36410,1857,47430,5355
MF0353,YATIDERIYA,2024,8,10927,6383,1910,19220,5362
MF0353,YATIDERIYA,2024,9,8471,36024,1802,46297,5540
MF0353,YATIDERIYA,2024,10,7430.5,29439,1605,38474.5,4453
MF0353,YATIDERIYA,2024,11,8930.5,30255,1875,41060.5,4717
MF0353,YATIDERIYA,2024,12,7744,24795,1657,34196,5457
MF0367,Cecilton ,2024,1,10190,2766,4129,17085,2230
MF0367,Cecilton ,2024,2,13303,6295,7347,26945,3693
MF0367,Cecilton ,2024,3,18410,6433,8517,33360,4484
MF0367,Cecilton ,2024,4,16910,8124,7316,32350,4100
MF0367,Cecilton ,2024,5,17328,7560,6072,30960,3880
MF0367,Cecilton ,2024,6,12607,6720,1203,20530,2580
MF0367,Cecilton ,2024,7,14060,6720,4035,24815,3366
MF0367,Cecilton ,2024,8,10927,6383,0,17310,2440
MF0367,Cecilton ,2024,9,18170,12783,2377,33330,4348
MF0367,Cecilton ,2024,10,12408,8060,6237,26705,4060
MF0367,Cecilton ,2024,11,17230,9982,7516,34728,4733
MF0367,Cecilton ,2024,12,12150,6205,4967,23322,3567
MF0369,MARATENNE,2024,1,27541,1063,0,28604,5174
MF0369,MARATENNE,2024,2,39765,6876,21948,68589,10617
MF0369,MARATENNE,2024,3,67104,8323,0,75427,9731
MF0369,MARATENNE,2024,4,51710,6447,1039,59196,6706
MF0369,MARATENNE,2024,5,51252,8878,1197,61327,9709
MF0369,MARATENNE,2024,6,41895,9383,5679,56957,8117
MF0369,MARATENNE,2024,7,49820,11272,2876,63968,10489
MF0369,MARATENNE,2024,8,38101,5696,6524,50321,8352
MF0369,MARATENNE,2024,9,56289,8986,6993,72268,11432
MF0369,MARATENNE,2024,10,41903,8137,0,50040,7494
MF0369,MARATENNE,2024,11,51614,10784,0,62398,11167
MF0369,MARATENNE,2024,12,44136,10911,0,55047,7407
MF0481,Aigburth ,2024,1,3456,22565,0,26021,2244
MF0481,Aigburth ,2024,2,6367.96,31477.04,0,37845,3467
MF0481,Aigburth ,2024,3,4992.75,40158.25,0,45151,3902
MF0481,Aigburth ,2024,4,5626.04,35093.96,0,40720,3652
MF0481,Aigburth ,2024,5,8310.69,36106.31,0,44417,3795
MF0481,Aigburth ,2024,6,4529,17756,0,22285,1984
MF0481,Aigburth ,2024,7,4668.34,20111.16,0,24779.5,2719
MF0481,Aigburth ,2024,8,5226.46,27816.54,0,33043,3591
MF0481,Aigburth ,2024,9,6458.32,28116.67,0,34574.99,3982
MF0481,Aigburth ,2024,10,5076.53,26998.47,0,32075,5655
MF0481,Aigburth ,2024,11,4980,32821,0,37801,4841
MF0481,Aigburth ,2024,12,3999,33398,0,37397,4212
MF0490,Hatherleigh ,2024,1,19358,642.5,8860,28860.5,4504
MF0490,Hatherleigh ,2024,2,20976,24,6238,27238,4509
MF0490,Hatherleigh ,2024,3,16826.5,1452,6776,25054.5,4266
MF0490,Hatherleigh ,2024,4,22485,10082,7913.5,40480.5,6412
MF0490,Hatherleigh ,2024,5,24051.5,19080,8778,51909.5,10223
MF0490,Hatherleigh ,2024,6,23505,14703,10494,48702,9234
MF0490,Hatherleigh ,2024,7,20451.5,5924,6840,33215.5,6366
MF0490,Hatherleigh ,2024,8,20909.5,663,9031,30603.5,9564
MF0490,Hatherleigh ,2024,9,22991.5,12,11409,34412.5,5927
MF0490,Hatherleigh ,2024,10,22747.5,555,9942,33244.5,6215
MF0490,Hatherleigh ,2024,11,21408.5,0,9958,31366.5,5652
MF0490,Hatherleigh ,2024,12,13847,0,6369,20216,3756
MF0540,Ranmudhu Ella,2024,8,533,0,0,533,46
MF0540,Ranmudhu Ella,2024,9,0,2805,0,2805,446
MF0540,Ranmudhu Ella,2024,10,0,1709,0,1709,170
MF0540,Ranmudhu Ella,2024,11,0,1934,0,1934,168
MF0540,Ranmudhu Ella,2024,12,0,1573,0,1573,151
MF0546,Springwood,2024,1,0,9204,0,9204,587
MF0546,Springwood,2024,2,0,12818,0,12818,819
MF0546,Springwood,2024,3,76,8346,0,8422,533
MF0546,Springwood,2024,4,796,13079,0,13875,835
MF0546,Springwood,2024,5,0,19242,0,19242,1230
MF0546,Springwood,2024,6,0,20386,0,20386,1300
MF0546,Springwood,2024,7,0,15110,0,15110,964
MF0546,Springwood,2024,8,0,17278,0,17278,1920
MF0546,Springwood,2024,9,0,26242,0,26242,2340
MF0546,Springwood,2024,10,0,30997,0,30997,3395
MF0546,Springwood,2024,11,0,23385,0,23385,2126
MF0546,Springwood,2024,12,0,20034,0,20034,3263
MF0574,Sapumalkande ,2024,1,0,10189,0,10189,882
MF0574,Sapumalkande ,2024,2,0,33857,0,33857,3009
MF0574,Sapumalkande ,2024,3,0,42316,0,42316,3594
MF0574,Sapumalkande ,2024,4,0,68091,0,68091,5997
MF0574,Sapumalkande ,2024,5,0,89658,0,89658,7889
MF0574,Sapumalkande ,2024,6,0,99578,0,99578,8651
MF0574,Sapumalkande ,2024,7,0,100358,0,100358,8714
MF0574,Sapumalkande ,2024,8,0,86099,0,86099,7489
MF0574,Sapumalkande ,2024,9,0,0,0,0,7040
MF0574,Sapumalkande ,2024,10,0,71427,0,71427,6214
MF0574,Sapumalkande ,2024,11,0,79812,0,79812,6939
MF0574,Sapumalkande ,2024,12,0,81141,0,81141,7060
MF0594,Boscombe ,2024,1,0,25859,0,25859,3090
MF0594,Boscombe ,2024,2,0,44069,0,44069,2796
MF0594,Boscombe ,2024,3,0,55665,0,55665,3538
MF0594,Boscombe ,2024,4,0,44233,0,44233,6020
MF0594,Boscombe ,2024,5,0,42537,0,42537,5784
MF0594,Boscombe ,2024,6,0,37081,0,37081,5041
MF0594,Boscombe ,2024,7,0,44318,0,44318,6026
MF0594,Boscombe ,2024,8,0,38500,0,38500,5237
MF0594,Boscombe ,2024,9,0,46985,0,46985,6393
MF0594,Boscombe ,2024,10,0,29140,0,29140,3959
MF0594,Boscombe ,2024,11,0,35814,0,35814,4867
MF0594,Boscombe ,2024,12,0,33711,0,33711,4583
MF0600,Alupola ,2024,1,22927.5,0,0,22927.5,65196.5
MF0600,Alupola ,2024,2,0,10100,0,10100,39361
MF0600,Alupola ,2024,3,0,10599,0,10599,43322
MF0600,Alupola ,2024,4,0,7281,0,7281,32352
MF0600,Alupola ,2024,5,0,17338,0,17338,42463.5
MF0600,Alupola ,2024,6,0,17275.5,0,17275.5,48333
MF0600,Alupola ,2024,7,0,20098,0,20098,44447
MF0600,Alupola ,2024,8,0,15161,0,15161,41425
MF0600,Alupola ,2024,9,0,12532.5,0,12532.5,53124.5
MF0600,Alupola ,2024,10,19436.5,19436.5,0,38873,55731.5
MF0600,Alupola ,2024,11,12216.5,12216.5,0,24433,22500
MF0600,Alupola ,2024,12,16717,0,0,16717,21197
MF0614,MADAMPE,2024,1,0,19318,0,19318,2575
MF0614,MADAMPE,2024,2,0,22698,0,22698,2725
MF0614,MADAMPE,2024,3,0,22601,0,22601,4012
MF0614,MADAMPE,2024,4,0,30145,0,30145,4078
MF0614,MADAMPE,2024,5,0,43797,0,43797,7034
MF0614,MADAMPE,2024,6,0,44869,0,44869,6081
MF0614,MADAMPE,2024,7,0,32827,0,32827,5141
MF0614,MADAMPE,2024,8,0,26827,0,26827,3650
MF0614,MADAMPE,2024,9,0,28180,0,28180,3382
MF0614,MADAMPE,2024,10,0,29282,0,29282,4362
MF0614,MADAMPE,2024,11,0,26135,0,26135,3630
MF0614,MADAMPE,2024,12,0,22043,0,22043,2866
MF0619,GALABODDA,2024,1,8840,45218,89,54147,1431
MF0619,GALABODDA,2024,2,6816,58031,76,64923,2134
MF0619,GALABODDA,2024,3,7981,41716,75,49772,2458
MF0619,GALABODDA,2024,4,6738,45712,712,53162,1985
MF0619,GALABODDA,2024,5,9382,52752,37,62171,3258
MF0619,GALABODDA,2024,6,8008,42026,37,50071,2857
MF0619,GALABODDA,2024,7,0,39129,0,39129,0
MF0619,GALABODDA,2024,7,11019,39129,46,50194,3325
MF0619,GALABODDA,2024,8,8636,41315,55,50006,3389
MF0619,GALABODDA,2024,9,9322,47706,411,57439,3220
MF0619,GALABODDA,2024,10,7404,20993,264,28661,2204
MF0619,GALABODDA,2024,11,7434,17992,49,25475,1073
MF0619,GALABODDA,2024,12,7450,17614,1682,26746,1023
MF0623,MEDDAKANDE,2024,1,8578,1892,0,10470,1983
MF0623,MEDDAKANDE,2024,2,9225,4975,0,14200,2559
MF0623,MEDDAKANDE,2024,3,12165,2816,0,14981,2784
MF0623,MEDDAKANDE,2024,4,10916,4927,0,15843,2704
MF0623,MEDDAKANDE,2024,5,11727,6700,0,18427,3833
MF0623,MEDDAKANDE,2024,6,7409,4417,0,11826,2406
MF0623,MEDDAKANDE,2024,7,9034,6818,0,15852,3143
MF0623,MEDDAKANDE,2024,8,8951,6463,0,15414,3058
MF0623,MEDDAKANDE,2024,9,10580,7793,0,18373,3345
MF0623,MEDDAKANDE,2024,10,7892,71,0,7963,1698
MF0623,MEDDAKANDE,2024,11,8994,0,0,8994,1985
MF0623,MEDDAKANDE,2024,12,8783,274,0,9057,1639
MF0624,Wikiliya,2024,1,0,97650,0,97650,5925
MF0624,Wikiliya,2024,2,0,139478,0,139478,7741
MF0624,Wikiliya,2024,3,0,164351,0,164351,7596
MF0624,Wikiliya,2024,4,0,171600,0,171600,9746
MF0624,Wikiliya,2024,5,0,198567,0,198567,12142
MF0624,Wikiliya,2024,6,0,153467,0,153467,8208
MF0624,Wikiliya,2024,7,0,164146,0,164146,8048
MF0624,Wikiliya,2024,8,0,136990,0,136990,8219
MF0624,Wikiliya,2024,9,0,200316,0,200316,11019
MF0624,Wikiliya,2024,10,0,134238,0,134238,7832
MF0624,Wikiliya,2024,11,0,151898,0,151898,7113
MF0624,Wikiliya,2024,12,0,154289,0,154289,8257
MF0625,NEW RASAGALLA,2024,1,11623.5,7880,0,19503.5,2950
MF0625,NEW RASAGALLA,2024,2,17859,9580,0,27439,3351
MF0625,NEW RASAGALLA,2024,3,19046,10941.5,0,29987.5,4417
MF0625,NEW RASAGALLA,2024,4,19521,8077,0,27598,3842
MF0625,NEW RASAGALLA,2024,5,20155,13296,0,33451,4893
MF0625,NEW RASAGALLA,2024,6,10469,12031,0,22500,3266
MF0625,NEW RASAGALLA,2024,7,13414,7431,0,20845,3219
MF0625,NEW RASAGALLA,2024,8,13456,7022,0,20478,3261
MF0625,NEW RASAGALLA,2024,9,14335,8118,0,22453,2969
MF0625,NEW RASAGALLA,2024,10,11777,8180,0,19957,2779
MF0625,NEW RASAGALLA,2024,11,14422,9420,0,23842,3204
MF0625,NEW RASAGALLA,2024,12,12645,10585,0,23230,3812
MF0626,HALGOLLE,2024,1,8766,11549,0,20315,2901
MF0626,HALGOLLE,2024,2,10657,15404,247,26308,3245
MF0626,HALGOLLE,2024,3,10700,17309,0,28009,3988
MF0626,HALGOLLE,2024,4,11685,20393,0,32078,4483
MF0626,HALGOLLE,2024,5,10433,19584,0,30017,3876
MF0626,HALGOLLE,2024,6,0,0,0,0,1998
MF0626,HALGOLLE,2024,7,12263,13293,0,25556,2942
MF0626,HALGOLLE,2024,8,12416,14979.5,0,27395.5,3832
MF0626,HALGOLLE,2024,9,11562,17274,0,28836,4367
MF0626,HALGOLLE,2024,10,11903,11290.5,0,23193.5,3311
MF0626,HALGOLLE,2024,11,9587,14753,7,24347,3090
MF0626,HALGOLLE,2024,12,10796,19057.5,0,29853.5,3428
MF0659,RYE,2024,1,0,29635,0,29635,3332
MF0659,RYE,2024,2,0,38070,0,38070,4416
MF0659,RYE,2024,3,0,45799,0,45799,5088
MF0659,RYE,2024,4,0,44556,0,44556,5534
MF0659,RYE,2024,5,0,54193,0,54193,6289
MF0659,RYE,2024,6,0,39532,0,39532,4392
MF0659,RYE,2024,7,0,37679,0,37679,4189
MF0659,RYE,2024,8,0,40131,0,40131,4458
MF0659,RYE,2024,9,0,50089,0,50089,5531
MF0659,RYE,2024,10,0,41715,0,41715,4639
MF0659,RYE,2024,11,0,51587,0,51587,5760
MF0659,RYE,2024,12,0,52215,0,52215,5803
MF0780,HOUPE ,2024,1,13924,46004.5,3207,63135.5,5461
MF0780,HOUPE ,2024,2,13273,48976,0,62249,7594
MF0780,HOUPE ,2024,3,14879,52171.5,0,67050.5,8809
MF0780,HOUPE ,2024,4,14760,41818,0,56578,8039
MF0780,HOUPE ,2024,5,15543.5,31102,0,46645.5,6586
MF0780,HOUPE ,2024,6,15490,36414,4819,56723,7036
MF0780,HOUPE ,2024,7,15500,37653,0,53153,6977
MF0780,HOUPE ,2024,8,16456,41502,0,57958,7870
MF0780,HOUPE ,2024,9,18050,31307,0,49357,5371
MF0780,HOUPE ,2024,10,14329.5,28504,0,42833.5,5589
MF0780,HOUPE ,2024,11,16058,25751,0,41809,5263
MF0780,HOUPE ,2024,12,14829,21279,0,36108,4497
MF0801,HAPUGASTENNE ,2024,1,15943,10521,7930,34394,4241
MF0801,HAPUGASTENNE ,2024,2,16907,23547,9276,49730,6408
MF0801,HAPUGASTENNE ,2024,3,18066.5,19939,9000,47005.5,6724
MF0801,HAPUGASTENNE ,2024,4,15829,26052,8200,50081,6455
MF0801,HAPUGASTENNE ,2024,5,21577,28178,9988,59743,7712
MF0801,HAPUGASTENNE ,2024,6,15528,19822,8579,43929,5826
MF0801,HAPUGASTENNE ,2024,7,17891,20462,13705,52058,7847
MF0801,HAPUGASTENNE ,2024,8,16611,16287,9893,42791,6062
MF0801,HAPUGASTENNE ,2024,9,20523,22652,9777,52952,7788
MF0801,HAPUGASTENNE ,2024,10,15786,20187,8256,44229,6802
MF0801,HAPUGASTENNE ,2024,11,18533,23401,9931,51865,7363
MF0801,HAPUGASTENNE ,2024,12,18951,11487,14860,45298,6950
MF0903,Maliboda,2024,1,0,32187.5,0,32187.5,2711
MF0903,Maliboda,2024,2,0,31179,0,31179,2084
MF0903,Maliboda,2024,3,0,25455.5,0,25455.5,1700
MF0903,Maliboda,2024,4,0,31602.5,0,31602.5,2192
MF0903,Maliboda,2024,5,0,29630.5,0,29630.5,2510
MF0903,Maliboda,2024,6,0,22464,0,22464,2019
MF0903,Maliboda,2024,7,0,15430.5,0,15430.5,1618
MF0903,Maliboda,2024,8,0,17043.5,0,17043.5,1822
MF0903,Maliboda,2024,9,0,13313.5,0,13313.5,1337
MF0903,Maliboda,2024,10,0,12690,0,12690,1100
MF0903,Maliboda,2024,11,0,0,0,0,0
MF0903,Maliboda,2024,12,0,3002,0,3002,350
MF0905,Millavitiya ,2024,1,0,28273,0,28273,3143
MF0905,Millavitiya ,2024,2,0,28081,0,28081,3115
MF0905,Millavitiya ,2024,3,0,28716,0,28716,2865
MF0905,Millavitiya ,2024,4,0,34736,0,34736,3337
MF0905,Millavitiya ,2024,5,0,35403,0,35403,3645
MF0905,Millavitiya ,2024,6,0,24598,0,24598,2394
MF0905,Millavitiya ,2024,7,0,34153,0,34153,3380
MF0905,Millavitiya ,2024,8,0,34486,0,34486,3417
MF0905,Millavitiya ,2024,9,0,41663,0,41663,3136
MF0905,Millavitiya ,2024,10,0,35994,0,35994,2835
MF0905,Millavitiya ,2024,11,0,35967,0,35967,2838
MF0905,Millavitiya ,2024,12,0,37853,0,37853,2988
MF0906,Palm Garden,2024,1,0,38778,0,38778,4153
MF0906,Palm Garden,2024,2,0,41833,0,41833,4333
MF0906,Palm Garden,2024,3,0,45345,0,45345,4892
MF0906,Palm Garden,2024,4,0,44181,0,44181,4926
MF0906,Palm Garden,2024,5,0,56313,0,56313,5867
MF0906,Palm Garden,2024,6,0,46287,0,46287,5142
MF0906,Palm Garden,2024,7,0,54784,0,54784,5716
MF0906,Palm Garden,2024,8,0,45390,0,45390,4838
MF0906,Palm Garden,2024,9,0,0,49161,49161,5048
MF0906,Palm Garden,2024,10,0,49523,0,49523,5486
MF0906,Palm Garden,2024,11,0,51534,0,51534,5213
MF0906,Palm Garden,2024,12,0,51302,0,51302,5685
MF0909,Allerton,2024,1,0,7626,0,7626,756
MF0909,Allerton,2024,2,0,4723,0,4723,466
MF0909,Allerton,2024,3,0,9071,0,9071,898
MF0909,Allerton,2024,4,0,5362,0,5362,530
MF0909,Allerton,2024,5,0,14789,0,14789,1425
MF0909,Allerton,2024,6,0,17837,0,17837,1766
MF0909,Allerton,2024,7,0,6247,0,6247,619
MF0909,Allerton,2024,8,0,12399,0,12399,2117
MF0909,Allerton,2024,9,118,13430.5,0,13548.5,1804
MF0909,Allerton,2024,10,0,0,232,232,23
MF0909,Allerton,2024,11,0,0,0,0,0
MF0909,Allerton,2024,12,0,0,0,0,0
MF0912,Vardhana,2024,1,0,71522,0,71522,4481
MF0912,Vardhana,2024,2,0,92558,0,92558,5885
MF0912,Vardhana,2024,3,0,82658,0,82658,5264
MF0912,Vardhana,2024,4,0,70666,0,70666,4484
MF0912,Vardhana,2024,5,0,67699,0,67699,4307
MF0912,Vardhana,2024,6,0,68459,0,68459,3971
MF0912,Vardhana,2024,7,0,75371,0,75371,3127
MF0912,Vardhana,2024,8,0,74666,0,74666,3098
MF0912,Vardhana,2024,9,0,80467,0,80467,3298
MF0912,Vardhana,2024,10,0,84200,0,84200,3496
MF0912,Vardhana,2024,11,0,72845,0,72845,3007
MF0912,Vardhana,2024,12,0,85732,0,85732,3558
MF0946,Rajjuruwatta,2024,1,0,110636,0,110636,5636
MF0946,Rajjuruwatta,2024,2,0,76440,0,76440,3830
MF0946,Rajjuruwatta,2024,3,0,62965,0,62965,3078
MF0946,Rajjuruwatta,2024,4,0,76278,0,76278,3770
MF0946,Rajjuruwatta,2024,5,0,83881,0,83881,4167
MF0946,Rajjuruwatta,2024,6,0,67680,0,67680,3277
MF0946,Rajjuruwatta,2024,7,0,77166,0,77166,3652
MF0946,Rajjuruwatta,2024,8,0,79471,0,79471,3836
MF0946,Rajjuruwatta,2024,9,0,82280,0,82280,3946
MF0946,Rajjuruwatta,2024,10,0,86983,0,86983,4193
MF0946,Rajjuruwatta,2024,11,0,88323,0,88323,4279
MF0946,Rajjuruwatta,2024,12,0,91292,0,91292,4426
MF1075,Kadigalahena,2024,1,0,26421,0,26421,2183
MF1075,Kadigalahena,2024,2,0,37448,0,37448,3149
MF1075,Kadigalahena,2024,3,0,39021,0,39021,3389
MF1075,Kadigalahena,2024,4,0,50784,0,50784,4414
MF1075,Kadigalahena,2024,5,0,52473,0,52473,4560
MF1075,Kadigalahena,2024,6,0,43192,0,43192,3754
MF1075,Kadigalahena,2024,7,0,47901,0,47901,4205
MF1075,Kadigalahena,2024,8,0,39746,0,39746,4079
MF1075,Kadigalahena,2024,9,0,52633,0,52633,5680
MF1075,Kadigalahena,2024,10,0,46536,0,46536,5152
MF1075,Kadigalahena,2024,11,0,40530,0,40530,4271
MF1075,Kadigalahena,2024,12,0,36725,0,36725,3330
MF1172,New Vithanakanda,2024,1,521,150208,0,150729,19501
MF1172,New Vithanakanda,2024,2,624,125809,0,126433,19276
MF1172,New Vithanakanda,2024,3,329,109783.5,0,110112.5,18933
MF1172,New Vithanakanda,2024,4,567,133431,0,133998,12542
MF1172,New Vithanakanda,2024,5,487,147423,0,147910,9141
MF1172,New Vithanakanda,2024,6,603,158641,0,159244,9712
MF1172,New Vithanakanda,2024,7,587,154435,0,155022,21140
MF1172,New Vithanakanda,2024,8,702,163143,0,163845,21689
MF1172,New Vithanakanda,2024,9,556,157281,0,157837,20709
MF1172,New Vithanakanda,2024,10,324,144872,0,145196,15286
MF1172,New Vithanakanda,2024,11,386,135960,0,136346,25563
MF1172,New Vithanakanda,2024,12,491,143189,0,143680,21696
MF1217,GALPADITENNE ,2024,1,0,163215,0,163215,0
MF1217,GALPADITENNE ,2024,1,0,44475,0,44475,26287
MF1217,GALPADITENNE ,2024,2,0,185540,0,185540,0
MF1217,GALPADITENNE ,2024,2,0,28409,0,28409,27997
MF1217,GALPADITENNE ,2024,3,0,216305,0,216305,0
MF1217,GALPADITENNE ,2024,3,0,12049.5,0,12049.5,30805
MF1217,GALPADITENNE ,2024,4,0,185315,0,185315,27072
MF1217,GALPADITENNE ,2024,4,0,40820.5,0,40820.5,0
MF1217,GALPADITENNE ,2024,5,0,221787,0,221787,25386
MF1217,GALPADITENNE ,2024,5,0,40813,0,40813,0
MF1217,GALPADITENNE ,2024,6,0,242760,0,242760,0
MF1217,GALPADITENNE ,2024,6,0,22999,0,22999,32292
MF1217,GALPADITENNE ,2024,7,0,223888,0,223888,29782
MF1217,GALPADITENNE ,2024,7,0,13243,0,13243,0
MF1217,GALPADITENNE ,2024,8,0,228695,0,228695,36425
MF1217,GALPADITENNE ,2024,8,0,40370,0,40370,35387.5
MF1217,GALPADITENNE ,2024,9,0,250279,0,250279,0
MF1217,GALPADITENNE ,2024,9,0,61061,0,61061,29222
MF1217,GALPADITENNE ,2024,10,0,225075,0,225075,25119
MF1217,GALPADITENNE ,2024,10,0,37370,0,37370,0
MF1217,GALPADITENNE ,2024,11,0,233772,0,233772,26547
MF1217,GALPADITENNE ,2024,11,0,27138,0,27138,0
MF1217,GALPADITENNE ,2024,12,0,249323,0,249323,33610
MF1217,GALPADITENNE ,2024,12,0,9217,0,9217,0
MF1264,AVISSAWELLA,2024,1,0,118859,0,118859,3803
MF1264,AVISSAWELLA,2024,2,0,108959,0,108959,3511
MF1264,AVISSAWELLA,2024,3,0,72783,0,72783,2216
MF1264,AVISSAWELLA,2024,4,0,122642,0,122642,3766
MF1264,AVISSAWELLA,2024,5,0,98794,0,98794,2949
MF1264,AVISSAWELLA,2024,6,0,103634,0,103634,2860
MF1264,AVISSAWELLA,2024,7,0,111954,0,111954,3122
MF1264,AVISSAWELLA,2024,8,0,116999,0,116999,2971
MF1264,AVISSAWELLA,2024,9,0,123023,0,123023,3178
MF1264,AVISSAWELLA,2024,10,0,122377,0,122377,3067
MF1264,AVISSAWELLA,2024,11,0,116181,0,116181,2843
MF1264,AVISSAWELLA,2024,12,0,118445,0,118445,2938
MF1266,KENDALANDA,2024,1,510,85738,0,86248,4063
MF1266,KENDALANDA,2024,2,458,84292,0,84750,5122
MF1266,KENDALANDA,2024,3,270,71217,0,71487,5298
MF1266,KENDALANDA,2024,4,604,87771,0,88375,5751
MF1266,KENDALANDA,2024,5,490,100942,0,101432,6704
MF1266,KENDALANDA,2024,6,751,96171,0,96922,7407
MF1266,KENDALANDA,2024,7,665,96467,0,97132,7198
MF1266,KENDALANDA,2024,8,586,98543,0,99129,5991
MF1266,KENDALANDA,2024,9,1008,110704,0,111712,7958
MF1266,KENDALANDA,2024,10,618,95937,0,96555,3191
MF1266,KENDALANDA,2024,11,521,90636,0,91157,5921
MF1266,KENDALANDA,2024,12,568,89430,0,89998,5237
MF1281,ST.JOACHIM ,2024,1,1127,19037.5,0,20164.5,2113
MF1281,ST.JOACHIM ,2024,2,907,20005,0,20912,2308
MF1281,ST.JOACHIM ,2024,3,813,17249,0,18062,2740
MF1281,ST.JOACHIM ,2024,4,993,21328,0,22321,2280
MF1281,ST.JOACHIM ,2024,5,1060,22785,0,23845,2431
MF1281,ST.JOACHIM ,2024,6,1042,26131,0,27173,2863
MF1281,ST.JOACHIM ,2024,7,1129,25843,0,26972,3079
MF1281,ST.JOACHIM ,2024,8,1008,29658,0,30666,3109
MF1281,ST.JOACHIM ,2024,9,819,29512,0,30331,3090
MF1281,ST.JOACHIM ,2024,10,1137,26525,0,27662,3522
MF1281,ST.JOACHIM ,2024,11,1218,28210,0,29428,3816
MF1281,ST.JOACHIM ,2024,12,1216,24128,0,25344,2979
MF1284,NEW PANAWENNA ,2024,1,0,12009.5,0,12009.5,3039
MF1284,NEW PANAWENNA ,2024,2,0,0,0,0,3971
MF1284,NEW PANAWENNA ,2024,3,0,1894,0,1894,152
MF1284,NEW PANAWENNA ,2024,4,0,10553,0,10553,844
MF1284,NEW PANAWENNA ,2024,5,0,15983,0,15983,1278
MF1284,NEW PANAWENNA ,2024,6,0,13773,0,13773,1101
MF1284,NEW PANAWENNA ,2024,7,0,10693,0,10693,865
MF1284,NEW PANAWENNA ,2024,8,0,14732,0,14732,1178
MF1284,NEW PANAWENNA ,2024,9,0,22694,0,22694,1815
MF1284,NEW PANAWENNA ,2024,10,0,12759,0,12759,1027
MF1284,NEW PANAWENNA ,2024,11,0,12991,0,12991,1299
MF1284,NEW PANAWENNA ,2024,12,0,17470,0,17470,1397
MF1286,SAMARAKANDA TEA PROCESSING CENTRE,2024,1,0,12646,0,12646,28453
MF1286,SAMARAKANDA TEA PROCESSING CENTRE,2024,2,0,13355.5,0,13355.5,27568
MF1286,SAMARAKANDA TEA PROCESSING CENTRE,2024,3,0,13830,0,13830,26989
MF1286,SAMARAKANDA TEA PROCESSING CENTRE,2024,4,0,14971,0,14971,30214
MF1286,SAMARAKANDA TEA PROCESSING CENTRE,2024,5,0,13279.5,0,13279.5,27142
MF1286,SAMARAKANDA TEA PROCESSING CENTRE,2024,6,0,14478.5,0,14478.5,29736
MF1286,SAMARAKANDA TEA PROCESSING CENTRE,2024,7,11419.5,0,0,11419.5,21277
MF1286,SAMARAKANDA TEA PROCESSING CENTRE,2024,8,10690,0,5655.5,16345.5,0
MF1286,SAMARAKANDA TEA PROCESSING CENTRE,2024,9,11277,0,0,11277,20619
MF1286,SAMARAKANDA TEA PROCESSING CENTRE,2024,10,11320,8956.5,0,20276.5,13900
MF1286,SAMARAKANDA TEA PROCESSING CENTRE,2024,11,10820.5,13255,0,24075.5,22100
MF1286,SAMARAKANDA TEA PROCESSING CENTRE,2024,12,12314.5,12633.5,0,24948,21207
MF1297,ILLUKTENNE,2024,1,0,21052.75,1523,22575.75,2877
MF1297,ILLUKTENNE,2024,2,0,13937.25,1024,14961.25,2162
MF1297,ILLUKTENNE,2024,3,0,13283.75,662.5,13946.25,2751
MF1297,ILLUKTENNE,2024,4,0,24452.7,1211,25663.7,1341
MF1297,ILLUKTENNE,2024,5,0,12231.5,0,12231.5,1304
MF1297,ILLUKTENNE,2024,6,0,21350.75,0,21350.75,1489
MF1297,ILLUKTENNE,2024,7,0,19733.5,0,19733.5,2268
MF1297,ILLUKTENNE,2024,8,96,0,0,96,1425
MF1297,ILLUKTENNE,2024,9,0,14747,0,14747,520
MF1297,ILLUKTENNE,2024,10,0,5836,0,5836,125
MF1297,ILLUKTENNE,2024,11,0,12502.5,0,12502.5,1227
MF1297,ILLUKTENNE,2024,12,0,12940,0,12940,2150
MF1304,KEHELWALA ,2024,1,1339,12090,0,13429,1095
MF1304,KEHELWALA ,2024,2,1124,11584,0,12708,1697
MF1304,KEHELWALA ,2024,3,752,9968,0,10720,1159
MF1304,KEHELWALA ,2024,4,1279,13458,0,14737,1766
MF1304,KEHELWALA ,2024,5,1204,11066,0,12270,1366
MF1304,KEHELWALA ,2024,6,2269,11831,0,14100,2168
MF1304,KEHELWALA ,2024,7,2208,10295,0,12503,1581
MF1304,KEHELWALA ,2024,8,2869,10533,76,13478,1193
MF1304,KEHELWALA ,2024,9,1561,7737.5,0,9298.5,997
MF1304,KEHELWALA ,2024,10,2852,8864.5,320,12036.5,1096
MF1304,KEHELWALA ,2024,11,1823,8641,0,10464,937
MF1304,KEHELWALA ,2024,12,0,0,0,0,0
MF1308,New Udakada,2024,1,0,10899,0,10899,871
MF1308,New Udakada,2024,2,0,12486,0,12486,999
MF1308,New Udakada,2024,3,0,17090,0,17090,1367
MF1308,New Udakada,2024,4,0,24162,0,24162,1933
MF1308,New Udakada,2024,5,0,24265,0,24265,1941
MF1308,New Udakada,2024,6,0,15314,0,15314,1225
MF1308,New Udakada,2024,7,0,12345,0,12345,988
MF1308,New Udakada,2024,8,0,13543,0,13543,1083
MF1308,New Udakada,2024,9,0,16614,0,16614,1330
MF1308,New Udakada,2024,10,0,15722,0,15722,1258
MF1308,New Udakada,2024,11,0,16327,0,16327,1306
MF1308,New Udakada,2024,12,0,15299,0,15299,1224
MF1316,Kolonna,2024,1,0,42288,0,42288,1235
MF1316,Kolonna,2024,2,0,37942,0,37942,1127
MF1316,Kolonna,2024,3,0,29164,0,29164,945
MF1316,Kolonna,2024,4,0,49637,0,49637,1364
MF1316,Kolonna,2024,5,0,35681,0,35681,1009
MF1316,Kolonna,2024,6,0,41756,0,41756,1533
MF1316,Kolonna,2024,7,0,47966,0,47966,1940
MF1316,Kolonna,2024,8,0,52264,0,52264,2176
MF1316,Kolonna,2024,9,0,52549,0,52549,2232
MF1316,Kolonna,2024,10,0,51291,0,51291,2136
MF1316,Kolonna,2024,11,0,51484,0,51484,2148
MF1316,Kolonna,2024,12,0,56988,0,56988,2373
MF1317,Deshika,2024,1,0,26359,0,26359,2512
MF1317,Deshika,2024,2,0,29671,0,29671,3011
MF1317,Deshika,2024,3,0,27653,0,27653,2160
MF1317,Deshika,2024,4,0,35802,0,35802,2744
MF1317,Deshika,2024,5,0,43642,0,43642,3480
MF1317,Deshika,2024,6,0,29466,0,29466,2361
MF1317,Deshika,2024,7,0,29879,0,29879,2813
MF1317,Deshika,2024,8,0,23697,0,23697,2481
MF1317,Deshika,2024,9,0,21025,0,21025,2004
MF1317,Deshika,2024,10,0,26908,0,26908,2145
MF1317,Deshika,2024,11,0,22934,0,22934,1946
MF1343,Kongahawatte,2024,1,0,76025,0,76025,6517
MF1343,Kongahawatte,2024,2,0,94884,0,94884,5450
MF1343,Kongahawatte,2024,3,0,90250,0,90250,4750
MF1343,Kongahawatte,2024,4,0,72235,0,72235,3600
MF1343,Kongahawatte,2024,5,0,64600,0,64600,3400
MF1343,Kongahawatte,2024,6,0,68800,0,68800,3550
MF1343,Kongahawatte,2024,7,0,76125,0,76125,3963
MF1343,Kongahawatte,2024,8,0,72360,0,72360,4620
MF1343,Kongahawatte,2024,9,0,76300,0,76300,4500
MF1343,Kongahawatte,2024,10,0,78774,0,78774,4146
MF1343,Kongahawatte,2024,11,0,77220,0,77220,4100
MF1343,Kongahawatte,2024,12,0,90941,0,90941,4550
MF1354,Peak Paradise,2024,1,0,13861,0,13861,650
MF1354,Peak Paradise,2024,2,0,13040,0,13040,568
MF1354,Peak Paradise,2024,3,0,13553,0,13553,623
MF1354,Peak Paradise,2024,4,0,21244,0,21244,986
MF1354,Peak Paradise,2024,5,0,22214,0,22214,1026
MF1354,Peak Paradise,2024,6,0,28128,0,28128,1387
MF1354,Peak Paradise,2024,7,0,19136,0,19136,1002
MF1354,Peak Paradise,2024,9,0,0,0,0,0
MF1354,Peak Paradise,2024,10,0,0,0,0,0
MF1363,New Nawalakanda,2024,1,0,35933,0,35933,3773
MF1363,New Nawalakanda,2024,2,0,5023,0,5023,4712
MF1363,New Nawalakanda,2024,3,0,17743,0,17743,1606
MF1363,New Nawalakanda,2024,4,0,33897,0,33897,4198
MF1363,New Nawalakanda,2024,5,0,46618,0,46618,6004
MF1363,New Nawalakanda,2024,6,0,58534,0,58534,6794
MF1363,New Nawalakanda,2024,7,0,47149,0,47149,5152
MF1363,New Nawalakanda,2024,8,0,41658,0,41658,4706
MF1363,New Nawalakanda,2024,9,0,322232,0,322232,3976
MF1363,New Nawalakanda,2024,10,0,25374,0,25374,3417
MF1363,New Nawalakanda,2024,11,0,38388,0,38388,4152
MF1363,New Nawalakanda,2024,12,0,35146,0,35146,4571
MF1365,Nawagamuwahena,2024,1,0,98986,0,98986,11535
MF1365,Nawagamuwahena,2024,2,0,108880,0,108880,12691
MF1365,Nawagamuwahena,2024,3,0,116220,0,116220,13543
MF1365,Nawagamuwahena,2024,4,0,119398,0,119398,13921
MF1365,Nawagamuwahena,2024,5,0,120678,0,120678,14068
MF1365,Nawagamuwahena,2024,6,0,0,101958,101958,11880
MF1365,Nawagamuwahena,2024,7,0,0,103763,103763,12092
MF1365,Nawagamuwahena,2024,8,0,115598,0,115598,13472
MF1365,Nawagamuwahena,2024,9,0,124696,0,124696,14537
MF1365,Nawagamuwahena,2024,10,0,97655,0,97655,11379
MF1365,Nawagamuwahena,2024,11,0,97572,0,97572,11369
MF1365,Nawagamuwahena,2024,12,0,100833,0,100833,11751
MF1368,New Temple View,2024,1,0,27432,0,27432,2743
MF1368,New Temple View,2024,2,0,45019,0,45019,4501
MF1368,New Temple View,2024,3,0,29780,0,29780,2978
MF1368,New Temple View,2024,4,0,37226,0,37226,3723
MF1368,New Temple View,2024,5,0,37605,0,37605,3760
MF1368,New Temple View,2024,6,0,36384,0,36384,3638
MF1368,New Temple View,2024,7,0,38498,0,38498,3849
MF1368,New Temple View,2024,8,0,28146,0,28146,2814
MF1368,New Temple View,2024,9,0,37159,0,37159,3715
MF1368,New Temple View,2024,10,0,31031,0,31031,3102
MF1368,New Temple View,2024,11,0,29816,0,29816,2981
MF1368,New Temple View,2024,12,0,30821,0,30821,3082
MF1387,A.C.U.,2024,1,0,43412,0,43412,4341
MF1387,A.C.U.,2024,2,0,36482,0,36482,3648
MF1387,A.C.U.,2024,3,0,37164,0,37164,3716
MF1387,A.C.U.,2024,4,0,37888,0,37888,3789
MF1387,A.C.U.,2024,5,0,33575,0,33575,3357
MF1387,A.C.U.,2024,6,0,27370,0,27370,2737
MF1387,A.C.U.,2024,7,0,37238,0,37238,3723
MF1387,A.C.U.,2024,8,0,39147,0,39147,3914
MF1387,A.C.U.,2024,9,0,40790,0,40790,4079
MF1387,A.C.U.,2024,10,0,37951,0,37951,3789
MF1387,A.C.U.,2024,11,0,31801,0,31801,3180
MF1387,A.C.U.,2024,12,0,35221,0,35221,3519
MF1392,Hidellana,2024,1,0,98859,0,98859,8596
MF1392,Hidellana,2024,2,0,92102,0,92102,6932
MF1392,Hidellana,2024,3,0,81722,0,81722,5216
MF1392,Hidellana,2024,4,0,101116,0,101116,8793
MF1392,Hidellana,2024,5,0,97220,0,97220,9615
MF1392,Hidellana,2024,6,0,95873,0,95873,9482
MF1392,Hidellana,2024,7,0,97673,0,97673,9660
MF1392,Hidellana,2024,8,0,103363,0,103363,8988
MF1392,Hidellana,2024,9,0,112281,0,112281,7167
MF1392,Hidellana,2024,10,0,97679,0,97679,8494
MF1392,Hidellana,2024,11,103187,0,0,103187,7767
MF1392,Hidellana,2024,12,0,101490,0,101490,10037
MF1397,New Ferndale,2024,1,0,25464,0,25464,2816
MF1397,New Ferndale,2024,2,0,37734,0,37734,3604
MF1397,New Ferndale,2024,3,0,47221,0,47221,4089
MF1397,New Ferndale,2024,4,0,42465,0,42465,3684
MF1397,New Ferndale,2024,5,0,36217,0,36217,3135
MF1397,New Ferndale,2024,6,0,27406,0,27406,2372
MF1397,New Ferndale,2024,7,0,24936,0,24936,2249
MF1397,New Ferndale,2024,8,0,25379,0,25379,2223
MF1397,New Ferndale,2024,9,0,38123,0,38123,3777
MF1397,New Ferndale,2024,10,0,28026,0,28026,2438
MF1397,New Ferndale,2024,11,0,25780,0,25780,2276
MF1418,Doralawitiyahena,2024,1,0,31698,0,31698,1800
MF1418,Doralawitiyahena,2024,2,0,34401,0,34401,1860
MF1418,Doralawitiyahena,2024,3,0,38313,0,38313,1957
MF1418,Doralawitiyahena,2024,4,0,71012,0,71012,3997
MF1418,Doralawitiyahena,2024,5,0,34301,0,34301,2400
MF1418,Doralawitiyahena,2024,6,0,36132,0,36132,2200
MF1418,Doralawitiyahena,2024,7,0,29981,0,29981,1860
MF1418,Doralawitiyahena,2024,8,0,31574,0,31574,1860
MF1418,Doralawitiyahena,2024,9,0,34728,0,34728,2153
MF1418,Doralawitiyahena,2024,10,0,28371,0,28371,2150
MF1418,Doralawitiyahena,2024,11,0,32827,0,32827,2120
MF1418,Doralawitiyahena,2024,12,0,34449,0,34449,2420
MF1436,New Wewelkandura,2024,1,0,51700,0,51700,4478
MF1436,New Wewelkandura,2024,2,0,60169,0,60169,5226
MF1436,New Wewelkandura,2024,3,0,60332,0,60332,5236
MF1436,New Wewelkandura,2024,4,0,82711,0,82711,7209
MF1436,New Wewelkandura,2024,5,0,68918,0,68918,7644
MF1436,New Wewelkandura,2024,6,0,87401,0,87401,9701
MF1436,New Wewelkandura,2024,7,0,73514,0,73514,8157
MF1436,New Wewelkandura,2024,8,0,89875,0,89875,9981
MF1436,New Wewelkandura,2024,9,0,86195,0,86195,9571
MF1436,New Wewelkandura,2024,10,0,72114,0,72114,8011
MF1436,New Wewelkandura,2024,11,0,76401,0,76401,8480
MF1436,New Wewelkandura,2024,12,0,84302,0,84302,9347
MF1440,Nivithigala,2024,1,0,57756,0,57756,8450
MF1440,Nivithigala,2024,2,0,62136,0,62136,4528
MF1440,Nivithigala,2024,3,0,54018,0,54018,5825
MF1440,Nivithigala,2024,4,0,65750,0,65750,4942
MF1440,Nivithigala,2024,5,0,67092,0,67092,5041
MF1440,Nivithigala,2024,6,0,69941,0,69941,5258
MF1440,Nivithigala,2024,7,0,69780,0,69780,5247
MF1440,Nivithigala,2024,8,0,78044,0,78044,5687
MF1440,Nivithigala,2024,9,0,78313,0,78313,5661
MF1440,Nivithigala,2024,10,0,63763,0,63763,4779
MF1440,Nivithigala,2024,11,0,64119,0,64119,7727
MF1440,Nivithigala,2024,12,0,72645,0,72645,9347
MF1441,Falcon,2024,1,0,109975,0,109975,9532
MF1441,Falcon,2024,2,0,107069,0,107069,9355
MF1441,Falcon,2024,3,0,95805,0,95805,9054
MF1441,Falcon,2024,4,0,112185,0,112185,9448
MF1441,Falcon,2024,5,0,117154,0,117154,10596
MF1441,Falcon,2024,6,0,108230,0,108230,11088
MF1441,Falcon,2024,7,0,112464,0,112464,11185
MF1441,Falcon,2024,8,0,125143,0,125143,12103
MF1441,Falcon,2024,9,0,138346,0,138346,12655
MF1441,Falcon,2024,10,0,118361,0,118361,12609
MF1441,Falcon,2024,11,0,120836,0,120836,12969
MF1441,Falcon,2024,12,0,129061,0,129061,13963
MF1442,Veddagala,2024,1,0,60217,0,60217,5650
MF1442,Veddagala,2024,1,0,16368,0,16368,0
MF1442,Veddagala,2024,2,0,66011,0,66011,6157
MF1442,Veddagala,2024,2,0,16357,0,16357,0
MF1442,Veddagala,2024,3,0,55926,0,55926,4849
MF1442,Veddagala,2024,3,0,0,0,0,0
MF1442,Veddagala,2024,4,0,55119,0,55119,5085
MF1442,Veddagala,2024,4,0,11661,0,11661,0
MF1442,Veddagala,2024,5,0,64563,0,64563,5888
MF1442,Veddagala,2024,5,0,11570,0,11570,0
MF1442,Veddagala,2024,6,0,42613,0,42613,4340
MF1442,Veddagala,2024,6,0,22215,0,22215,0
MF1442,Veddagala,2024,7,0,34921,0,34921,5138
MF1442,Veddagala,2024,7,0,3401,0,3401,0
MF1442,Veddagala,2024,8,0,31808,0,31808,2751
MF1442,Veddagala,2024,8,0,0,0,0,0
MF1442,Veddagala,2024,9,0,35115,0,35115,1459
MF1442,Veddagala,2024,9,0,0,0,0,0
MF1442,Veddagala,2024,10,0,33861,0,33861,1396
MF1442,Veddagala,2024,10,0,0,0,0,0
MF1442,Veddagala,2024,11,34284,0,0,34284,1513
MF1442,Veddagala,2024,11,0,0,0,0,0
MF1442,Veddagala,2024,12,0,42287,0,42287,3667
MF1442,Veddagala,2024,12,0,0,0,0,0
MF1453,Kalawana,2024,1,0,44697,0,44697,3451
MF1453,Kalawana,2024,2,0,38131,0,38131,3169
MF1453,Kalawana,2024,3,0,35793,0,35793,2685
MF1453,Kalawana,2024,4,0,47946.5,0,47946.5,4733
MF1453,Kalawana,2024,5,0,57972,0,57972,4347
MF1453,Kalawana,2024,6,0,29491,0,29491,6831
MF1453,Kalawana,2024,7,0,23927,0,23927,2373
MF1453,Kalawana,2024,8,0,35520,0,35520,3156
MF1453,Kalawana,2024,9,0,32836.5,0,32836.5,2801
MF1453,Kalawana,2024,10,0,28717.5,0,28717.5,3045
MF1453,Kalawana,2024,11,0,2202.5,0,2202.5,1216
MF1453,Kalawana,2024,12,0,0,0,0,0
MF1456,Deerwood,2024,1,336,51415,1450,53201,2818
MF1456,Deerwood,2024,2,281,37770,1452,39503,1905
MF1456,Deerwood,2024,3,636,25773,1495,27904,1604
MF1456,Deerwood,2024,4,343,31136,1415,32894,1922
MF1456,Deerwood,2024,5,0,49522,0,49522,2219
MF1456,Deerwood,2024,6,0,29687,0,29687,1717
MF1456,Deerwood,2024,7,0,16034,0,16034,854
MF1456,Deerwood,2024,9,0,0,0,0,0
MF1456,Deerwood,2024,10,0,0,0,0,0
MF1456,Deerwood,2024,11,0,0,0,0,0
MF1458,Seron,2024,1,0,11888,0,11888,1033
MF1458,Seron,2024,2,0,15496,0,15496,1344
MF1458,Seron,2024,3,0,15305,0,15305,1327
MF1458,Seron,2024,4,0,18377,0,18377,1716
MF1458,Seron,2024,5,0,21905,0,21905,2134
MF1458,Seron,2024,6,0,15487,0,15487,1450
MF1458,Seron,2024,7,0,6510,0,6510,585
MF1458,Seron,2024,8,0,9978,0,9978,869
MF1458,Seron,2024,9,0,16169,0,16169,1410
MF1458,Seron,2024,10,0,10916,0,10916,1111
MF1458,Seron,2024,11,0,15292,0,15292,1691
MF1458,Seron,2024,12,0,15544,0,15544,1717
MF1459,New Laksakanda,2024,1,0,112390,0,112390,6414
MF1459,New Laksakanda,2024,2,0,123957,0,123957,6660
MF1459,New Laksakanda,2024,3,0,107568,0,107568,5661
MF1459,New Laksakanda,2024,4,0,130776,0,130776,7465
MF1459,New Laksakanda,2024,5,0,135944,0,135944,7535
MF1459,New Laksakanda,2024,6,0,131234,0,131234,8586
MF1459,New Laksakanda,2024,7,0,131747,0,131747,8433
MF1459,New Laksakanda,2024,8,0,151866,0,151866,9566
MF1459,New Laksakanda,2024,9,0,169329,0,169329,10982
MF1459,New Laksakanda,2024,10,0,149326,0,149326,9157
MF1459,New Laksakanda,2024,11,0,130954,0,130954,9549
MF1459,New Laksakanda,2024,12,0,132473,0,132473,10038
MF1463,Peekview,2024,1,0,79342,0,79342,6977
MF1463,Peekview,2024,2,0,78299,0,78299,5746
MF1463,Peekview,2024,3,0,78690,1157,79847,5539
MF1463,Peekview,2024,4,0,78252,0,78252,8868
MF1463,Peekview,2024,5,0,89205,0,89205,6791
MF1463,Peekview,2024,6,0,76765,0,76765,7203
MF1463,Peekview,2024,7,0,96147,0,96147,10424
MF1463,Peekview,2024,8,0,100640,0,100640,11333
MF1463,Peekview,2024,9,0,32232,0,32232,3976
MF1463,Peekview,2024,10,0,83715,0,83715,9033
MF1463,Peekview,2024,11,0,103059,0,103059,8933
MF1463,Peekview,2024,12,0,93186,0,93186,6533
MF1466,Tea Lanka,2024,1,0,18874,0,18874,870
MF1466,Tea Lanka,2024,2,0,18686,0,18686,867
MF1466,Tea Lanka,2024,3,0,33126,0,33126,1543
MF1466,Tea Lanka,2024,4,0,36270,0,36270,2225
MF1466,Tea Lanka,2024,5,0,42476,0,42476,2662
MF1466,Tea Lanka,2024,6,0,39030,0,39030,2447
MF1466,Tea Lanka,2024,7,0,30588,0,30588,1919
MF1466,Tea Lanka,2024,8,0,22994,0,22994,1440
MF1466,Tea Lanka,2024,9,0,60850,0,60850,4520
MF1466,Tea Lanka,2024,10,0,35739,0,35739,2242
MF1466,Tea Lanka,2024,11,0,28368,0,28368,1780
MF1466,Tea Lanka,2024,12,0,22818,0,22818,2833
MF1467,Daduwangala Watte,2024,1,0,59806,0,59806,3148
MF1467,Daduwangala Watte,2024,2,0,58157,0,58157,3064
MF1467,Daduwangala Watte,2024,3,0,48162,0,48162,2572
MF1467,Daduwangala Watte,2024,4,0,55491,0,55491,2946
MF1467,Daduwangala Watte,2024,5,0,58560,0,58560,3102
MF1467,Daduwangala Watte,2024,6,0,68917,0,68917,3655
MF1467,Daduwangala Watte,2024,7,0,72925,0,72925,3874
MF1467,Daduwangala Watte,2024,8,0,57761,0,57761,4264
MF1467,Daduwangala Watte,2024,9,0,60850,0,60850,4520
MF1467,Daduwangala Watte,2024,10,0,58290,0,58290,4357
MF1467,Daduwangala Watte,2024,11,0,61196,0,61196,4630
MF1467,Daduwangala Watte,2024,12,0,58795,0,58795,4399
MF1470,Karawita,2024,1,0,64269,0,64269,4155
MF1470,Karawita,2024,2,0,55333,0,55333,3578
MF1470,Karawita,2024,3,0,55136,0,55136,3564
MF1470,Karawita,2024,4,0,73496,0,73496,4777
MF1470,Karawita,2024,5,0,80621,0,80621,5240
MF1470,Karawita,2024,6,0,74341,0,74341,4832
MF1470,Karawita,2024,7,0,62553,0,62553,4066
MF1470,Karawita,2024,8,0,67534,0,67534,6078
MF1470,Karawita,2024,9,0,71333,0,71333,6868
MF1470,Karawita,2024,10,0,66292,0,66292,5966
MF1470,Karawita,2024,11,0,59686,0,59686,5372
MF1470,Karawita,2024,12,0,54735,0,54735,4926
MF1478,Sanora,2024,1,157,23209,0,23366,1926
MF1478,Sanora,2024,2,163,21588,0,21751,1875
MF1478,Sanora,2024,3,65,24962,0,25027,2159
MF1478,Sanora,2024,5,117,23103,0,23220,2009
MF1478,Sanora,2024,6,90,19802,0,19892,1709
MF1478,Sanora,2024,7,41,25400,0,25441,2208
MF1478,Sanora,2024,8,95,16295.5,0,16390.5,1663
MF1478,Sanora,2024,9,216,21490,0,21706,1866
MF1478,Sanora,2024,12,178,18783,0,18961,1627
MF1480,New Hopewell,2024,1,0,74756,0,74756,5632
MF1480,New Hopewell,2024,1,0,36124,0,36124,0
MF1480,New Hopewell,2024,2,0,112346,0,112346,7138
MF1480,New Hopewell,2024,2,0,30403,0,30403,0
MF1480,New Hopewell,2024,3,0,149382,0,149382,8993
MF1480,New Hopewell,2024,3,0,37592,0,37592,0
MF1480,New Hopewell,2024,4,0,139559,0,139559,8667
MF1480,New Hopewell,2024,4,0,33066,0,33066,0
MF1480,New Hopewell,2024,5,0,156134,0,156134,11015
MF1480,New Hopewell,2024,5,0,48453,0,48453,0
MF1480,New Hopewell,2024,6,0,109451,0,109451,7059
MF1480,New Hopewell,2024,6,0,41540,0,41540,0
MF1480,New Hopewell,2024,7,0,110227,0,110227,8031
MF1480,New Hopewell,2024,7,0,56959,0,56959,0
MF1480,New Hopewell,2024,8,0,1146.39,0,1146.39,9022
MF1480,New Hopewell,2024,8,0,49075,0,49075,0
MF1480,New Hopewell,2024,9,0,139150,0,139150,11005
MF1480,New Hopewell,2024,9,0,56440,0,56440,0
MF1480,New Hopewell,2024,10,0,128450,0,128450,8957
MF1480,New Hopewell,2024,10,0,40342,0,40342,0
MF1480,New Hopewell,2024,11,0,146208,0,146208,10650
MF1480,New Hopewell,2024,11,0,60000,0,60000,0
MF1480,New Hopewell,2024,12,0,152190,0,152190,10611
MF1480,New Hopewell,2024,12,0,48000,0,48000,0
MF1483,Galaxy ,2024,1,0,41856,0,41856,5069
MF1483,Galaxy ,2024,2,0,35051,0,35051,2610
MF1483,Galaxy ,2024,3,0,35510,0,35510,2360
MF1483,Galaxy ,2024,4,0,40198,0,40198,3022
MF1483,Galaxy ,2024,5,0,48140,0,48140,3444
MF1483,Galaxy ,2024,6,0,42135,0,42135,5126
MF1483,Galaxy ,2024,7,0,38302,0,38302,2723
MF1483,Galaxy ,2024,8,0,46052,0,46052,3366
MF1483,Galaxy ,2024,9,56392,0,0,56392,4004
MF1483,Galaxy ,2024,10,0,44995,0,44995,3387
MF1483,Galaxy ,2024,11,0,43904,0,43904,3270
MF1483,Galaxy ,2024,12,0,40402,0,40402,2958
MF1487,Adams View,2024,1,0,53887,0,53887,3399
MF1487,Adams View,2024,2,0,48553,0,48553,3114
MF1487,Adams View,2024,3,0,44001,0,44001,2775
MF1487,Adams View,2024,4,0,49366,0,49366,3117
MF1487,Adams View,2024,5,0,56660,0,56660,3531
MF1487,Adams View,2024,6,0,53520,0,53520,3404
MF1487,Adams View,2024,7,0,51066,0,51066,3229
MF1487,Adams View,2024,8,0,53517,0,53517,3383
MF1487,Adams View,2024,9,0,39876,0,39876,3790
MF1487,Adams View,2024,10,0,51510,0,51510,3261
MF1487,Adams View,2024,11,0,50601,0,50601,3204
MF1487,Adams View,2024,12,0,54568,0,54568,3450
MF1488,Kukuleganga,2024,1,0,2500,0,2500,222
MF1488,Kukuleganga,2024,2,0,1378,0,1378,127
MF1488,Kukuleganga,2024,3,0,178,0,178,15
MF1488,Kukuleganga,2024,6,0,10704,0,10704,931
MF1488,Kukuleganga,2024,7,0,23554,0,23554,1999
MF1488,Kukuleganga,2024,8,0,27168,0,27168,2295
MF1488,Kukuleganga,2024,9,0,30566,0,30566,2586
MF1488,Kukuleganga,2024,10,0,23735,0,23735,2029
MF1488,Kukuleganga,2024,11,0,23802,0,23802,2017
MF1488,Kukuleganga,2024,12,0,28714,0,28714,2495
MF1491,New Doralavitiyahena,2024,1,0,36594,0,36594,0
MF1491,New Doralavitiyahena,2024,1,0,10528,0,10528,3708
MF1491,New Doralavitiyahena,2024,2,0,45349,0,45349,2970
MF1491,New Doralavitiyahena,2024,2,0,7706,0,7706,0
MF1491,New Doralavitiyahena,2024,3,0,51239,0,51239,0
MF1491,New Doralavitiyahena,2024,3,0,7575,0,7575,7534
MF1491,New Doralavitiyahena,2024,4,0,29430,0,29430,2818
MF1491,New Doralavitiyahena,2024,5,0,50678,0,50678,3236
MF1491,New Doralavitiyahena,2024,6,0,50522,0,50522,3812
MF1491,New Doralavitiyahena,2024,6,0,8129,0,8129,0
MF1491,New Doralavitiyahena,2024,7,0,48314,0,48314,3665
MF1491,New Doralavitiyahena,2024,7,0,7248,0,7248,0
MF1491,New Doralavitiyahena,2024,8,0,55708,0,55708,2826
MF1491,New Doralavitiyahena,2024,8,0,9524,0,9524,0
MF1491,New Doralavitiyahena,2024,9,0,61970,0,61970,4300
MF1491,New Doralavitiyahena,2024,9,0,8333,0,8333,0
MF1491,New Doralavitiyahena,2024,10,0,56512,0,56512,3727
MF1491,New Doralavitiyahena,2024,10,0,8897,0,8897,0
MF1491,New Doralavitiyahena,2024,11,0,53836,0,53836,4771
MF1491,New Doralavitiyahena,2024,11,0,7719,0,7719,0
MF1491,New Doralavitiyahena,2024,12,0,56835,0,56835,4547
MF1491,New Doralavitiyahena,2024,12,0,12557,0,12557,0
MF1495,Nilvin View,2024,1,0,29419,0,29419,1589
MF1495,Nilvin View,2024,2,0,51852,0,51852,2826
MF1495,Nilvin View,2024,3,0,47992,0,47992,2736
MF1495,Nilvin View,2024,4,0,66149,0,66149,3638
MF1495,Nilvin View,2024,5,0,78181,0,78181,4270
MF1495,Nilvin View,2024,6,0,40293,0,40293,2182
MF1495,Nilvin View,2024,7,0,4127,0,4127,239
MF1495,Nilvin View,2024,8,0,20645,0,20645,1027
MF1495,Nilvin View,2024,9,0,28769,0,28769,1435
MF1495,Nilvin View,2024,10,0,17862,0,17862,894
MF1496,CO-OP TEA,2024,1,0,15226,0,15226,0
MF1496,CO-OP TEA,2024,2,0,25730,0,25730,2573
MF1496,CO-OP TEA,2024,3,0,23349,0,23349,2335
MF1496,CO-OP TEA,2024,4,0,22863,0,22863,2286
MF1496,CO-OP TEA,2024,5,0,34191,0,34191,3420
MF1496,CO-OP TEA,2024,6,0,40352,0,40352,4035
MF1496,CO-OP TEA,2024,7,0,18407,0,18407,1840
MF1496,CO-OP TEA,2024,8,0,29716,0,29716,2971
MF1496,CO-OP TEA,2024,9,0,29091,0,29091,2909
MF1496,CO-OP TEA,2024,10,0,25294,0,25294,2509
MF1496,CO-OP TEA,2024,11,0,26615,0,26615,2662
MF1496,CO-OP TEA,2024,12,0,22984,0,22984,2271
MF1515,Geekiyanahena ,2024,1,0,0,0,0,0
MF1515,Geekiyanahena ,2024,2,0,0,0,0,0
MF1515,Geekiyanahena ,2024,3,0,0,0,0,0
MF1515,Geekiyanahena ,2024,4,0,0,0,0,0
MF1515,Geekiyanahena ,2024,5,0,0,0,0,0
MF1515,Geekiyanahena ,2024,6,0,0,0,0,0
MF1515,Geekiyanahena ,2024,7,0,0,0,0,0
MF1515,Geekiyanahena ,2024,8,0,0,0,0,0
MF1515,Geekiyanahena ,2024,9,0,0,0,0,0
MF1519,Parakaduwa,2024,1,0,63914,0,63914,4022
MF1519,Parakaduwa,2024,2,0,55085,0,55085,3585
MF1519,Parakaduwa,2024,3,0,42043,0,42043,2682
MF1519,Parakaduwa,2024,4,0,59762,0,59762,3905
MF1519,Parakaduwa,2024,5,0,57765,0,57765,3775
MF1519,Parakaduwa,2024,6,0,72828,0,72828,4759
MF1519,Parakaduwa,2024,7,0,81220,0,81220,5356
MF1519,Parakaduwa,2024,8,0,88645,0,88645,5811
MF1519,Parakaduwa,2024,9,0,90291,0,90291,5811
MF1519,Parakaduwa,2024,10,0,66739,0,66739,4335
MF1519,Parakaduwa,2024,11,0,75621,0,75621,4962
MF1519,Parakaduwa,2024,12,0,51638,0,51638,3374
MF1528,MISA,2024,1,0,147110,0,147110,7725
MF1528,MISA,2024,2,0,155377,0,155377,8165
MF1528,MISA,2024,3,0,132225,0,132225,6943
MF1528,MISA,2024,4,0,162471,0,162471,8533
MF1528,MISA,2024,5,0,196961,0,196961,10321
MF1528,MISA,2024,6,0,193480,0,193480,10175
MF1528,MISA,2024,7,0,201824,0,201824,10610
MF1528,MISA,2024,8,0,161265,0,161265,8462
MF1528,MISA,2024,9,0,182798,0,182798,9740
MF1528,MISA,2024,10,0,174039,0,174039,9122
MF1528,MISA,2024,11,0,156594,0,156594,8206
MF1528,MISA,2024,12,0,149580,0,149580,7837
MF1531,Kolonne Panapitiya,2024,1,0,61583,0,61583,6843
MF1531,Kolonne Panapitiya,2024,2,0,54633,0,54633,6067
MF1531,Kolonne Panapitiya,2024,3,0,38322,0,38322,4259
MF1531,Kolonne Panapitiya,2024,4,0,54535,0,54535,6060
MF1531,Kolonne Panapitiya,2024,5,0,50905,0,50905,5655
MF1531,Kolonne Panapitiya,2024,6,0,66665,0,66665,7408
MF1531,Kolonne Panapitiya,2024,7,0,68360,0,68360,7596
MF1531,Kolonne Panapitiya,2024,8,0,65819,0,65819,7156
MF1531,Kolonne Panapitiya,2024,9,0,68192,0,68192,7578
MF1531,Kolonne Panapitiya,2024,10,0,63333,0,63333,7037
MF1531,Kolonne Panapitiya,2024,11,0,63702,0,63702,7075
MF1531,Kolonne Panapitiya,2024,12,0,59681,0,59681,6633
MF1550,PARADISE,2024,9,0,0,0,0,0
MF1551,Galahitiya,2024,1,0,45689,0,45689,3978
MF1551,Galahitiya,2024,2,0,40814,0,40814,3539
MF1551,Galahitiya,2024,3,0,33108,0,33108,2729
MF1551,Galahitiya,2024,4,0,40930,0,40930,4354
MF1551,Galahitiya,2024,5,0,42512,0,42512,3523
MF1551,Galahitiya,2024,6,0,37207,0,37207,2888
MF1551,Galahitiya,2024,7,0,33217,0,33217,2429
MF1551,Galahitiya,2024,8,0,35716,0,35716,2620
MF1551,Galahitiya,2024,9,0,43121,0,43121,2893
MF1551,Galahitiya,2024,10,0,41017,0,41017,3555
MF1551,Galahitiya,2024,11,0,41561,0,41561,2790
MF1551,Galahitiya,2024,12,0,44037,0,44037,2950
MF1552,Sisiramba ,2024,1,0,50850,0,50850,5652
MF1552,Sisiramba ,2024,2,0,45736,0,45736,5083
MF1552,Sisiramba ,2024,3,0,41982,0,41982,4664
MF1552,Sisiramba ,2024,4,0,50185,0,50185,5577
MF1552,Sisiramba ,2024,5,0,51096,0,51096,5679
MF1552,Sisiramba ,2024,6,0,49451,0,49451,5494
MF1552,Sisiramba ,2024,7,0,50796,0,50796,5643
MF1552,Sisiramba ,2024,8,0,53448,0,53448,5944
MF1552,Sisiramba ,2024,9,0,55519,0,55519,6169
MF1552,Sisiramba ,2024,10,0,51513,0,51513,5723
MF1552,Sisiramba ,2024,11,0,55155,0,55155,6075
MF1552,Sisiramba ,2024,12,0,57451,0,57451,5938
MF1553,New Spring View,2024,11,0,4804,0,4804,217
MF1553,New Spring View,2024,12,0,17229,0,17229,803
MF1554,Daduwangala CTC,2024,1,0,21002,0,21002,875
MF1554,Daduwangala CTC,2024,2,0,23819,0,23819,994
MF1554,Daduwangala CTC,2024,3,0,27525,0,27525,1462
MF1554,Daduwangala CTC,2024,4,0,23885,0,23885,1286
MF1554,Daduwangala CTC,2024,5,0,2957,0,2957,158
MF1554,Daduwangala CTC,2024,6,0,14592,0,14592,780
MF1554,Daduwangala CTC,2024,7,0,17238,0,17238,940
MF1554,Daduwangala CTC,2024,8,0,15263,0,15263,810
MF1554,Daduwangala CTC,2024,9,0,20843,0,20843,1109
MF1554,Daduwangala CTC,2024,10,0,58290,0,58290,4357
MF1554,Daduwangala CTC,2024,10,0,20310,0,20310,1082
MF1554,Daduwangala CTC,2024,11,0,11102,0,11102,596
MF1554,Daduwangala CTC,2024,12,0,2873,0,2873,155
MF1571,Kamarangapitiya,2024,1,0,53492,0,53492,3823
MF1571,Kamarangapitiya,2024,2,0,65106,0,65106,3514
MF1571,Kamarangapitiya,2024,3,0,57482,0,57482,5593
MF1571,Kamarangapitiya,2024,4,0,60393,0,60393,4266
MF1571,Kamarangapitiya,2024,5,0,46698,0,46698,7731
MF1571,Kamarangapitiya,2024,6,0,67590,0,67590,6978
MF1571,Kamarangapitiya,2024,7,0,76357,0,76357,5708
MF1571,Kamarangapitiya,2024,8,0,75976,0,75976,7082
MF1571,Kamarangapitiya,2024,9,0,81532,0,81532,6900
MF1571,Kamarangapitiya,2024,10,0,77296,0,77296,7283
MF1571,Kamarangapitiya,2024,11,0,78901,0,78901,7343
MF1571,Kamarangapitiya,2024,12,0,81723,0,81723,6014
MF1579,Deraniyagala Tea Shakthi,2024,1,0,32251,0,32251,2806
MF1579,Deraniyagala Tea Shakthi,2024,2,0,33299,0,33299,2897
MF1579,Deraniyagala Tea Shakthi,2024,3,0,30070,0,30070,2610
MF1579,Deraniyagala Tea Shakthi,2024,4,0,37559,0,37559,3266
MF1579,Deraniyagala Tea Shakthi,2024,5,0,35571,0,35571,3092
MF1579,Deraniyagala Tea Shakthi,2024,6,0,34239,0,34239,2977
MF1579,Deraniyagala Tea Shakthi,2024,7,0,35305,0,35305,3066
MF1579,Deraniyagala Tea Shakthi,2024,8,0,34534,0,34534,2999
MF1579,Deraniyagala Tea Shakthi,2024,9,0,33711,0,33711,2929
MF1579,Deraniyagala Tea Shakthi,2024,10,0,32502,0,32502,2826
MF1579,Deraniyagala Tea Shakthi,2024,11,0,32307,0,32307,2804
MF1579,Deraniyagala Tea Shakthi,2024,12,33180,0,0,33180,2884
MF1580,Kolonne Kithulgala,2024,1,0,31438.24,0,31438.24,2733.76
MF1580,Kolonne Kithulgala,2024,2,0,33465,0,33465,2910
MF1580,Kolonne Kithulgala,2024,3,0,32083.16,0,32083.16,2789.84
MF1580,Kolonne Kithulgala,2024,4,0,33649.92,0,33649.92,2926.08
MF1580,Kolonne Kithulgala,2024,5,0,29120.76,0,29120.76,2532.24
MF1580,Kolonne Kithulgala,2024,6,0,18621.72,0,18621.72,1619.28
MF1580,Kolonne Kithulgala,2024,7,0,18219.68,0,18219.68,1584.32
MF1580,Kolonne Kithulgala,2024,8,0,18089.04,0,18089.04,1572.96
MF1580,Kolonne Kithulgala,2024,9,0,19271.24,0,19271.24,1675.76
MF1580,Kolonne Kithulgala,2024,10,0,20169.16,0,20169.16,1753.84
MF1580,Kolonne Kithulgala,2024,11,0,20044.04,0,20044.04,1742.96
MF1580,Kolonne Kithulgala,2024,12,0,22738.72,0,22738.72,1977.28
MF1591,Ethoya Waththa,2024,1,5605,46319,0,51924,6808
MF1591,Ethoya Waththa,2024,2,4491,46499,0,50990,7076
MF1591,Ethoya Waththa,2024,3,4508,41835,0,46343,6585
MF1591,Ethoya Waththa,2024,4,5159,53056,0,58215,8390
MF1591,Ethoya Waththa,2024,5,4578,62629,0,67207,8794
MF1591,Ethoya Waththa,2024,6,5561,57962,0,63523,8541
MF1591,Ethoya Waththa,2024,7,5125,52809,0,57934,8879
MF1591,Ethoya Waththa,2024,8,5069,53259,0,58328,8917
MF1591,Ethoya Waththa,2024,9,5823,619620,0,625443,9765
MF1591,Ethoya Waththa,2024,10,4262,52054,0,56316,8029
MF1591,Ethoya Waththa,2024,11,4641,54197,0,58838,7965
MF1591,Ethoya Waththa,2024,12,4338,52781,0,57119,7551
MF1592,Super Leaf ,2024,8,0,21069.5,0,21069.5,1053
MF1592,Super Leaf ,2024,9,0,27462,0,27462,1405
MF1592,Super Leaf ,2024,10,0,23104,0,23104,1214
MF1592,Super Leaf ,2024,11,0,16176,0,16176,851
MF1592,Super Leaf ,2024,12,0,25097,0,25097,1600
MF1601,Blue Hills,2024,1,0,19693,0,19693,1923
MF1601,Blue Hills,2024,2,0,31627,0,31627,3401
MF1601,Blue Hills,2024,3,0,41418,0,41418,4520
MF1601,Blue Hills,2024,4,0,49270,0,49270,4996
MF1601,Blue Hills,2024,5,0,57013,0,57013,5594
MF1601,Blue Hills,2024,6,0,39701,0,39701,4097
MF1601,Blue Hills,2024,7,0,46020,0,46020,4957
MF1601,Blue Hills,2024,8,0,34800,0,34800,3496
MF1601,Blue Hills,2024,9,0,54880,0,54880,5403
MF1601,Blue Hills,2024,10,0,36101,0,36101,3624
MF1601,Blue Hills,2024,11,0,46686,0,46686,4137
MF1601,Blue Hills,2024,12,0,54537,0,54537,5167
RT0391,M.K.G. Tea Re Processing Centre,2024,6,0,8610,0,8610,58000
RT0391,M.K.G. Tea Re Processing Centre,2024,7,0,10111,0,10111,32000
RT0391,M.K.G. Tea Re Processing Centre,2024,8,0,7083,0,7083,23000
RT0391,M.K.G. Tea Re Processing Centre,2024,9,0,4792,0,4792,15000
RT0391,M.K.G. Tea Re Processing Centre,2024,10,28500,10552,0,39052,26000
RT0391,M.K.G. Tea Re Processing Centre,2024,11,6123,0,0,6123,5000
RT0391,M.K.G. Tea Re Processing Centre,2024,12,9397,0,0,9397,23238
RT0507,JAYA LAND,2024,1,0,5110,0,5110,43000
RT0507,JAYA LAND,2024,2,0,7500,0,7500,44000
RT0507,JAYA LAND,2024,3,0,7250,0,7250,43000
RT0507,JAYA LAND,2024,4,0,6550,0,6550,38000
RT0507,JAYA LAND,2024,5,0,5850,0,5850,22000
RT0507,JAYA LAND,2024,6,0,3270,0,3270,51000
RT0507,JAYA LAND,2024,7,7880,0,0,7880,40000
RT0507,JAYA LAND,2024,8,0,4530,0,4530,45000
RT0507,JAYA LAND,2024,9,0,4030,0,4030,25000
RT0507,JAYA LAND,2024,10,0,5160,0,5160,40000
RT0507,JAYA LAND,2024,11,3070,0,0,3070,18000
RT0507,JAYA LAND,2024,12,4350,0,0,4350,88000
RT0647,Samanalakanda Refuse Tea Processing Center,2024,1,0,4240,0,4240,247
RT0647,Samanalakanda Refuse Tea Processing Center,2024,2,0,3540,0,3540,242
RT0647,Samanalakanda Refuse Tea Processing Center,2024,3,0,0,0,0,0
RT0647,Samanalakanda Refuse Tea Processing Center,2024,4,0,0,0,0,0
RT0647,Samanalakanda Refuse Tea Processing Center,2024,5,0,0,0,0,0
RT0647,Samanalakanda Refuse Tea Processing Center,2024,6,0,0,0,0,0
RT0647,Samanalakanda Refuse Tea Processing Center,2024,7,0,0,0,0,0
RT0647,Samanalakanda Refuse Tea Processing Center,2024,8,0,0,0,0,0
RT0647,Samanalakanda Refuse Tea Processing Center,2024,9,0,0,0,0,0
RT0647,Samanalakanda Refuse Tea Processing Center,2024,11,0,0,0,0,0
RT0647,Samanalakanda Refuse Tea Processing Center,2024,12,0,0,0,0,0
BF0143,Templevally,2023,6,0,17324,0,17324,1732
BF0143,Templevally,2023,7,0,14908,0,14908,1490
BF0143,Templevally,2023,8,0,11902,0,11902,1190
BF0143,Templevally,2023,9,0,22302,0,22302,2230
BF0143,Templevally,2023,10,0,29325,0,29325,2932
BF0143,Templevally,2023,11,0,24589,0,24589,2458
BF0143,Templevally,2023,12,0,0,0,0,1909
BF0150,Sherwood ,2023,1,0,40902,0,40902,3558
BF0150,Sherwood ,2023,2,0,45950,0,45950,3993
BF0150,Sherwood ,2023,3,0,43265,0,43265,3757
BF0150,Sherwood ,2023,4,0,56147,0,56147,4878
BF0150,Sherwood ,2023,5,0,48371,0,48371,4215
BF0150,Sherwood ,2023,6,0,41972,0,41972,3645
BF0150,Sherwood ,2023,7,0,36045,0,36045,3133
BF0150,Sherwood ,2023,8,0,13569,0,13569,1178
BF0150,Sherwood ,2023,9,0,15132,0,15132,1315
BF0150,Sherwood ,2023,10,0,16984,0,16984,1484
BF0150,Sherwood ,2023,11,0,877,0,877,77
BF0150,Sherwood ,2023,12,0,0,0,0,0
BF0155,GANGALAGAMUWA,2023,1,0,37937,0,37937,1581
BF0155,GANGALAGAMUWA,2023,2,0,34537,0,34537,1439
BF0155,GANGALAGAMUWA,2023,3,0,45174,0,45174,1882
BF0155,GANGALAGAMUWA,2023,4,0,47456,0,47456,1977
BF0155,GANGALAGAMUWA,2023,5,0,46411,0,46411,1934
BF0155,GANGALAGAMUWA,2023,6,0,55881,0,55881,2328
BF0155,GANGALAGAMUWA,2023,7,0,52142,0,52142,2173
BF0155,GANGALAGAMUWA,2023,8,0,42773,0,42773,1782
BF0155,GANGALAGAMUWA,2023,9,0,34971,0,34971,1660
BF0155,GANGALAGAMUWA,2023,10,0,46493,0,46493,2527
BF0155,GANGALAGAMUWA,2023,11,0,40727,0,40727,2162
BF0155,GANGALAGAMUWA,2023,12,0,56076,0,56076,2975
BF0163,Delgoda ,2023,1,0,33110,405,33515,3995
BF0163,Delgoda ,2023,2,0,32312,0,32312,3539
BF0163,Delgoda ,2023,3,0,37143,0,37143,3672
BF0163,Delgoda ,2023,4,0,39384,0,39384,4472
BF0163,Delgoda ,2023,5,0,41339,0,41339,5756
BF0163,Delgoda ,2023,6,0,29675,0,29675,4869
BF0163,Delgoda ,2023,7,0,1981,0,1981,3200
HT0002,ECO,2023,1,0,0,0,0,0
HT0002,ECO,2023,2,0,0,0,0,0
HT0002,ECO,2023,4,0,0,0,0,0
HT0002,ECO,2023,5,0,0,0,0,0
HT0002,ECO,2023,6,0,0,0,0,0
HT0002,ECO,2023,8,0,0,0,0,0
HT0002,ECO,2023,9,0,0,0,0,0
HT0002,ECO,2023,10,0,0,0,0,0
HT0002,ECO,2023,11,9.68,0,0,9.68,0.6
HT0002,ECO,2023,12,84.04,0,0,84.04,1.68
HT0020,Hidden Hills Hand Made ,2023,7,0,0,0,0,0
MF0083,Rilhena ,2023,1,4132,19167,0,23299,3171
MF0083,Rilhena ,2023,2,3782,18028,0,21810,2646
MF0083,Rilhena ,2023,3,4323,21930,0,26253,2583
MF0083,Rilhena ,2023,4,5276,28834,0,34110,3007
MF0083,Rilhena ,2023,5,5619,27555,0,33174,4126
MF0083,Rilhena ,2023,6,4418,0,21311,25729,3249
MF0083,Rilhena ,2023,7,4631,14312,0,18943,2634
MF0083,Rilhena ,2023,8,2360,8598,0,10958,2121
MF0083,Rilhena ,2023,9,3522,15248,0,18770,2065
MF0083,Rilhena ,2023,10,5951,33724,0,39675,8274
MF0083,Rilhena ,2023,11,4217,19914,0,24131,2626
MF0083,Rilhena ,2023,12,4168,20907,0,25075,2552
MF0085,Noori ,2023,1,0,37440,0,37440,3281
MF0085,Noori ,2023,2,0,39768,0,39768,3730
MF0085,Noori ,2023,3,0,47530,0,47530,3842
MF0085,Noori ,2023,4,0,51835,0,51835,4078
MF0085,Noori ,2023,5,0,43968,0,43968,3826
MF0085,Noori ,2023,6,0,35520,0,35520,3116
MF0085,Noori ,2023,7,0,39889,0,39889,3975
MF0085,Noori ,2023,8,0,42580,0,42580,4731
MF0085,Noori ,2023,9,0,41397,0,41397,3408
MF0085,Noori ,2023,10,0,43393,0,43393,3670
MF0085,Noori ,2023,11,0,35911,0,35911,2935
MF0085,Noori ,2023,12,0,43662,0,43662,3819
MF0103,Opatha ,2023,1,4005,17513,0,21518,4383
MF0103,Opatha ,2023,2,3211,17926,0,21137,2891
MF0103,Opatha ,2023,3,4002,17446,0,21448,2977
MF0103,Opatha ,2023,4,3412,26053,0,29465,4223
MF0103,Opatha ,2023,5,3670,26046,0,29716,4296
MF0103,Opatha ,2023,6,3755,16061,0,19816,3279
MF0103,Opatha ,2023,7,4042,12883,0,16925,2675
MF0103,Opatha ,2023,8,2345,6885,0,9230,1758
MF0103,Opatha ,2023,9,2900,0,14284,17184,2853
MF0103,Opatha ,2023,10,4479,33751,0,38230,4632
MF0103,Opatha ,2023,11,3513,15257,0,18770,2519
MF0103,Opatha ,2023,12,3321,11966,0,15287,1828
MF0104,Wellandura ,2023,1,6393,17441,1711,25545,3100
MF0104,Wellandura ,2023,2,6008,17205,1627,24840,2776
MF0104,Wellandura ,2023,3,7392,17151,1468,26011,3776
MF0104,Wellandura ,2023,4,6813,19514,1653,27980,3487
MF0104,Wellandura ,2023,5,7094,25799,1536,34429,5254
MF0104,Wellandura ,2023,6,6519,20030,971,27520,4742
MF0104,Wellandura ,2023,7,6620,17702,939,25261,4179
MF0104,Wellandura ,2023,8,5704,4719,536,10959,1621
MF0104,Wellandura ,2023,9,6042,9001,676,15719,2248
MF0104,Wellandura ,2023,10,8079,34236,2018,44333,5678
MF0104,Wellandura ,2023,11,6160,14854,1073,22087,3168
MF0104,Wellandura ,2023,12,6210,24650,1580,32440,5645
MF0106,Mahawale ,2023,1,0,14602.5,0,14602.5,25652
MF0106,Mahawale ,2023,2,0,16424,0,16424,25913
MF0106,Mahawale ,2023,3,0,27487.5,0,27487.5,43936
MF0106,Mahawale ,2023,4,0,2993,0,2993,3794
MF0106,Mahawale ,2023,5,0,16744,0,16744,3600
MF0106,Mahawale ,2023,6,0,22635.5,0,22635.5,43357
MF0106,Mahawale ,2023,7,0,29352.5,0,29352.5,39929
MF0106,Mahawale ,2023,8,0,25309.5,0,25309.5,37926
MF0106,Mahawale ,2023,9,16416,0,0,16416,24721
MF0106,Mahawale ,2023,10,0,15058,0,15058,18776
MF0106,Mahawale ,2023,11,0,16508,0,16508,25894
MF0106,Mahawale ,2023,12,0,16491,0,16491,27717
MF0107,Nilagama ,2023,1,3506,16614.5,0,20120.5,3186
MF0107,Nilagama ,2023,2,2883,15568.5,0,18451.5,2756
MF0107,Nilagama ,2023,3,3870,12465.5,0,16335.5,2423
MF0107,Nilagama ,2023,4,3757,25155,0,28912,3862
MF0107,Nilagama ,2023,5,3579,17524,0,21103,2777
MF0107,Nilagama ,2023,6,3147,15712,0,18859,5721
MF0107,Nilagama ,2023,7,2235,4543,0,6778,4507
MF0107,Nilagama ,2023,8,1364.5,1052,0,2416.5,420
MF0107,Nilagama ,2023,10,0,10039,0,10039,1330
MF0107,Nilagama ,2023,11,0,13139,3678,16817,2295
MF0107,Nilagama ,2023,12,3300,17444,0,20744,3728
MF0108,Poronuwa,2023,1,2305,8323.5,0,10628.5,2095.5
MF0108,Poronuwa,2023,2,2100,8065,0,10165,1669
MF0108,Poronuwa,2023,3,2323,14630,0,16953,1964
MF0108,Poronuwa,2023,4,2615,11814,0,14429,1656
MF0108,Poronuwa,2023,5,2975,14734,0,17709,2895
MF0108,Poronuwa,2023,6,2843,9688.5,0,12531.5,2460
MF0108,Poronuwa,2023,7,2754,7304.5,0,10058.5,1791
MF0108,Poronuwa,2023,8,1811,3749.5,0,5560.5,1318
MF0108,Poronuwa,2023,9,1632,3420,0,5052,526
MF0108,Poronuwa,2023,10,3361,18475.5,0,21836.5,2501
MF0108,Poronuwa,2023,11,2046,7450.5,0,9496.5,953
MF0108,Poronuwa,2023,12,1994,12931.5,0,14925.5,2045
MF0168,ENDANE,2023,1,16628.5,2660,0,19288.5,2760
MF0168,ENDANE,2023,2,15825,0,0,15825,1861
MF0168,ENDANE,2023,3,20302,6,0,20308,2256
MF0168,ENDANE,2023,4,22290,7574,274,30138,3725
MF0168,ENDANE,2023,5,23846.5,17365,0,41211.5,5601
MF0168,ENDANE,2023,6,21204,15496,0,36700,4577
MF0168,ENDANE,2023,7,21250,10830.5,0,32080.5,4485
MF0168,ENDANE,2023,8,19913,2451,0,22364,3642
MF0168,ENDANE,2023,9,18356.5,2858,0,21214.5,2769
MF0168,ENDANE,2023,10,23854,13216,0,37070,4523
MF0168,ENDANE,2023,12,20605,0,0,20605,3007
MF0181,Ceciliyan ,2023,1,2989,161833,0,164822,7245
MF0181,Ceciliyan ,2023,1,112,161840,0,161952,4830
MF0181,Ceciliyan ,2023,2,0,108991,2256,111247,3740
MF0181,Ceciliyan ,2023,2,0,168762,0,168762,2495
MF0181,Ceciliyan ,2023,3,3346,146558,0,149904,0
MF0181,Ceciliyan ,2023,3,0,206906,0,206906,6325
MF0181,Ceciliyan ,2023,4,3421,132178,0,135599,3550
MF0181,Ceciliyan ,2023,4,0,208288,0,208288,1943
MF0181,Ceciliyan ,2023,5,3506,113045,0,116551,5680
MF0181,Ceciliyan ,2023,5,0,242102,0,242102,8400
MF0181,Ceciliyan ,2023,6,3618,136486,0,140104,16910
MF0181,Ceciliyan ,2023,6,0,204730,0,204730,0
MF0181,Ceciliyan ,2023,7,3501,147672,0,151173,5532
MF0181,Ceciliyan ,2023,7,0,214051,0,214051,1894
MF0181,Ceciliyan ,2023,8,2600,140841,0,143441,12472
MF0181,Ceciliyan ,2023,8,0,166921,0,166921,0
MF0181,Ceciliyan ,2023,9,2485,160302,0,162787,4950
MF0181,Ceciliyan ,2023,9,0,154304,0,154304,3708
MF0181,Ceciliyan ,2023,10,3892,127771,0,131663,6250
MF0181,Ceciliyan ,2023,10,0,232523,0,232523,4204
MF0181,Ceciliyan ,2023,11,2715,129527,0,132242,5120
MF0181,Ceciliyan ,2023,11,0,174752,0,174752,2763
MF0181,Ceciliyan ,2023,12,3183,115762,0,118945,0
MF0181,Ceciliyan ,2023,12,0,206943,0,206943,7279
MF0183,New Kandagastenne ,2023,1,0,85093,0,85093,4288
MF0183,New Kandagastenne ,2023,2,0,84298,0,84298,4119
MF0183,New Kandagastenne ,2023,3,0,107042,0,107042,4715
MF0183,New Kandagastenne ,2023,4,0,120317,0,120317,5095
MF0183,New Kandagastenne ,2023,5,0,119771,0,119771,4961
MF0183,New Kandagastenne ,2023,6,0,103025,0,103025,4282
MF0183,New Kandagastenne ,2023,7,0,87883,0,87883,3617
MF0183,New Kandagastenne ,2023,8,0,67198,0,67198,2786
MF0183,New Kandagastenne ,2023,9,0,70884,0,70884,2699
MF0183,New Kandagastenne ,2023,10,0,108044,0,108044,4106
MF0183,New Kandagastenne ,2023,11,0,68295,0,68295,2454
MF0183,New Kandagastenne ,2023,12,0,83359,0,83359,3216
MF0200,Pettiyagalla ,2023,1,10620.5,421,4668,15709.5,2566
MF0200,Pettiyagalla ,2023,2,14053.5,417,7156,21626.5,3342.5
MF0200,Pettiyagalla ,2023,3,12961,721,13420,27102,4115
MF0200,Pettiyagalla ,2023,4,16313,559,15455,32327,4832
MF0200,Pettiyagalla ,2023,5,13483,654,14831,28968,4956
MF0200,Pettiyagalla ,2023,6,11373,870,11853,24096,4901
MF0200,Pettiyagalla ,2023,7,10125,294,7888,18307,3260.5
MF0200,Pettiyagalla ,2023,8,8098,0,4252,12350,2153
MF0200,Pettiyagalla ,2023,9,8111,0,4274,12385,2167
MF0200,Pettiyagalla ,2023,10,14409,8517,11576,34502,5457
MF0200,Pettiyagalla ,2023,11,9229,4743,8271,22243,3488
MF0200,Pettiyagalla ,2023,12,8683,3563,6629,18875,2302
MF0210,Haughton ,2023,4,3598,9120,0,12718,1106
MF0210,Haughton ,2023,5,3538,18439,0,21977,1819
MF0210,Haughton ,2023,6,3624,0,27499,31123,2484
MF0210,Haughton ,2023,7,3650,0,24094,27744,2307
MF0210,Haughton ,2023,8,2515,14772.5,0,17287.5,1456
MF0210,Haughton ,2023,9,2958,17432,0,20390,1676
MF0210,Haughton ,2023,10,3876,28047,0,31923,2663
MF0210,Haughton ,2023,11,3476,26806,0,30282,2611
MF0210,Haughton ,2023,12,3524,36878,0,40402,3394
MF0236,Pambagama ,2023,1,9662,26969,9280,45911,9012
MF0236,Pambagama ,2023,2,9934,24998,8279,43211,7230
MF0236,Pambagama ,2023,3,12403,31829,10508,54740,10528
MF0236,Pambagama ,2023,4,12516,32836,10418,55770,9382.5
MF0236,Pambagama ,2023,5,12113,31322,10601,54036,10692
MF0236,Pambagama ,2023,6,11354,26512,9318,47184,10361
MF0236,Pambagama ,2023,7,14595,29732.5,11630,55957.5,14855
MF0236,Pambagama ,2023,8,12233,22965,10631,45829,9588
MF0236,Pambagama ,2023,9,11334,21766,9871,42971,7719
MF0236,Pambagama ,2023,10,14610,29542,13765,57917,9859
MF0236,Pambagama ,2023,11,10217,21571,9048.5,40836.5,7303
MF0236,Pambagama ,2023,12,12426,22604,10033,45063,8601
MF0258,Balangoda Tea Shakthi,2023,1,0,17075,0,17075,1477
MF0258,Balangoda Tea Shakthi,2023,2,0,29727,0,29727,2571
MF0258,Balangoda Tea Shakthi,2023,3,0,42675,0,42675,3386
MF0258,Balangoda Tea Shakthi,2023,4,0,36407,0,36407,3159
MF0258,Balangoda Tea Shakthi,2023,5,0,40330,0,40330,3287
MF0258,Balangoda Tea Shakthi,2023,7,0,20571,0,20571,1791
MF0258,Balangoda Tea Shakthi,2023,8,0,27274,0,27274,2374
MF0258,Balangoda Tea Shakthi,2023,9,0,26917,0,26917,2339
MF0258,Balangoda Tea Shakthi,2023,10,0,33452,0,33452,2898
MF0258,Balangoda Tea Shakthi,2023,11,0,12475,0,12475,1081
MF0258,Balangoda Tea Shakthi,2023,12,0,19502,0,19502,1695
MF0262,Upper Balangoda,2023,1,263,15385,0,15648,1361
MF0262,Upper Balangoda,2023,2,300,19453,0,19753,1718
MF0262,Upper Balangoda,2023,3,322,24630,0,24952,2170
MF0262,Upper Balangoda,2023,4,315,33528,0,33843,2953
MF0262,Upper Balangoda,2023,5,112,19563,0,19675,1711
MF0262,Upper Balangoda,2023,6,404,13963,0,14367,1249
MF0262,Upper Balangoda,2023,7,314,11514,0,11828,1029
MF0262,Upper Balangoda,2023,8,125,4638,0,4763,414
MF0262,Upper Balangoda,2023,9,370,5730,0,6100,530
MF0262,Upper Balangoda,2023,10,660,23310,0,23970,2085
MF0262,Upper Balangoda,2023,11,275,10074,0,10349,900
MF0262,Upper Balangoda,2023,12,266,13289,0,13555,1179
MF0263,Wewawatte,2023,1,1022,11344,0,12366,960
MF0263,Wewawatte,2023,2,968,12133,0,13101,1045
MF0263,Wewawatte,2023,3,974,13724,0,14698,1246
MF0263,Wewawatte,2023,4,1245,23705,0,24950,2117
MF0263,Wewawatte,2023,5,1094,19906,0,21000,1785
MF0263,Wewawatte,2023,6,862,16086,0,16948,1440
MF0263,Wewawatte,2023,7,1707,12220,0,13927,1181
MF0263,Wewawatte,2023,8,1307,4510,0,5817,486
MF0263,Wewawatte,2023,9,2313,6779,0,9092,772
MF0263,Wewawatte,2023,10,3529,27758,0,31287,2651
MF0263,Wewawatte,2023,11,2335,10259,0,12594,1098
MF0263,Wewawatte,2023,12,2053,14511,0,16564,1398
MF0285,Hunuwella ,2023,1,2931,11367,0,14298,2682
MF0285,Hunuwella ,2023,2,457,0,0,457,2127
MF0293,Kelani ,2023,1,2011,33278,6823,42112,4580
MF0293,Kelani ,2023,2,1547,25335,5944,32826,2558
MF0293,Kelani ,2023,3,1958,33772.03,7176,42906.03,3833
MF0293,Kelani ,2023,4,2217,33928.51,8323,44468.51,3301
MF0293,Kelani ,2023,5,2775,33272.51,9367,45414.51,3438
MF0293,Kelani ,2023,6,2386,27415.5,8053,37854.5,2970
MF0293,Kelani ,2023,7,2777,34790.52,8076,45643.52,4429
MF0293,Kelani ,2023,8,2401,32130,8198,42729,4643
MF0293,Kelani ,2023,9,2475,33101.04,7853,43429.04,4474
MF0293,Kelani ,2023,10,3096,37442.5,10494,51032.5,5348
MF0293,Kelani ,2023,11,2355.5,29275.5,9410.5,41041.5,3485
MF0293,Kelani ,2023,12,2809,27455,9025,39289,3153
MF0295,Kuttapitiya ,2023,1,0,58768,0,58768,8770
MF0295,Kuttapitiya ,2023,2,0,56756,0,56756,8800
MF0295,Kuttapitiya ,2023,3,0,69851,0,69851,8310
MF0295,Kuttapitiya ,2023,4,0,71465,0,71465,8575
MF0295,Kuttapitiya ,2023,5,0,72171,0,72171,8514
MF0295,Kuttapitiya ,2023,6,0,67810,0,67810,7910
MF0295,Kuttapitiya ,2023,7,0,67546,0,67546,7150
MF0295,Kuttapitiya ,2023,8,0,45834,0,45834,6392
MF0295,Kuttapitiya ,2023,9,0,52465,0,52465,8394
MF0295,Kuttapitiya ,2023,10,0,80050,0,80050,9606
MF0295,Kuttapitiya ,2023,11,0,45224,0,45224,6331
MF0295,Kuttapitiya ,2023,12,0,53035,0,53035,7955
MF0296,DOLOSWELLA,2023,1,5580,19648,6486,31714,4172
MF0296,DOLOSWELLA,2023,2,5002,18461,5511,28974,3297
MF0296,DOLOSWELLA,2023,3,6103,29587,6592,42282,4855
MF0296,DOLOSWELLA,2023,4,5904,31475,7075,44454,5530
MF0296,DOLOSWELLA,2023,5,6068,35042,6942,48052,6987
MF0296,DOLOSWELLA,2023,6,5654,30193,6592,42439,7305
MF0296,DOLOSWELLA,2023,7,6840,29525,7528,43893,7515
MF0296,DOLOSWELLA,2023,8,3865,16647,4835,25347,5067
MF0296,DOLOSWELLA,2023,9,5576,23547,5349,34472,4695
MF0296,DOLOSWELLA,2023,10,6717,38633,8069,53419,7163
MF0296,DOLOSWELLA,2023,11,4738,16283,6141,27162,5176
MF0296,DOLOSWELLA,2023,12,4555,8485,6372,19412,2858
MF0353,YATIDERIYA,2023,1,8215.5,11468,1827,21510.5,1908
MF0353,YATIDERIYA,2023,2,9482,12309,1631,23422,2043
MF0353,YATIDERIYA,2023,3,8149.5,14286,1503,23938.5,2682
MF0353,YATIDERIYA,2023,4,8659.5,30561,1740,40960.5,3291
MF0353,YATIDERIYA,2023,5,8646,30190,1779,40615,4028
MF0353,YATIDERIYA,2023,6,7871,27535,1949,37355,3805
MF0353,YATIDERIYA,2023,7,9219,30379,1611,41209,4301
MF0353,YATIDERIYA,2023,8,7322.5,22566,1607,31495.5,3846
MF0353,YATIDERIYA,2023,9,7334,21731,1061,30126,3577
MF0353,YATIDERIYA,2023,10,9352.5,37250,2102,48704.5,4892
MF0353,YATIDERIYA,2023,11,7330.5,25410,1692,34432.5,3390
MF0353,YATIDERIYA,2023,12,8040.5,24682,1880,34602.5,4023
MF0367,Cecilton ,2023,1,14372,5071,3324,22767,2980
MF0367,Cecilton ,2023,2,13069,5255,2026,20350,2544
MF0367,Cecilton ,2023,3,11864,5824,7856,25544,2917
MF0367,Cecilton ,2023,4,15843,5741,9898,31482,3570
MF0367,Cecilton ,2023,5,13534,7364,6296,27194,3502
MF0367,Cecilton ,2023,6,14760,7410,7190,29360,3565
MF0367,Cecilton ,2023,7,10693,6584,7069,24346,3184
MF0367,Cecilton ,2023,8,7445,1810,5445,14700,2130
MF0367,Cecilton ,2023,9,7051,3236,3928,14215,1857
MF0367,Cecilton ,2023,10,19005,9255,11090,39350,4765
MF0367,Cecilton ,2023,11,11304,3380,4446,19130,2453
MF0367,Cecilton ,2023,12,10700,4466,6008,21174,2650
MF0369,MARATENNE,2023,1,40101,7029,0,47130,6926
MF0369,MARATENNE,2023,2,43011,7052,0,50063,7521
MF0369,MARATENNE,2023,3,42666,6950,0,49616,7431
MF0369,MARATENNE,2023,4,53000,9414,0,62414,9934
MF0369,MARATENNE,2023,5,47664,10923,0,58587,9045
MF0369,MARATENNE,2023,6,49677,12396,0,62073,9125
MF0369,MARATENNE,2023,7,38143,6491,0,44634,7001
MF0369,MARATENNE,2023,8,19345,3100,0,22445,3490
MF0369,MARATENNE,2023,9,18168,3549,0,21717,3774.5
MF0369,MARATENNE,2023,10,69739,8683,0,78422,13234.5
MF0369,MARATENNE,2023,11,28449,1777,0,30226,4923
MF0369,MARATENNE,2023,12,26756,1629,0,28385,4432
MF0449,Aennen,2023,1,0,6172,0,6172,326
MF0449,Aennen,2023,2,0,5497,0,5497,294
MF0449,Aennen,2023,3,0,5769,0,5769,310
MF0449,Aennen,2023,4,0,5691,0,5691,301
MF0449,Aennen,2023,5,0,5504,0,5504,291
MF0449,Aennen,2023,6,0,5073,0,5073,272
MF0449,Aennen,2023,7,0,4152,0,4152,218
MF0449,Aennen,2023,8,0,0,0,0,0
MF0472,Ederapolla,2023,1,0,6315,0,6315,798
MF0472,Ederapolla,2023,2,0,13314.5,0,13314.5,1488
MF0472,Ederapolla,2023,3,0,16137.5,0,16137.5,1625
MF0472,Ederapolla,2023,4,0,29508,0,29508,3024
MF0472,Ederapolla,2023,5,0,17545,0,17545,2717
MF0472,Ederapolla,2023,6,0,12978.5,0,12978.5,1872
MF0472,Ederapolla,2023,7,0,1189,0,1189,190
MF0472,Ederapolla,2023,8,0,0,0,0,0
MF0481,Aigburth ,2023,1,2910,448,0,3358,442
MF0481,Aigburth ,2023,2,3434,18,0,3452,533
MF0481,Aigburth ,2023,4,4484.57,11364.03,0,15848.6,1920
MF0481,Aigburth ,2023,5,4282,20969,0,25251,2161
MF0481,Aigburth ,2023,6,3390,35322,0,38712,3346
MF0481,Aigburth ,2023,7,3012,29363,0,32375,2934
MF0481,Aigburth ,2023,8,1638,24116,0,25754,2253
MF0481,Aigburth ,2023,9,1876.46,17109.54,0,18986,1688
MF0481,Aigburth ,2023,10,6914.83,21206.17,0,28121,2410
MF0481,Aigburth ,2023,11,3752.5,15558.49,0,19310.99,1647
MF0481,Aigburth ,2023,12,3796.85,23430.15,0,27227,2348
MF0490,Hatherleigh ,2023,1,5823.5,339,11893,18055.5,5727
MF0490,Hatherleigh ,2023,2,8067.5,90,15959,24116.5,3372
MF0490,Hatherleigh ,2023,3,9229,111,17315,26655,3172
MF0490,Hatherleigh ,2023,4,12297,147,22153,34597,3574
MF0490,Hatherleigh ,2023,5,12492,166,23094,35752,6827
MF0490,Hatherleigh ,2023,6,25768,123,10723,36614,6977
MF0490,Hatherleigh ,2023,7,23356,488,11289,35133,6122
MF0490,Hatherleigh ,2023,8,15754,2345,7109,25208,4775
MF0490,Hatherleigh ,2023,9,15680,4466,7801.5,27947.5,4655
MF0490,Hatherleigh ,2023,10,30845.5,4631,13317,48793.5,6454
MF0490,Hatherleigh ,2023,11,16433,827,8790,26050,4534
MF0490,Hatherleigh ,2023,12,22751,1669.5,10321,34741.5,7563
MF0546,Springwood,2023,1,0,22413,0,22413,1690
MF0546,Springwood,2023,2,0,27785,0,27785,2415
MF0546,Springwood,2023,3,0,31461.5,0,31461.5,2275
MF0546,Springwood,2023,4,0,37641.5,0,37641.5,2433
MF0546,Springwood,2023,5,413,29001,0,29414,3971
MF0546,Springwood,2023,6,0,24429,0,24429,3090
MF0546,Springwood,2023,7,0,26018.5,0,26018.5,1971
MF0546,Springwood,2023,8,0,11065,0,11065,2240
MF0546,Springwood,2023,9,0,11251.5,0,11251.5,1070
MF0546,Springwood,2023,10,0,39700,0,39700,1624
MF0546,Springwood,2023,11,673,21850,0,22523,2200
MF0546,Springwood,2023,12,0,23669,0,23669,2085
MF0594,Boscombe ,2023,1,0,23329,0,23329,3785
MF0594,Boscombe ,2023,2,0,25708,0,25708,4183
MF0594,Boscombe ,2023,3,0,30406,0,30406,4942
MF0594,Boscombe ,2023,4,0,40295,0,40295,6547
MF0594,Boscombe ,2023,5,0,36048,0,36048,5849
MF0594,Boscombe ,2023,6,0,29948,0,29948,4860
MF0594,Boscombe ,2023,7,0,36847,0,36847,2341
MF0594,Boscombe ,2023,8,0,21649,0,21649,1373
MF0594,Boscombe ,2023,9,0,23003,0,23003,1456
MF0594,Boscombe ,2023,10,0,53025,0,53025,7214
MF0594,Boscombe ,2023,12,0,36284,0,36284,4961
MF0600,Alupola ,2023,1,1008,0,0,1008,5085
MF0600,Alupola ,2023,2,0,2500,0,2500,6374
MF0600,Alupola ,2023,3,0,2000,0,2000,12515
MF0600,Alupola ,2023,4,0,5182.5,0,5182.5,18561
MF0600,Alupola ,2023,5,0,11974.5,0,11974.5,43998.5
MF0600,Alupola ,2023,6,0,17659,0,17659,45987
MF0600,Alupola ,2023,7,0,18287,0,18287,48809
MF0600,Alupola ,2023,8,0,23512.5,0,23512.5,46084.5
MF0600,Alupola ,2023,9,0,19176,0,19176,37669
MF0600,Alupola ,2023,10,0,15729.5,0,15729.5,39081
MF0600,Alupola ,2023,11,0,14444.5,0,14444.5,26117.5
MF0600,Alupola ,2023,12,0,12576.5,0,12576.5,15931
MF0614,MADAMPE,2023,5,0,11200,0,11200,1250
MF0614,MADAMPE,2023,6,0,21847,0,21847,2600
MF0614,MADAMPE,2023,7,0,24673,0,24673,1970
MF0614,MADAMPE,2023,8,0,23760,0,23760,1910
MF0614,MADAMPE,2023,9,0,19623,0,19623,2350
MF0614,MADAMPE,2023,10,0,23029,0,23029,2763
MF0614,MADAMPE,2023,11,0,23460,0,23460,3289
MF0614,MADAMPE,2023,12,0,23399,0,23399,3412
MF0619,GALABODDA,2023,1,5580,13272,3652,22504,662
MF0619,GALABODDA,2023,2,5125,15864,484,21473,657
MF0619,GALABODDA,2023,3,0,27413.5,6949,34362.5,929
MF0619,GALABODDA,2023,4,7715,32353,702,40770,1351
MF0619,GALABODDA,2023,5,9844,29880,0,39724,1803
MF0619,GALABODDA,2023,6,8226,31690,0,39916,1350
MF0619,GALABODDA,2023,7,10526,35655,0,46181,1660
MF0619,GALABODDA,2023,8,4806,49251,53,54110,2354
MF0619,GALABODDA,2023,9,4940,43278,85,48303,2374
MF0619,GALABODDA,2023,10,10364,47397,95,57856,2599
MF0619,GALABODDA,2023,11,5970,22868,65,28903,1405
MF0619,GALABODDA,2023,12,7668,39436,66,47170,1309
MF0623,MEDDAKANDE,2023,1,6117,921,5368,12406,1417
MF0623,MEDDAKANDE,2023,2,9026,1523,8278,18827,2729
MF0623,MEDDAKANDE,2023,3,0,0,0,0,0
MF0623,MEDDAKANDE,2023,4,0,0,0,0,0
MF0623,MEDDAKANDE,2023,5,0,0,0,0,0
MF0623,MEDDAKANDE,2023,6,4,0,0,4,0
MF0623,MEDDAKANDE,2023,7,1034,0,0,1034,230
MF0623,MEDDAKANDE,2023,8,5722,638,0,6360,1176
MF0623,MEDDAKANDE,2023,9,7446,1647,1766,10859,1817
MF0623,MEDDAKANDE,2023,10,11089,10827,16173,38089,6085
MF0623,MEDDAKANDE,2023,11,7097,6387,0,13484,3134
MF0623,MEDDAKANDE,2023,12,7373,6325,0,13698,2737
MF0624,Wikiliya,2023,1,0,140074,0,140074,6099
MF0624,Wikiliya,2023,2,0,163741,0,163741,8351
MF0624,Wikiliya,2023,3,0,152506,0,152506,7976
MF0624,Wikiliya,2023,4,0,173999,0,173999,8187
MF0624,Wikiliya,2023,5,0,185514,0,185514,9350
MF0624,Wikiliya,2023,6,0,166264,0,166264,9061
MF0624,Wikiliya,2023,7,0,131461,0,131461,6166
MF0624,Wikiliya,2023,8,0,56177,0,56177,2476
MF0624,Wikiliya,2023,9,0,70400,0,70400,3565
MF0624,Wikiliya,2023,10,0,206068,0,206068,12570
MF0624,Wikiliya,2023,11,0,89627,0,89627,4598
MF0624,Wikiliya,2023,12,0,124418,0,124418,6189
MF0625,NEW RASAGALLA,2023,1,15704,3883,1942,21529,2771
MF0625,NEW RASAGALLA,2023,2,22328,2577,2503,27408,3607
MF0625,NEW RASAGALLA,2023,3,17642,4261,10855,32758,4421
MF0625,NEW RASAGALLA,2023,4,26217,6316,13962,46495,5771
MF0625,NEW RASAGALLA,2023,5,18962,5235,10655,34852,5983
MF0625,NEW RASAGALLA,2023,6,18063,3484,10408,31955,4995
MF0625,NEW RASAGALLA,2023,7,16097,2849,8189,27135,4206
MF0625,NEW RASAGALLA,2023,8,14317.5,1130,0,15447.5,2681
MF0625,NEW RASAGALLA,2023,9,10605.5,974,0,11579.5,1889
MF0625,NEW RASAGALLA,2023,10,422,0,0,422,48
MF0625,NEW RASAGALLA,2023,11,11488.5,5853,0,17341.5,1989
MF0625,NEW RASAGALLA,2023,12,13564,7608,0,21172,2845
MF0626,HALGOLLE,2023,1,8731,16874,0,25605,5801
MF0626,HALGOLLE,2023,2,10295,13714,0,24009,5879
MF0626,HALGOLLE,2023,3,11097,14550,0,25647,4730
MF0626,HALGOLLE,2023,4,13365,26541,0,39906,3833
MF0626,HALGOLLE,2023,5,10266,2898,0,13164,4290
MF0626,HALGOLLE,2023,6,7820,25421.5,0,33241.5,5264
MF0626,HALGOLLE,2023,7,6725,22853.5,0,29578.5,4139
MF0626,HALGOLLE,2023,8,10150,27092,0,37242,5058
MF0626,HALGOLLE,2023,9,6672,18820,0,25492,3087
MF0626,HALGOLLE,2023,10,9732,27581,0,37313,4428
MF0626,HALGOLLE,2023,11,7288,16145,0,23433,3459
MF0626,HALGOLLE,2023,12,7902,14450.5,0,22352.5,3090
MF0659,RYE,2023,1,0,16767,0,16767,2291
MF0659,RYE,2023,2,0,20469,0,20469,1994
MF0659,RYE,2023,3,0,19687.5,0,19687.5,2182
MF0659,RYE,2023,4,0,29171.5,0,29171.5,3198
MF0659,RYE,2023,5,0,30842,0,30842,3307
MF0659,RYE,2023,6,0,20493,0,20493,2876
MF0659,RYE,2023,7,0,29240,0,29240,3613
MF0659,RYE,2023,8,0,12291,0,12291,1649
MF0659,RYE,2023,9,0,21132,0,21132,2697
MF0659,RYE,2023,10,0,47456,0,47456,5611
MF0659,RYE,2023,11,0,27946,0,27946,3080
MF0659,RYE,2023,12,0,31724,0,31724,3520
MF0780,HOUPE ,2023,1,11949,40383.5,0,52332.5,6386
MF0780,HOUPE ,2023,2,10183.5,39064,2650,51897.5,7708
MF0780,HOUPE ,2023,3,12908,46447.5,3540,62895.5,8531
MF0780,HOUPE ,2023,4,13190,41070.5,4037,58297.5,7977
MF0780,HOUPE ,2023,5,13392,44368,3756,61516,8935
MF0780,HOUPE ,2023,6,14851,42099.5,3261,60211.5,8700
MF0780,HOUPE ,2023,7,14541,40838,3296,58675,8485
MF0780,HOUPE ,2023,8,11558,31298.5,2504,45360.5,7711
MF0780,HOUPE ,2023,9,10758,28895.5,5629,45282.5,5638
MF0780,HOUPE ,2023,10,18148.5,43272,7567,68987.5,9308
MF0780,HOUPE ,2023,11,12708,32278.5,3355,48341.5,5679
MF0780,HOUPE ,2023,12,12163,43786.5,2606,58555.5,8441
MF0801,HAPUGASTENNE ,2023,1,12578.5,15339,9103,37020.5,3599
MF0801,HAPUGASTENNE ,2023,2,16067,12268,8315.5,36650.5,3852
MF0801,HAPUGASTENNE ,2023,3,14904,12300.5,7364,34568.5,4195
MF0801,HAPUGASTENNE ,2023,4,21374,30763,9278,61415,7502
MF0801,HAPUGASTENNE ,2023,5,20371,27104,8948,56423,5388
MF0801,HAPUGASTENNE ,2023,6,21103.5,21731,9875,52709.5,5546
MF0801,HAPUGASTENNE ,2023,7,18773,20624,10067,49464,5492
MF0801,HAPUGASTENNE ,2023,8,16510,14192,10997,41699,6175
MF0801,HAPUGASTENNE ,2023,9,16278,22951,8841,48070,4760
MF0801,HAPUGASTENNE ,2023,10,18960,60858,12464,92282,8105
MF0801,HAPUGASTENNE ,2023,11,13560,18332,7017,38909,4214
MF0801,HAPUGASTENNE ,2023,12,14510,19022,9169,42701,7140
MF0903,Maliboda,2023,1,0,30369,0,30369,2208
MF0903,Maliboda,2023,2,0,28140,0,28140,1983
MF0903,Maliboda,2023,3,0,19256,0,19256,690
MF0903,Maliboda,2023,5,0,12054,0,12054,936
MF0903,Maliboda,2023,6,0,26258.5,0,26258.5,2486
MF0903,Maliboda,2023,7,0,36158.5,0,36158.5,2413
MF0903,Maliboda,2023,8,0,27586,0,27586,1894
MF0903,Maliboda,2023,9,0,34965,0,34965,2346
MF0903,Maliboda,2023,10,0,49837.5,0,49837.5,3314
MF0903,Maliboda,2023,11,0,28946,0,28946,5061
MF0903,Maliboda,2023,12,0,36668.5,0,36668.5,3019
MF0905,Millavitiya ,2023,1,0,38062,0,38062,4231
MF0905,Millavitiya ,2023,2,0,36900,0,36900,4102
MF0905,Millavitiya ,2023,3,0,36011,0,36011,4002
MF0905,Millavitiya ,2023,4,26804,0,0,26804,2982
MF0905,Millavitiya ,2023,5,0,31756,0,31756,3528
MF0905,Millavitiya ,2023,6,0,34889,0,34889,3878
MF0905,Millavitiya ,2023,7,0,25144,0,25144,2875
MF0905,Millavitiya ,2023,8,0,21495,0,21495,2388
MF0905,Millavitiya ,2023,9,0,23200,0,23200,2579
MF0905,Millavitiya ,2023,10,0,26590,0,26590,2952
MF0905,Millavitiya ,2023,11,0,19849,0,19849,2206
MF0905,Millavitiya ,2023,12,0,25918,0,25918,2883
MF0906,Palm Garden,2023,1,194,4924,4013,9131,1081
MF0906,Palm Garden,2023,2,129.5,244,3925,4298.5,1344
MF0906,Palm Garden,2023,5,0,29953,0,29953,3328
MF0906,Palm Garden,2023,6,0,45904,0,45904,3074
MF0906,Palm Garden,2023,7,0,39608,0,39608,4381
MF0906,Palm Garden,2023,8,0,32149.5,0,32149.5,3528
MF0906,Palm Garden,2023,9,0,27540,0,27540,3038
MF0906,Palm Garden,2023,10,0,40916,0,40916,4050
MF0906,Palm Garden,2023,11,0,28715,0,28715,2814
MF0906,Palm Garden,2023,12,0,42593,0,42593,4509
MF0909,Allerton,2023,3,0,3112,0,3112,307
MF0909,Allerton,2023,4,0,13338,0,13338,1320
MF0909,Allerton,2023,5,0,12231,0,12231,1131
MF0909,Allerton,2023,6,0,17770,0,17770,1708
MF0909,Allerton,2023,7,0,17274,0,17274,1685
MF0909,Allerton,2023,8,0,15664,0,15664,1518
MF0909,Allerton,2023,9,0,13108,0,13108,1296
MF0909,Allerton,2023,10,0,24173.5,0,24173.5,2344
MF0909,Allerton,2023,11,0,10181,0,10181,996
MF0909,Allerton,2023,12,0,10045,0,10045,996
MF0912,Vardhana,2023,9,0,32823,0,32823,1967
MF0912,Vardhana,2023,10,0,75228,0,75228,4635
MF0912,Vardhana,2023,11,0,58450,0,58450,3571
MF0912,Vardhana,2023,12,0,78636,0,78636,4737
MF0946,Rajjuruwatta,2023,1,0,65894,0,65894,3107
MF0946,Rajjuruwatta,2023,2,0,62005,0,62005,2923
MF0946,Rajjuruwatta,2023,3,0,88280,0,88280,4151
MF0946,Rajjuruwatta,2023,4,0,81457,0,81457,3836
MF0946,Rajjuruwatta,2023,5,0,76324,0,76324,3592
MF0946,Rajjuruwatta,2023,6,0,63228,0,63228,2979
MF0946,Rajjuruwatta,2023,7,0,98283,0,98283,4640
MF0946,Rajjuruwatta,2023,8,0,81130,0,81130,3821
MF0946,Rajjuruwatta,2023,9,0,84967,0,84967,4471
MF0946,Rajjuruwatta,2023,10,0,94427,0,94427,4782
MF0946,Rajjuruwatta,2023,11,0,77134,0,77134,4041
MF0946,Rajjuruwatta,2023,12,0,94965,0,94965,4696
MF1075,Kadigalahena,2023,1,0,29125,0,29125,2359
MF1075,Kadigalahena,2023,2,0,32687,0,32687,2694
MF1075,Kadigalahena,2023,3,0,35333,0,35333,2895
MF1075,Kadigalahena,2023,4,0,46642,0,46642,3821
MF1075,Kadigalahena,2023,5,0,48125,0,48125,3870
MF1075,Kadigalahena,2023,6,0,35027,0,35027,2893
MF1075,Kadigalahena,2023,7,0,28046,0,28046,2304
MF1075,Kadigalahena,2023,8,0,17451,0,17451,1436
MF1075,Kadigalahena,2023,9,0,23473,0,23473,1946
MF1075,Kadigalahena,2023,10,0,67756,0,67756,5572
MF1075,Kadigalahena,2023,11,0,26855,0,26855,2208
MF1075,Kadigalahena,2023,12,0,38953,0,38953,3154
MF1110,Gilimale Tea Shakthi ,2023,1,0,7280,0,7280,410
MF1172,New Vithanakanda,2023,1,518,142456,0,142974,18873
MF1172,New Vithanakanda,2023,2,536,118010,0,118546,19129
MF1172,New Vithanakanda,2023,3,650,146180,0,146830,19792
MF1172,New Vithanakanda,2023,4,634,125874,0,126508,17220
MF1172,New Vithanakanda,2023,5,714,127471,0,128185,14100
MF1172,New Vithanakanda,2023,6,531,132330,0,132861,16342
MF1172,New Vithanakanda,2023,7,873,156827,0,157700,18127
MF1172,New Vithanakanda,2023,8,514,134347,0,134861,24499
MF1172,New Vithanakanda,2023,9,438,117261,0,117699,17861
MF1172,New Vithanakanda,2023,10,576,138099,0,138675,21176
MF1172,New Vithanakanda,2023,11,442,130053,0,130495,18653
MF1172,New Vithanakanda,2023,12,558,114813,0,115371,16992
MF1217,GALPADITENNE ,2023,1,0,184580,0,184580,0
MF1217,GALPADITENNE ,2023,1,0,27880,0,27880,20686
MF1217,GALPADITENNE ,2023,2,0,187350,0,187350,0
MF1217,GALPADITENNE ,2023,2,0,25360,0,25360,18821
MF1217,GALPADITENNE ,2023,3,0,216437,0,216437,0
MF1217,GALPADITENNE ,2023,3,0,35861,0,35861,24966
MF1217,GALPADITENNE ,2023,4,0,203785,0,203785,0
MF1217,GALPADITENNE ,2023,4,0,50896,0,50896,28477
MF1217,GALPADITENNE ,2023,5,0,238910,0,238910,0
MF1217,GALPADITENNE ,2023,5,0,52011,0,52011,26182
MF1217,GALPADITENNE ,2023,6,0,217631,0,217631,31690
MF1217,GALPADITENNE ,2023,6,0,47856,0,47856,0
MF1217,GALPADITENNE ,2023,7,0,209359,0,209359,30448
MF1217,GALPADITENNE ,2023,7,0,44359,0,44359,0
MF1217,GALPADITENNE ,2023,8,0,158534,0,158534,0
MF1217,GALPADITENNE ,2023,8,0,34060,0,34060,27250
MF1217,GALPADITENNE ,2023,9,0,157964,0,157964,28461
MF1217,GALPADITENNE ,2023,9,0,45884,0,45884,0
MF1217,GALPADITENNE ,2023,10,0,224071,0,224071,0
MF1217,GALPADITENNE ,2023,10,0,54582,0,54582,33436
MF1217,GALPADITENNE ,2023,11,0,131667,0,131667,21510
MF1217,GALPADITENNE ,2023,11,0,21997,0,21997,0
MF1217,GALPADITENNE ,2023,12,0,164284,0,164284,28548
MF1217,GALPADITENNE ,2023,12,0,39226,0,39226,0
MF1264,AVISSAWELLA,2023,1,0,918248,0,918248,2362
MF1264,AVISSAWELLA,2023,2,0,88018,0,88018,2160
MF1264,AVISSAWELLA,2023,3,0,110877,0,110877,2579
MF1264,AVISSAWELLA,2023,4,0,111106,0,111106,2644
MF1264,AVISSAWELLA,2023,5,0,110199,0,110199,2576
MF1264,AVISSAWELLA,2023,6,0,97951,0,97951,2385
MF1264,AVISSAWELLA,2023,7,0,108949,0,108949,2707
MF1264,AVISSAWELLA,2023,8,0,81398,0,81398,1920
MF1264,AVISSAWELLA,2023,9,0,90262,0,90262,2789
MF1264,AVISSAWELLA,2023,10,0,113262,0,113262,3053
MF1264,AVISSAWELLA,2023,11,0,112581,0,112581,2854
MF1264,AVISSAWELLA,2023,12,0,114072,0,114072,2877
MF1266,KENDALANDA,2023,1,435,62365,0,62800,6135
MF1266,KENDALANDA,2023,2,474,59083,0,59557,4828
MF1266,KENDALANDA,2023,3,538,70231,0,70769,10202
MF1266,KENDALANDA,2023,4,526,75372,0,75898,10842
MF1266,KENDALANDA,2023,5,575,85260,0,85835,12486
MF1266,KENDALANDA,2023,6,561,76259,0,76820,5340
MF1266,KENDALANDA,2023,7,433,84009,0,84442,7844
MF1266,KENDALANDA,2023,8,562,72093,0,72655,6576
MF1266,KENDALANDA,2023,9,546,69696,0,70242,6196
MF1266,KENDALANDA,2023,10,732,85070,0,85802,7461
MF1266,KENDALANDA,2023,11,506,71023,0,71529,5466
MF1266,KENDALANDA,2023,12,384,87949,0,88333,4943
MF1281,ST.JOACHIM ,2023,1,1072,28246,0,29318,2989
MF1281,ST.JOACHIM ,2023,2,742,25898,0,26640,3006
MF1281,ST.JOACHIM ,2023,3,974,23286,0,24260,2607
MF1281,ST.JOACHIM ,2023,4,1022,25431,0,26453,2677
MF1281,ST.JOACHIM ,2023,5,1270,28282,0,29552,3037
MF1281,ST.JOACHIM ,2023,6,1047,23006,0,24053,2716
MF1281,ST.JOACHIM ,2023,7,1277,27521,0,28798,3202
MF1281,ST.JOACHIM ,2023,8,710,20169,0,20879,2916
MF1281,ST.JOACHIM ,2023,9,767,19475,0,20242,1974
MF1281,ST.JOACHIM ,2023,10,1130,23220,0,24350,2868
MF1281,ST.JOACHIM ,2023,11,998,15546,0,16544,1722
MF1281,ST.JOACHIM ,2023,12,1057,19765,0,20822,2415
MF1284,NEW PANAWENNA ,2023,1,0,26150,0,26150,2499
MF1284,NEW PANAWENNA ,2023,2,0,22543,0,22543,2191
MF1284,NEW PANAWENNA ,2023,3,0,24282,0,24282,1666
MF1284,NEW PANAWENNA ,2023,4,0,28044,0,28044,3263
MF1284,NEW PANAWENNA ,2023,5,0,23542,0,23542,3465
MF1284,NEW PANAWENNA ,2023,6,0,22899,0,22899,4053
MF1284,NEW PANAWENNA ,2023,7,0,25322,0,25322,3726
MF1284,NEW PANAWENNA ,2023,8,0,19244,0,19244,4033
MF1284,NEW PANAWENNA ,2023,9,0,22869,0,22869,2385
MF1284,NEW PANAWENNA ,2023,10,0,35378,0,35378,3591
MF1284,NEW PANAWENNA ,2023,11,0,18983.5,0,18983.5,2386
MF1284,NEW PANAWENNA ,2023,12,0,18261,0,18261,3878
MF1286,SAMARAKANDA TEA PROCESSING CENTRE,2023,1,0,14457,0,14457,32301
MF1286,SAMARAKANDA TEA PROCESSING CENTRE,2023,2,0,12652,0,12652,23884
MF1286,SAMARAKANDA TEA PROCESSING CENTRE,2023,3,0,14227,0,14227,28011
MF1286,SAMARAKANDA TEA PROCESSING CENTRE,2023,4,0,13483,0,13483,25385
MF1286,SAMARAKANDA TEA PROCESSING CENTRE,2023,5,0,15120.5,0,15120.5,29008
MF1286,SAMARAKANDA TEA PROCESSING CENTRE,2023,6,0,17447,0,17447,31975
MF1286,SAMARAKANDA TEA PROCESSING CENTRE,2023,7,0,11886.5,0,11886.5,25835
MF1286,SAMARAKANDA TEA PROCESSING CENTRE,2023,8,0,12039.5,0,12039.5,25655
MF1286,SAMARAKANDA TEA PROCESSING CENTRE,2023,9,0,11051,0,11051,24750
MF1286,SAMARAKANDA TEA PROCESSING CENTRE,2023,10,0,8514.5,0,8514.5,17668
MF1286,SAMARAKANDA TEA PROCESSING CENTRE,2023,11,0,13774.5,0,13774.5,30627
MF1286,SAMARAKANDA TEA PROCESSING CENTRE,2023,12,10652,0,0,10652,21150
MF1297,ILLUKTENNE,2023,1,0,19445,1219,20664,1419
MF1297,ILLUKTENNE,2023,2,0,19668.5,977,20645.5,1827
MF1297,ILLUKTENNE,2023,3,0,19939,1249,21188,2565
MF1297,ILLUKTENNE,2023,4,1323,27342.5,0,28665.5,1473
MF1297,ILLUKTENNE,2023,5,0,27897.9,1432,29329.9,2240
MF1297,ILLUKTENNE,2023,6,0,20881,1475,22356,3247
MF1297,ILLUKTENNE,2023,7,0,31574,1883,33457,2050
MF1297,ILLUKTENNE,2023,8,0,21915,1278,23193,3948
MF1297,ILLUKTENNE,2023,9,0,22228,1287,23515,1880
MF1297,ILLUKTENNE,2023,10,0,37635.25,1746,39381.25,2671
MF1297,ILLUKTENNE,2023,11,0,22850,1207,24057,3084
MF1297,ILLUKTENNE,2023,12,0,26230.75,1292,27522.75,2186
MF1304,KEHELWALA ,2023,1,1416,28721,0,30137,3597
MF1304,KEHELWALA ,2023,2,1130,27649,0,28779,3411
MF1304,KEHELWALA ,2023,3,1193,33181,0,34374,3796
MF1304,KEHELWALA ,2023,4,1304,46250,0,47554,6099
MF1304,KEHELWALA ,2023,5,1582,37360,0,38942,3313
MF1304,KEHELWALA ,2023,6,1061,22184.5,0,23245.5,8106
MF1304,KEHELWALA ,2023,7,1379,15789.5,0,17168.5,2043
MF1304,KEHELWALA ,2023,8,1260,11155,0,12415,1733
MF1304,KEHELWALA ,2023,9,1052,11166,0,12218,2000
MF1304,KEHELWALA ,2023,10,1382,15813,0,17195,2847
MF1304,KEHELWALA ,2023,11,1401,12193.5,0,13594.5,1790
MF1304,KEHELWALA ,2023,12,1470,15711.5,0,17181.5,2257
MF1308,New Udakada,2023,1,0,16905,0,16905,1352
MF1308,New Udakada,2023,2,0,16049,0,16049,1284
MF1308,New Udakada,2023,3,0,19470,0,19470,1558
MF1308,New Udakada,2023,4,0,21476,0,21476,1718
MF1308,New Udakada,2023,5,0,20313,0,20313,1764
MF1308,New Udakada,2023,6,0,18747,0,18747,1500
MF1308,New Udakada,2023,7,0,20497,0,20497,1640
MF1308,New Udakada,2023,8,0,10554,0,10554,844
MF1308,New Udakada,2023,9,0,13464,0,13464,1077
MF1308,New Udakada,2023,10,0,22565,0,22565,1805
MF1308,New Udakada,2023,11,0,13258,0,13258,1061
MF1308,New Udakada,2023,12,0,12562,0,12562,1005
MF1316,Kolonna,2023,1,0,26748,0,26748,1698
MF1316,Kolonna,2023,2,0,28822,0,28822,1801
MF1316,Kolonna,2023,4,0,28873,0,28873,1834
MF1316,Kolonna,2023,5,0,28577,0,28577,1333
MF1316,Kolonna,2023,6,0,26496,0,26496,1108
MF1316,Kolonna,2023,7,0,34030,0,34030,1420
MF1316,Kolonna,2023,8,0,30149,0,30149,1285
MF1316,Kolonna,2023,9,0,34712,0,34712,1454
MF1316,Kolonna,2023,10,0,37598,0,37598,1565
MF1316,Kolonna,2023,11,0,37437,0,37437,1302
MF1316,Kolonna,2023,12,0,38263,0,38263,1093
MF1317,Deshika,2023,1,0,32180,0,32180,1551
MF1317,Deshika,2023,2,0,32050,0,32050,1560
MF1317,Deshika,2023,3,0,36465,0,36465,1705
MF1317,Deshika,2023,4,0,44817,0,44817,2063
MF1317,Deshika,2023,5,0,40247,0,40247,1935
MF1317,Deshika,2023,6,0,31704,0,31704,1503
MF1317,Deshika,2023,7,0,31455,0,31455,2587
MF1317,Deshika,2023,8,0,28039,0,28039,2263
MF1317,Deshika,2023,9,0,27730,0,27730,2128
MF1317,Deshika,2023,10,0,44833,0,44833,3384
MF1317,Deshika,2023,11,0,27170,0,27170,2040
MF1317,Deshika,2023,12,0,36578,0,36578,3309
MF1343,Kongahawatte,2023,1,0,74233,0,74233,6771
MF1343,Kongahawatte,2023,2,0,78240,0,78240,6260
MF1343,Kongahawatte,2023,3,0,87208,0,87208,7600
MF1343,Kongahawatte,2023,4,0,90973,0,90973,7900
MF1343,Kongahawatte,2023,5,0,91697,0,91697,7972
MF1343,Kongahawatte,2023,6,0,78217,0,78217,6063
MF1343,Kongahawatte,2023,7,0,87469,0,87469,6580
MF1343,Kongahawatte,2023,8,0,106615,0,106615,6600
MF1343,Kongahawatte,2023,9,0,77378,0,77378,4940
MF1343,Kongahawatte,2023,10,0,99426,0,99426,9900
MF1343,Kongahawatte,2023,11,0,60699,0,60699,8277
MF1343,Kongahawatte,2023,12,0,86361,0,86361,8426
MF1354,Peak Paradise,2023,1,0,42800,0,42800,1714
MF1354,Peak Paradise,2023,2,0,37408,0,37408,1496
MF1354,Peak Paradise,2023,3,0,46953,0,46953,1882
MF1354,Peak Paradise,2023,4,0,46524,0,46524,1859
MF1354,Peak Paradise,2023,5,0,42684,0,42684,1712
MF1354,Peak Paradise,2023,6,0,43074,0,43074,1720
MF1354,Peak Paradise,2023,7,0,44629,0,44629,1788
MF1354,Peak Paradise,2023,8,0,28661,0,28661,1146
MF1354,Peak Paradise,2023,9,0,35956,0,35956,1440
MF1354,Peak Paradise,2023,10,0,48418,0,48418,2211
MF1354,Peak Paradise,2023,11,0,37424,0,37424,1730
MF1354,Peak Paradise,2023,12,0,37568,0,37568,1780
MF1363,New Nawalakanda,2023,1,0,48799,0,48799,5737
MF1363,New Nawalakanda,2023,2,0,38029,0,38029,3592
MF1363,New Nawalakanda,2023,3,0,51543,0,51543,4942
MF1363,New Nawalakanda,2023,4,0,56992,0,56992,5091
MF1363,New Nawalakanda,2023,5,0,46410,0,46410,4201
MF1363,New Nawalakanda,2023,6,0,50755,0,50755,4473
MF1363,New Nawalakanda,2023,7,0,59059,0,59059,4503
MF1363,New Nawalakanda,2023,8,0,35628,0,35628,3225
MF1363,New Nawalakanda,2023,9,0,34160,0,34160,3255
MF1363,New Nawalakanda,2023,10,0,47464,0,47464,5000
MF1363,New Nawalakanda,2023,11,0,24196,0,24196,2446
MF1363,New Nawalakanda,2023,12,0,26562,0,26562,2925
MF1365,Nawagamuwahena,2023,1,0,115514,0,115514,9283
MF1365,Nawagamuwahena,2023,2,0,104480,0,104480,8400
MF1365,Nawagamuwahena,2023,3,0,129258,8924.1,138182.1,12607
MF1365,Nawagamuwahena,2023,4,0,138030,0,138030,11100
MF1365,Nawagamuwahena,2023,5,0,138416,0,138416,11130
MF1365,Nawagamuwahena,2023,6,0,125772,0,125772,10109
MF1365,Nawagamuwahena,2023,7,0,123495,0,123495,9925
MF1365,Nawagamuwahena,2023,8,0,86897,0,86897,7277
MF1365,Nawagamuwahena,2023,9,0,85844,0,85844,11004
MF1365,Nawagamuwahena,2023,10,0,120716,0,120716,18300
MF1365,Nawagamuwahena,2023,11,0,79606,0,79606,10023
MF1365,Nawagamuwahena,2023,12,0,97895,0,97895,11401
MF1368,New Temple View,2023,1,0,31029,0,31029,1521
MF1368,New Temple View,2023,2,0,31433,0,31433,3155
MF1368,New Temple View,2023,3,0,36792,0,36792,3661
MF1368,New Temple View,2023,4,0,37187,0,37187,3646
MF1368,New Temple View,2023,5,0,32520,0,32520,3220
MF1368,New Temple View,2023,6,0,30408,0,30408,3011
MF1368,New Temple View,2023,7,0,32841,0,32841,3252
MF1368,New Temple View,2023,8,0,25100,0,25100,2571
MF1368,New Temple View,2023,9,0,35002,0,35002,3639
MF1368,New Temple View,2023,10,0,46605,0,46605,4647
MF1368,New Temple View,2023,11,0,30634,0,30634,3064
MF1368,New Temple View,2023,12,0,37289,0,37289,2728
MF1387,A.C.U.,2023,1,0,43063,0,43063,2111
MF1387,A.C.U.,2023,2,0,30385,0,30385,3046
MF1387,A.C.U.,2023,3,0,39937,0,39937,4769
MF1387,A.C.U.,2023,4,0,39800,0,39800,3901
MF1387,A.C.U.,2023,5,0,37517,0,37517,3752
MF1387,A.C.U.,2023,6,0,37757,0,37757,3776
MF1387,A.C.U.,2023,7,0,35006,0,35006,3415
MF1387,A.C.U.,2023,8,0,29885,0,29885,3062
MF1387,A.C.U.,2023,9,0,34.93,0,34.93,3442
MF1387,A.C.U.,2023,10,0,36098,0,36098,3609
MF1387,A.C.U.,2023,11,0,34839,0,34839,3483
MF1387,A.C.U.,2023,12,0,35162,0,35162,3516
MF1392,Hidellana,2023,1,0,90587,0,90587,5783
MF1392,Hidellana,2023,2,0,76175,0,76175,6624
MF1392,Hidellana,2023,3,0,101974,0,101974,6509
MF1392,Hidellana,2023,4,0,96614,0,96614,8401
MF1392,Hidellana,2023,5,0,92299,0,92299,8026
MF1392,Hidellana,2023,6,0,76130,0,76130,5730
MF1392,Hidellana,2023,7,0,81530,0,81530,7090
MF1392,Hidellana,2023,8,0,61480,0,61480,5346
MF1392,Hidellana,2023,9,0,71053,0,71053,6179
MF1392,Hidellana,2023,10,0,96973,0,96973,8432
MF1392,Hidellana,2023,11,0,90429,0,90429,6806
MF1392,Hidellana,2023,12,0,90304,0,90304,7853
MF1397,New Ferndale,2023,1,0,16603,0,16603,1841
MF1397,New Ferndale,2023,2,0,16923,0,16923,1872
MF1397,New Ferndale,2023,3,0,21806,0,21806,2411
MF1397,New Ferndale,2023,4,0,30931,0,30931,3428
MF1397,New Ferndale,2023,5,0,27515,0,27515,3051
MF1397,New Ferndale,2023,6,0,28146,0,28146,3114
MF1397,New Ferndale,2023,7,0,20684,0,20684,2180
MF1397,New Ferndale,2023,8,0,9911,0,9911,1092
MF1397,New Ferndale,2023,9,0,4390,0,4390,506
MF1397,New Ferndale,2023,10,0,7990,0,7990,890
MF1397,New Ferndale,2023,11,0,5378,0,5378,598
MF1397,New Ferndale,2023,12,0,23938,0,23938,2649
MF1418,Doralawitiyahena,2023,1,0,25574,0,25574,1100
MF1418,Doralawitiyahena,2023,2,0,25258,0,25258,1550
MF1418,Doralawitiyahena,2023,3,0,33117,0,33117,2594
MF1418,Doralawitiyahena,2023,4,0,36512,0,36512,2200
MF1418,Doralawitiyahena,2023,5,0,36015,0,36015,2400
MF1418,Doralawitiyahena,2023,6,0,27118,0,27118,2400
MF1418,Doralawitiyahena,2023,7,0,31143,0,31143,2058
MF1418,Doralawitiyahena,2023,8,0,12270,0,12270,800
MF1418,Doralawitiyahena,2023,9,0,20728,0,20728,1290
MF1418,Doralawitiyahena,2023,10,0,36980,0,36980,2400
MF1418,Doralawitiyahena,2023,11,0,26136,0,26136,1560
MF1418,Doralawitiyahena,2023,12,0,31057,0,31057,2040
MF1436,New Wewelkandura,2023,1,0,13248.3,0,13248.3,1810
MF1436,New Wewelkandura,2023,10,0,8219,0,8219,830
MF1436,New Wewelkandura,2023,11,0,37331,0,37331,3981
MF1436,New Wewelkandura,2023,12,0,36094,0,36094,3126
MF1440,Nivithigala,2023,1,0,64849,0,64849,4736
MF1440,Nivithigala,2023,2,0,59853,0,59853,6483
MF1440,Nivithigala,2023,3,0,80569,0,80569,5698
MF1440,Nivithigala,2023,4,0,68525,0,68525,8319
MF1440,Nivithigala,2023,5,0,67980,0,67980,6544
MF1440,Nivithigala,2023,6,0,48296,0,48296,3693
MF1440,Nivithigala,2023,7,0,49214,0,49214,3795
MF1440,Nivithigala,2023,8,0,44600,0,44600,3346
MF1440,Nivithigala,2023,9,0,51420,0,51420,5376
MF1440,Nivithigala,2023,10,0,76624,0,76624,5753
MF1440,Nivithigala,2023,11,0,59850,0,59850,4497
MF1440,Nivithigala,2023,12,0,53095,0,53095,8430
MF1441,Falcon,2023,1,0,112785,0,112785,11501
MF1441,Falcon,2023,2,0,98305,0,98305,8966
MF1441,Falcon,2023,3,0,121611,0,121611,12968
MF1441,Falcon,2023,4,0,115909,0,115909,11239
MF1441,Falcon,2023,5,0,118113,0,118113,12571
MF1441,Falcon,2023,6,0,109477,0,109477,10998
MF1441,Falcon,2023,7,0,122170,0,122170,10945
MF1441,Falcon,2023,8,0,81900,0,81900,7355
MF1441,Falcon,2023,9,0,89135,0,89135,8557
MF1441,Falcon,2023,10,0,109750,0,109750,10405
MF1441,Falcon,2023,11,0,89548,0,89548,0
MF1441,Falcon,2023,12,0,95188,0,95188,9254
MF1442,Veddagala,2023,1,0,49279,0,49279,6727
MF1442,Veddagala,2023,2,0,41648,0,41648,5666
MF1442,Veddagala,2023,3,0,56827,0,56827,7735
MF1442,Veddagala,2023,4,0,52477,0,52477,7138
MF1442,Veddagala,2023,5,0,40336,0,40336,5480
MF1442,Veddagala,2023,6,0,43953,0,43953,5980
MF1442,Veddagala,2023,7,0,50538,0,50538,6874
MF1442,Veddagala,2023,8,0,52167,0,52167,6688
MF1442,Veddagala,2023,9,0,48949,0,48949,6657
MF1442,Veddagala,2023,10,0,44452,0,44452,3850
MF1442,Veddagala,2023,11,0,34328,0,34328,0
MF1442,Veddagala,2023,11,0,10243,0,10243,2973
MF1442,Veddagala,2023,12,0,52978,0,52978,0
MF1442,Veddagala,2023,12,0,5267,0,5267,4571
MF1453,Kalawana,2023,1,0,0,0,0,0
MF1453,Kalawana,2023,2,0,0,0,0,1767
MF1453,Kalawana,2023,3,0,0,0,0,0
MF1453,Kalawana,2023,4,0,35991,0,35991,1242
MF1453,Kalawana,2023,5,0,36813,0,36813,4683
MF1453,Kalawana,2023,6,0,30394,0,30394,1934
MF1453,Kalawana,2023,7,0,25436,0,25436,1949
MF1453,Kalawana,2023,8,0,20262,0,20262,2858
MF1453,Kalawana,2023,9,0,5704,0,5704,424
MF1453,Kalawana,2023,10,0,26039.5,0,26039.5,1769
MF1453,Kalawana,2023,11,0,0,0,0,1574
MF1453,Kalawana,2023,12,0,43798,0,43798,3004
MF1456,Deerwood,2023,1,0,41800,0,41800,1668
MF1456,Deerwood,2023,2,0,40730,0,40730,1622
MF1456,Deerwood,2023,3,0,53734,0,53734,2140
MF1456,Deerwood,2023,4,0,65367,0,65367,2611
MF1456,Deerwood,2023,5,383,61133,2175,63691,2544
MF1456,Deerwood,2023,6,456,46912,2224,49592,1982
MF1456,Deerwood,2023,7,508,44133,1792,46433,1853
MF1456,Deerwood,2023,8,422,32424,1647,34493,1379
MF1456,Deerwood,2023,9,504,34051,1561,36116,1431
MF1456,Deerwood,2023,10,395,46402,1938,48735,2674
MF1456,Deerwood,2023,11,268,31261,1418,32947,1781
MF1456,Deerwood,2023,12,487,37592,1306,39385,2146
MF1458,Seron,2023,1,0,17882,0,17882,1661
MF1458,Seron,2023,2,0,13792,0,13792,1186
MF1458,Seron,2023,3,0,17470,0,17470,1511
MF1458,Seron,2023,4,0,13763,0,13763,1223
MF1458,Seron,2023,5,0,4447,0,4447,458
MF1458,Seron,2023,6,0,14883,0,14883,1582
MF1458,Seron,2023,7,0,15683,0,15683,2201
MF1458,Seron,2023,8,0,11797,0,11797,1404
MF1458,Seron,2023,9,0,8708,0,8708,700
MF1458,Seron,2023,10,0,21215,0,21215,1834
MF1458,Seron,2023,11,0,14483,0,14483,1252
MF1458,Seron,2023,12,0,11264,0,11264,978
MF1459,New Laksakanda,2023,1,0,107370,0,107370,6095
MF1459,New Laksakanda,2023,2,0,107898,0,107898,5166
MF1459,New Laksakanda,2023,3,0,137190,0,137190,6615
MF1459,New Laksakanda,2023,4,0,140488,0,140488,8660
MF1459,New Laksakanda,2023,5,0,142792,0,142792,7538
MF1459,New Laksakanda,2023,6,0,135979,0,135979,6662
MF1459,New Laksakanda,2023,7,0,131493,0,131493,7976
MF1459,New Laksakanda,2023,8,0,131963,0,131963,7330
MF1459,New Laksakanda,2023,9,0,104285,0,104285,6194
MF1459,New Laksakanda,2023,10,0,119477,0,119477,7005
MF1459,New Laksakanda,2023,11,0,95847,0,95847,5567
MF1459,New Laksakanda,2023,12,0,124175,0,124175,7113
MF1463,Peekview,2023,1,0,61490,0,61490,8175
MF1463,Peekview,2023,2,0,64033,0,64033,8374
MF1463,Peekview,2023,3,0,81002,0,81002,8497
MF1463,Peekview,2023,4,0,73575,0,73575,5375
MF1463,Peekview,2023,5,0,73252,0,73252,6240
MF1463,Peekview,2023,6,0,79419,0,79419,3768
MF1463,Peekview,2023,7,0,47365,0,47365,7527
MF1463,Peekview,2023,8,0,59521,320,59841,5789
MF1463,Peekview,2023,9,0,66945,0,66945,6191
MF1463,Peekview,2023,10,0,87978,840,88818,8414
MF1463,Peekview,2023,11,0,82054,0,82054,9564
MF1463,Peekview,2023,12,0,77437,0,77437,6703
MF1466,Tea Lanka,2023,1,0,48100,0,48100,3011
MF1466,Tea Lanka,2023,2,0,47658,0,47658,2985
MF1466,Tea Lanka,2023,3,0,52955,0,52955,3315
MF1466,Tea Lanka,2023,4,0,50055,0,50055,3141
MF1466,Tea Lanka,2023,5,0,51764,0,51764,3258
MF1466,Tea Lanka,2023,6,0,42622,0,42622,2670
MF1466,Tea Lanka,2023,7,0,50721,0,50721,3182
MF1466,Tea Lanka,2023,8,0,38955,0,38955,2432
MF1466,Tea Lanka,2023,9,0,44093,0,44093,2762
MF1466,Tea Lanka,2023,10,0,55308,0,55308,3467
MF1466,Tea Lanka,2023,11,0,30962,0,30962,2152
MF1466,Tea Lanka,2023,12,0,36256,0,36256,1698
MF1467,Daduwangala Watte,2023,1,0,30914,0,30914,1605
MF1467,Daduwangala Watte,2023,2,0,34499,0,34499,1818
MF1467,Daduwangala Watte,2023,3,0,53581,0,53581,2821
MF1467,Daduwangala Watte,2023,4,0,54730,0,54730,2882
MF1467,Daduwangala Watte,2023,5,0,56884,0,56884,2993
MF1467,Daduwangala Watte,2023,6,0,56669,0,56669,2982
MF1467,Daduwangala Watte,2023,7,0,61501,0,61501,3237
MF1467,Daduwangala Watte,2023,8,0,44488,0,44488,2340
MF1467,Daduwangala Watte,2023,9,0,48834,0,48834,2571
MF1467,Daduwangala Watte,2023,10,0,62390,0,62390,3284
MF1467,Daduwangala Watte,2023,11,0,54760,0,54760,2882
MF1467,Daduwangala Watte,2023,12,0,56818,0,56818,2993
MF1470,Karawita,2023,1,0,39889,0,39889,1663
MF1470,Karawita,2023,2,0,36828,0,36828,1536
MF1470,Karawita,2023,4,0,45739,0,45739,1907
MF1470,Karawita,2023,5,0,67716,0,67716,2824
MF1470,Karawita,2023,6,0,70416,0,70416,2936
MF1470,Karawita,2023,7,0,74153,0,74153,2966
MF1470,Karawita,2023,8,0,51611,0,51611,2064
MF1470,Karawita,2023,9,0,56276,0,56276,3658
MF1470,Karawita,2023,10,0,72086,0,72086,4686
MF1470,Karawita,2023,11,51824,0,0,51824,3368
MF1470,Karawita,2023,12,0,59883,0,59883,3894
MF1478,Sanora,2023,1,136,18647,0,18783,1617
MF1478,Sanora,2023,2,57,16967,0,17024,1469
MF1478,Sanora,2023,3,133,21818,0,21951,1895
MF1478,Sanora,2023,4,151,23999,0,24150,2088
MF1478,Sanora,2023,5,179,26424,0,26603,2300
MF1478,Sanora,2023,6,153,24849,0,25002,2155
MF1478,Sanora,2023,7,172,25834,0,26006,2280
MF1478,Sanora,2023,8,23,16800,0,16823,1468
MF1478,Sanora,2023,9,117,18597,0,18714,1629
MF1478,Sanora,2023,10,48,26293,0,26341,2285
MF1478,Sanora,2023,11,0,17016,0,17016,1306
MF1478,Sanora,2023,12,90,21062,0,21152,1889
MF1480,New Hopewell,2023,1,0,97509,0,97509,4096
MF1480,New Hopewell,2023,1,0,40828,0,40828,0
MF1480,New Hopewell,2023,2,0,123859,0,123859,5020
MF1480,New Hopewell,2023,2,0,39660,0,39660,0
MF1480,New Hopewell,2023,3,0,115373,0,115373,6923
MF1480,New Hopewell,2023,3,0,52668,0,52668,0
MF1480,New Hopewell,2023,4,0,146960,0,146960,5090
MF1480,New Hopewell,2023,4,0,35179,0,35179,0
MF1480,New Hopewell,2023,5,0,137844,0,137844,5908
MF1480,New Hopewell,2023,5,0,61488,0,61488,0
MF1480,New Hopewell,2023,6,0,124917,0,124917,5501
MF1480,New Hopewell,2023,6,0,46858,0,46858,0
MF1480,New Hopewell,2023,7,0,86400,0,86400,5440
MF1480,New Hopewell,2023,7,0,53819,0,53819,0
MF1480,New Hopewell,2023,8,0,40614,0,40614,1700
MF1480,New Hopewell,2023,8,0,28000,0,28000,0
MF1480,New Hopewell,2023,9,0,60964,0,60964,2032
MF1480,New Hopewell,2023,9,0,31000,0,31000,0
MF1480,New Hopewell,2023,10,0,162118,0,162118,9921
MF1480,New Hopewell,2023,10,0,67000,0,67000,0
MF1480,New Hopewell,2023,11,0,78847,0,78847,4408
MF1480,New Hopewell,2023,11,0,41335,0,41335,0
MF1480,New Hopewell,2023,12,0,94530,0,94530,7094
MF1480,New Hopewell,2023,12,0,49517,0,49517,0
MF1483,Galaxy ,2023,1,0,49660,0,49660,3709
MF1483,Galaxy ,2023,2,0,40823,0,40823,5081
MF1483,Galaxy ,2023,3,0,57297,0,57297,4124
MF1483,Galaxy ,2023,4,0,54096,0,54096,4871
MF1483,Galaxy ,2023,5,0,61211,0,61211,5652
MF1483,Galaxy ,2023,6,0,51436,0,51436,3648
MF1483,Galaxy ,2023,7,0,55187,0,55187,7059
MF1483,Galaxy ,2023,8,0,42500,0,42500,3068
MF1483,Galaxy ,2023,9,0,49304,0,49304,3544
MF1483,Galaxy ,2023,10,0,50603,0,50603,5445
MF1483,Galaxy ,2023,11,0,33792,0,33792,4084
MF1483,Galaxy ,2023,12,0,42576,0,42576,4592
MF1487,Adams View,2023,1,0,51568,0,51568,3262
MF1487,Adams View,2023,2,0,45563,0,45563,2892
MF1487,Adams View,2023,3,0,54123,0,54123,3423
MF1487,Adams View,2023,4,0,54195,0,54195,3422
MF1487,Adams View,2023,5,0,48053,0,48053,3041
MF1487,Adams View,2023,6,0,41454,0,41454,2817
MF1487,Adams View,2023,7,0,52953,0,52953,3348
MF1487,Adams View,2023,8,0,39704,0,39704,2502
MF1487,Adams View,2023,9,0,46231,0,46231,2931
MF1487,Adams View,2023,10,0,67787,0,67787,4287
MF1487,Adams View,2023,11,0,49810,0,49810,3150
MF1487,Adams View,2023,12,0,54318,0,54318,3434
MF1488,Kukuleganga,2023,1,0,12212,0,12212,1082
MF1488,Kukuleganga,2023,2,0,12378,0,12378,1075
MF1488,Kukuleganga,2023,3,0,14546,0,14546,1273
MF1488,Kukuleganga,2023,4,0,14903,0,14903,1295
MF1488,Kukuleganga,2023,5,0,3576,0,3576,309
MF1488,Kukuleganga,2023,8,0,6151,0,6151,531
MF1488,Kukuleganga,2023,9,0,9601,0,9601,837
MF1488,Kukuleganga,2023,10,0,11406,0,11406,1008
MF1488,Kukuleganga,2023,11,0,10471,0,10471,912
MF1488,Kukuleganga,2023,12,0,5257,0,5257,461
MF1491,New Doralavitiyahena,2023,1,0,47673,0,47673,0
MF1491,New Doralavitiyahena,2023,1,0,6571,0,6571,2823
MF1491,New Doralavitiyahena,2023,2,0,49406.5,0,49406.5,0
MF1491,New Doralavitiyahena,2023,2,0,5050,0,5050,3139
MF1491,New Doralavitiyahena,2023,3,0,0,0,0,0
MF1491,New Doralavitiyahena,2023,4,0,70115,0,70115,0
MF1491,New Doralavitiyahena,2023,4,0,9272,0,9272,4091
MF1491,New Doralavitiyahena,2023,5,0,71258.5,0,71258.5,0
MF1491,New Doralavitiyahena,2023,5,0,5738.5,0,5738.5,4266
MF1491,New Doralavitiyahena,2023,6,0,73156,0,73156,4418
MF1491,New Doralavitiyahena,2023,7,0,69054.5,0,69054.5,4251
MF1491,New Doralavitiyahena,2023,7,0,3771,0,3771,4251
MF1491,New Doralavitiyahena,2023,8,0,37944,0,37944,2434
MF1491,New Doralavitiyahena,2023,8,0,9000,0,9000,2434
MF1491,New Doralavitiyahena,2023,9,43704,0,0,43704,0
MF1491,New Doralavitiyahena,2023,9,0,8578,0,8578,4137
MF1491,New Doralavitiyahena,2023,10,0,76027,0,76027,4381
MF1491,New Doralavitiyahena,2023,10,0,8413,0,8413,0
MF1491,New Doralavitiyahena,2023,11,0,48492,0,48492,0
MF1491,New Doralavitiyahena,2023,11,0,2478,0,2478,5269
MF1491,New Doralavitiyahena,2023,12,0,46199,0,46199,0
MF1491,New Doralavitiyahena,2023,12,0,7101,0,7101,3708
MF1495,Nilvin View,2023,1,0,30639,0,30639,1826
MF1495,Nilvin View,2023,2,0,36458,0,36458,2151
MF1495,Nilvin View,2023,3,0,43840,0,43840,2499
MF1495,Nilvin View,2023,4,0,53723,0,53723,2998
MF1495,Nilvin View,2023,5,0,50475,0,50475,2720
MF1495,Nilvin View,2023,6,0,34010,0,34010,1868
MF1495,Nilvin View,2023,7,0,28589,0,28589,1555
MF1495,Nilvin View,2023,8,0,19768,0,19768,1100
MF1495,Nilvin View,2023,9,0,21262,0,21262,1212
MF1495,Nilvin View,2023,10,0,53280,0,53280,2872
MF1495,Nilvin View,2023,11,0,20640,0,20640,1096
MF1495,Nilvin View,2023,12,0,35542,0,35542,1930
MF1496,CO-OP TEA,2023,1,0,25694,0,25694,1070
MF1496,CO-OP TEA,2023,2,0,27799,0,27799,2383
MF1496,CO-OP TEA,2023,3,0,27692,0,27692,3407
MF1496,CO-OP TEA,2023,4,0,27045,0,27045,2349
MF1496,CO-OP TEA,2023,5,0,28916,0,28916,2494
MF1496,CO-OP TEA,2023,6,0,19972,0,19972,1736
MF1496,CO-OP TEA,2023,7,0,19975,0,19975,1732
MF1496,CO-OP TEA,2023,8,0,2057,0,2057,178
MF1496,CO-OP TEA,2023,9,0,1109,0,1109,111
MF1496,CO-OP TEA,2023,10,0,19399,0,19399,1933
MF1496,CO-OP TEA,2023,11,0,10039,0,10039,1003
MF1496,CO-OP TEA,2023,12,0,17343,0,17343,1742
MF1515,Geekiyanahena ,2023,1,0,0,0,0,0
MF1515,Geekiyanahena ,2023,2,0,0,0,0,0
MF1515,Geekiyanahena ,2023,3,0,0,0,0,0
MF1515,Geekiyanahena ,2023,4,0,0,0,0,0
MF1515,Geekiyanahena ,2023,5,0,0,0,0,0
MF1515,Geekiyanahena ,2023,6,0,0,0,0,0
MF1515,Geekiyanahena ,2023,7,0,0,0,0,0
MF1515,Geekiyanahena ,2023,8,0,0,0,0,0
MF1515,Geekiyanahena ,2023,9,0,0,0,0,0
MF1515,Geekiyanahena ,2023,10,0,0,0,0,0
MF1515,Geekiyanahena ,2023,11,0,0,0,0,0
MF1515,Geekiyanahena ,2023,12,0,0,0,0,0
MF1519,Parakaduwa,2023,1,0,1152,0,1152,87
MF1519,Parakaduwa,2023,2,0,0,0,0,0
MF1519,Parakaduwa,2023,3,0,30759,0,30759,1998
MF1519,Parakaduwa,2023,4,0,46711,0,46711,2903
MF1519,Parakaduwa,2023,5,0,54076,0,54076,3460
MF1519,Parakaduwa,2023,6,0,30759,0,30759,1998
MF1519,Parakaduwa,2023,7,0,83512,0,83512,5246
MF1519,Parakaduwa,2023,8,0,50225,0,50225,3204
MF1519,Parakaduwa,2023,9,0,50976,0,50976,3253
MF1519,Parakaduwa,2023,10,0,70159,0,70159,4584
MF1519,Parakaduwa,2023,11,0,61901,0,61901,4045
MF1519,Parakaduwa,2023,12,0,71429,0,71429,4667
MF1528,MISA,2023,1,0,131102,0,131102,4038
MF1528,MISA,2023,2,0,123941,0,123941,3817
MF1528,MISA,2023,3,0,147067,0,147067,4527
MF1528,MISA,2023,4,0,178769,0,178769,5515
MF1528,MISA,2023,5,0,168328,0,168328,5189
MF1528,MISA,2023,6,0,139409,0,139409,4299
MF1528,MISA,2023,7,0,148637,0,148637,4685
MF1528,MISA,2023,8,0,151161,0,151161,4661
MF1528,MISA,2023,9,0,126778,0,126778,3894
MF1528,MISA,2023,10,0,162538,0,162538,5062
MF1528,MISA,2023,11,0,121451,0,121451,6449
MF1528,MISA,2023,12,0,144796,0,144796,7605
MF1531,Kolonne Panapitiya,2023,1,0,88107,0,88107,8703
MF1531,Kolonne Panapitiya,2023,2,0,91468,0,91468,9034
MF1531,Kolonne Panapitiya,2023,3,0,85387,0,85387,5437
MF1531,Kolonne Panapitiya,2023,4,0,92097,0,92097,10232
MF1531,Kolonne Panapitiya,2023,5,0,121539,0,121539,13493
MF1531,Kolonne Panapitiya,2023,6,0,99259,0,99259,11014
MF1531,Kolonne Panapitiya,2023,7,0,97536,0,97536,10823
MF1531,Kolonne Panapitiya,2023,8,0,53116,0,53116,5886
MF1531,Kolonne Panapitiya,2023,9,0,56410,0,56410,6254
MF1531,Kolonne Panapitiya,2023,10,0,84229,0,84229,9455
MF1531,Kolonne Panapitiya,2023,11,0,63906,0,63906,7084
MF1531,Kolonne Panapitiya,2023,12,0,67524,0,67524,7487
MF1551,Galahitiya,2023,1,0,41504,0,41504,3592
MF1551,Galahitiya,2023,2,0,39469,0,39469,3415
MF1551,Galahitiya,2023,3,0,50988,0,50988,4419
MF1551,Galahitiya,2023,4,0,50699,0,50699,4399
MF1551,Galahitiya,2023,5,0,56098,0,56098,4862
MF1551,Galahitiya,2023,6,0,48506,0,48506,4202
MF1551,Galahitiya,2023,7,0,57357,0,57357,4971
MF1551,Galahitiya,2023,8,0,37196,0,37196,3494
MF1551,Galahitiya,2023,9,0,42008,0,42008,3980
MF1551,Galahitiya,2023,10,0,52015,0,52015,4778
MF1551,Galahitiya,2023,11,0,39924,0,39924,3459
MF1551,Galahitiya,2023,12,0,46067,0,46067,3987
MF1552,Sisiramba ,2023,1,0,43501,0,43501,4130
MF1552,Sisiramba ,2023,2,0,0,38376,38376,3618
MF1552,Sisiramba ,2023,3,0,0,47718,47718,3941
MF1552,Sisiramba ,2023,4,0,50588,0,50588,4477
MF1552,Sisiramba ,2023,5,0,52365,0,52365,4609
MF1552,Sisiramba ,2023,6,0,48665,0,48665,4251
MF1552,Sisiramba ,2023,7,0,55281,0,55281,5707
MF1552,Sisiramba ,2023,8,0,43030,0,43030,4093
MF1552,Sisiramba ,2023,9,0,45699,0,45699,5065
MF1552,Sisiramba ,2023,10,0,61219,0,61219,6793
MF1552,Sisiramba ,2023,11,0,50097,0,50097,5417
MF1552,Sisiramba ,2023,12,0,49531,0,49531,5506
MF1553,New Spring View,2023,1,0,78554,0,78554,5482
MF1553,New Spring View,2023,2,0,79619,0,79619,5091
MF1553,New Spring View,2023,3,0,86529,0,86529,7569
MF1553,New Spring View,2023,4,0,86233,0,86233,7491
MF1553,New Spring View,2023,5,0,83853,0,83853,7289
MF1553,New Spring View,2023,6,0,69621,0,69621,6046
MF1554,Daduwangala CTC,2023,1,0,25546,0,25546,1330
MF1554,Daduwangala CTC,2023,2,0,39564,0,39564,2082
MF1554,Daduwangala CTC,2023,3,0,45124,0,45124,2377
MF1554,Daduwangala CTC,2023,4,0,23257,0,23257,1225
MF1554,Daduwangala CTC,2023,5,0,29103,0,29103,1532
MF1554,Daduwangala CTC,2023,6,0,20080,0,20080,1058
MF1554,Daduwangala CTC,2023,7,0,18603,0,18603,980
MF1554,Daduwangala CTC,2023,8,0,19183,0,19183,1008
MF1554,Daduwangala CTC,2023,9,0,19195,0,19195,999
MF1554,Daduwangala CTC,2023,10,0,25118,0,25118,1049
MF1554,Daduwangala CTC,2023,11,0,17658,0,17658,736
MF1554,Daduwangala CTC,2023,12,0,19886,0,19886,1682
MF1571,Kamarangapitiya,2023,1,0,55866,0,55866,5695
MF1571,Kamarangapitiya,2023,2,0,56179,0,56179,3672
MF1571,Kamarangapitiya,2023,3,0,70959,0,70959,5229
MF1571,Kamarangapitiya,2023,4,0,77257,0,77257,5051
MF1571,Kamarangapitiya,2023,5,0,76530,0,76530,8038
MF1571,Kamarangapitiya,2023,6,0,66098,0,66098,6855
MF1571,Kamarangapitiya,2023,7,0,66869,0,66869,6332
MF1571,Kamarangapitiya,2023,8,0,44938,0,44938,4150
MF1571,Kamarangapitiya,2023,9,0,55081,0,55081,4838
MF1571,Kamarangapitiya,2023,10,0,111762,0,111762,9397
MF1571,Kamarangapitiya,2023,11,0,56818,0,56818,3235
MF1571,Kamarangapitiya,2023,12,0,56129,0,56129,5987
MF1579,Deraniyagala Tea Shakthi,2023,1,0,27522,0,27522,2393
MF1579,Deraniyagala Tea Shakthi,2023,2,0,25513,0,25513,2216
MF1579,Deraniyagala Tea Shakthi,2023,3,0,34094,0,34094,2961
MF1579,Deraniyagala Tea Shakthi,2023,4,0,34240,0,34240,2975
MF1579,Deraniyagala Tea Shakthi,2023,5,0,37051,0,37051,3220
MF1579,Deraniyagala Tea Shakthi,2023,6,0,28714,0,28714,2492
MF1579,Deraniyagala Tea Shakthi,2023,7,0,31207,0,31207,2713
MF1579,Deraniyagala Tea Shakthi,2023,8,0,32442,0,32442,2820
MF1579,Deraniyagala Tea Shakthi,2023,9,0,30826,0,30826,2678
MF1579,Deraniyagala Tea Shakthi,2023,10,0,38144,0,38144,3307
MF1579,Deraniyagala Tea Shakthi,2023,11,0,28025,0,28025,2434
MF1579,Deraniyagala Tea Shakthi,2023,12,0,31027,0,31027,2696
MF1580,Kolonne Kithulgala,2023,1,0,30594.6,0,30594.6,2660.4
MF1580,Kolonne Kithulgala,2023,2,0,29371.92,0,29371.92,2554.08
MF1580,Kolonne Kithulgala,2023,3,0,36288,0,36288,3155.48
MF1580,Kolonne Kithulgala,2023,4,0,40792.8,0,40792.8,3547.2
MF1580,Kolonne Kithulgala,2023,5,0,41216.92,0,41216.92,3584.08
MF1580,Kolonne Kithulgala,2023,6,0,37471.6,0,37471.6,3258.4
MF1580,Kolonne Kithulgala,2023,7,0,40513.12,0,40513.12,3522.88
MF1580,Kolonne Kithulgala,2023,8,0,33897.4,0,33897.4,2947.6
MF1580,Kolonne Kithulgala,2023,9,0,38881,0,38881,3880.96
MF1580,Kolonne Kithulgala,2023,10,0,43765.32,0,43765.32,3805.68
MF1580,Kolonne Kithulgala,2023,11,0,30639.68,0,30639.68,2664.32
MF1580,Kolonne Kithulgala,2023,12,0,31643.4,0,31643.4,2751.6
MF1591,Ethoya Waththa,2023,1,7642,49996,0,57638,7184
MF1591,Ethoya Waththa,2023,2,9875,41442,0,51317,6618
MF1591,Ethoya Waththa,2023,3,5354,57233,0,62587,8005
MF1591,Ethoya Waththa,2023,4,5485,55712,0,61197,7156
MF1591,Ethoya Waththa,2023,5,5125,60928,0,66053,8312
MF1591,Ethoya Waththa,2023,6,5080,54459,0,59539,7543
MF1591,Ethoya Waththa,2023,7,2570,57060,0,59630,7439
MF1591,Ethoya Waththa,2023,8,3240,38132,0,41372,5151
MF1591,Ethoya Waththa,2023,9,4182,37881,0,42063,5369
MF1591,Ethoya Waththa,2023,10,5801,50912,0,56713,7130
MF1591,Ethoya Waththa,2023,11,5064,35468,0,40532,5409
MF1591,Ethoya Waththa,2023,12,5628,44628,0,50256,7152
MF1601,Blue Hills,2023,1,0,32048,0,32048,3089
MF1601,Blue Hills,2023,2,0,43022,0,43022,4034
MF1601,Blue Hills,2023,3,0,38474,0,38474,3570
MF1601,Blue Hills,2023,4,0,56836,0,56836,5866
MF1601,Blue Hills,2023,5,0,54942,0,54942,5262
MF1601,Blue Hills,2023,6,0,53980,0,53980,5470
MF1601,Blue Hills,2023,7,0,46.2,0,46.2,4581
MF1601,Blue Hills,2023,8,0,17967,0,17967,1664
MF1601,Blue Hills,2023,9,0,22679,0,22679,2336
MF1601,Blue Hills,2023,10,0,59631,0,59631,5386
MF1601,Blue Hills,2023,11,0,27108,0,27108,2643
MF1601,Blue Hills,2023,12,0,24648,0,24648,2331
RT0392,Golden Tea ,2023,4,0,0,0,0,0
RT0507,JAYA LAND,2023,1,0,4440,0,4440,30000
RT0507,JAYA LAND,2023,2,0,5310,0,5310,29000
RT0507,JAYA LAND,2023,3,0,7110,0,7110,37000
RT0507,JAYA LAND,2023,4,0,5710,0,5710,20000
RT0507,JAYA LAND,2023,5,0,1330,0,1330,42000
RT0507,JAYA LAND,2023,6,0,2690,0,2690,60000
RT0507,JAYA LAND,2023,7,0,3900,0,3900,40000
RT0507,JAYA LAND,2023,8,0,4820,0,4820,47000
RT0507,JAYA LAND,2023,9,0,5690,0,5690,30000
RT0507,JAYA LAND,2023,10,0,6410,0,6410,23000
RT0507,JAYA LAND,2023,11,0,3830,0,3830,31000
RT0507,JAYA LAND,2023,12,0,3870,0,3870,69800
RT0647,Samanalakanda Refuse Tea Processing Center,2023,1,5900,0,0,5900,142
RT0647,Samanalakanda Refuse Tea Processing Center,2023,2,0,5982,0,5982,153
RT0647,Samanalakanda Refuse Tea Processing Center,2023,3,0,4708,0,4708,120
RT0647,Samanalakanda Refuse Tea Processing Center,2023,6,0,6392,0,6392,0
RT0647,Samanalakanda Refuse Tea Processing Center,2023,7,0,7520,0,7520,285
RT0647,Samanalakanda Refuse Tea Processing Center,2023,8,0,9559,0,9559,382
RT0647,Samanalakanda Refuse Tea Processing Center,2023,9,0,8890,0,8890,355
RT0647,Samanalakanda Refuse Tea Processing Center,2023,10,0,8861,0,8861,357
RT0647,Samanalakanda Refuse Tea Processing Center,2023,11,0,6911,0,6911,347
BF0150,Sherwood ,2022,1,0,78827,0,78827,6862
BF0150,Sherwood ,2022,2,0,63356,0,63356,5504
BF0150,Sherwood ,2022,3,0,58951,0,58951,5100
BF0150,Sherwood ,2022,4,0,52932,0,52932,4599
BF0150,Sherwood ,2022,5,0,45953,0,45953,3993
BF0150,Sherwood ,2022,6,0,38336,0,38336,3252
BF0150,Sherwood ,2022,7,0,32369,0,32369,2813
BF0150,Sherwood ,2022,8,0,40315,0,40315,3504
BF0150,Sherwood ,2022,9,0,45432,0,45432,3950
BF0150,Sherwood ,2022,10,0,38857,0,38857,3378
BF0150,Sherwood ,2022,11,0,48161,0,48161,4185
BF0150,Sherwood ,2022,12,0,31111,0,31111,2703
BF0155,GANGALAGAMUWA,2022,1,0,51695,0,51695,3300
BF0155,GANGALAGAMUWA,2022,2,0,52814,0,52814,3371
BF0155,GANGALAGAMUWA,2022,3,0,61384,0,61384,3918
BF0155,GANGALAGAMUWA,2022,4,0,57826,0,57826,3691
BF0155,GANGALAGAMUWA,2022,5,0,49854,0,49854,3182
BF0155,GANGALAGAMUWA,2022,6,0,39047,0,39047,1627
BF0155,GANGALAGAMUWA,2022,7,0,37107,0,37107,1546
BF0155,GANGALAGAMUWA,2022,8,0,32429,0,32429,1351
BF0155,GANGALAGAMUWA,2022,9,0,38719,0,38719,1613
BF0155,GANGALAGAMUWA,2022,10,0,40316,0,40316,1990
BF0155,GANGALAGAMUWA,2022,11,0,45029,0,45029,1876
BF0155,GANGALAGAMUWA,2022,12,0,37074,0,37074,1545
BF0163,Delgoda ,2022,1,0,32675,20050,52725,5400
BF0163,Delgoda ,2022,2,0,32802,16749,49551,6601
BF0163,Delgoda ,2022,3,0,3924,15986,19910,9491
BF0163,Delgoda ,2022,4,0,40656,1529,42185,7413
BF0163,Delgoda ,2022,5,0,40216,0,40216,7310
BF0163,Delgoda ,2022,6,0,31927,0,31927,4520
BF0163,Delgoda ,2022,7,0,31236,0,31236,3473
BF0163,Delgoda ,2022,8,0,20636,0,20636,2287
BF0163,Delgoda ,2022,9,0,28963,0,28963,4649
BF0163,Delgoda ,2022,10,0,25092,286,25378,3890
BF0163,Delgoda ,2022,11,0,21468,0,21468,1859
BF0163,Delgoda ,2022,12,0,28981.5,0,28981.5,3109
HT0002,ECO,2022,1,116.2,0,0,116.2,3.49
HT0002,ECO,2022,2,24.5,0,0,24.5,0.74
HT0002,ECO,2022,3,0,0,0,0,0
HT0002,ECO,2022,4,0,0,0,0,0
HT0002,ECO,2022,5,0,0,0,0,0
HT0002,ECO,2022,6,0,0,0,0,0
HT0002,ECO,2022,7,0,0,0,0,0
HT0002,ECO,2022,8,0,0,0,0,0
HT0002,ECO,2022,9,0,0,0,0,0
HT0002,ECO,2022,10,0,0,0,0,0
HT0002,ECO,2022,11,0,0,0,0,0
HT0002,ECO,2022,12,0,0,0,0,0
MF0083,Rilhena ,2022,1,4241,23280,0,27521,4904
MF0083,Rilhena ,2022,2,4146,0,15443.5,19589.5,2969
MF0083,Rilhena ,2022,3,5437,21712,0,27149,3589
MF0083,Rilhena ,2022,4,4781,27837,0,32618,3751
MF0083,Rilhena ,2022,5,5261,33825,0,39086,5260
MF0083,Rilhena ,2022,6,4726,24466,0,29192,4573
MF0083,Rilhena ,2022,7,4416,40471.5,0,44887.5,5476
MF0083,Rilhena ,2022,8,4419,18875,0,23294,3920
MF0083,Rilhena ,2022,9,4498,25265,0,29763,4589
MF0083,Rilhena ,2022,10,3936,20571,0,24507,4603
MF0083,Rilhena ,2022,11,5230,19385,0,24615,4831
MF0083,Rilhena ,2022,12,4103,12379,0,16482,2599
MF0085,Noori ,2022,1,0,53881,0,53881,4797
MF0085,Noori ,2022,2,0,40955,0,40955,3540
MF0085,Noori ,2022,3,0,46061,0,46061,4575
MF0085,Noori ,2022,4,0,51782,0,51782,4520
MF0085,Noori ,2022,5,0,52675,0,52675,3199
MF0085,Noori ,2022,6,0,39915,0,39915,2570
MF0085,Noori ,2022,7,0,46411,0,46411,3281
MF0085,Noori ,2022,8,0,32465,0,32465,2192
MF0085,Noori ,2022,9,0,33885,0,33885,2423
MF0085,Noori ,2022,10,0,35516,0,35516,2182
MF0085,Noori ,2022,11,0,34301,0,34301,2467
MF0085,Noori ,2022,12,0,42392,0,42392,3118
MF0103,Opatha ,2022,1,5482,12127,0,17609,5216
MF0103,Opatha ,2022,2,3870,444,0,4314,628
MF0103,Opatha ,2022,3,4577,29813,0,34390,4884
MF0103,Opatha ,2022,4,4214,36574,0,40788,5264
MF0103,Opatha ,2022,5,5792,41224,0,47016,7661
MF0103,Opatha ,2022,6,4377,23285,0,27662,4710
MF0103,Opatha ,2022,7,4464,19603,0,24067,5261
MF0103,Opatha ,2022,8,3831,16282,0,20113,1426
MF0103,Opatha ,2022,9,4059,18783,0,22842,5100
MF0103,Opatha ,2022,10,3038,18798,0,21836,4049
MF0103,Opatha ,2022,11,4431,23024,0,27455,5121
MF0103,Opatha ,2022,12,3060,19357,0,22417,4184
MF0104,Wellandura ,2022,1,6746,27914,0,34660,5676
MF0104,Wellandura ,2022,2,5355,21731,0,27086,3876
MF0104,Wellandura ,2022,3,6606,21756,0,28362,3931
MF0104,Wellandura ,2022,4,5831,20286,0,26117,2945
MF0104,Wellandura ,2022,5,7123,29712,1403,38238,5159
MF0104,Wellandura ,2022,6,6333,23082,1766,31181,4559
MF0104,Wellandura ,2022,7,5414,29496,1786,36696,6050
MF0104,Wellandura ,2022,8,6005,25158,316,31479,4697
MF0104,Wellandura ,2022,9,6583,25333,0,31916,4300
MF0104,Wellandura ,2022,10,5932,21340,0,27272,4331
MF0104,Wellandura ,2022,11,6539,25511,0,32050,4480
MF0104,Wellandura ,2022,12,6477,22535,1186,30198,5325
MF0106,Mahawale ,2022,1,0,19597,0,19597,26610
MF0106,Mahawale ,2022,2,0,16736,0,16736,28512
MF0106,Mahawale ,2022,3,0,18432.5,0,18432.5,26861
MF0106,Mahawale ,2022,4,0,11550.5,0,11550.5,27039
MF0106,Mahawale ,2022,5,0,15568,0,15568,36319
MF0106,Mahawale ,2022,6,0,20016,0,20016,45598
MF0106,Mahawale ,2022,7,28148,0,0,28148,54892
MF0106,Mahawale ,2022,8,0,27633.5,0,27633.5,43118
MF0106,Mahawale ,2022,9,0,21126,0,21126,26574
MF0106,Mahawale ,2022,10,0,20453.5,0,20453.5,28719
MF0106,Mahawale ,2022,11,0,21911,0,21911,40086
MF0106,Mahawale ,2022,12,0,11405,0,11405,22488
MF0107,Nilagama ,2022,1,6643,4933,1721,13297,3735
MF0107,Nilagama ,2022,2,3507,8186,1363,13056,2527
MF0107,Nilagama ,2022,3,4240,22051,1561,27852,8415
MF0107,Nilagama ,2022,4,4040,30416,1467,35923,6120
MF0107,Nilagama ,2022,5,4915,33351,528,38794,6793
MF0107,Nilagama ,2022,6,4250,13504,0,17754,4151
MF0107,Nilagama ,2022,7,1474,3896.5,0,5370.5,9303
MF0107,Nilagama ,2022,8,3981,22091,1565,27637,4217
MF0107,Nilagama ,2022,9,3422,15962,1587,20971,5648
MF0107,Nilagama ,2022,10,2970,9610,1618,14198,2725
MF0107,Nilagama ,2022,11,3599,10864,1950,16413,3796
MF0107,Nilagama ,2022,12,2636,14754,395,17785,3262
MF0108,Poronuwa,2022,1,3247,6397,0,9644,2011
MF0108,Poronuwa,2022,2,2654.5,5932,0,8586.5,1086
MF0108,Poronuwa,2022,3,2736,11415,0,14151,1913
MF0108,Poronuwa,2022,4,2966,15165,0,18131,2519
MF0108,Poronuwa,2022,5,3590,15065.5,0,18655.5,2289
MF0108,Poronuwa,2022,6,3086,9208.5,0,12294.5,2190
MF0108,Poronuwa,2022,7,2822,8161.5,0,10983.5,2142
MF0108,Poronuwa,2022,8,2575,9143.5,0,11718.5,2128
MF0108,Poronuwa,2022,9,2684,11101,0,13785,2204
MF0108,Poronuwa,2022,10,2454,0,4393.5,6847.5,1055
MF0108,Poronuwa,2022,11,2991,7577.5,0,10568.5,1543
MF0108,Poronuwa,2022,12,1874,16158.5,0,18032.5,2486
MF0168,ENDANE,2022,1,23212,7265,0,30477,4370
MF0168,ENDANE,2022,2,18102.5,11000,0,29102.5,5517
MF0168,ENDANE,2022,3,23817,11903,0,35720,5511
MF0168,ENDANE,2022,4,22012.5,14977,0,36989.5,5127
MF0168,ENDANE,2022,5,26342,17558.5,0,43900.5,5808
MF0168,ENDANE,2022,6,19163,11659,0,30822,6102
MF0168,ENDANE,2022,7,16173,10811,0,26984,5396
MF0168,ENDANE,2022,8,15432.5,11863,0,27295.5,5075
MF0168,ENDANE,2022,9,18679.5,2745.5,0,21425,4197
MF0168,ENDANE,2022,10,16513,304,0,16817,2178
MF0168,ENDANE,2022,11,18416,549,0,18965,2920
MF0168,ENDANE,2022,12,15914.5,967,0,16881.5,3149
MF0181,Ceciliyan ,2022,1,3233,130392,0,133625,11523
MF0181,Ceciliyan ,2022,1,0,195587,0,195587,0
MF0181,Ceciliyan ,2022,2,2575,110919,0,113494,0
MF0181,Ceciliyan ,2022,2,0,166380,0,166380,9795
MF0181,Ceciliyan ,2022,3,3164,122746,0,125910,9671
MF0181,Ceciliyan ,2022,3,0,185230,0,185230,0
MF0181,Ceciliyan ,2022,4,3070,120257,0,123327,7630
MF0181,Ceciliyan ,2022,4,197,180459,0,180656,0
MF0181,Ceciliyan ,2022,5,3156,118116,0,121272,2675
MF0181,Ceciliyan ,2022,5,83,178622,0,178705,2675
MF0181,Ceciliyan ,2022,6,0,107694,0,107694,0
MF0181,Ceciliyan ,2022,6,0,162809,0,162809,9925
MF0181,Ceciliyan ,2022,7,3206,113149,0,116355,4020
MF0181,Ceciliyan ,2022,7,220,164746,0,164966,0
MF0181,Ceciliyan ,2022,8,3179,130712,0,133891,0
MF0181,Ceciliyan ,2022,8,122,196063,0,196185,7730
MF0181,Ceciliyan ,2022,9,3053,125991,0,129044,0
MF0181,Ceciliyan ,2022,9,0,216582,0,216582,4510
MF0181,Ceciliyan ,2022,10,2706,119912,0,122618,2786
MF0181,Ceciliyan ,2022,10,0,179860,0,179860,13115
MF0181,Ceciliyan ,2022,11,0,155183,0,155183,3325
MF0181,Ceciliyan ,2022,12,3279,149818,0,153097,6147
MF0181,Ceciliyan ,2022,12,98,153687,0,153785,4099
MF0183,New Kandagastenne ,2022,1,0,121978,0,121978,4869
MF0183,New Kandagastenne ,2022,2,0,94395,0,94395,3750
MF0183,New Kandagastenne ,2022,3,0,111182,0,111182,4420
MF0183,New Kandagastenne ,2022,4,0,109811,0,109811,4387
MF0183,New Kandagastenne ,2022,5,0,134389,0,134389,5360
MF0183,New Kandagastenne ,2022,6,0,100539,0,100539,3998
MF0183,New Kandagastenne ,2022,7,0,104579,0,104579,4169
MF0183,New Kandagastenne ,2022,8,0,71266,0,71266,4166
MF0183,New Kandagastenne ,2022,9,0,78135,0,78135,4614
MF0183,New Kandagastenne ,2022,10,0,72043,0,72043,3921
MF0183,New Kandagastenne ,2022,11,0,89534,0,89534,5063
MF0183,New Kandagastenne ,2022,12,0,94674,0,94674,4820
MF0200,Pettiyagalla ,2022,1,17351,4644,4375,26370,3548
MF0200,Pettiyagalla ,2022,2,13520,5498,4018,23036,3382
MF0200,Pettiyagalla ,2022,3,16648,7634,5425,29707,6220
MF0200,Pettiyagalla ,2022,4,16180.5,4994,5272,26446.5,3966
MF0200,Pettiyagalla ,2022,5,14227,2180,4723,21130,3816
MF0200,Pettiyagalla ,2022,6,9920,3827,2817,16564,2752
MF0200,Pettiyagalla ,2022,7,11120,3089,3246,17455,2595
MF0200,Pettiyagalla ,2022,8,8967,2940,4703,16610,2789
MF0200,Pettiyagalla ,2022,9,11653,5447,5357,22457,4126
MF0200,Pettiyagalla ,2022,10,9398,2384,3252,15034,2548
MF0200,Pettiyagalla ,2022,11,12168,4943,5175,22286,3522.5
MF0200,Pettiyagalla ,2022,12,9160,1253,3099,13512,2775
MF0236,Pambagama ,2022,1,13541.5,27883,13506.5,54931,8986
MF0236,Pambagama ,2022,2,7184,18098,7945,33227,6235
MF0236,Pambagama ,2022,3,11161,24955,12342,48458,8097
MF0236,Pambagama ,2022,4,12186,25900,12175,50261,9119
MF0236,Pambagama ,2022,5,11915,25658,9663,47236,9826
MF0236,Pambagama ,2022,6,12877,27090,9928,49895,10210
MF0236,Pambagama ,2022,7,13746,27692,10749,52187,7212
MF0236,Pambagama ,2022,8,12489,24368,10657,47514,7114
MF0236,Pambagama ,2022,9,12540,22940,9873,45353,10265
MF0236,Pambagama ,2022,10,10510,23639,8807,42956,7686
MF0236,Pambagama ,2022,11,12293,27519,10073,49885,9649
MF0236,Pambagama ,2022,12,10824,27224,8843,46891,8023
MF0258,Balangoda Tea Shakthi,2022,1,0,18542,0,18542,1462
MF0258,Balangoda Tea Shakthi,2022,2,0,16215,0,16215,1210
MF0258,Balangoda Tea Shakthi,2022,3,0,28749,0,28749,2381
MF0258,Balangoda Tea Shakthi,2022,4,0,0,0,0,0
MF0258,Balangoda Tea Shakthi,2022,5,0,9463,0,9463,672
MF0258,Balangoda Tea Shakthi,2022,6,0,14983,0,14983,1160
MF0258,Balangoda Tea Shakthi,2022,7,0,25456,0,25456,2029
MF0258,Balangoda Tea Shakthi,2022,8,1550,32743,0,34293,2607
MF0258,Balangoda Tea Shakthi,2022,9,0,16283,0,16283,1307
MF0258,Balangoda Tea Shakthi,2022,10,0,11395,0,11395,980
MF0258,Balangoda Tea Shakthi,2022,11,0,23412,0,23412,1951
MF0258,Balangoda Tea Shakthi,2022,12,0,5302,0,5302,459
MF0262,Upper Balangoda,2022,1,635,18558,0,19193,1592
MF0262,Upper Balangoda,2022,2,505,13952,0,14457,1218
MF0262,Upper Balangoda,2022,3,604,19537,0,20141,1727
MF0262,Upper Balangoda,2022,4,736,17910,0,18646,1634
MF0262,Upper Balangoda,2022,5,516,15937,0,16453,1627
MF0262,Upper Balangoda,2022,6,410,14919,0,15329,1444
MF0262,Upper Balangoda,2022,7,418,14643,0,15061,1417
MF0262,Upper Balangoda,2022,8,353,12801,0,13154,1192
MF0262,Upper Balangoda,2022,9,393,15092,0,15485,1399
MF0262,Upper Balangoda,2022,10,374,12445,0,12819,1261
MF0262,Upper Balangoda,2022,11,271,15806,0,16077,1398
MF0262,Upper Balangoda,2022,12,198,12024,0,12222,1063
MF0263,Wewawatte,2022,1,2172,15831,0,18003,1437
MF0263,Wewawatte,2022,2,1915,13670,0,15585,1243
MF0263,Wewawatte,2022,3,1553,16556,0,18109,1445
MF0263,Wewawatte,2022,4,2320,17093,0,19413,1550
MF0263,Wewawatte,2022,5,1268,16055,0,17323,1387
MF0263,Wewawatte,2022,6,1445,13746,0,15191,1275
MF0263,Wewawatte,2022,7,1569,12830,0,14399,1154
MF0263,Wewawatte,2022,8,2234,0,13139,15373,1229
MF0263,Wewawatte,2022,9,1918,13380,0,15298,1221
MF0263,Wewawatte,2022,10,2442,11881,0,14323,1214
MF0263,Wewawatte,2022,11,2286,15932,0,18218,1548
MF0263,Wewawatte,2022,12,1554,11176,0,12730,1074
MF0285,Hunuwella ,2022,1,4205,7840,0,12045,2457
MF0285,Hunuwella ,2022,2,3296,14323,0,17619,2189
MF0285,Hunuwella ,2022,3,4174.5,18655,0,22829.5,2957
MF0285,Hunuwella ,2022,4,4093,21922,0,26015,3732
MF0285,Hunuwella ,2022,5,4089.5,20633,0,24722.5,3639
MF0285,Hunuwella ,2022,6,3109,7491,0,10600,1740
MF0285,Hunuwella ,2022,7,2930,17193,0,20123,3133
MF0285,Hunuwella ,2022,8,2782,7211.5,0,9993.5,2607
MF0285,Hunuwella ,2022,9,2749,14320,0,17069,3116
MF0285,Hunuwella ,2022,10,2790,7639,0,10429,1848
MF0285,Hunuwella ,2022,11,2998,5222,0,8220,1933
MF0285,Hunuwella ,2022,12,2525,11839,0,14364,3031
MF0293,Kelani ,2022,1,1922,26193,10798,38913,4487
MF0293,Kelani ,2022,2,867,19926.5,5854,26647.5,3809
MF0293,Kelani ,2022,3,1171,24455.5,8031,33657.5,4260
MF0293,Kelani ,2022,4,1921,22205,8781,32907,3693
MF0293,Kelani ,2022,5,1828,26332,9120,37280,4365
MF0293,Kelani ,2022,6,2222,39463,9642,51327,5916
MF0293,Kelani ,2022,7,1833,45784,9839,57456,8141
MF0293,Kelani ,2022,8,2048,25798.5,22818,50664.5,6495
MF0293,Kelani ,2022,9,2039,35276,9178,46493,5949
MF0293,Kelani ,2022,10,1891,32812.5,8583,43286.5,5168
MF0293,Kelani ,2022,11,2000,40143,10354,52497,7855
MF0293,Kelani ,2022,12,1933,35225.54,8836,45994.54,6293
MF0295,Kuttapitiya ,2022,1,0,71163,0,71163,3350
MF0295,Kuttapitiya ,2022,2,0,60275,0,60275,6750
MF0295,Kuttapitiya ,2022,3,0,72294,0,72294,3452
MF0295,Kuttapitiya ,2022,4,0,69305,0,69305,3900
MF0295,Kuttapitiya ,2022,5,0,78935,0,78935,10880
MF0295,Kuttapitiya ,2022,6,0,61914,0,61914,8980
MF0295,Kuttapitiya ,2022,7,0,71018,0,71018,4050
MF0295,Kuttapitiya ,2022,8,0,57300,0,57300,4190
MF0295,Kuttapitiya ,2022,9,0,64935,0,64935,8830
MF0295,Kuttapitiya ,2022,10,0,60245,0,60245,9900
MF0295,Kuttapitiya ,2022,11,0,64802,0,64802,8770
MF0295,Kuttapitiya ,2022,12,0,56104,0,56104,8370
MF0296,DOLOSWELLA,2022,2,0,0,0,0,0
MF0296,DOLOSWELLA,2022,3,0,0,0,0,0
MF0296,DOLOSWELLA,2022,4,5441,21614,7078,34133,3652
MF0296,DOLOSWELLA,2022,5,4871,24871,6655,36397,5406
MF0296,DOLOSWELLA,2022,6,4852,18506,7064,30422,4398
MF0296,DOLOSWELLA,2022,7,4315,19865,6181,30361,4590
MF0296,DOLOSWELLA,2022,8,5334,19404,6830,31568,4781
MF0296,DOLOSWELLA,2022,9,5480,13026,7162,25668,5004
MF0296,DOLOSWELLA,2022,10,4573,17180,5458,27211,4367
MF0296,DOLOSWELLA,2022,11,6047,17108,8066,31221,5182
MF0296,DOLOSWELLA,2022,12,5159,19142,5598,29899,4539
MF0353,YATIDERIYA,2022,1,11210,15944,2046,29200,3653
MF0353,YATIDERIYA,2022,2,5360.5,9544,1195,16099.5,2609
MF0353,YATIDERIYA,2022,3,7501.5,12135,1678,21314.5,4577
MF0353,YATIDERIYA,2022,4,11281,21976,1881,35138,4280
MF0353,YATIDERIYA,2022,5,8452,23094,1762,33308,3012
MF0353,YATIDERIYA,2022,6,8370.5,28070,2009,38449.5,3544
MF0353,YATIDERIYA,2022,7,8223,23984,2276,34483,5732
MF0353,YATIDERIYA,2022,8,8787,15959,1888,26634,3063
MF0353,YATIDERIYA,2022,9,9071,19194,2150,30415,3538
MF0353,YATIDERIYA,2022,10,3972.5,13306,1493,18771.5,2403
MF0353,YATIDERIYA,2022,11,8766,12560,2229,23555,2487
MF0353,YATIDERIYA,2022,12,9174.5,12474,1920,23568.5,2088
MF0367,Cecilton ,2022,1,14706,6210,5926,26842,3636
MF0367,Cecilton ,2022,2,16863,7379,471,24713,3488
MF0367,Cecilton ,2022,3,18076,9079,3446,30601,3992
MF0367,Cecilton ,2022,4,16101,9963,5365,31429,3886
MF0367,Cecilton ,2022,5,15235,9471,5485,30191,4294
MF0367,Cecilton ,2022,6,12934,5630,3991,22555,3009
MF0367,Cecilton ,2022,7,9950,6276,5909,22135,3053
MF0367,Cecilton ,2022,8,9466,5886,7318,22670,2927
MF0367,Cecilton ,2022,9,15282,8700,7970,31952,4076
MF0367,Cecilton ,2022,10,10633,7452,6275,24360,3130
MF0367,Cecilton ,2022,11,12165,7955,8050,28170,3455
MF0367,Cecilton ,2022,12,6856,2544,3912,13312,1831
MF0369,MARATENNE,2022,1,49205,6020,0,55225,7995
MF0369,MARATENNE,2022,2,45347,7388,0,52735,7836
MF0369,MARATENNE,2022,3,47055,8390,0,55445,8116
MF0369,MARATENNE,2022,4,46100,5960,0,52060,7467
MF0369,MARATENNE,2022,5,46759,6701,0,53460,7838
MF0369,MARATENNE,2022,6,46936,9219,0,56155,8194
MF0369,MARATENNE,2022,7,29598,6194,0,35792,6086
MF0369,MARATENNE,2022,8,32065,5239,0,37304,6084
MF0369,MARATENNE,2022,9,44485,6368,0,50853,9290
MF0369,MARATENNE,2022,10,31384,5908,0,37292,7809
MF0369,MARATENNE,2022,11,44614,5985,0,50599,8471
MF0369,MARATENNE,2022,12,27011,3451,0,30462,4974
MF0428,Randola ,2022,6,0,4405,0,4405,464
MF0428,Randola ,2022,10,0,1223,0,1223,98
MF0449,Aennen,2022,1,0,27077,0,27077,1384
MF0449,Aennen,2022,2,0,16936,0,16936,707
MF0449,Aennen,2022,3,0,17835,0,17835,744
MF0449,Aennen,2022,4,0,15910,0,15910,750
MF0449,Aennen,2022,5,0,19664,0,19664,928
MF0449,Aennen,2022,6,0,12541,0,12541,632
MF0449,Aennen,2022,7,0,15175,0,15175,797
MF0449,Aennen,2022,8,0,9978,0,9978,527
MF0449,Aennen,2022,9,0,10681,0,10681,564
MF0449,Aennen,2022,10,0,7796,0,7796,413
MF0449,Aennen,2022,11,0,6669,0,6669,351
MF0449,Aennen,2022,12,0,6740,0,6740,355
MF0472,Ederapolla,2022,1,0,26585,0,26585,2872
MF0472,Ederapolla,2022,2,0,15618,0,15618,1538
MF0472,Ederapolla,2022,3,0,20820,0,20820,2772
MF0472,Ederapolla,2022,4,0,26988.5,0,26988.5,4311
MF0472,Ederapolla,2022,5,0,31601,0,31601,5092
MF0472,Ederapolla,2022,6,0,32210.5,0,32210.5,4195
MF0472,Ederapolla,2022,7,0,28287.5,0,28287.5,3549
MF0472,Ederapolla,2022,8,0,34060,0,34060,5286
MF0472,Ederapolla,2022,9,0,25288.5,0,25288.5,3705
MF0472,Ederapolla,2022,10,0,25794.5,0,25794.5,3756
MF0472,Ederapolla,2022,11,0,23240.5,0,23240.5,3400
MF0472,Ederapolla,2022,12,0,15261,0,15261,2018
MF0481,Aigburth ,2022,1,7188,41336,0,48524,5658
MF0481,Aigburth ,2022,2,5344,34916,0,40260,3027
MF0481,Aigburth ,2022,3,6592,38381,0,44973,2287
MF0481,Aigburth ,2022,4,6330,51236,0,57566,2515
MF0481,Aigburth ,2022,5,5791,40154,0,45945,1742
MF0481,Aigburth ,2022,6,3180,24656,0,27836,1054
MF0481,Aigburth ,2022,7,2475,28272,0,30747,1184
MF0481,Aigburth ,2022,8,2063,26602,0,28665,792
MF0481,Aigburth ,2022,9,2675,18553,0,21228,485
MF0481,Aigburth ,2022,10,2034,18302,0,20336,600
MF0481,Aigburth ,2022,11,4160,18137,0,22297,1373
MF0481,Aigburth ,2022,12,2287,7900,0,10187,1350
MF0490,Hatherleigh ,2022,1,9700,3046,20066,32812,3448
MF0490,Hatherleigh ,2022,2,6043,1548,13850,21441,2829
MF0490,Hatherleigh ,2022,3,9823,13306,20855,43984,5045.5
MF0490,Hatherleigh ,2022,4,7748,12182,15911,35841,5279
MF0490,Hatherleigh ,2022,5,8128,17552,17995,43675,5745.5
MF0490,Hatherleigh ,2022,6,6330,7897,13354,27581,4170
MF0490,Hatherleigh ,2022,7,6095,5768,16444,28307,5761.5
MF0490,Hatherleigh ,2022,8,8019,1761,16140,25920,4194
MF0490,Hatherleigh ,2022,9,9375,2469,18726,30570,4005
MF0490,Hatherleigh ,2022,10,8670,8267,18927,35864,4150.5
MF0490,Hatherleigh ,2022,11,9435,3379,18365.5,31179.5,5150
MF0490,Hatherleigh ,2022,12,8272,1692,20215.5,30179.5,3269
MF0546,Springwood,2022,1,0,21250,0,21250,2600
MF0546,Springwood,2022,2,0,16506,0,16506,2040
MF0546,Springwood,2022,3,0,18783,0,18783,2295
MF0546,Springwood,2022,4,0,26333,0,26333,3585
MF0546,Springwood,2022,5,0,34932,0,34932,5007
MF0546,Springwood,2022,6,0,32100,0,32100,2025
MF0546,Springwood,2022,7,0,22412,0,22412,1725
MF0546,Springwood,2022,8,0,18795,0,18795,1955
MF0546,Springwood,2022,9,0,7950,0,7950,8247
MF0546,Springwood,2022,10,0,17440,0,17440,1482
MF0546,Springwood,2022,11,0,18442,0,18442,1280
MF0546,Springwood,2022,12,0,24526,0,24526,1966
MF0574,Sapumalkande ,2022,1,0,62166,0,62166,4676
MF0574,Sapumalkande ,2022,2,0,50989,0,50989,3834
MF0574,Sapumalkande ,2022,3,0,70669,0,70669,5310
MF0574,Sapumalkande ,2022,4,0,71618,0,71618,5382
MF0574,Sapumalkande ,2022,5,0,71655,0,71655,5725
MF0574,Sapumalkande ,2022,6,0,30512,0,30512,2160
MF0574,Sapumalkande ,2022,7,0,31579,0,31579,2366
MF0574,Sapumalkande ,2022,8,0,9724,0,9724,679
MF0594,Boscombe ,2022,1,0,33595,0,33595,5415
MF0594,Boscombe ,2022,2,0,33096,0,33096,5371
MF0594,Boscombe ,2022,3,0,37853,0,37853,6115
MF0594,Boscombe ,2022,4,0,41911,0,41911,6814
MF0594,Boscombe ,2022,5,0,38157,0,38157,6198
MF0594,Boscombe ,2022,6,0,37180,0,37180,6037
MF0594,Boscombe ,2022,7,0,23212,0,23212,4581
MF0594,Boscombe ,2022,8,0,25602,0,25602,4154
MF0594,Boscombe ,2022,9,0,34344,0,34344,5571
MF0594,Boscombe ,2022,10,0,35517,0,35517,5763
MF0594,Boscombe ,2022,11,0,31961,0,31961,5189
MF0594,Boscombe ,2022,12,0,22559,0,22559,3658
MF0600,Alupola ,2022,8,0,0,0,0,13305
MF0600,Alupola ,2022,9,0,2803.5,0,2803.5,4340
MF0600,Alupola ,2022,10,0,2742,0,2742,12609.5
MF0600,Alupola ,2022,11,0,2944,0,2944,8818.5
MF0600,Alupola ,2022,12,0,2812,0,2812,11483
MF0619,GALABODDA,2022,1,7543,41552,0,49095,1829
MF0619,GALABODDA,2022,2,6783,40182,0,46965,2044
MF0619,GALABODDA,2022,3,6679,30699,0,37378,2293
MF0619,GALABODDA,2022,4,5817,28858,0,34675,1982
MF0619,GALABODDA,2022,5,9569,31375,0,40944,3087
MF0619,GALABODDA,2022,6,5831,18975,0,24806,1387
MF0619,GALABODDA,2022,7,5910,42228,1421,49559,2275
MF0619,GALABODDA,2022,8,6059,44939,5489,56487,2297
MF0619,GALABODDA,2022,9,6525,46702,1396,54623,3168
MF0619,GALABODDA,2022,10,5815,29180,92,35087,2230
MF0619,GALABODDA,2022,11,7760,26487,0,34247,1454
MF0619,GALABODDA,2022,12,5400.5,12431,0,17831.5,636
MF0623,MEDDAKANDE,2022,1,12618,7008,8364,27990,3483
MF0623,MEDDAKANDE,2022,2,11433,7031,8856,27320,3035
MF0623,MEDDAKANDE,2022,3,13922,8540,11427,33889,4444
MF0623,MEDDAKANDE,2022,4,13176,7325,10780,31281,4856
MF0623,MEDDAKANDE,2022,5,11381,6553,10632,28566,4241
MF0623,MEDDAKANDE,2022,6,8266,5101,7799,21166,2644
MF0623,MEDDAKANDE,2022,7,10459,6520,5742,22721,6271
MF0623,MEDDAKANDE,2022,8,8729,4403,5665,18797,2780
MF0623,MEDDAKANDE,2022,9,10964,2111,12974,26049,3907
MF0623,MEDDAKANDE,2022,10,7062,1053,7401,15516,2309
MF0623,MEDDAKANDE,2022,11,8898,5796,5760,20454,2886
MF0623,MEDDAKANDE,2022,12,6671,2390,3293,12354,3216
MF0624,Wikiliya,2022,1,0,151581,0,151581,8610
MF0624,Wikiliya,2022,2,0,151815,0,151815,7427
MF0624,Wikiliya,2022,3,0,187618,0,187618,10319
MF0624,Wikiliya,2022,4,0,172139,0,172139,11189
MF0624,Wikiliya,2022,5,0,192464,0,192464,12472
MF0624,Wikiliya,2022,6,0,156061,0,156061,9160
MF0624,Wikiliya,2022,7,0,162687,0,162687,9761
MF0624,Wikiliya,2022,8,0,153911,0,153911,6456
MF0624,Wikiliya,2022,9,0,159644,0,159644,8029
MF0624,Wikiliya,2022,10,0,137548,0,137548,7013
MF0624,Wikiliya,2022,11,0,162624,0,162624,8094
MF0624,Wikiliya,2022,12,0,118170,0,118170,5057
MF0625,NEW RASAGALLA,2022,1,22331,10718,658,33707,4544
MF0625,NEW RASAGALLA,2022,2,15916.5,8391,0,24307.5,3739
MF0625,NEW RASAGALLA,2022,3,23142.5,12409,0,35551.5,4882
MF0625,NEW RASAGALLA,2022,4,21232.5,15455,0,36687.5,4788
MF0625,NEW RASAGALLA,2022,5,16017,11230,0,27247,3593
MF0625,NEW RASAGALLA,2022,6,9584.5,3492,0,13076.5,1975
MF0625,NEW RASAGALLA,2022,7,15883,831,0,16714,3077
MF0625,NEW RASAGALLA,2022,8,13187.5,3659,0,16846.5,2535
MF0625,NEW RASAGALLA,2022,9,17359,5525,389,23273,3177
MF0625,NEW RASAGALLA,2022,10,11423,9322,0,20745,2786
MF0625,NEW RASAGALLA,2022,11,17656,7116,0,24772,3805
MF0625,NEW RASAGALLA,2022,12,14971,3158,0,18129,3261
MF0626,HALGOLLE,2022,1,20493,27002.5,0,47495.5,6781
MF0626,HALGOLLE,2022,2,11352,17449,0,28801,4914
MF0626,HALGOLLE,2022,3,13126,24534,0,37660,7143
MF0626,HALGOLLE,2022,4,13789,35768,26,49583,6461
MF0626,HALGOLLE,2022,5,16569,34415,0,50984,6417
MF0626,HALGOLLE,2022,6,9805,32979,0,42784,4733
MF0626,HALGOLLE,2022,7,15322,29741,0,45063,7510
MF0626,HALGOLLE,2022,8,7262,22534,0,29796,5573
MF0626,HALGOLLE,2022,9,13795,31036,0,44831,6115
MF0626,HALGOLLE,2022,10,9613,22933,331,32877,4622
MF0626,HALGOLLE,2022,11,12616,20936,0,33552,4160
MF0626,HALGOLLE,2022,12,14027,21375,0,35402,5532
MF0659,RYE,2022,2,0,6268,0,6268,691
MF0659,RYE,2022,3,0,8399,0,8399,927
MF0659,RYE,2022,4,0,18666,0,18666,2060
MF0659,RYE,2022,5,0,6268,0,6268,691
MF0659,RYE,2022,6,0,11470,0,11470,1320
MF0659,RYE,2022,12,0,1973,0,1973,267
MF0686,Keragala,2022,1,0,0,0,0,150
MF0686,Keragala,2022,2,0,0,0,0,0
MF0686,Keragala,2022,3,0,0,0,0,0
MF0686,Keragala,2022,4,0,0,0,0,0
MF0686,Keragala,2022,6,0,0,0,0,0
MF0780,HOUPE ,2022,1,16561,37063.5,259,53883.5,6514
MF0780,HOUPE ,2022,2,10018,30301.5,0,40319.5,6895
MF0780,HOUPE ,2022,3,15105,36238.5,0,51343.5,7722
MF0780,HOUPE ,2022,4,13598,39344,422,53364,8595
MF0780,HOUPE ,2022,5,14554,38187.5,0,52741.5,8955
MF0780,HOUPE ,2022,6,13306.5,35496,0,48802.5,7392
MF0780,HOUPE ,2022,7,12107,33353,0,45460,7220
MF0780,HOUPE ,2022,8,13102,29300,0,42402,5523
MF0780,HOUPE ,2022,9,13860,33427.5,0,47287.5,5896
MF0780,HOUPE ,2022,10,12162,30834,0,42996,6690
MF0780,HOUPE ,2022,11,12932,36215,0,49147,7124
MF0780,HOUPE ,2022,12,10155,40736.5,0,50891.5,7977
MF0801,HAPUGASTENNE ,2022,1,18645,40256,11637,70538,5337
MF0801,HAPUGASTENNE ,2022,2,15813.5,14682,6462,36957.5,4053
MF0801,HAPUGASTENNE ,2022,3,16697,6867,7476,31040,5749
MF0801,HAPUGASTENNE ,2022,4,13489.5,11711,16777,41977.5,5987
MF0801,HAPUGASTENNE ,2022,5,18157,13578,30256,61991,3835
MF0801,HAPUGASTENNE ,2022,6,12547,5722,16554,34823,3271
MF0801,HAPUGASTENNE ,2022,7,12012,10299,10798,33109,2645
MF0801,HAPUGASTENNE ,2022,8,4578,14706,3619,22903,3759
MF0801,HAPUGASTENNE ,2022,8,1195,713,416,2324,0
MF0801,HAPUGASTENNE ,2022,9,7855,13514,5355,26724,3063
MF0801,HAPUGASTENNE ,2022,9,4784,6657,2335,13776,0
MF0801,HAPUGASTENNE ,2022,10,11760,14794,6419,32973,3541
MF0801,HAPUGASTENNE ,2022,11,12310.5,8201,7647,28158.5,2506
MF0801,HAPUGASTENNE ,2022,11,11,0,0,11,2506
MF0801,HAPUGASTENNE ,2022,12,12563.5,7876,5676,26115.5,3141
MF0801,HAPUGASTENNE ,2022,12,0,0,0,0,0
MF0903,Maliboda,2022,1,0,40665,0,40665,3913
MF0903,Maliboda,2022,2,0,30000,0,30000,2820
MF0903,Maliboda,2022,3,41695,0,0,41695,2222
MF0903,Maliboda,2022,4,0,46541,0,46541,4301
MF0903,Maliboda,2022,5,0,56021,0,56021,5202
MF0903,Maliboda,2022,6,0,47946,0,47946,4190
MF0903,Maliboda,2022,7,0,42888,0,42888,3456
MF0903,Maliboda,2022,8,0,34645,0,34645,3037
MF0903,Maliboda,2022,9,0,35601,0,35601,3726
MF0903,Maliboda,2022,10,0,28928,0,28928,2550
MF0903,Maliboda,2022,11,0,34225,0,34225,2903
MF0903,Maliboda,2022,12,0,32541,0,32541,2205
MF0905,Millavitiya ,2022,1,0,40270,0,40270,3490
MF0905,Millavitiya ,2022,2,0,34616,0,34616,3012
MF0905,Millavitiya ,2022,3,0,40677,0,40677,3537
MF0905,Millavitiya ,2022,4,0,28884,0,28884,2513
MF0905,Millavitiya ,2022,5,0,23445,0,23445,2041
MF0905,Millavitiya ,2022,6,0,30717,0,30717,2672
MF0905,Millavitiya ,2022,7,0,27043,0,27043,2392
MF0905,Millavitiya ,2022,8,0,25515,0,25515,2218
MF0905,Millavitiya ,2022,9,0,31844,0,31844,2392
MF0905,Millavitiya ,2022,10,0,32297,0,32297,2808
MF0905,Millavitiya ,2022,11,0,33991,0,33991,3527
MF0905,Millavitiya ,2022,12,0,31803,0,31803,3135
MF0906,Palm Garden,2022,1,259,22349,1905,24513,3476
MF0906,Palm Garden,2022,2,215,17179.5,5809,23203.5,3737
MF0906,Palm Garden,2022,3,219,22406,3907,26532,3799
MF0906,Palm Garden,2022,4,171,6047,2386,8604,1026
MF0906,Palm Garden,2022,5,218,18754,1968,20940,2933
MF0906,Palm Garden,2022,6,175,12408,3225,15808,1733
MF0906,Palm Garden,2022,7,193,20101.5,65,20359.5,2858
MF0906,Palm Garden,2022,8,153,11287,57,11497,1895
MF0906,Palm Garden,2022,9,140.5,19218,68,19426.5,2912
MF0906,Palm Garden,2022,10,117,16834,49,17000,1982
MF0906,Palm Garden,2022,11,157,12824,76,13057,2223.5
MF0906,Palm Garden,2022,12,137,16548.5,89,16774.5,2007
MF0909,Allerton,2022,1,0,40327,0,40327,1207
MF0909,Allerton,2022,2,0,78866,0,78866,2367
MF0909,Allerton,2022,3,3024.7,6460,0,9484.7,1939
MF0909,Allerton,2022,4,0,49062,0,49062,1474
MF0909,Allerton,2022,5,0,54725,0,54725,1644
MF0909,Allerton,2022,6,30640,39339,0,69979,1179
MF0909,Allerton,2022,7,0,24658,0,24658,738
MF0909,Allerton,2022,8,480,15332,0,15812,462
MF0909,Allerton,2022,9,0,16950,0,16950,1355
MF0909,Allerton,2022,10,0,22766,0,22766,1821
MF0909,Allerton,2022,11,0,10115,0,10115,809
MF0909,Allerton,2022,12,0,0,0,0,0
MF0946,Rajjuruwatta,2022,1,0,62491,0,62491,5422
MF0946,Rajjuruwatta,2022,2,0,54737,0,54737,2577
MF0946,Rajjuruwatta,2022,3,0,63650,0,63650,2999
MF0946,Rajjuruwatta,2022,4,0,72580,0,72580,3420
MF0946,Rajjuruwatta,2022,5,0,67312,0,67312,3172
MF0946,Rajjuruwatta,2022,6,0,65260,0,65260,3075
MF0946,Rajjuruwatta,2022,7,0,69747,0,69747,3287
MF0946,Rajjuruwatta,2022,8,0,63537,0,63537,2736
MF0946,Rajjuruwatta,2022,9,0,65677,0,65677,3095
MF0946,Rajjuruwatta,2022,10,0,49002,0,49002,2310
MF0946,Rajjuruwatta,2022,11,0,46809,0,46809,2207
MF0946,Rajjuruwatta,2022,12,0,54996,0,54996,2581
MF1057,Dedugala,2022,1,0,25594,0,25594,2215
MF1057,Dedugala,2022,2,0,17443,0,17443,1507
MF1057,Dedugala,2022,3,0,22116,0,22116,1910
MF1057,Dedugala,2022,4,0,28147,0,28147,2439
MF1057,Dedugala,2022,5,0,26390,0,26390,2254
MF1057,Dedugala,2022,6,0,23526,0,23526,2048
MF1057,Dedugala,2022,7,0,24714,0,24714,2088
MF1057,Dedugala,2022,8,0,18153,0,18153,1559
MF1057,Dedugala,2022,9,0,20174,0,20174,1765
MF1057,Dedugala,2022,10,0,18377,0,18377,1496
MF1057,Dedugala,2022,11,0,17494,0,17494,1518
MF1057,Dedugala,2022,12,0,16502,0,16502,1428
MF1075,Kadigalahena,2022,1,0,42488,0,42488,3766
MF1075,Kadigalahena,2022,2,0,38954,0,38954,3160
MF1075,Kadigalahena,2022,3,1670,49884,0,51554,4011
MF1075,Kadigalahena,2022,4,0,50230,0,50230,4087
MF1075,Kadigalahena,2022,5,0,53095,0,53095,4435
MF1075,Kadigalahena,2022,6,3280,42541,0,45821,3695
MF1075,Kadigalahena,2022,7,500,39649,0,40149,3320
MF1075,Kadigalahena,2022,8,600,37528,0,38128,2847
MF1075,Kadigalahena,2022,9,930,42391,0,43321,3456
MF1075,Kadigalahena,2022,10,0,36663,0,36663,3056
MF1075,Kadigalahena,2022,11,0,44686,0,44686,3675
MF1075,Kadigalahena,2022,12,695,33742,0,34437,2767
MF1110,Gilimale Tea Shakthi ,2022,11,0,4750,0,4750,407
MF1110,Gilimale Tea Shakthi ,2022,12,0,12796,0,12796,856
MF1172,New Vithanakanda,2022,1,603,152921,0,153524,21882
MF1172,New Vithanakanda,2022,2,425,130466,0,130891,22300
MF1172,New Vithanakanda,2022,3,508,152784,0,153292,20593
MF1172,New Vithanakanda,2022,4,428,127424,0,127852,17435
MF1172,New Vithanakanda,2022,5,412,123295,0,123707,16869
MF1172,New Vithanakanda,2022,6,524,142221,0,142745,19848
MF1172,New Vithanakanda,2022,7,303,116638,0,116941,25170
MF1172,New Vithanakanda,2022,8,360,126197.5,0,126557.5,18131
MF1172,New Vithanakanda,2022,9,440,134409,0,134849,16958
MF1172,New Vithanakanda,2022,10,558,120397,0,120955,16682
MF1172,New Vithanakanda,2022,11,568,136408,0,136976,17149
MF1172,New Vithanakanda,2022,12,546,126546,0,127092,16814
MF1217,GALPADITENNE ,2022,1,0,170088,0,170088,14536
MF1217,GALPADITENNE ,2022,1,0,81704,0,81704,0
MF1217,GALPADITENNE ,2022,2,0,182117,0,182117,13970
MF1217,GALPADITENNE ,2022,2,4160,33794,0,37954,0
MF1217,GALPADITENNE ,2022,3,0,229616,0,229616,25719
MF1217,GALPADITENNE ,2022,3,0,32765,0,32765,0
MF1217,GALPADITENNE ,2022,4,0,204690,0,204690,16075
MF1217,GALPADITENNE ,2022,4,0,45964,0,45964,0
MF1217,GALPADITENNE ,2022,5,0,232977,0,232977,0
MF1217,GALPADITENNE ,2022,5,0,44665,0,44665,13873
MF1217,GALPADITENNE ,2022,6,0,179290,0,179290,31498
MF1217,GALPADITENNE ,2022,6,1117,41526,0,42643,0
MF1217,GALPADITENNE ,2022,7,0,144648,0,144648,0
MF1217,GALPADITENNE ,2022,7,92793,0,0,92793,23814
MF1217,GALPADITENNE ,2022,8,0,128119,0,128119,0
MF1217,GALPADITENNE ,2022,8,900,75670,0,76570,18346
MF1217,GALPADITENNE ,2022,9,0,200690,0,200690,22900
MF1217,GALPADITENNE ,2022,9,2500,50596,0,53096,22900
MF1217,GALPADITENNE ,2022,10,0,201958,0,201958,15320
MF1217,GALPADITENNE ,2022,10,0,27815,0,27815,15320
MF1217,GALPADITENNE ,2022,11,0,22812,0,22812,25466
MF1217,GALPADITENNE ,2022,12,0,183527,0,183527,27875
MF1217,GALPADITENNE ,2022,12,0,35966,0,35966,0
MF1264,AVISSAWELLA,2022,1,0,83219,0,83219,2258
MF1264,AVISSAWELLA,2022,2,0,50412,0,50412,1297
MF1264,AVISSAWELLA,2022,3,0,76687,0,76687,1931
MF1264,AVISSAWELLA,2022,4,0,81779,0,81779,1880
MF1264,AVISSAWELLA,2022,5,0,92806,0,92806,2162
MF1264,AVISSAWELLA,2022,6,0,92068,0,92068,2230
MF1264,AVISSAWELLA,2022,7,0,96033,0,96033,2304
MF1264,AVISSAWELLA,2022,8,0,107662,0,107662,2742
MF1264,AVISSAWELLA,2022,9,0,114303,0,114303,2799
MF1264,AVISSAWELLA,2022,10,0,110563,0,110563,2529
MF1264,AVISSAWELLA,2022,11,0,122613,0,122613,2730
MF1264,AVISSAWELLA,2022,12,0,100421,0,100421,2621
MF1266,KENDALANDA,2022,1,684,60681,0,61365,2958
MF1266,KENDALANDA,2022,2,411,42917,0,43328,2232
MF1266,KENDALANDA,2022,3,643,57699,0,58342,3265
MF1266,KENDALANDA,2022,4,498,57964,0,58462,3402
MF1266,KENDALANDA,2022,5,597,59828,0,60425,3516
MF1266,KENDALANDA,2022,6,597,59828,0,60425,3516
MF1266,KENDALANDA,2022,7,454,65965,0,66419,3865
MF1266,KENDALANDA,2022,8,405,64128,0,64533,3792
MF1266,KENDALANDA,2022,9,464,74955,0,75419,3969
MF1266,KENDALANDA,2022,10,353,59098,0,59451,3794
MF1266,KENDALANDA,2022,11,456,59782,0,60238,5380
MF1266,KENDALANDA,2022,12,586,60289,0,60875,5655
MF1281,ST.JOACHIM ,2022,1,1706,21424,0,23130,2265
MF1281,ST.JOACHIM ,2022,2,1045,20704,0,21749,2475
MF1281,ST.JOACHIM ,2022,3,1460,24983,0,26443,2687
MF1281,ST.JOACHIM ,2022,4,1327,24402,0,25729,2615
MF1281,ST.JOACHIM ,2022,5,1527,24862,0,26389,3132
MF1281,ST.JOACHIM ,2022,6,1540,21329,0,22869,3082
MF1281,ST.JOACHIM ,2022,7,1381,21439,0,22820,3488
MF1281,ST.JOACHIM ,2022,8,1260,21269,0,22529,2943
MF1281,ST.JOACHIM ,2022,9,1085,22123,0,23208,2866
MF1281,ST.JOACHIM ,2022,10,1070,21262,0,22332,2505
MF1281,ST.JOACHIM ,2022,11,1217,25196,0,26413,3127
MF1281,ST.JOACHIM ,2022,12,1112,25988,0,27100,3580
MF1284,NEW PANAWENNA ,2022,1,0,22340,0,22340,2900
MF1284,NEW PANAWENNA ,2022,2,0,16842,0,16842,1802
MF1284,NEW PANAWENNA ,2022,3,0,21711,0,21711,2538
MF1284,NEW PANAWENNA ,2022,4,0,21874,0,21874,2216
MF1284,NEW PANAWENNA ,2022,5,0,23122,0,23122,2874
MF1284,NEW PANAWENNA ,2022,6,0,22686,0,22686,3041
MF1284,NEW PANAWENNA ,2022,7,0,21425,0,21425,2888
MF1284,NEW PANAWENNA ,2022,8,0,20794,0,20794,2926
MF1284,NEW PANAWENNA ,2022,9,0,23089,0,23089,3658
MF1284,NEW PANAWENNA ,2022,10,0,26904,0,26904,3801
MF1284,NEW PANAWENNA ,2022,11,0,31208,0,31208,3727
MF1284,NEW PANAWENNA ,2022,12,0,26119,0,26119,2222
MF1286,SAMARAKANDA TEA PROCESSING CENTRE,2022,1,0,15082,0,15082,31682
MF1286,SAMARAKANDA TEA PROCESSING CENTRE,2022,2,0,17307.5,0,17307.5,33974
MF1286,SAMARAKANDA TEA PROCESSING CENTRE,2022,3,0,14646,0,14646,27966
MF1286,SAMARAKANDA TEA PROCESSING CENTRE,2022,4,0,17245.5,0,17245.5,31925
MF1286,SAMARAKANDA TEA PROCESSING CENTRE,2022,5,0,18962,0,18962,39451
MF1286,SAMARAKANDA TEA PROCESSING CENTRE,2022,6,0,18704,0,18704,38721
MF1286,SAMARAKANDA TEA PROCESSING CENTRE,2022,7,0,18848.5,0,18848.5,39239
MF1286,SAMARAKANDA TEA PROCESSING CENTRE,2022,8,0,17951.5,0,17951.5,37628
MF1286,SAMARAKANDA TEA PROCESSING CENTRE,2022,9,0,11452.5,0,11452.5,27054
MF1286,SAMARAKANDA TEA PROCESSING CENTRE,2022,10,0,13987,0,13987,31135
MF1286,SAMARAKANDA TEA PROCESSING CENTRE,2022,11,0,12539.5,0,12539.5,27307
MF1286,SAMARAKANDA TEA PROCESSING CENTRE,2022,12,0,14113,0,14113,29686
MF1297,ILLUKTENNE,2022,1,1801,20723,0,22524,1613
MF1297,ILLUKTENNE,2022,2,0,13544,826.5,14370.5,1224
MF1297,ILLUKTENNE,2022,3,0,17251,1422,18673,2937
MF1297,ILLUKTENNE,2022,4,0,18708,1257,19965,1197
MF1297,ILLUKTENNE,2022,5,0,23659,1245,24904,1814
MF1297,ILLUKTENNE,2022,6,0,17727,1342,19069,1190
MF1297,ILLUKTENNE,2022,7,0,25425,1692,27117,2402
MF1297,ILLUKTENNE,2022,8,0,24063.5,1429,25492.5,1868
MF1297,ILLUKTENNE,2022,9,0,22731.5,1395,24126.5,2437
MF1297,ILLUKTENNE,2022,10,0,21919.5,1309.5,23229,2167
MF1297,ILLUKTENNE,2022,11,0,24199,1428,25627,1560
MF1297,ILLUKTENNE,2022,12,0,22267,1323,23590,6755
MF1304,KEHELWALA ,2022,1,1325,33585,0,34910,2837
MF1304,KEHELWALA ,2022,2,613,27034,0,27647,3047
MF1304,KEHELWALA ,2022,3,1224,32840,0,34064,3747
MF1304,KEHELWALA ,2022,4,1015,30030,0,31045,2872
MF1304,KEHELWALA ,2022,5,1074,32071,0,33145,3805
MF1304,KEHELWALA ,2022,6,1263,31383,0,32646,4194
MF1304,KEHELWALA ,2022,7,1082,34189,0,35271,4966
MF1304,KEHELWALA ,2022,8,1208.5,27382,0,28590.5,4440
MF1304,KEHELWALA ,2022,9,1194,29167,0,30361,4797
MF1304,KEHELWALA ,2022,10,912,21530,0,22442,25903
MF1304,KEHELWALA ,2022,11,1211,20838,0,22049,4013
MF1304,KEHELWALA ,2022,12,1469,27390,0,28859,3360
MF1308,New Udakada,2022,1,0,30065,0,30065,2405
MF1308,New Udakada,2022,2,0,21720,0,21720,1738
MF1308,New Udakada,2022,3,0,27233,0,27233,2179
MF1308,New Udakada,2022,4,0,21939,0,21939,1755
MF1308,New Udakada,2022,5,0,21877,0,21877,1750
MF1308,New Udakada,2022,6,0,14057,0,14057,1125
MF1308,New Udakada,2022,7,0,15056,0,15056,1204
MF1308,New Udakada,2022,8,0,14796,0,14796,1184
MF1308,New Udakada,2022,9,0,14664,0,14664,1173
MF1308,New Udakada,2022,10,0,16937,0,16937,1355
MF1308,New Udakada,2022,11,0,21280,0,21280,1702
MF1308,New Udakada,2022,12,0,15967,0,15967,1277
MF1316,Kolonna,2022,1,0,45627,0,45627,3030
MF1316,Kolonna,2022,2,0,32750,0,32750,1867
MF1316,Kolonna,2022,3,0,43182.5,0,43182.5,4657
MF1316,Kolonna,2022,5,0,59477,0,59477,6597
MF1316,Kolonna,2022,6,0,49730,0,49730,5513
MF1316,Kolonna,2022,7,0,47574,0,47574,3050
MF1316,Kolonna,2022,8,0,37053,0,37053,1852
MF1316,Kolonna,2022,9,0,29406,0,29406,1520
MF1316,Kolonna,2022,11,0,28031,0,28031,1777
MF1316,Kolonna,2022,12,0,26661,0,26661,1691
MF1317,Deshika,2022,1,0,42983,0,42983,3193
MF1317,Deshika,2022,2,0,24276,0,24276,1822
MF1317,Deshika,2022,3,0,45983,0,45983,3410
MF1317,Deshika,2022,4,0,0,0,0,0
MF1317,Deshika,2022,5,0,42159,0,42159,3087
MF1317,Deshika,2022,6,0,31993,0,31993,1653
MF1317,Deshika,2022,7,0,27457,0,27457,1422
MF1317,Deshika,2022,10,0,26675,0,26675,3456
MF1317,Deshika,2022,11,0,26511,0,26511,1245
MF1317,Deshika,2022,12,0,29680,0,29680,1416
MF1343,Kongahawatte,2022,1,0,82972,0,82972,8138
MF1343,Kongahawatte,2022,2,0,75554,0,75554,6249
MF1343,Kongahawatte,2022,3,0,92753,0,92753,7964
MF1343,Kongahawatte,2022,4,0,83146,0,83146,5306
MF1343,Kongahawatte,2022,5,0,79640,0,79640,5573
MF1343,Kongahawatte,2022,6,0,71829,0,71829,4838
MF1343,Kongahawatte,2022,7,0,73430,0,73430,4686
MF1343,Kongahawatte,2022,8,0,63301,0,63301,6261
MF1343,Kongahawatte,2022,9,0,86497,0,86497,6791
MF1343,Kongahawatte,2022,10,0,72259,0,72259,6490
MF1343,Kongahawatte,2022,11,0,83382,0,83382,6488
MF1343,Kongahawatte,2022,12,0,71607,0,71607,6280
MF1354,Peak Paradise,2022,1,0,57750,0,57750,2309
MF1354,Peak Paradise,2022,2,0,39360,0,39360,1571
MF1354,Peak Paradise,2022,3,0,52715,0,52715,2106
MF1354,Peak Paradise,2022,4,0,51698,0,51698,2071
MF1354,Peak Paradise,2022,5,0,53286,0,53286,2328
MF1354,Peak Paradise,2022,6,0,59673,0,59673,2386
MF1354,Peak Paradise,2022,7,0,48393,0,48393,1937
MF1354,Peak Paradise,2022,8,0,51373,0,51373,2053
MF1354,Peak Paradise,2022,9,0,42925,0,42925,1715
MF1354,Peak Paradise,2022,10,0,43235,0,43235,1730
MF1354,Peak Paradise,2022,11,0,55839,0,55839,2231
MF1354,Peak Paradise,2022,12,0,48595,0,48595,1940
MF1363,New Nawalakanda,2022,1,0,88909,0,88909,13521
MF1363,New Nawalakanda,2022,2,0,76848,0,76848,11514
MF1363,New Nawalakanda,2022,3,0,99317,0,99317,14709
MF1363,New Nawalakanda,2022,4,0,104901,0,104901,14332
MF1363,New Nawalakanda,2022,5,0,111311,0,111311,15611
MF1363,New Nawalakanda,2022,6,0,85457,0,85457,12230
MF1363,New Nawalakanda,2022,7,0,85501,0,85501,12438
MF1363,New Nawalakanda,2022,8,0,85040,0,85040,12539
MF1363,New Nawalakanda,2022,9,0,116650,0,116650,15756
MF1363,New Nawalakanda,2022,10,0,98743,0,98743,13147
MF1363,New Nawalakanda,2022,11,0,88440,0,88440,11662
MF1363,New Nawalakanda,2022,12,0,73820,0,73820,9077
MF1365,Nawagamuwahena,2022,1,0,81323,0,81323,6541
MF1365,Nawagamuwahena,2022,2,0,56415,0,56415,4538
MF1365,Nawagamuwahena,2022,3,0,73658,0,73658,7455
MF1365,Nawagamuwahena,2022,4,0,67993,0,67993,5463
MF1365,Nawagamuwahena,2022,5,0,65549,148415.5,213964.5,5265
MF1365,Nawagamuwahena,2022,6,0,64824,0,64824,5205
MF1365,Nawagamuwahena,2022,7,0,2480,0,2480,199
MF1365,Nawagamuwahena,2022,8,0,94217,0,94217,7571
MF1365,Nawagamuwahena,2022,9,0,122337,0,122337,9872
MF1365,Nawagamuwahena,2022,10,0,0,104810,104810,8422
MF1365,Nawagamuwahena,2022,11,0,122552,0,122552,9850
MF1365,Nawagamuwahena,2022,12,0,109618,0,109618,8807
MF1368,New Temple View,2022,1,0,27598,0,27598,1353
MF1368,New Temple View,2022,2,0,28128,0,28128,1379
MF1368,New Temple View,2022,3,0,38253,0,38253,1875
MF1368,New Temple View,2022,4,0,33441,0,33441,1640
MF1368,New Temple View,2022,5,0,35858,0,35858,1758
MF1368,New Temple View,2022,6,0,36025,0,36025,1775
MF1368,New Temple View,2022,7,0,27634,0,27634,1362
MF1368,New Temple View,2022,8,0,28298,0,28298,1394
MF1368,New Temple View,2022,9,0,30124,0,30124,1434
MF1368,New Temple View,2022,10,0,31083,0,31083,1531
MF1368,New Temple View,2022,11,0,36883,0,36883,1817
MF1368,New Temple View,2022,12,0,33825,0,33825,1666
MF1387,A.C.U.,2022,1,0,36437,0,36437,1786
MF1387,A.C.U.,2022,2,0,30579,0,30579,1499
MF1387,A.C.U.,2022,3,0,37493,0,37493,1847
MF1387,A.C.U.,2022,4,0,36307,0,36307,1789
MF1387,A.C.U.,2022,5,0,36484,0,36484,1797
MF1387,A.C.U.,2022,6,0,34851,0,34851,1717
MF1387,A.C.U.,2022,7,0,33891,0,33891,1669
MF1387,A.C.U.,2022,8,0,41013,0,41013,2021
MF1387,A.C.U.,2022,9,0,36682,0,36682,1807
MF1387,A.C.U.,2022,10,0,36356,0,36356,1791
MF1387,A.C.U.,2022,11,0,40134,0,40134,1977
MF1387,A.C.U.,2022,12,0,39865,0,39865,1964
MF1392,Hidellana,2022,1,0,74623,0,74623,5210
MF1392,Hidellana,2022,2,0,59554,0,59554,3660
MF1392,Hidellana,2022,3,0,79003,0,79003,5355
MF1392,Hidellana,2022,4,0,86220,0,86220,6795
MF1392,Hidellana,2022,5,0,91224,0,91224,11340
MF1392,Hidellana,2022,6,0,86202,0,86202,8620
MF1392,Hidellana,2022,7,0,85330,0,85330,6826
MF1392,Hidellana,2022,8,0,90146,0,90146,5395
MF1392,Hidellana,2022,9,0,86889,0,86889,5213
MF1392,Hidellana,2022,10,0,92903,0,92903,5680
MF1392,Hidellana,2022,11,0,94840,0,94840,5750
MF1392,Hidellana,2022,12,0,88102,0,88102,5287
MF1397,New Ferndale,2022,1,0,26406,0,26406,2294
MF1397,New Ferndale,2022,2,0,20757,0,20757,1805
MF1397,New Ferndale,2022,3,0,23217,0,23217,2020
MF1397,New Ferndale,2022,4,0,23269,0,23269,2020
MF1397,New Ferndale,2022,5,0,24652,0,24652,2142
MF1397,New Ferndale,2022,6,0,16018,0,16018,1400
MF1397,New Ferndale,2022,7,0,14182,0,14182,1231
MF1397,New Ferndale,2022,8,0,16034,0,16034,1392
MF1397,New Ferndale,2022,9,0,20623,0,20623,1793
MF1397,New Ferndale,2022,10,0,18836,0,18836,1488
MF1397,New Ferndale,2022,11,0,20978,0,20978,1902
MF1397,New Ferndale,2022,12,0,16970,0,16970,0
MF1418,Doralawitiyahena,2022,1,0,32805,0,32805,1701
MF1418,Doralawitiyahena,2022,2,0,25805,0,25805,2221
MF1418,Doralawitiyahena,2022,3,0,31479,0,31479,2312
MF1418,Doralawitiyahena,2022,4,0,31417,0,31417,1795
MF1418,Doralawitiyahena,2022,5,0,33353,0,33353,2400
MF1418,Doralawitiyahena,2022,6,0,29808,0,29808,1767
MF1418,Doralawitiyahena,2022,7,0,28312,0,28312,1675
MF1418,Doralawitiyahena,2022,8,0,24277,0,24277,1245
MF1418,Doralawitiyahena,2022,9,0,27177,0,27177,1888
MF1418,Doralawitiyahena,2022,10,0,23934,0,23934,1775
MF1418,Doralawitiyahena,2022,11,0,30249,0,30249,1848
MF1418,Doralawitiyahena,2022,12,0,26073,0,26073,1750
MF1436,New Wewelkandura,2022,1,0,43462.7,0,43462.7,2398.5
MF1436,New Wewelkandura,2022,2,0,37748.1,0,37748.1,3756.1
MF1436,New Wewelkandura,2022,3,0,61274.2,0,61274.2,6990.3
MF1436,New Wewelkandura,2022,4,0,54158.2,0,54158.2,4908.4
MF1436,New Wewelkandura,2022,5,0,55449.6,0,55449.6,7155.8
MF1436,New Wewelkandura,2022,6,0,55553.9,0,55553.9,5885.9
MF1436,New Wewelkandura,2022,7,0,67000.7,0,67000.7,4634.8
MF1436,New Wewelkandura,2022,8,0,51611.6,0,51611.6,6411.6
MF1436,New Wewelkandura,2022,9,0,60780.6,0,60780.6,5645.3
MF1436,New Wewelkandura,2022,10,0,54963.9,0,54963.9,6113.9
MF1436,New Wewelkandura,2022,11,0,52394.5,0,52394.5,2979.1
MF1436,New Wewelkandura,2022,12,0,40206,0,40206,3510.4
MF1440,Nivithigala,2022,1,0,58797,0,58797,6855
MF1440,Nivithigala,2022,2,0,51982,0,51982,3801
MF1440,Nivithigala,2022,3,0,68088,0,68088,4876
MF1440,Nivithigala,2022,4,0,55251,0,55251,4146
MF1440,Nivithigala,2022,5,0,63233,0,63233,4749
MF1440,Nivithigala,2022,6,0,64133,0,64133,4523
MF1440,Nivithigala,2022,7,0,53524,0,53524,3828
MF1440,Nivithigala,2022,8,0,56365,0,56365,3955
MF1440,Nivithigala,2022,9,0,60556,0,60556,5287
MF1440,Nivithigala,2022,10,0,57672,0,57672,4281
MF1440,Nivithigala,2022,11,0,63819,0,63819,6558
MF1440,Nivithigala,2022,12,0,55354,0,55354,4947
MF1441,Falcon,2022,1,0,102471,0,102471,9045
MF1441,Falcon,2022,2,0,80671,0,80671,6152
MF1441,Falcon,2022,3,0,106257,0,106257,9267
MF1441,Falcon,2022,4,0,108672,0,108672,9504
MF1441,Falcon,2022,5,0,113544,0,113544,10361
MF1441,Falcon,2022,6,0,108115,0,108115,11351
MF1441,Falcon,2022,7,0,95567,0,95567,9963
MF1441,Falcon,2022,8,0,94998,0,94998,10248
MF1441,Falcon,2022,9,0,99704,0,99704,10472
MF1441,Falcon,2022,10,0,101987,0,101987,8667
MF1441,Falcon,2022,11,0,117525,0,117525,8336
MF1441,Falcon,2022,12,0,99545,0,99545,10167
MF1442,Veddagala,2022,1,0,45146,0,45146,4570
MF1442,Veddagala,2022,1,0,10772,0,10772,0
MF1442,Veddagala,2022,2,0,34055,0,34055,3292
MF1442,Veddagala,2022,2,0,6686,0,6686,0
MF1442,Veddagala,2022,3,0,47649,0,47649,4402
MF1442,Veddagala,2022,3,0,1826,0,1826,4402
MF1442,Veddagala,2022,4,0,46126,0,46126,4080
MF1442,Veddagala,2022,5,0,45206,0,45206,4025
MF1442,Veddagala,2022,6,0,37951,0,37951,3367
MF1442,Veddagala,2022,7,0,44775,0,44775,4330
MF1442,Veddagala,2022,8,0,39376,0,39376,3142
MF1442,Veddagala,2022,9,0,46973,1600,48573,4463
MF1442,Veddagala,2022,9,0,0,0,0,0
MF1442,Veddagala,2022,10,0,43917,0,43917,4934
MF1442,Veddagala,2022,11,0,42538,480,43018,5780
MF1442,Veddagala,2022,12,0,44255,160,44415,6010
MF1453,Kalawana,2022,1,0,56318,0,56318,6695
MF1453,Kalawana,2022,2,0,45108,0,45108,4388
MF1453,Kalawana,2022,3,0,49713,0,49713,3210
MF1453,Kalawana,2022,4,0,60949,0,60949,10989
MF1453,Kalawana,2022,5,0,71896,0,71896,4571
MF1453,Kalawana,2022,6,0,49033,0,49033,5664
MF1453,Kalawana,2022,7,0,37368,0,37368,2858
MF1453,Kalawana,2022,8,0,23597,0,23597,2899
MF1453,Kalawana,2022,9,0,26617,0,26617,13885
MF1453,Kalawana,2022,10,0,11699,0,11699,1298
MF1453,Kalawana,2022,11,0,0,0,0,0
MF1453,Kalawana,2022,12,0,0,0,0,0
MF1456,Deerwood,2022,1,0,61923,0,61923,2473
MF1456,Deerwood,2022,2,0,47798,0,47798,1909
MF1456,Deerwood,2022,3,0,54568,0,54568,2178
MF1456,Deerwood,2022,4,0,55792,0,55792,2230
MF1456,Deerwood,2022,5,0,58511,0,58511,2338
MF1456,Deerwood,2022,6,0,49231,0,49231,1965
MF1456,Deerwood,2022,7,0,50434,0,50434,2014
MF1456,Deerwood,2022,8,0,37027,0,37027,1445
MF1456,Deerwood,2022,9,0,54568,0,54568,1795
MF1456,Deerwood,2022,10,0,47641,0,47641,1904
MF1456,Deerwood,2022,11,0,49069,0,49069,1962
MF1456,Deerwood,2022,12,0,51725,0,51725,2066
MF1458,Seron,2022,1,0,18732,0,18732,1486
MF1458,Seron,2022,2,0,23461,0,23461,1789
MF1458,Seron,2022,3,0,12779,0,12779,954
MF1458,Seron,2022,4,0,23639,0,23639,1745
MF1458,Seron,2022,5,0,25981,0,25981,1953
MF1458,Seron,2022,6,0,15107,600,15707,1189
MF1458,Seron,2022,7,0,19080,0,19080,1504
MF1458,Seron,2022,8,0,3845,0,3845,331
MF1458,Seron,2022,9,0,29032,0,29032,2508
MF1458,Seron,2022,10,0,15756,0,15756,1361
MF1458,Seron,2022,11,0,8314,0,8314,665
MF1458,Seron,2022,12,1110,17396,0,18506,1531
MF1459,New Laksakanda,2022,1,0,104276,0,104276,5420
MF1459,New Laksakanda,2022,2,0,86993,0,86993,4529
MF1459,New Laksakanda,2022,3,0,108262,0,108262,5668
MF1459,New Laksakanda,2022,4,0,90609,0,90609,3544
MF1459,New Laksakanda,2022,5,0,89661,0,89661,4190
MF1459,New Laksakanda,2022,6,0,76228,0,76228,3150
MF1459,New Laksakanda,2022,7,0,102740,0,102740,3775
MF1459,New Laksakanda,2022,8,0,89759,0,89759,5877
MF1459,New Laksakanda,2022,9,0,92146,0,92146,5803
MF1459,New Laksakanda,2022,10,0,93451,0,93451,5814
MF1459,New Laksakanda,2022,11,0,90298,0,90298,6596
MF1459,New Laksakanda,2022,12,0,106562,0,106562,5503
MF1463,Peekview,2022,1,0,96328,0,96328,6595
MF1463,Peekview,2022,2,0,78032,0,78032,8658
MF1463,Peekview,2022,3,0,79228,0,79228,10142
MF1463,Peekview,2022,4,0,78886,0,78886,9388
MF1463,Peekview,2022,5,0,85471,0,85471,8050
MF1463,Peekview,2022,6,0,85471,0,85471,8050
MF1463,Peekview,2022,7,0,77578,0,77578,6694
MF1463,Peekview,2022,8,0,65535,0,65535,5532
MF1463,Peekview,2022,9,0,67165,0,67165,5511
MF1463,Peekview,2022,10,0,64669,0,64669,5161
MF1463,Peekview,2022,11,0,67173,820,67993,5622
MF1463,Peekview,2022,12,0,57366,160,57526,5017
MF1466,Tea Lanka,2022,1,0,38823,0,38823,2031
MF1466,Tea Lanka,2022,2,0,0,0,0,0
MF1466,Tea Lanka,2022,7,0,17380,0,17380,908
MF1466,Tea Lanka,2022,8,0,22007,0,22007,1201
MF1466,Tea Lanka,2022,9,0,26797,0,26797,1677
MF1466,Tea Lanka,2022,10,0,20693,0,20693,1297
MF1466,Tea Lanka,2022,11,0,36759,0,36759,2310
MF1466,Tea Lanka,2022,12,0,38578,0,38578,2429
MF1467,Daduwangala Watte,2022,1,0,33701,0,33701,1772
MF1467,Daduwangala Watte,2022,2,0,25519,0,25519,1344
MF1467,Daduwangala Watte,2022,3,0,35064,0,35064,1846
MF1467,Daduwangala Watte,2022,4,0,38338,0,38338,2021
MF1467,Daduwangala Watte,2022,5,0,49824,0,49824,2623
MF1467,Daduwangala Watte,2022,6,0,48427,0,48427,2549
MF1467,Daduwangala Watte,2022,7,0,46902,0,46902,2470
MF1467,Daduwangala Watte,2022,8,0,45152,0,45152,2378
MF1467,Daduwangala Watte,2022,9,0,45630,0,45630,2403
MF1467,Daduwangala Watte,2022,10,0,44271,0,44271,2331
MF1467,Daduwangala Watte,2022,11,0,33337,0,33337,1755
MF1467,Daduwangala Watte,2022,12,0,32589,0,32589,1718
MF1470,Karawita,2022,4,0,41510,0,41510,1702
MF1470,Karawita,2022,6,0,45332,0,45332,1813
MF1470,Karawita,2022,7,0,42542,0,42542,1702
MF1470,Karawita,2022,8,0,39552,0,39552,4041
MF1470,Karawita,2022,9,0,42946,0,42946,1718
MF1470,Karawita,2022,10,0,42946,0,42946,1718
MF1470,Karawita,2022,11,0,40001,0,40001,1668
MF1470,Karawita,2022,12,0,37972,0,37972,1583
MF1478,Sanora,2022,1,602,20178,0,20780,1797
MF1478,Sanora,2022,2,681,18077,0,18758,1624
MF1478,Sanora,2022,3,654,20874,0,21528,1863
MF1478,Sanora,2022,4,686,20911,0,21597,1873
MF1478,Sanora,2022,5,756,22699,0,23455,2026
MF1478,Sanora,2022,6,559,19247,0,19806,1710
MF1478,Sanora,2022,7,381,19636,0,20017,1726
MF1478,Sanora,2022,8,219,18384,0,18603,1613
MF1478,Sanora,2022,9,193,19508,0,19701,1698
MF1478,Sanora,2022,10,127,22715,0,22842,1971
MF1478,Sanora,2022,11,195,18976,0,19171,1654
MF1478,Sanora,2022,12,90,17086,0,17176,1472
MF1480,New Hopewell,2022,1,0,137660,0,137660,8948
MF1480,New Hopewell,2022,1,0,43116,0,43116,0
MF1480,New Hopewell,2022,2,0,128314,0,128314,6384
MF1480,New Hopewell,2022,2,30477,0,0,30477,0
MF1480,New Hopewell,2022,3,0,163847,0,163847,8762
MF1480,New Hopewell,2022,3,0,40876,0,40876,0
MF1480,New Hopewell,2022,4,0,135629,0,135629,7425
MF1480,New Hopewell,2022,4,0,40313,0,40313,7425
MF1480,New Hopewell,2022,5,0,153107,0,153107,8727
MF1480,New Hopewell,2022,5,0,55368,0,55368,0
MF1480,New Hopewell,2022,6,0,141233,0,141233,8649
MF1480,New Hopewell,2022,6,0,50428,0,50428,0
MF1480,New Hopewell,2022,7,0,118902,0,118902,6675
MF1480,New Hopewell,2022,7,0,47145,0,47145,0
MF1480,New Hopewell,2022,8,0,128575,0,128575,7018
MF1480,New Hopewell,2022,8,0,45168,0,45168,0
MF1480,New Hopewell,2022,9,0,137485,0,137485,6568
MF1480,New Hopewell,2022,10,0,114801,0,114801,6326
MF1480,New Hopewell,2022,10,0,43340,0,43340,0
MF1480,New Hopewell,2022,11,0,142389,0,142389,5403
MF1480,New Hopewell,2022,11,0,48488,0,48488,4780
MF1480,New Hopewell,2022,12,0,115752,0,115752,4406
MF1480,New Hopewell,2022,12,0,36416,0,36416,0
MF1483,Galaxy ,2022,1,0,56039,0,56039,4021
MF1483,Galaxy ,2022,2,0,48980,0,48980,3578
MF1483,Galaxy ,2022,3,0,46449,0,46449,3418
MF1483,Galaxy ,2022,4,0,53732,0,53732,4050
MF1483,Galaxy ,2022,5,0,54905,0,54905,3977
MF1483,Galaxy ,2022,6,0,46568,0,46568,3489
MF1483,Galaxy ,2022,7,0,48906,0,48906,3475
MF1483,Galaxy ,2022,8,0,51025,0,51025,3576
MF1483,Galaxy ,2022,9,0,42137,0,42137,4247
MF1483,Galaxy ,2022,10,0,50314,0,50314,3959
MF1483,Galaxy ,2022,11,0,45569,0,45569,4780
MF1483,Galaxy ,2022,12,0,47074,0,47074,3255
MF1487,Adams View,2022,1,0,48540,0,48540,3066
MF1487,Adams View,2022,2,0,40835,0,40835,2582
MF1487,Adams View,2022,3,0,53765,0,53765,3404
MF1487,Adams View,2022,4,0,54786,0,54786,3446
MF1487,Adams View,2022,5,0,64549,0,64549,4085
MF1487,Adams View,2022,6,0,61190,0,61190,3870
MF1487,Adams View,2022,7,0,51166,0,51166,3236
MF1487,Adams View,2022,8,0,46621,0,46621,2998
MF1487,Adams View,2022,9,0,56348,0,56348,3563
MF1487,Adams View,2022,10,0,50318,0,50318,3179
MF1487,Adams View,2022,11,0,53204,0,53204,3367
MF1487,Adams View,2022,12,0,51143,0,51143,3237
MF1488,Kukuleganga,2022,1,0,12025,0,12025,1041
MF1488,Kukuleganga,2022,2,0,14775,0,14775,1285
MF1488,Kukuleganga,2022,3,0,17694,0,17694,1539
MF1488,Kukuleganga,2022,4,0,13074,0,13074,1061
MF1488,Kukuleganga,2022,5,0,14026,0,14026,1225
MF1488,Kukuleganga,2022,6,0,13147,0,13147,1152
MF1488,Kukuleganga,2022,7,0,12123,0,12123,1062
MF1488,Kukuleganga,2022,8,0,15236,0,15236,1329
MF1488,Kukuleganga,2022,9,0,13545,0,13545,1180
MF1488,Kukuleganga,2022,10,0,20848,0,20848,1800
MF1488,Kukuleganga,2022,11,0,17319,0,17319,1500
MF1488,Kukuleganga,2022,12,0,16168,0,16168,1409
MF1491,New Doralavitiyahena,2022,1,0,47785.5,0,47785.5,0
MF1491,New Doralavitiyahena,2022,1,0,11428,0,11428,3412
MF1491,New Doralavitiyahena,2022,2,0,40757.5,0,40757.5,2732
MF1491,New Doralavitiyahena,2022,2,0,7001,0,7001,0
MF1491,New Doralavitiyahena,2022,3,0,3577,0,3577,2271
MF1491,New Doralavitiyahena,2022,3,0,58931,0,58931,0
MF1491,New Doralavitiyahena,2022,4,0,51128,0,51128,3413
MF1491,New Doralavitiyahena,2022,4,0,4992,0,4992,0
MF1491,New Doralavitiyahena,2022,5,0,58819,0,58819,3517
MF1491,New Doralavitiyahena,2022,5,0,5646,0,5646,0
MF1491,New Doralavitiyahena,2022,6,0,53441,0,53441,3307
MF1491,New Doralavitiyahena,2022,6,0,4267,0,4267,0
MF1491,New Doralavitiyahena,2022,8,0,41626,0,41626,2570
MF1491,New Doralavitiyahena,2022,8,0,9099,0,9099,0
MF1491,New Doralavitiyahena,2022,9,0,43720,0,43720,0
MF1491,New Doralavitiyahena,2022,9,0,4768,0,4768,2607
MF1491,New Doralavitiyahena,2022,10,0,45625,0,45625,0
MF1491,New Doralavitiyahena,2022,10,0,3807,0,3807,2603
MF1491,New Doralavitiyahena,2022,11,0,45970,0,45970,2919
MF1491,New Doralavitiyahena,2022,11,0,3997,0,3997,2919
MF1491,New Doralavitiyahena,2022,12,0,42724,0,42724,0
MF1491,New Doralavitiyahena,2022,12,0,4102,0,4102,2896
MF1495,Nilvin View,2022,1,0,77494,0,77494,3123
MF1495,Nilvin View,2022,2,0,60951,0,60951,2462
MF1495,Nilvin View,2022,3,0,68137,0,68137,2746
MF1495,Nilvin View,2022,4,0,67610,0,67610,2725
MF1495,Nilvin View,2022,5,0,89323,0,89323,3600
MF1495,Nilvin View,2022,6,0,64230,0,64230,2588
MF1495,Nilvin View,2022,7,0,44700,0,44700,1801
MF1495,Nilvin View,2022,8,0,42517,0,42517,1713
MF1495,Nilvin View,2022,9,0,54632,0,54632,3124
MF1495,Nilvin View,2022,10,0,46404,0,46404,2691
MF1495,Nilvin View,2022,11,0,62962,0,62962,3708
MF1495,Nilvin View,2022,12,0,38553,0,38553,2275
MF1496,CO-OP TEA,2022,1,0,0,28922,28922,3206
MF1496,CO-OP TEA,2022,2,0,18652,0,18652,0
MF1496,CO-OP TEA,2022,3,0,26325,0,26325,2920
MF1496,CO-OP TEA,2022,4,0,28571,0,28571,2173
MF1496,CO-OP TEA,2022,5,0,40268,0,40268,4474
MF1496,CO-OP TEA,2022,6,0,29128,0,29128,3235
MF1496,CO-OP TEA,2022,7,0,29928,0,29928,3331
MF1496,CO-OP TEA,2022,8,0,25885,0,25885,2870
MF1496,CO-OP TEA,2022,9,0,26255,0,26255,2897
MF1496,CO-OP TEA,2022,10,0,32692,0,32692,3634
MF1496,CO-OP TEA,2022,11,0,29360,0,29360,3206
MF1496,CO-OP TEA,2022,12,0,28022,0,28022,3112
MF1515,Geekiyanahena ,2022,1,0,59697,0,59697,5529
MF1515,Geekiyanahena ,2022,2,0,65140,0,65140,6030
MF1515,Geekiyanahena ,2022,3,0,74133,0,74133,6852
MF1515,Geekiyanahena ,2022,4,0,73599,0,73599,6809
MF1515,Geekiyanahena ,2022,5,0,84979,0,84979,7781
MF1515,Geekiyanahena ,2022,6,0,61730,0,61730,5705
MF1515,Geekiyanahena ,2022,7,0,121914,0,121914,11281
MF1515,Geekiyanahena ,2022,8,0,18189,0,18189,1681
MF1515,Geekiyanahena ,2022,9,0,0,0,0,0
MF1515,Geekiyanahena ,2022,10,0,0,0,0,0
MF1515,Geekiyanahena ,2022,11,0,0,0,0,0
MF1515,Geekiyanahena ,2022,12,0,0,0,0,0
MF1519,Parakaduwa,2022,1,0,1923,0,1923,102
MF1519,Parakaduwa,2022,2,0,1636,0,1636,86
MF1519,Parakaduwa,2022,3,0,6258,0,6258,319
MF1519,Parakaduwa,2022,4,0,8155,0,8155,418
MF1519,Parakaduwa,2022,5,0,9252,0,9252,475
MF1519,Parakaduwa,2022,6,0,10469,0,10469,537
MF1519,Parakaduwa,2022,7,0,13233,0,13233,676
MF1519,Parakaduwa,2022,8,0,14883,0,14883,763
MF1519,Parakaduwa,2022,9,0,13292,0,13292,663
MF1519,Parakaduwa,2022,10,0,13012,0,13012,667
MF1519,Parakaduwa,2022,11,0,13521.65,0,13521.65,636
MF1519,Parakaduwa,2022,12,0,5751.6,0,5751.6,870
MF1528,MISA,2022,1,0,132598,0,132598,4099
MF1528,MISA,2022,2,0,97949,0,97949,3027
MF1528,MISA,2022,3,0,136864,0,136864,4422
MF1528,MISA,2022,4,0,147866,0,147866,4681
MF1528,MISA,2022,5,0,170164,0,170164,5244
MF1528,MISA,2022,6,0,141854,0,141854,4480
MF1528,MISA,2022,7,0,156957,0,156957,4865
MF1528,MISA,2022,8,0,126364,0,126364,3898
MF1528,MISA,2022,9,0,153397,0,153397,4776
MF1528,MISA,2022,10,0,129132,0,129132,3976
MF1528,MISA,2022,11,0,124802,0,124802,3922
MF1528,MISA,2022,12,0,129827,0,129827,3991
MF1531,Kolonne Panapitiya,2022,1,0,87543,0,87543,8254
MF1531,Kolonne Panapitiya,2022,2,0,49494,0,49494,4996
MF1531,Kolonne Panapitiya,2022,3,0,70235,0,70235,6317
MF1531,Kolonne Panapitiya,2022,4,0,87058,0,87058,8670
MF1531,Kolonne Panapitiya,2022,5,0,85881,0,85881,8342
MF1531,Kolonne Panapitiya,2022,6,0,85881,0,85881,8342
MF1531,Kolonne Panapitiya,2022,7,0,89435,0,89435,8757
MF1531,Kolonne Panapitiya,2022,8,0,81270,0,81270,8034
MF1531,Kolonne Panapitiya,2022,9,0,98702,0,98702,9759
MF1531,Kolonne Panapitiya,2022,10,0,100498,0,100498,9934
MF1531,Kolonne Panapitiya,2022,11,0,99960,0,99960,9877
MF1531,Kolonne Panapitiya,2022,12,0,95525,0,95525,9441
MF1551,Galahitiya,2022,1,0,47226,0,47226,4094
MF1551,Galahitiya,2022,2,0,39648,0,39648,3435
MF1551,Galahitiya,2022,3,0,45255,0,45255,3919
MF1551,Galahitiya,2022,4,0,45210,0,45210,3920
MF1551,Galahitiya,2022,5,0,45293,0,45293,3922
MF1551,Galahitiya,2022,6,0,41639,0,41639,3605
MF1551,Galahitiya,2022,7,0,41051,0,41051,3556
MF1551,Galahitiya,2022,8,0,38076,0,38076,3301
MF1551,Galahitiya,2022,9,0,38606,0,38606,3343
MF1551,Galahitiya,2022,10,0,39513,0,39513,3422
MF1551,Galahitiya,2022,11,0,41850,0,41850,3622
MF1551,Galahitiya,2022,12,0,40324,0,40324,3487
MF1552,Sisiramba ,2022,1,0,44193,0,44193,3799
MF1552,Sisiramba ,2022,2,0,35601,0,35601,3046
MF1552,Sisiramba ,2022,3,0,42065,0,42065,3923
MF1552,Sisiramba ,2022,4,0,40466,0,40466,3620
MF1552,Sisiramba ,2022,5,0,44694,0,44694,3940
MF1552,Sisiramba ,2022,6,0,37311,0,37311,3415
MF1552,Sisiramba ,2022,7,0,38983,0,38983,3658
MF1552,Sisiramba ,2022,8,0,40812,0,40812,3763
MF1552,Sisiramba ,2022,9,0,46018,0,46018,4316
MF1552,Sisiramba ,2022,10,0,39246,0,39246,3727
MF1552,Sisiramba ,2022,11,0,40891,0,40891,3905
MF1552,Sisiramba ,2022,12,0,41215,0,41215,3930
MF1553,New Spring View,2022,1,0,86206,0,86206,8914
MF1553,New Spring View,2022,2,0,81229,0,81229,7200
MF1553,New Spring View,2022,3,0,93856,0,93856,7414
MF1553,New Spring View,2022,4,0,78262,0,78262,5945
MF1553,New Spring View,2022,5,0,80382,0,80382,8038
MF1553,New Spring View,2022,6,0,74632,0,74632,7463
MF1553,New Spring View,2022,7,0,78955,0,78955,8290
MF1553,New Spring View,2022,8,0,65790,0,65790,7140
MF1553,New Spring View,2022,9,0,74604,0,74604,7863
MF1553,New Spring View,2022,10,0,70239,0,70239,5619
MF1553,New Spring View,2022,11,0,89467,0,89467,8052
MF1553,New Spring View,2022,12,0,74643,0,74643,6867
MF1554,Daduwangala CTC,2022,1,0,0,0,0,0
MF1554,Daduwangala CTC,2022,2,0,0,0,0,0
MF1554,Daduwangala CTC,2022,3,0,6101,0,6101,254
MF1554,Daduwangala CTC,2022,4,0,2762,0,2762,115
MF1554,Daduwangala CTC,2022,5,0,1823,0,1823,76
MF1554,Daduwangala CTC,2022,6,0,0,0,0,0
MF1554,Daduwangala CTC,2022,7,0,3092,0,3092,128
MF1554,Daduwangala CTC,2022,8,0,15886,0,15886,661
MF1554,Daduwangala CTC,2022,9,0,19006,0,19006,805
MF1554,Daduwangala CTC,2022,10,0,27030,0,27030,1128
MF1554,Daduwangala CTC,2022,11,0,30807,0,30807,1284
MF1554,Daduwangala CTC,2022,12,0,35343,0,35343,1858
MF1571,Kamarangapitiya,2022,1,0,82675,0,82675,7190
MF1571,Kamarangapitiya,2022,2,0,65415,0,65415,6119
MF1571,Kamarangapitiya,2022,3,0,85037,0,85037,6854
MF1571,Kamarangapitiya,2022,4,0,79709,0,79709,6675
MF1571,Kamarangapitiya,2022,5,0,84790,0,84790,8189
MF1571,Kamarangapitiya,2022,6,0,72989,0,72989,5102
MF1571,Kamarangapitiya,2022,7,0,70848,0,70848,5801
MF1571,Kamarangapitiya,2022,8,0,68010,0,68010,5940
MF1571,Kamarangapitiya,2022,9,0,66329,0,66329,5804
MF1571,Kamarangapitiya,2022,10,0,60616,0,60616,7738
MF1571,Kamarangapitiya,2022,11,0,74120,0,74120,8259
MF1571,Kamarangapitiya,2022,12,0,57688,0,57688,6686
MF1579,Deraniyagala Tea Shakthi,2022,1,0,18600,0,18600,1618
MF1579,Deraniyagala Tea Shakthi,2022,2,0,13706,0,13706,1189
MF1579,Deraniyagala Tea Shakthi,2022,3,0,19804,0,19804,1720
MF1579,Deraniyagala Tea Shakthi,2022,4,0,22143,0,22143,1925
MF1579,Deraniyagala Tea Shakthi,2022,5,0,23144,0,23144,2011
MF1579,Deraniyagala Tea Shakthi,2022,6,0,22331,0,22331,1939
MF1579,Deraniyagala Tea Shakthi,2022,7,0,26581,0,26581,2307
MF1579,Deraniyagala Tea Shakthi,2022,8,0,25923,0,25923,2261
MF1579,Deraniyagala Tea Shakthi,2022,9,0,27721,0,27721,2406
MF1579,Deraniyagala Tea Shakthi,2022,10,0,30181,0,30181,2622
MF1579,Deraniyagala Tea Shakthi,2022,11,0,28977,0,28977,2515
MF1579,Deraniyagala Tea Shakthi,2022,12,0,32760,0,32760,2846
MF1580,Kolonne Kithulgala,2022,1,0,26937.6,0,26937.6,2342.4
MF1580,Kolonne Kithulgala,2022,2,0,24352.4,0,24352.4,2117.6
MF1580,Kolonne Kithulgala,2022,3,0,26310.6,0,26310.6,2287.84
MF1580,Kolonne Kithulgala,2022,4,0,27052.6,0,27052.6,2352.4
MF1580,Kolonne Kithulgala,2022,5,0,32489.8,0,32489.8,2825.2
MF1580,Kolonne Kithulgala,2022,6,0,30477.76,0,30477.76,2650.24
MF1580,Kolonne Kithulgala,2022,7,0,30028.8,0,30028.8,2611.2
MF1580,Kolonne Kithulgala,2022,8,0,27247.64,0,27247.64,2369.36
MF1580,Kolonne Kithulgala,2022,9,0,30632.32,0,30632.32,2663.68
MF1580,Kolonne Kithulgala,2022,10,0,30382.08,0,30382.08,2641.92
MF1580,Kolonne Kithulgala,2022,11,0,33651.76,0,33651.76,2926.24
MF1580,Kolonne Kithulgala,2022,12,0,31344.4,0,31344.4,2725.6
MF1591,Ethoya Waththa,2022,1,16714,41799,0,58513,6897
MF1591,Ethoya Waththa,2022,2,6070,44554,0,50624,6168
MF1591,Ethoya Waththa,2022,3,10939,54047,0,64986,7782
MF1591,Ethoya Waththa,2022,4,10747,51860,0,62607,7321
MF1591,Ethoya Waththa,2022,5,8458,57564,0,66022,9711
MF1591,Ethoya Waththa,2022,6,7844,47063,0,54907,6921
MF1591,Ethoya Waththa,2022,7,6576,41904,0,48480,6005
MF1591,Ethoya Waththa,2022,8,6163,37062,0,43225,5847
MF1591,Ethoya Waththa,2022,9,6485,43921,0,50406,6823
MF1591,Ethoya Waththa,2022,10,6315,43052,0,49367,6814
MF1591,Ethoya Waththa,2022,11,7271,46452,0,53723,7123
MF1591,Ethoya Waththa,2022,12,7228,44682,0,51910,6922
MF1601,Blue Hills,2022,1,0,50234,0,50234,4341
MF1601,Blue Hills,2022,2,0,45917,0,45917,4166
MF1601,Blue Hills,2022,3,0,56014,0,56014,4620
MF1601,Blue Hills,2022,4,0,56500,0,56500,5225
MF1601,Blue Hills,2022,5,0,60569,0,60569,4960
MF1601,Blue Hills,2022,6,0,40982,0,40982,3364
MF1601,Blue Hills,2022,7,0,36089,0,36089,2966
MF1601,Blue Hills,2022,8,0,33226,0,33226,3092
MF1601,Blue Hills,2022,9,0,44539,0,44539,4370
MF1601,Blue Hills,2022,10,0,37530,0,37530,3908
MF1601,Blue Hills,2022,11,0,48035,0,48035,4579
MF1601,Blue Hills,2022,12,0,29326,0,29326,2865
RT0392,Golden Tea ,2022,1,0,0,0,0,0
RT0392,Golden Tea ,2022,12,0,1202,0,1202,0
RT0507,JAYA LAND,2022,1,0,2460,0,2460,15000
RT0507,JAYA LAND,2022,2,0,2060,0,2060,15000
RT0507,JAYA LAND,2022,3,0,5800,0,5800,17000
RT0507,JAYA LAND,2022,4,0,2570,0,2570,35000
RT0507,JAYA LAND,2022,5,0,1460,0,1460,40000
RT0507,JAYA LAND,2022,6,0,2860,0,2860,35000
RT0507,JAYA LAND,2022,7,5700,0,0,5700,37000
RT0507,JAYA LAND,2022,8,0,6130,0,6130,36000
RT0507,JAYA LAND,2022,9,0,3120,0,3120,25000
RT0507,JAYA LAND,2022,10,0,2340,0,2340,28000
RT0507,JAYA LAND,2022,11,0,4580,0,4580,32000
RT0507,JAYA LAND,2022,12,0,4720,0,4720,30000
RT0647,Samanalakanda Refuse Tea Processing Center,2022,12,12817,0,0,12817,0
BF0150,Sherwood ,2021,1,0,66184,0,66184,11670
BF0150,Sherwood ,2021,2,0,71651,0,71651,6139
BF0150,Sherwood ,2021,3,0,94076,0,94076,8865
BF0150,Sherwood ,2021,4,0,90601,0,90601,7871
BF0150,Sherwood ,2021,5,0,99464,0,99464,9043
BF0150,Sherwood ,2021,6,0,79076,0,79076,6870
BF0150,Sherwood ,2021,7,0,86673,0,86673,9632
BF0150,Sherwood ,2021,8,0,78950,0,78950,8764
BF0150,Sherwood ,2021,9,0,64802,0,64802,7859
BF0150,Sherwood ,2021,10,0,82878,0,82878,7204
BF0150,Sherwood ,2021,11,0,89326,0,89326,7764
BF0150,Sherwood ,2021,12,0,74081,0,74081,6438
BF0155,GANGALAGAMUWA,2021,1,0,57275,0,57275,3656
BF0155,GANGALAGAMUWA,2021,2,0,59184,0,59184,3778
BF0155,GANGALAGAMUWA,2021,3,0,68163,0,68163,4351
BF0155,GANGALAGAMUWA,2021,4,0,75379,0,75379,4811
BF0155,GANGALAGAMUWA,2021,5,0,54645,0,54645,3488
BF0155,GANGALAGAMUWA,2021,6,0,68258,0,68258,4357
BF0155,GANGALAGAMUWA,2021,7,0,58134,0,58134,3711
BF0155,GANGALAGAMUWA,2021,8,0,52201,0,52201,3332
BF0155,GANGALAGAMUWA,2021,9,0,43416,0,43416,2771
BF0155,GANGALAGAMUWA,2021,10,0,47479,0,47479,3031
BF0155,GANGALAGAMUWA,2021,11,0,35128,0,35128,2242
BF0155,GANGALAGAMUWA,2021,12,0,47415,0,47415,3027
BF0163,Delgoda ,2021,1,0,42942,0,42942,5158
BF0163,Delgoda ,2021,2,0,42554,0,42554,4522
BF0163,Delgoda ,2021,3,0,43347,0,43347,3970
BF0163,Delgoda ,2021,4,0,47184,0,47184,5089
BF0163,Delgoda ,2021,5,0,54574,0,54574,5539
BF0163,Delgoda ,2021,6,0,52853,0,52853,5372
BF0163,Delgoda ,2021,7,0,46718,2703,49421,6931
BF0163,Delgoda ,2021,8,0,45291,0,45291,7020
BF0163,Delgoda ,2021,9,0,38881,0,38881,5437
BF0163,Delgoda ,2021,10,0,38427.5,0,38427.5,4830
BF0163,Delgoda ,2021,11,0,25137,16975,42112,5073
BF0163,Delgoda ,2021,12,0,31464.5,19024,50488.5,7038
HT0002,ECO,2021,1,0,0,0,0,0
HT0002,ECO,2021,2,0,0,0,0,0
HT0002,ECO,2021,3,0,0,0,0,0
HT0002,ECO,2021,4,0,0,0,0,0
HT0002,ECO,2021,5,68.7,0,0,68.7,2
HT0002,ECO,2021,6,93,0,0,93,3
HT0002,ECO,2021,7,100,0,0,100,3.5
HT0002,ECO,2021,8,170,0,0,170,6.8
HT0002,ECO,2021,9,117,0,0,117,3.5
HT0002,ECO,2021,10,144.3,0,0,144.3,4.33
HT0002,ECO,2021,11,164.2,0,0,164.2,4.93
HT0002,ECO,2021,12,127.8,0,0,127.8,3834
MF0083,Rilhena ,2021,1,7506,27072,0,34578,5267
MF0083,Rilhena ,2021,2,6652,35640,0,42292,5125
MF0083,Rilhena ,2021,3,8392,49451,0,57843,6393
MF0083,Rilhena ,2021,4,8514,56861,0,65375,7514
MF0083,Rilhena ,2021,5,8086,51694,0,59780,8751
MF0083,Rilhena ,2021,6,7175,43173,0,50348,7223
MF0083,Rilhena ,2021,7,7542,41175,0,48717,6906
MF0083,Rilhena ,2021,8,6962,34392,0,41354,4725
MF0083,Rilhena ,2021,9,6882,33311,0,40193,5800
MF0083,Rilhena ,2021,10,6213.5,31040,0,37253.5,6110
MF0083,Rilhena ,2021,11,4795,20216,0,25011,7890
MF0083,Rilhena ,2021,12,4036,21710,0,25746,3432
MF0085,Noori ,2021,1,0,48101,0,48101,4075
MF0085,Noori ,2021,2,0,51736,0,51736,5162
MF0085,Noori ,2021,3,0,58557,0,58557,5084
MF0085,Noori ,2021,4,0,62587,0,62587,5425
MF0085,Noori ,2021,5,0,56860,0,56860,4710
MF0085,Noori ,2021,6,0,52540,0,52540,4267
MF0085,Noori ,2021,7,0,47952,0,47952,3644
MF0085,Noori ,2021,8,0,46472,0,46472,2368
MF0085,Noori ,2021,9,0,37037,0,37037,1634
MF0085,Noori ,2021,10,0,41867,0,41867,2210
MF0085,Noori ,2021,11,0,32747,0,32747,2240
MF0085,Noori ,2021,12,0,56531,0,56531,5149
MF0103,Opatha ,2021,1,6735,28265,0,35000,4443
MF0103,Opatha ,2021,2,5542,26730,0,32272,4563
MF0103,Opatha ,2021,3,7286,33080,0,40366,5291
MF0103,Opatha ,2021,4,7637,37774,0,45411,7077
MF0103,Opatha ,2021,5,7174,40615,0,47789,7254
MF0103,Opatha ,2021,6,6680,31118,0,37798,5770
MF0103,Opatha ,2021,7,6533,25793,0,32326,5953
MF0103,Opatha ,2021,8,5948,24298,0,30246,4897
MF0103,Opatha ,2021,9,6476,22712,0,29188,6057
MF0103,Opatha ,2021,10,5598,32043,0,37641,5860
MF0103,Opatha ,2021,11,4847,27769,0,32616,5242
MF0103,Opatha ,2021,12,4405,18057,0,22462,4374
MF0104,Wellandura ,2021,1,8052,24898,0,32950,3585
MF0104,Wellandura ,2021,2,7424,35649,0,43073,3849
MF0104,Wellandura ,2021,3,8796,43591,0,52387,6389
MF0104,Wellandura ,2021,4,7840,33207,0,41047,5603
MF0104,Wellandura ,2021,5,8215,35441,0,43656,4634
MF0104,Wellandura ,2021,6,7992,37879,0,45871,5165
MF0104,Wellandura ,2021,7,7404,33581.5,0,40985.5,5220
MF0104,Wellandura ,2021,8,6838,25375,0,32213,4787
MF0104,Wellandura ,2021,9,6914,27089,0,34003,4460
MF0104,Wellandura ,2021,10,6695,32584,0,39279,3629
MF0104,Wellandura ,2021,11,5865,25652,0,31517,4868
MF0104,Wellandura ,2021,12,5009,14510,0,19519,3006
MF0106,Mahawale ,2021,1,0,21171,0,21171,54931
MF0106,Mahawale ,2021,2,0,10565,0,10565,32401
MF0106,Mahawale ,2021,3,0,20687,0,20687,30981
MF0106,Mahawale ,2021,4,0,13453,0,13453,18561
MF0106,Mahawale ,2021,5,0,24179,0,24179,44893
MF0106,Mahawale ,2021,6,0,33923,0,33923,68559
MF0106,Mahawale ,2021,7,0,20102,0,20102,25368
MF0106,Mahawale ,2021,8,0,26109,0,26109,39683
MF0106,Mahawale ,2021,9,0,27943.5,0,27943.5,42881
MF0106,Mahawale ,2021,10,0,19119.5,0,19119.5,30286
MF0106,Mahawale ,2021,11,0,25194,0,25194,48073
MF0106,Mahawale ,2021,12,0,32149,0,32149,52647
MF0107,Nilagama ,2021,1,7642,17946,10086,35674,6341
MF0107,Nilagama ,2021,2,5999,27892,6127,40018,5285
MF0107,Nilagama ,2021,3,7459,36326,9092,52877,6526
MF0107,Nilagama ,2021,4,8156,27570,8160,43886,5891
MF0107,Nilagama ,2021,5,8548,31780,7670,47998,6091
MF0107,Nilagama ,2021,6,7743,20430,6700,34873,5065
MF0107,Nilagama ,2021,7,7597,23686,4598,35881,5518
MF0107,Nilagama ,2021,8,6363,26385,3947,36695,6805
MF0107,Nilagama ,2021,9,6076,24324,1711,32111,4977
MF0107,Nilagama ,2021,10,6228,24525,1882,32635,4846
MF0107,Nilagama ,2021,11,5515,19759,1373,26647,5344
MF0107,Nilagama ,2021,12,4509,9084,1518,15111,3030
MF0108,Poronuwa,2021,1,490,322,0,812,65
MF0108,Poronuwa,2021,2,3271,13236,0,16507,1079
MF0108,Poronuwa,2021,3,4023,24946.5,0,28969.5,3146
MF0108,Poronuwa,2021,4,3834,23532.5,0,27366.5,3352
MF0108,Poronuwa,2021,5,4119,25677,0,29796,3430
MF0108,Poronuwa,2021,6,3973,19896.5,0,23869.5,2573
MF0108,Poronuwa,2021,7,3929,25101.5,0,29030.5,3722
MF0108,Poronuwa,2021,8,3608,19335,0,22943,3624
MF0108,Poronuwa,2021,9,3507,13261,0,16768,3161
MF0108,Poronuwa,2021,10,3013,6010,0,9023,2796
MF0108,Poronuwa,2021,11,2678,3083,0,5761,1009
MF0108,Poronuwa,2021,12,2559,7625,0,10184,2252
MF0168,ENDANE,2021,1,25487.5,4659,0,30146.5,4444
MF0168,ENDANE,2021,2,24261,3407.5,0,27668.5,3631
MF0168,ENDANE,2021,3,30736.5,5664,0,36400.5,4283
MF0168,ENDANE,2021,4,31241.5,6452,0,37693.5,5084
MF0168,ENDANE,2021,5,31617,3333.5,0,34950.5,3123
MF0168,ENDANE,2021,6,29355,15952,0,45307,5862
MF0168,ENDANE,2021,7,24568,15349.5,0,39917.5,5921
MF0168,ENDANE,2021,8,20807,11820.5,0,32627.5,4541
MF0168,ENDANE,2021,9,20154,8669.5,0,28823.5,3655
MF0168,ENDANE,2021,10,22644,6810,0,29454,8367
MF0168,ENDANE,2021,11,17931.5,8810,0,26741.5,3653
MF0168,ENDANE,2021,12,17566,6088,0,23654,3813
MF0181,Ceciliyan ,2021,1,3452,112508,0,115960,12146
MF0181,Ceciliyan ,2021,1,0,231069,0,231069,0
MF0181,Ceciliyan ,2021,2,3494,121255,0,124749,12248
MF0181,Ceciliyan ,2021,2,0,225187,0,225187,12248
MF0181,Ceciliyan ,2021,3,3421,157424,0,160845,13895
MF0181,Ceciliyan ,2021,3,0,236138,0,236138,0
MF0181,Ceciliyan ,2021,4,3801,154756,0,158557,13722
MF0181,Ceciliyan ,2021,4,460,233064,0,233524,0
MF0181,Ceciliyan ,2021,5,2110,93374,0,95484,8417
MF0181,Ceciliyan ,2021,5,799,144205,0,145004,8417
MF0181,Ceciliyan ,2021,6,3152,288652,0,291804,10213
MF0181,Ceciliyan ,2021,7,0,114187,0,114187,6419
MF0181,Ceciliyan ,2021,7,0,183391,0,183391,0
MF0181,Ceciliyan ,2021,8,2962,146179,0,149141,0
MF0181,Ceciliyan ,2021,8,0,171531,0,171531,11004
MF0181,Ceciliyan ,2021,9,3518,145034,0,148552,10998
MF0181,Ceciliyan ,2021,9,0,165684,0,165684,10998
MF0181,Ceciliyan ,2021,10,2974,131947,0,134921,0
MF0181,Ceciliyan ,2021,10,0,182916,0,182916,11124
MF0181,Ceciliyan ,2021,11,3134,94137,0,97271,8625
MF0181,Ceciliyan ,2021,11,0,149162,0,149162,0
MF0181,Ceciliyan ,2021,12,3122,120122,0,123244,10620
MF0181,Ceciliyan ,2021,12,0,180180,0,180180,0
MF0183,New Kandagastenne ,2021,1,0,142128,0,142128,6565
MF0183,New Kandagastenne ,2021,2,0,143431,0,143431,6507
MF0183,New Kandagastenne ,2021,3,0,207214,0,207214,9299
MF0183,New Kandagastenne ,2021,4,0,218430,0,218430,9795
MF0183,New Kandagastenne ,2021,5,0,151113,0,151113,6355
MF0183,New Kandagastenne ,2021,6,0,155107,0,155107,6339
MF0183,New Kandagastenne ,2021,7,0,153213,0,153213,6168
MF0183,New Kandagastenne ,2021,8,0,147046,0,147046,5978
MF0183,New Kandagastenne ,2021,9,0,139523,0,139523,5626
MF0183,New Kandagastenne ,2021,10,0,147223,0,147223,5888
MF0183,New Kandagastenne ,2021,11,0,108911,0,108911,4377
MF0183,New Kandagastenne ,2021,12,0,110549,0,110549,4417
MF0200,Pettiyagalla ,2021,1,12010,3675,3047,18732,2460
MF0200,Pettiyagalla ,2021,2,13501,6288,3643,23432,2994
MF0200,Pettiyagalla ,2021,3,21578,7327,4893,33798,4493
MF0200,Pettiyagalla ,2021,4,18402.5,8000,4858,31260.5,4036
MF0200,Pettiyagalla ,2021,5,21005,9281,6788,37074,4582
MF0200,Pettiyagalla ,2021,6,16224,7245,10279,33748,4243
MF0200,Pettiyagalla ,2021,7,16463,11563,12194,40220,5295
MF0200,Pettiyagalla ,2021,8,13479,5881,4275,23635,4307
MF0200,Pettiyagalla ,2021,9,11575,7443,3158,22176,2821
MF0200,Pettiyagalla ,2021,10,15528,6900,4749,27177,3399.5
MF0200,Pettiyagalla ,2021,11,14500,5701,5027,25228,3661
MF0200,Pettiyagalla ,2021,12,11381,3759,3512,18652,2539.5
MF0236,Pambagama ,2021,1,13837,40825,11436,66098,8853
MF0236,Pambagama ,2021,2,11827,37092.6,10541.2,59460.8,10513
MF0236,Pambagama ,2021,3,13361,44428,11506.5,69295.5,7699.75
MF0236,Pambagama ,2021,4,16646,47714,13799,78159,10569.55
MF0236,Pambagama ,2021,5,14111.5,40688,10987,65786.5,12555
MF0236,Pambagama ,2021,6,15029.9,42207,12540,69776.9,9935.5
MF0236,Pambagama ,2021,7,15098.5,32862,10980,58940.5,13888.5
MF0236,Pambagama ,2021,8,14811,34742,12097,61650,9964
MF0236,Pambagama ,2021,9,12736,28541,9684,50961,14715
MF0236,Pambagama ,2021,10,13290.5,27954,10548.5,51793,6902.65
MF0236,Pambagama ,2021,11,11600,24781,10193.5,46574.5,6357
MF0236,Pambagama ,2021,12,12856,27730,13624,54210,7382
MF0258,Balangoda Tea Shakthi,2021,1,0,14020,0,14020,1182
MF0258,Balangoda Tea Shakthi,2021,2,0,29612,0,29612,2570
MF0258,Balangoda Tea Shakthi,2021,3,0,48038,0,48038,4128
MF0258,Balangoda Tea Shakthi,2021,4,0,56206,0,56206,4421
MF0258,Balangoda Tea Shakthi,2021,5,0,41424,0,41424,4119
MF0258,Balangoda Tea Shakthi,2021,6,0,22261,0,22261,1922
MF0258,Balangoda Tea Shakthi,2021,7,0,14873,0,14873,1145
MF0258,Balangoda Tea Shakthi,2021,8,0,0,0,0,0
MF0258,Balangoda Tea Shakthi,2021,9,0,0,0,0,0
MF0258,Balangoda Tea Shakthi,2021,10,0,8331,0,8331,718
MF0258,Balangoda Tea Shakthi,2021,12,0,33691,0,33691,2900
MF0262,Upper Balangoda,2021,1,560,20115,0,20675,1656
MF0262,Upper Balangoda,2021,2,419,22338,0,22757,1823
MF0262,Upper Balangoda,2021,3,777,26160,0,26937,2156
MF0262,Upper Balangoda,2021,4,450,27770,0,28220,2257
MF0262,Upper Balangoda,2021,5,679,12996,0,13675,1084
MF0262,Upper Balangoda,2021,6,614,2529,0,3143,253
MF0262,Upper Balangoda,2021,7,559,9641,0,10200,821
MF0262,Upper Balangoda,2021,8,573,12048,0,12621,1010
MF0262,Upper Balangoda,2021,9,655,11817,0,12472,1121
MF0262,Upper Balangoda,2021,10,830,16618,0,17448,1494
MF0262,Upper Balangoda,2021,11,723,18714,0,19437,1635
MF0262,Upper Balangoda,2021,12,430,12770,0,13200,993
MF0263,Wewawatte,2021,1,819,8813,0,9632,864
MF0263,Wewawatte,2021,2,1475,10820,0,12295,1101
MF0263,Wewawatte,2021,3,1281,14333,0,15614,1262
MF0263,Wewawatte,2021,4,2353,17311,0,19664,1571
MF0263,Wewawatte,2021,5,2473,19350,0,21823,1785
MF0263,Wewawatte,2021,6,2585,21445,0,24030,1923
MF0263,Wewawatte,2021,7,2694,20958,0,23652,2008
MF0263,Wewawatte,2021,8,2498,21340,0,23838,2140
MF0263,Wewawatte,2021,9,2530,14712,0,17242,1725
MF0263,Wewawatte,2021,10,2660,19470,0,22130,1992
MF0263,Wewawatte,2021,11,2300,19304,0,21604,1786
MF0263,Wewawatte,2021,12,2628,13960,0,16588,1378
MF0285,Hunuwella ,2021,7,3375,14163,0,17538,2019
MF0285,Hunuwella ,2021,8,5077.5,24436,0,29513.5,3764
MF0285,Hunuwella ,2021,9,5368,28128,0,33496,4010
MF0285,Hunuwella ,2021,10,4591.5,25102,0,29693.5,3489
MF0285,Hunuwella ,2021,11,3760,16975,0,20735,4518
MF0285,Hunuwella ,2021,12,3388,4944,0,8332,1925
MF0293,Kelani ,2021,1,2589,27474,16409,46472,3753
MF0293,Kelani ,2021,2,2093,26923,9903,38919,3455
MF0293,Kelani ,2021,3,2857,33326.5,12340,48523.5,4329
MF0293,Kelani ,2021,4,2633,28563.51,12770,43966.51,4346
MF0293,Kelani ,2021,5,2146,25154.5,11271,38571.5,3580
MF0293,Kelani ,2021,6,2579,30153,12036,44768,3780
MF0293,Kelani ,2021,7,2639,32249.5,11549,46437.5,4333
MF0293,Kelani ,2021,8,2522,32253.5,10324,45099.5,4906
MF0293,Kelani ,2021,9,2596,33054,12315,47965,4350
MF0293,Kelani ,2021,10,2282,33571,13333,49186,4397
MF0293,Kelani ,2021,11,2180,21055.5,10682,33917.5,3246
MF0293,Kelani ,2021,12,2162,28076.5,11074,41312.5,3739
MF0295,Kuttapitiya ,2021,1,0,78105,0,78105,7400
MF0295,Kuttapitiya ,2021,2,0,80787,0,80787,5364
MF0295,Kuttapitiya ,2021,3,0,95512,0,95512,8358
MF0295,Kuttapitiya ,2021,4,0,88050,0,88050,8171
MF0295,Kuttapitiya ,2021,5,0,92857,0,92857,8366
MF0295,Kuttapitiya ,2021,6,0,76320,0,76320,7196
MF0295,Kuttapitiya ,2021,7,0,85400,0,85400,8147
MF0295,Kuttapitiya ,2021,8,0,78415,0,78415,7120
MF0295,Kuttapitiya ,2021,9,0,79677,0,79677,5712
MF0295,Kuttapitiya ,2021,10,0,77817,0,77817,10700
MF0295,Kuttapitiya ,2021,11,0,60536,0,60536,11930
MF0295,Kuttapitiya ,2021,12,0,58904,0,58904,9460
MF0296,DOLOSWELLA,2021,1,6674,35692,6998,49364,7942
MF0296,DOLOSWELLA,2021,2,5289,40216,6029,51534,7197
MF0296,DOLOSWELLA,2021,3,6916,48295,7466,62677,9088
MF0296,DOLOSWELLA,2021,4,7371,46919,8152,62442,7826
MF0296,DOLOSWELLA,2021,5,5720,41452,7217,54389,5845
MF0296,DOLOSWELLA,2021,6,5717,34989,7198,47904,7576
MF0296,DOLOSWELLA,2021,7,6225,35176,8594,49995,6076
MF0296,DOLOSWELLA,2021,8,5809,32818,7384,46011,5806
MF0296,DOLOSWELLA,2021,9,5982,33524,7363,46869,6146
MF0296,DOLOSWELLA,2021,10,5004,29830,7367,42201,5816
MF0296,DOLOSWELLA,2021,11,865,3575,988,5428,4217
MF0296,DOLOSWELLA,2021,12,0,0,0,0,0
MF0319,NON PAREIL,2021,1,0,0,0,0,0
MF0319,NON PAREIL,2021,2,0,0,0,0,0
MF0353,YATIDERIYA,2021,1,9710,14834,1759,26303,3156
MF0353,YATIDERIYA,2021,2,8683.5,17738,2018,28439.5,7042
MF0353,YATIDERIYA,2021,3,10173,19083,1676,30932,5245
MF0353,YATIDERIYA,2021,4,11281,21976,1881,35138,4280
MF0353,YATIDERIYA,2021,5,9227,21875,1933,33035,3281
MF0353,YATIDERIYA,2021,6,11727,20763,2120,34610,3643
MF0353,YATIDERIYA,2021,7,12723.5,21590,2115,36428.5,3977
MF0353,YATIDERIYA,2021,8,10326.5,19846,1868,32040.5,3376
MF0353,YATIDERIYA,2021,9,10041,17023,1813,28877,3128
MF0353,YATIDERIYA,2021,10,10622.5,17280,2088,29990.5,3567
MF0353,YATIDERIYA,2021,11,9666,12952,1648,24266,2702
MF0353,YATIDERIYA,2021,12,9126,13718,1666,24510,3003
MF0367,Cecilton ,2021,1,14004,8330,6166,28500,3318
MF0367,Cecilton ,2021,2,12085,7481,5620,25186,2811
MF0367,Cecilton ,2021,3,23560,14866,10506,48932,5744
MF0367,Cecilton ,2021,4,14826,11869,8788,35483,4102
MF0367,Cecilton ,2021,5,20074,12433,9507,42014,5276
MF0367,Cecilton ,2021,6,15402,10280,7818,33500,3863
MF0367,Cecilton ,2021,7,19482,11483,9460,40425,4631
MF0367,Cecilton ,2021,8,13950,10626,7574,32150,3767
MF0367,Cecilton ,2021,9,15597,10324,8459,34380,4310
MF0367,Cecilton ,2021,10,14673,8917,7677,31267,4041
MF0367,Cecilton ,2021,11,17214,7434,7302,31950,4453
MF0367,Cecilton ,2021,12,12968,6836,6303,26107,3154
MF0369,MARATENNE,2021,1,40625,11234,0,51859,8898
MF0369,MARATENNE,2021,2,33078,10102,0,43180,5265
MF0369,MARATENNE,2021,3,72480,19720,0,92200,10554
MF0369,MARATENNE,2021,4,54350,13065,0,67415,8592
MF0369,MARATENNE,2021,5,64940,15042,0,79982,10319
MF0369,MARATENNE,2021,6,49955,15135,0,65090,8634
MF0369,MARATENNE,2021,7,62675,13898,0,76573,9137
MF0369,MARATENNE,2021,8,46544,9051,0,55595,7661
MF0369,MARATENNE,2021,9,40819,5975,0,46794,6385
MF0369,MARATENNE,2021,10,41900,0,5240,47140,6434
MF0369,MARATENNE,2021,11,51328,3611,0,54939,7982
MF0369,MARATENNE,2021,12,38430,5152,0,43582,6476
MF0449,Aennen,2021,1,0,52729,0,52729,2198
MF0449,Aennen,2021,2,0,56162,0,56162,1737
MF0449,Aennen,2021,3,0,63386,0,63386,1963
MF0449,Aennen,2021,4,0,60899,0,60899,2537
MF0449,Aennen,2021,5,0,61075,0,61075,2545
MF0449,Aennen,2021,6,0,53531,0,53531,1837
MF0449,Aennen,2021,7,0,47073,0,47073,1961
MF0449,Aennen,2021,8,0,38141,0,38141,1590
MF0449,Aennen,2021,9,0,35683,0,35683,1876
MF0449,Aennen,2021,10,0,34944,0,34944,1264
MF0449,Aennen,2021,11,0,25486,0,25486,789
MF0449,Aennen,2021,12,0,25654,0,25654,797
MF0472,Ederapolla,2021,1,0,32549.5,0,32549.5,1819
MF0472,Ederapolla,2021,2,0,36240,0,36240,2874
MF0472,Ederapolla,2021,3,0,48441,0,48441,3288
MF0472,Ederapolla,2021,4,0,54196.5,0,54196.5,4651
MF0472,Ederapolla,2021,5,0,42070,0,42070,3357
MF0472,Ederapolla,2021,6,0,38568,0,38568,3136
MF0472,Ederapolla,2021,7,0,31318,0,31318,2482
MF0472,Ederapolla,2021,8,0,20168,0,20168,1648
MF0472,Ederapolla,2021,9,0,22949,0,22949,2761
MF0472,Ederapolla,2021,10,0,31226,0,31226,2873
MF0472,Ederapolla,2021,11,0,22370,0,22370,3148
MF0472,Ederapolla,2021,12,0,27224,0,27224,3837
MF0481,Aigburth ,2021,1,6096,20399,0,26495,3454
MF0481,Aigburth ,2021,2,7051,24323,0,31374,3309
MF0481,Aigburth ,2021,3,9183,38036,0,47219,4402
MF0481,Aigburth ,2021,4,8923,38992,0,47915,4449
MF0481,Aigburth ,2021,5,6776,29202,0,35978,5284
MF0481,Aigburth ,2021,6,6358,29976,0,36334,3470
MF0481,Aigburth ,2021,7,5944,27339,0,33283,2799
MF0481,Aigburth ,2021,8,5596,27324,0,32920,3251
MF0481,Aigburth ,2021,9,4961,12201,0,17162,3542
MF0481,Aigburth ,2021,10,6877,16471,0,23348,2225
MF0481,Aigburth ,2021,11,0,20923,5801,26724,2808
MF0481,Aigburth ,2021,12,0,44308,5461,49769,5042
MF0490,Hatherleigh ,2021,1,12507,14489,26632,53628,6079
MF0490,Hatherleigh ,2021,2,12023,21635,27135,60793,5091
MF0490,Hatherleigh ,2021,3,15427,26842,31230,73499,7247
MF0490,Hatherleigh ,2021,4,15351,25299,24182,64832,5421
MF0490,Hatherleigh ,2021,5,14235,19272,32321,65828,10750
MF0490,Hatherleigh ,2021,6,10452,11605,27769,49826,5685
MF0490,Hatherleigh ,2021,7,12694,23149,11735,47578,6512
MF0490,Hatherleigh ,2021,8,9569,17117,10640,37326,4332
MF0490,Hatherleigh ,2021,9,10399,16997,8683,36079,5468
MF0490,Hatherleigh ,2021,10,11144,18528,10149,39821,4451
MF0490,Hatherleigh ,2021,11,10133,20587,8052,38772,3852
MF0490,Hatherleigh ,2021,12,7133,11499,6993,25625,2210
MF0546,Springwood,2021,1,0,19231,0,19231,3338
MF0546,Springwood,2021,2,0,15095,0,15095,2524
MF0546,Springwood,2021,3,0,16905,0,16905,1881
MF0546,Springwood,2021,4,0,25230,0,25230,3604
MF0546,Springwood,2021,5,0,31097,0,31097,3458
MF0546,Springwood,2021,6,0,30075,0,30075,3296
MF0546,Springwood,2021,7,0,26379,0,26379,1672
MF0546,Springwood,2021,8,0,34510,0,34510,2329
MF0546,Springwood,2021,9,0,23837,0,23837,1520
MF0546,Springwood,2021,10,0,51119,0,51119,3117
MF0546,Springwood,2021,11,0,34881,0,34881,2200
MF0546,Springwood,2021,12,0,25680,0,25680,1210
MF0574,Sapumalkande ,2021,1,0,57599,0,57599,4327
MF0574,Sapumalkande ,2021,2,0,60249,0,60249,4659
MF0574,Sapumalkande ,2021,3,0,81734,0,81734,6161
MF0574,Sapumalkande ,2021,4,0,102019,0,102019,7670
MF0574,Sapumalkande ,2021,5,0,92067,0,92067,6927
MF0574,Sapumalkande ,2021,6,0,85022,0,85022,6368
MF0574,Sapumalkande ,2021,7,0,80730,0,80730,6073
MF0574,Sapumalkande ,2021,8,0,71923,0,71923,5410
MF0574,Sapumalkande ,2021,9,0,64258,0,64258,4624
MF0574,Sapumalkande ,2021,10,0,66002,0,66002,4965
MF0574,Sapumalkande ,2021,11,0,53358,0,53358,4009
MF0574,Sapumalkande ,2021,12,0,64735,0,64735,4869
MF0594,Boscombe ,2021,1,0,31193,0,31193,4235
MF0594,Boscombe ,2021,2,0,46115,0,46115,6274
MF0594,Boscombe ,2021,3,0,61493,0,61493,7361
MF0594,Boscombe ,2021,4,0,59492,0,59492,8101
MF0594,Boscombe ,2021,5,0,47692,0,47692,6497
MF0594,Boscombe ,2021,6,0,35629,0,35629,4845
MF0594,Boscombe ,2021,7,0,43044,0,43044,5852
MF0594,Boscombe ,2021,8,0,32294,0,32294,4386
MF0594,Boscombe ,2021,9,0,29980,0,29980,4071
MF0594,Boscombe ,2021,10,0,40431,0,40431,5498
MF0594,Boscombe ,2021,11,0,42021,0,42021,5715
MF0594,Boscombe ,2021,12,0,31905,0,31905,4332
MF0619,GALABODDA,2021,1,10123,18836,0,28959,1134
MF0619,GALABODDA,2021,2,6954,26571,0,33525,1215
MF0619,GALABODDA,2021,3,9953,28995,0,38948,1454
MF0619,GALABODDA,2021,4,9791,32861,0,42652,2127
MF0619,GALABODDA,2021,5,9773,34437,0,44210,2383
MF0619,GALABODDA,2021,6,9754,22491,333,32578,1350
MF0619,GALABODDA,2021,7,10367,27625,0,37992,1467
MF0619,GALABODDA,2021,8,9681,29199,0,38880,2937
MF0619,GALABODDA,2021,9,9745,25080,0,34825,1299
MF0619,GALABODDA,2021,10,5292,33517,0,38809,1351
MF0619,GALABODDA,2021,11,5712,25255,0,30967,1066
MF0619,GALABODDA,2021,12,5517,38431,0,43948,1368
MF0623,MEDDAKANDE,2021,1,12470,4635,9421,26526,5356
MF0623,MEDDAKANDE,2021,2,13292,5427,7458,26177,3844
MF0623,MEDDAKANDE,2021,3,19039,5244,14822,39105,5772
MF0623,MEDDAKANDE,2021,4,17759,6901,14200,38860,5764
MF0623,MEDDAKANDE,2021,5,20442,25291,9424,55157,8110
MF0623,MEDDAKANDE,2021,6,14255,22835,2915,40005,5824
MF0623,MEDDAKANDE,2021,7,18180,16459,1419,36058,5250
MF0623,MEDDAKANDE,2021,8,5833,3806,3722,13361,1933
MF0623,MEDDAKANDE,2021,9,11579,2839,8310,22728,3269
MF0623,MEDDAKANDE,2021,10,10578,5320,7103,23001,4278
MF0623,MEDDAKANDE,2021,11,9167,8654,7751,25572,3663
MF0623,MEDDAKANDE,2021,12,8782.5,8876,8106,25764.5,2906
MF0624,Wikiliya,2021,1,0,112294,0,112294,5446
MF0624,Wikiliya,2021,2,0,144654,0,144654,8506
MF0624,Wikiliya,2021,3,0,188840,0,188840,10650
MF0624,Wikiliya,2021,4,0,200220,0,200220,11372
MF0624,Wikiliya,2021,5,0,240718,0,240718,13672
MF0624,Wikiliya,2021,6,0,209356,0,209356,9944
MF0624,Wikiliya,2021,7,0,214844,0,214844,10484
MF0624,Wikiliya,2021,8,0,177019,0,177019,8720
MF0624,Wikiliya,2021,9,0,146582,0,146582,9985
MF0624,Wikiliya,2021,10,0,177148,0,177148,10717
MF0624,Wikiliya,2021,11,0,159267,0,159267,12027
MF0624,Wikiliya,2021,12,0,114737,0,114737,6041
MF0625,NEW RASAGALLA,2021,1,18739,5497,0,24236,4735
MF0625,NEW RASAGALLA,2021,2,28196,12596,0,40792,4840
MF0625,NEW RASAGALLA,2021,3,33872,14100,0,47972,6425
MF0625,NEW RASAGALLA,2021,4,28955,16380,0,45335,6006
MF0625,NEW RASAGALLA,2021,5,26825,16650,0,43475,5669
MF0625,NEW RASAGALLA,2021,6,17123,13882,0,31005,3885
MF0625,NEW RASAGALLA,2021,7,24489,15773,0,40262,5373
MF0625,NEW RASAGALLA,2021,8,15973,16303,10493,42769,6034
MF0625,NEW RASAGALLA,2021,9,0,15713,17851,33564,4576
MF0625,NEW RASAGALLA,2021,10,18650,16107,0,34757,4951
MF0625,NEW RASAGALLA,2021,11,17477,13096,1226,31799,4431
MF0625,NEW RASAGALLA,2021,12,16180.5,11203,317,27700.5,3917.5
MF0626,HALGOLLE,2021,1,16405,14151,898,31454,4111
MF0626,HALGOLLE,2021,2,20356,18020,922,39298,5996
MF0626,HALGOLLE,2021,3,24370,20470,1214,46054,6566
MF0626,HALGOLLE,2021,4,25176,20646,1289,47111,8444
MF0626,HALGOLLE,2021,5,20858,28660,1122,50640,7987
MF0626,HALGOLLE,2021,6,18146,20713,1321,40180,5399
MF0626,HALGOLLE,2021,7,21363,21300,1407,44070,5472
MF0626,HALGOLLE,2021,8,14309,15390,1090,30789,7075
MF0626,HALGOLLE,2021,9,13136,10933.5,196,24265.5,3860
MF0626,HALGOLLE,2021,10,14963,17847,0,32810,3339
MF0626,HALGOLLE,2021,11,13468,14556,0,28024,2766
MF0626,HALGOLLE,2021,12,15132,21013,0,36145,4790
MF0659,RYE,2021,3,0,9562,0,9562,996
MF0659,RYE,2021,4,0,10749,0,10749,1277
MF0659,RYE,2021,5,0,8997,0,8997,1084
MF0659,RYE,2021,6,0,8230,0,8230,1010
MF0659,RYE,2021,7,0,3600,0,3600,392
MF0659,RYE,2021,8,0,5623,0,5623,638
MF0659,RYE,2021,9,0,6505,0,6505,707
MF0659,RYE,2021,10,0,3358,0,3358,389
MF0659,RYE,2021,11,0,848,0,848,93
MF0659,RYE,2021,12,0,0,0,0,0
MF0686,Keragala,2021,1,0,15417,0,15417,17150
MF0686,Keragala,2021,2,0,11050,0,11050,14210
MF0686,Keragala,2021,3,0,13970,0,13970,19005
MF0686,Keragala,2021,4,0,7096.5,0,7096.5,9940
MF0686,Keragala,2021,5,0,14132,0,14132,17290
MF0686,Keragala,2021,6,0,14161,0,14161,17325
MF0686,Keragala,2021,7,0,15510,0,15510,19075
MF0686,Keragala,2021,8,0,16185,0,16185,19040
MF0686,Keragala,2021,9,0,16487,0,16487,20650
MF0686,Keragala,2021,10,0,14740,0,14740,19110
MF0686,Keragala,2021,11,0,11321,0,11321,16240
MF0686,Keragala,2021,12,9202,0,0,9202,14805
MF0780,HOUPE ,2021,1,17164,35613,0,52777,4104
MF0780,HOUPE ,2021,2,14860,31992,0,46852,5759
MF0780,HOUPE ,2021,3,20401,41967.5,0,62368.5,6920
MF0780,HOUPE ,2021,4,20798,42965,0,63763,8813
MF0780,HOUPE ,2021,5,19211,45257.5,0,64468.5,10120
MF0780,HOUPE ,2021,6,17967,40066,0,58033,8572
MF0780,HOUPE ,2021,7,18130,44044,283,62457,8472
MF0780,HOUPE ,2021,8,16202,36365,1053,53620,7832
MF0780,HOUPE ,2021,9,15952,34598,0,50550,5943
MF0780,HOUPE ,2021,10,16092,34360,0,50452,7020
MF0780,HOUPE ,2021,11,12024.5,25058,0,37082.5,5886
MF0780,HOUPE ,2021,12,12015.5,26502,0,38517.5,5408
MF0801,HAPUGASTENNE ,2021,1,22495.5,19467,9499,51461.5,5419
MF0801,HAPUGASTENNE ,2021,1,3824,2406,824,7054,0
MF0801,HAPUGASTENNE ,2021,2,23417,24594,11048,59059,8476
MF0801,HAPUGASTENNE ,2021,2,4726,1925,1607,8258,0
MF0801,HAPUGASTENNE ,2021,3,29894,13238,35614,78746,11235
MF0801,HAPUGASTENNE ,2021,3,2437.5,1179,776,4392.5,0
MF0801,HAPUGASTENNE ,2021,4,27090,31764,16579,75433,10658
MF0801,HAPUGASTENNE ,2021,4,5949,5653,4739,16341,0
MF0801,HAPUGASTENNE ,2021,5,22928,44022.5,13892,80842.5,13405
MF0801,HAPUGASTENNE ,2021,5,4718,4167.5,1674,10559.5,0
MF0801,HAPUGASTENNE ,2021,6,19267,27249,11209,57725,7765
MF0801,HAPUGASTENNE ,2021,6,2942,2564,1747,7253,0
MF0801,HAPUGASTENNE ,2021,7,26040,41957,26157,94154,11918
MF0801,HAPUGASTENNE ,2021,7,3126,3605,2585,9316,0
MF0801,HAPUGASTENNE ,2021,8,20266,51018.5,21916,93200.5,0
MF0801,HAPUGASTENNE ,2021,8,701,2872,1356,4929,12860
MF0801,HAPUGASTENNE ,2021,9,20134,42632,21984,84750,8223
MF0801,HAPUGASTENNE ,2021,9,2976,4695,2212,9883,0
MF0801,HAPUGASTENNE ,2021,10,9485,18891,12664,41040,0
MF0801,HAPUGASTENNE ,2021,10,10638,25835,13777,50250,6055
MF0801,HAPUGASTENNE ,2021,11,14489.5,40791,16089,71369.5,5196
MF0801,HAPUGASTENNE ,2021,11,1244,2358,1028,4630,0
MF0801,HAPUGASTENNE ,2021,12,17248.5,41271,18682,77201.5,4068
MF0801,HAPUGASTENNE ,2021,12,0.5,0,0,0.5,0
MF0903,Maliboda,2021,1,0,47219.5,0,47219.5,3747
MF0903,Maliboda,2021,2,0,60691,0,60691,5392
MF0903,Maliboda,2021,3,0,64716,0,64716,6612
MF0903,Maliboda,2021,4,0,63028.5,0,63028.5,4693
MF0903,Maliboda,2021,5,0,50741.5,0,50741.5,3802
MF0903,Maliboda,2021,6,0,55901.5,0,55901.5,2568
MF0903,Maliboda,2021,7,0,65653,0,65653,3950
MF0903,Maliboda,2021,8,0,53838.5,0,53838.5,3574
MF0903,Maliboda,2021,9,0,42187.5,0,42187.5,3392
MF0903,Maliboda,2021,10,0,40419,0,40419,3609
MF0903,Maliboda,2021,11,0,25764,0,25764,2593
MF0903,Maliboda,2021,12,0,25209,0,25209,2268
MF0905,Millavitiya ,2021,5,0,78443,0,78443,1616
MF0905,Millavitiya ,2021,6,0,122907,0,122907,2622
MF0905,Millavitiya ,2021,7,0,150024,0,150024,3379
MF0905,Millavitiya ,2021,8,0,34096,0,34096,2962
MF0905,Millavitiya ,2021,9,0,31590,0,31590,3483
MF0905,Millavitiya ,2021,10,0,33571,0,33571,3078
MF0905,Millavitiya ,2021,11,0,34963,0,34963,3040
MF0905,Millavitiya ,2021,12,0,38719,0,38719,3366
MF0906,Palm Garden,2021,1,353,25817,80,26250,2498
MF0906,Palm Garden,2021,2,324,31793,83,32200,3093
MF0906,Palm Garden,2021,3,316,34500,113,34929,3313
MF0906,Palm Garden,2021,4,358,39176,66,39600,3861
MF0906,Palm Garden,2021,5,353,39474,84,39911,4892
MF0906,Palm Garden,2021,6,428,46479,93,47000,4693
MF0906,Palm Garden,2021,7,407,42991,102,43500,4025
MF0906,Palm Garden,2021,8,361,42554,85,43000,4235
MF0906,Palm Garden,2021,9,333,36248,90,36671,3737
MF0906,Palm Garden,2021,10,327.5,35611,90,36028.5,3284
MF0906,Palm Garden,2021,11,312,24476,95.5,24883.5,3873
MF0906,Palm Garden,2021,12,240,27226,79,27545,3454
MF0909,Allerton,2021,1,0,37028,0,37028,2221
MF0909,Allerton,2021,2,0,38892,0,38892,2331
MF0909,Allerton,2021,3,1440,47648,0,49088,2859
MF0909,Allerton,2021,4,0,41237,0,41237,2474
MF0909,Allerton,2021,5,0,51074,0,51074,3066
MF0909,Allerton,2021,6,0,48450,0,48450,2907
MF0909,Allerton,2021,7,0,48196,0,48196,1596
MF0909,Allerton,2021,8,0,39802,0,39802,857
MF0909,Allerton,2021,9,0,39951,0,39951,1197
MF0909,Allerton,2021,10,0,39007,0,39007,1169
MF0909,Allerton,2021,11,0,36272,0,36272,1088
MF0909,Allerton,2021,12,0,40047.5,0,40047.5,1201
MF0946,Rajjuruwatta,2021,1,0,49780,0,49780,4303
MF0946,Rajjuruwatta,2021,2,0,61755.5,0,61755.5,4022
MF0946,Rajjuruwatta,2021,3,0,73455.5,0,73455.5,4622
MF0946,Rajjuruwatta,2021,4,0,69492,0,69492,6600
MF0946,Rajjuruwatta,2021,5,0,79824,0,79824,7392
MF0946,Rajjuruwatta,2021,6,0,37079,0,37079,3247
MF0946,Rajjuruwatta,2021,7,0,39404,0,39404,3443
MF0946,Rajjuruwatta,2021,8,0,45898,0,45898,4003
MF0946,Rajjuruwatta,2021,9,0,57500,0,57500,5003
MF0946,Rajjuruwatta,2021,10,0,57918,0,57918,5036
MF0946,Rajjuruwatta,2021,11,0,43916,0,43916,3811
MF0946,Rajjuruwatta,2021,12,0,50202,0,50202,4357
MF1057,Dedugala,2021,1,0,33880,0,33880,1856
MF1057,Dedugala,2021,2,0,28085,0,28085,2441
MF1057,Dedugala,2021,3,0,33290,0,33290,2894
MF1057,Dedugala,2021,4,0,37401,0,37401,3250
MF1057,Dedugala,2021,5,0,34784,0,34784,3021
MF1057,Dedugala,2021,6,0,32429,0,32429,2816
MF1057,Dedugala,2021,7,0,33060,0,33060,2863
MF1057,Dedugala,2021,8,0,30418,0,30418,2640
MF1057,Dedugala,2021,9,0,29690,0,29690,2572
MF1057,Dedugala,2021,10,0,27171,0,27171,2352
MF1057,Dedugala,2021,11,0,18746,0,18746,1540
MF1057,Dedugala,2021,12,0,24092,0,24092,2048
MF1075,Kadigalahena,2021,1,0,34116,0,34116,1484
MF1075,Kadigalahena,2021,2,0,34463,0,34463,1703
MF1075,Kadigalahena,2021,3,0,45514,0,45514,3755
MF1075,Kadigalahena,2021,4,0,50279,0,50279,3588
MF1075,Kadigalahena,2021,5,0,49901,0,49901,3436
MF1075,Kadigalahena,2021,6,0,42418,0,42418,3175
MF1075,Kadigalahena,2021,7,0,41377,0,41377,3252
MF1075,Kadigalahena,2021,8,0,31173,0,31173,2540
MF1075,Kadigalahena,2021,9,0,26292,0,26292,2037
MF1075,Kadigalahena,2021,10,0,34532,0,34532,2734
MF1075,Kadigalahena,2021,11,0,41470,0,41470,3327
MF1075,Kadigalahena,2021,12,0,33839,0,33839,2942
MF1110,Gilimale Tea Shakthi ,2021,1,0,13200,0,13200,1502
MF1110,Gilimale Tea Shakthi ,2021,3,0,14794,0,14794,1300
MF1110,Gilimale Tea Shakthi ,2021,4,0,16935,0,16935,1752
MF1110,Gilimale Tea Shakthi ,2021,5,0,15684,0,15684,1376
MF1110,Gilimale Tea Shakthi ,2021,6,0,14033,0,14033,743
MF1110,Gilimale Tea Shakthi ,2021,7,0,17525,0,17525,747
MF1110,Gilimale Tea Shakthi ,2021,8,0,18145,0,18145,292
MF1110,Gilimale Tea Shakthi ,2021,9,0,17264,0,17264,942
MF1110,Gilimale Tea Shakthi ,2021,10,0,15050,0,15050,948
MF1110,Gilimale Tea Shakthi ,2021,11,0,3224,0,3224,188
MF1172,New Vithanakanda,2021,1,747,154982,0,155729,25729
MF1172,New Vithanakanda,2021,2,571,150356,0,150927,25145
MF1172,New Vithanakanda,2021,3,801,167757,0,168558,26066
MF1172,New Vithanakanda,2021,4,762,137398,0,138160,19843
MF1172,New Vithanakanda,2021,5,713,157463,0,158176,18036
MF1172,New Vithanakanda,2021,6,711,153756,0,154467,18735
MF1172,New Vithanakanda,2021,7,707,146683,0,147390,17283
MF1172,New Vithanakanda,2021,8,503,140288,0,140791,17268
MF1172,New Vithanakanda,2021,9,465,142069,0,142534,21991
MF1172,New Vithanakanda,2021,10,403,149453,0,149856,17641
MF1172,New Vithanakanda,2021,11,391,117155,0,117546,17137
MF1172,New Vithanakanda,2021,12,467,139715,0,140182,18488
MF1188,Green Mount,2021,1,0,17317,0,17317,1505
MF1188,Green Mount,2021,2,0,7026,0,7026,615
MF1188,Green Mount,2021,3,0,17943,0,17943,1559
MF1188,Green Mount,2021,4,0,37038,0,37038,3222
MF1188,Green Mount,2021,5,0,11624,0,11624,1584
MF1188,Green Mount,2021,6,0,4458,0,4458,703
MF1217,GALPADITENNE ,2021,1,0,234246,0,234246,23192
MF1217,GALPADITENNE ,2021,1,2400,65643,0,68043,0
MF1217,GALPADITENNE ,2021,2,0,205922,0,205922,21790
MF1217,GALPADITENNE ,2021,2,0,75250,0,75250,0
MF1217,GALPADITENNE ,2021,3,0,275681,0,275681,0
MF1217,GALPADITENNE ,2021,3,0,81213,0,81213,31280
MF1217,GALPADITENNE ,2021,4,0,250850,0,250850,30278
MF1217,GALPADITENNE ,2021,4,0,83858,0,83858,0
MF1217,GALPADITENNE ,2021,5,0,264345,0,264345,30232
MF1217,GALPADITENNE ,2021,5,3351,73660,0,77011,0
MF1217,GALPADITENNE ,2021,6,0,255410,0,255410,0
MF1217,GALPADITENNE ,2021,6,4935,40317,0,45252,28362
MF1217,GALPADITENNE ,2021,7,0,268124,0,268124,0
MF1217,GALPADITENNE ,2021,7,2991,52090,0,55081,30353
MF1217,GALPADITENNE ,2021,8,0,246259,0,246259,22918
MF1217,GALPADITENNE ,2021,8,0,59320,0,59320,0
MF1217,GALPADITENNE ,2021,9,0,227942,0,227942,14950
MF1217,GALPADITENNE ,2021,9,0,67764,0,67764,0
MF1217,GALPADITENNE ,2021,10,0,191550,0,191550,20337.5
MF1217,GALPADITENNE ,2021,10,0,98712,0,98712,0
MF1217,GALPADITENNE ,2021,11,0,149587,0,149587,0
MF1217,GALPADITENNE ,2021,11,0,78112,0,78112,19852
MF1217,GALPADITENNE ,2021,12,0,143792,0,143792,21131
MF1217,GALPADITENNE ,2021,12,0,75463,0,75463,0
MF1264,AVISSAWELLA,2021,1,0,106496,0,106496,2570
MF1264,AVISSAWELLA,2021,2,0,90208,0,90208,1943
MF1264,AVISSAWELLA,2021,3,0,110661,0,110661,2383
MF1264,AVISSAWELLA,2021,4,0,104048,0,104048,2220
MF1264,AVISSAWELLA,2021,5,0,101285,0,101285,2198
MF1264,AVISSAWELLA,2021,6,0,101395,0,101395,2194
MF1264,AVISSAWELLA,2021,7,0,103575,0,103575,2896
MF1264,AVISSAWELLA,2021,8,0,99028,0,99028,3782
MF1264,AVISSAWELLA,2021,9,0,96430,0,96430,2776
MF1264,AVISSAWELLA,2021,10,0,99236,0,99236,2746
MF1264,AVISSAWELLA,2021,11,0,79893,0,79893,2212
MF1264,AVISSAWELLA,2021,12,0,93260,0,93260,2489
MF1266,KENDALANDA,2021,1,684,110879,0,111563,4044
MF1266,KENDALANDA,2021,2,625,116977,0,117602,4325
MF1266,KENDALANDA,2021,3,1033,126965,0,127998,4231
MF1266,KENDALANDA,2021,4,791,120397,0,121188,3876
MF1266,KENDALANDA,2021,5,913,122188,0,123101,4069
MF1266,KENDALANDA,2021,6,744,113861,0,114605,3788
MF1266,KENDALANDA,2021,7,928,104334,0,105262,3479
MF1266,KENDALANDA,2021,8,679,106103,0,106782,3529
MF1266,KENDALANDA,2021,9,497,88704,0,89201,2758
MF1266,KENDALANDA,2021,10,613,85297,0,85910,3579
MF1266,KENDALANDA,2021,11,428,59572,0,60000,2499
MF1266,KENDALANDA,2021,12,552,63391,0,63943,2733
MF1281,ST.JOACHIM ,2021,1,2188,15119,0,17307,1726
MF1281,ST.JOACHIM ,2021,2,1538,19304,0,20842,4007
MF1281,ST.JOACHIM ,2021,3,1343,21536,0,22879,2224
MF1281,ST.JOACHIM ,2021,4,1709,21015,0,22724,2359
MF1281,ST.JOACHIM ,2021,5,1421,18024,0,19445,1863
MF1281,ST.JOACHIM ,2021,6,1726,19003,0,20729,2025
MF1281,ST.JOACHIM ,2021,7,1558,17787,0,19345,1815
MF1281,ST.JOACHIM ,2021,8,1392,18750,0,20142,2317
MF1281,ST.JOACHIM ,2021,9,1514,16277,0,17791,1741
MF1281,ST.JOACHIM ,2021,10,1336,17961,0,19297,1911
MF1281,ST.JOACHIM ,2021,11,1559,18300,0,19859,1752
MF1281,ST.JOACHIM ,2021,12,1481,21381,0,22862,2401
MF1284,NEW PANAWENNA ,2021,1,0,19509,0,19509,2114
MF1284,NEW PANAWENNA ,2021,2,0,22768,0,22768,1398
MF1284,NEW PANAWENNA ,2021,3,0,30358,0,30358,2394
MF1284,NEW PANAWENNA ,2021,4,0,83153,0,83153,2149
MF1284,NEW PANAWENNA ,2021,5,0,37775,0,37775,2107
MF1284,NEW PANAWENNA ,2021,6,0,44234,0,44234,3137
MF1284,NEW PANAWENNA ,2021,7,0,26176,0,26176,7262
MF1284,NEW PANAWENNA ,2021,8,0,25190,0,25190,4717
MF1284,NEW PANAWENNA ,2021,9,0,21820,0,21820,3148
MF1284,NEW PANAWENNA ,2021,10,0,29708,0,29708,2802
MF1284,NEW PANAWENNA ,2021,11,0,24702,0,24702,2681
MF1284,NEW PANAWENNA ,2021,12,0,21554,0,21554,2675
MF1286,SAMARAKANDA TEA PROCESSING CENTRE,2021,1,0,10239,0,10239,38470
MF1286,SAMARAKANDA TEA PROCESSING CENTRE,2021,2,0,10241,0,10241,33695
MF1286,SAMARAKANDA TEA PROCESSING CENTRE,2021,3,0,15394.5,0,15394.5,40090
MF1286,SAMARAKANDA TEA PROCESSING CENTRE,2021,4,0,9331,0,9331,31514
MF1286,SAMARAKANDA TEA PROCESSING CENTRE,2021,5,0,22199,0,22199,57078
MF1286,SAMARAKANDA TEA PROCESSING CENTRE,2021,6,0,21764.5,0,21764.5,56411
MF1286,SAMARAKANDA TEA PROCESSING CENTRE,2021,7,0,17725,0,17725,37187
MF1286,SAMARAKANDA TEA PROCESSING CENTRE,2021,8,0,24851,0,24851,35661
MF1286,SAMARAKANDA TEA PROCESSING CENTRE,2021,9,0,19669,0,19669,34208
MF1286,SAMARAKANDA TEA PROCESSING CENTRE,2021,10,0,13724.5,0,13724.5,31179
MF1286,SAMARAKANDA TEA PROCESSING CENTRE,2021,11,0,13821,0,13821,36100
MF1286,SAMARAKANDA TEA PROCESSING CENTRE,2021,12,0,14829,0,14829,32510
MF1297,ILLUKTENNE,2021,1,2052,21460,0,23512,2298
MF1297,ILLUKTENNE,2021,2,1314,25251.5,0,26565.5,1888
MF1297,ILLUKTENNE,2021,3,1300,25861,0,27161,4354
MF1297,ILLUKTENNE,2021,4,1223,27285,0,28508,1411
MF1297,ILLUKTENNE,2021,5,673,18113.5,0,18786.5,1978
MF1297,ILLUKTENNE,2021,6,1577,25362,0,26939,1871
MF1297,ILLUKTENNE,2021,7,1875,23127,0,25002,2745
MF1297,ILLUKTENNE,2021,8,1909,22445,0,24354,2408
MF1297,ILLUKTENNE,2021,9,1624,18878,0,20502,1988
MF1297,ILLUKTENNE,2021,10,1839,19822,0,21661,2327
MF1297,ILLUKTENNE,2021,11,1563,13377,0,14940,1679
MF1297,ILLUKTENNE,2021,12,1686,18597.5,0,20283.5,1095
MF1304,KEHELWALA ,2021,1,1380,29206.5,0,30586.5,3245
MF1304,KEHELWALA ,2021,2,1309,35942,0,37251,3425
MF1304,KEHELWALA ,2021,3,1863,40222,0,42085,4885
MF1304,KEHELWALA ,2021,4,1764,42574,0,44338,3754
MF1304,KEHELWALA ,2021,5,1969,42355.5,0,44324.5,5221
MF1304,KEHELWALA ,2021,6,1881,38097.5,0,39978.5,2775
MF1304,KEHELWALA ,2021,7,1772.5,33322,0,35094.5,3287
MF1304,KEHELWALA ,2021,8,1630,32633,0,34263,3057
MF1304,KEHELWALA ,2021,9,1470,30472.5,0,31942.5,3018
MF1304,KEHELWALA ,2021,10,1490,36905,0,38395,3229
MF1304,KEHELWALA ,2021,11,853,23454,0,24307,2610
MF1304,KEHELWALA ,2021,12,1308.5,35082,0,36390.5,4276
MF1308,New Udakada,2021,1,0,22575,0,22575,1806
MF1308,New Udakada,2021,2,0,22537,0,22537,1803
MF1308,New Udakada,2021,3,0,30878,0,30878,2470
MF1308,New Udakada,2021,4,0,27914,0,27914,2233
MF1308,New Udakada,2021,5,0,28813,0,28813,2305
MF1308,New Udakada,2021,6,0,24611,0,24611,1969
MF1308,New Udakada,2021,7,0,31646,0,31646,2532
MF1308,New Udakada,2021,8,0,28445,0,28445,2276
MF1308,New Udakada,2021,9,0,30321,0,30321,2426
MF1308,New Udakada,2021,10,0,25068,0,25068,2005
MF1308,New Udakada,2021,11,0,20650,0,20650,1652
MF1308,New Udakada,2021,12,0,19465,0,19465,1557
MF1316,Kolonna,2021,1,0,55802,0,55802,5564
MF1316,Kolonna,2021,2,0,56926,0,56926,6305
MF1316,Kolonna,2021,3,0,67600,0,67600,7436
MF1316,Kolonna,2021,4,0,76310,0,76310,8892
MF1316,Kolonna,2021,5,0,68856,0,68856,6708
MF1316,Kolonna,2021,6,0,63501,0,63501,5952
MF1316,Kolonna,2021,7,0,63830,0,63830,6183
MF1316,Kolonna,2021,8,0,57934,0,57934,6544
MF1316,Kolonna,2021,9,22280.5,47021,0,69301.5,5235
MF1316,Kolonna,2021,10,0,44955,0,44955,4640
MF1316,Kolonna,2021,11,0,35402,0,35402,3716
MF1316,Kolonna,2021,12,0,39680,0,39680,3405
MF1317,Deshika,2021,1,0,28167,0,28167,3122
MF1317,Deshika,2021,2,0,25004,0,25004,3369
MF1317,Deshika,2021,3,0,29931,0,29931,3012
MF1317,Deshika,2021,4,0,20860,0,20860,1851
MF1317,Deshika,2021,5,0,16554,0,16554,960
MF1317,Deshika,2021,6,0,16590,0,16590,1030
MF1317,Deshika,2021,12,0,8816,0,8816,665
MF1343,Kongahawatte,2021,1,0,81766,0,81766,4396
MF1343,Kongahawatte,2021,2,0,84689,0,84689,4626
MF1343,Kongahawatte,2021,3,0,104783,0,104783,6098
MF1343,Kongahawatte,2021,4,0,97211,0,97211,5478
MF1343,Kongahawatte,2021,5,0,96248,0,96248,5869
MF1343,Kongahawatte,2021,6,0,90425,0,90425,5261
MF1343,Kongahawatte,2021,7,0,93107,0,93107,10582
MF1343,Kongahawatte,2021,8,0,92783,0,92783,9073
MF1343,Kongahawatte,2021,9,0,94400,0,94400,6122
MF1343,Kongahawatte,2021,10,0,95433,0,95433,6921
MF1343,Kongahawatte,2021,11,0,74471,0,74471,5029
MF1343,Kongahawatte,2021,12,0,74141,0,74141,5227
MF1354,Peak Paradise,2021,1,0,69295,0,69295,2574
MF1354,Peak Paradise,2021,2,0,65292,0,65292,2610
MF1354,Peak Paradise,2021,3,0,79963,0,79963,3199
MF1354,Peak Paradise,2021,4,0,85434,0,85434,3417
MF1354,Peak Paradise,2021,5,0,79858,0,79858,3193
MF1354,Peak Paradise,2021,6,0,76096,0,76096,3043
MF1354,Peak Paradise,2021,7,0,70907,0,70907,2839
MF1354,Peak Paradise,2021,8,0,70244,0,70244,2813
MF1354,Peak Paradise,2021,9,0,66209,0,66209,2648
MF1354,Peak Paradise,2021,10,0,64360,0,64360,2573
MF1354,Peak Paradise,2021,11,0,49850,0,49850,1994
MF1354,Peak Paradise,2021,12,0,54457,0,54457,2175
MF1363,New Nawalakanda,2021,1,0,90910,0,90910,10677
MF1363,New Nawalakanda,2021,2,0,92435,0,92435,10293
MF1363,New Nawalakanda,2021,3,0,117753,0,117753,13829
MF1363,New Nawalakanda,2021,4,0,128806,0,128806,15920
MF1363,New Nawalakanda,2021,5,0,109716,0,109716,13908
MF1363,New Nawalakanda,2021,6,0,72605,0,72605,9434
MF1363,New Nawalakanda,2021,7,0,75055,0,75055,9753
MF1363,New Nawalakanda,2021,8,0,89049,0,89049,11537
MF1363,New Nawalakanda,2021,9,0,101295,0,101295,13033
MF1363,New Nawalakanda,2021,10,0,112763,0,112763,13511
MF1363,New Nawalakanda,2021,11,0,88349,0,88349,10365
MF1363,New Nawalakanda,2021,12,0,74276,0,74276,11099
MF1365,Nawagamuwahena,2021,1,0,77914,0,77914,6267
MF1365,Nawagamuwahena,2021,2,0,82348,0,82348,6624
MF1365,Nawagamuwahena,2021,3,0,98223,0,98223,7906
MF1365,Nawagamuwahena,2021,4,0,89704,0,89704,7218
MF1365,Nawagamuwahena,2021,5,0,101873,0,101873,8200
MF1365,Nawagamuwahena,2021,6,0,88816,0,88816,7147
MF1365,Nawagamuwahena,2021,7,0,62114,0,62114,5000
MF1365,Nawagamuwahena,2021,8,0,82266,0,82266,6616
MF1365,Nawagamuwahena,2021,9,0,74942,0,74942,6031
MF1365,Nawagamuwahena,2021,10,0,73638,0,73638,5927
MF1365,Nawagamuwahena,2021,11,0,33887,0,33887,2725
MF1365,Nawagamuwahena,2021,12,0,64357,0,64357,5180
MF1368,New Temple View,2021,1,0,39270,0,39270,1915
MF1368,New Temple View,2021,2,0,33779,0,33779,1562
MF1368,New Temple View,2021,3,0,41623,0,41623,2222
MF1368,New Temple View,2021,4,0,43799,0,43799,2625
MF1368,New Temple View,2021,5,0,44071,0,44071,2360
MF1368,New Temple View,2021,6,0,40455,0,40455,2129
MF1368,New Temple View,2021,7,0,39998,0,39998,2157
MF1368,New Temple View,2021,8,0,35956,0,35956,1934
MF1368,New Temple View,2021,9,0,32818,0,32818,1601
MF1368,New Temple View,2021,10,0,34482,0,34482,1682
MF1368,New Temple View,2021,11,0,27102,0,27102,1322
MF1368,New Temple View,2021,12,0,25276,0,25276,1233
MF1387,A.C.U.,2021,1,0,30768,0,30768,1663
MF1387,A.C.U.,2021,2,0,34369,0,34369,1734
MF1387,A.C.U.,2021,3,0,43258,0,43258,2110
MF1387,A.C.U.,2021,4,0,36245,0,36245,2038
MF1387,A.C.U.,2021,5,0,37553,0,37553,2020
MF1387,A.C.U.,2021,6,0,28107,0,28107,1516
MF1387,A.C.U.,2021,7,0,32825,0,32825,1617
MF1387,A.C.U.,2021,8,0,35339,0,35339,1741
MF1387,A.C.U.,2021,9,0,36974,0,36974,1994
MF1387,A.C.U.,2021,10,0,40142,0,40142,1968
MF1387,A.C.U.,2021,11,0,34736,0,34736,1703
MF1387,A.C.U.,2021,12,0,34569,0,34569,1695
MF1392,Hidellana,2021,1,0,110805.5,0,110805.5,7359
MF1392,Hidellana,2021,2,0,81827,0,81827,6346
MF1392,Hidellana,2021,3,0,72259,0,72259,3610.8
MF1392,Hidellana,2021,4,0,85425.5,0,85425.5,4833.5
MF1392,Hidellana,2021,5,0,75331,0,75331,4500
MF1392,Hidellana,2021,6,0,82152,0,82152,8080
MF1392,Hidellana,2021,7,0,69395,0,69395,4930
MF1392,Hidellana,2021,8,0,59544,0,59544,5025
MF1392,Hidellana,2021,9,0,71548,0,71548,5473
MF1392,Hidellana,2021,10,0,77520,0,77520,5350
MF1392,Hidellana,2021,11,0,64151,0,64151,3849
MF1392,Hidellana,2021,12,0,77431,0,77431,5735
MF1397,New Ferndale,2021,1,0,29999,0,29999,5283
MF1397,New Ferndale,2021,2,0,26360,0,26360,2293
MF1397,New Ferndale,2021,3,0,45771,0,45771,3980
MF1397,New Ferndale,2021,4,0,50238,0,50238,4366
MF1397,New Ferndale,2021,5,0,42251,0,42251,3670
MF1397,New Ferndale,2021,6,0,33492,0,33492,2909
MF1397,New Ferndale,2021,7,0,35484,0,35484,3943
MF1397,New Ferndale,2021,8,0,32631,0,32631,4033
MF1397,New Ferndale,2021,9,0,30276,0,30276,3730
MF1397,New Ferndale,2021,10,0,28135,0,28135,2446
MF1397,New Ferndale,2021,11,0,30915,0,30915,2685
MF1397,New Ferndale,2021,12,0,22202,0,22202,1928
MF1418,Doralawitiyahena,2021,1,0,36957,0,36957,1500
MF1418,Doralawitiyahena,2021,2,0,34756,0,34756,1764
MF1418,Doralawitiyahena,2021,3,0,44716,0,44716,2000
MF1418,Doralawitiyahena,2021,4,0,43043,0,43043,2200
MF1418,Doralawitiyahena,2021,5,0,43739,0,43739,2300
MF1418,Doralawitiyahena,2021,6,0,37882,0,37882,2200
MF1418,Doralawitiyahena,2021,7,0,38406,0,38406,1650
MF1418,Doralawitiyahena,2021,8,0,38644,0,38644,2050
MF1418,Doralawitiyahena,2021,9,0,38254,0,38254,2006
MF1418,Doralawitiyahena,2021,10,0,37238,0,37238,2220
MF1418,Doralawitiyahena,2021,11,0,29761,0,29761,1840
MF1418,Doralawitiyahena,2021,12,0,29700,0,29700,1686
MF1436,New Wewelkandura,2021,1,0,25950.2,0,25950.2,2575.9
MF1436,New Wewelkandura,2021,2,0,20141.9,0,20141.9,2011.5
MF1436,New Wewelkandura,2021,3,0,28255.3,0,28255.3,2821.8
MF1436,New Wewelkandura,2021,4,0,41090.6,0,41090.6,4083.8
MF1436,New Wewelkandura,2021,5,0,35417.8,0,35417.8,3520
MF1436,New Wewelkandura,2021,6,0,12237.2,0,12237.2,1211.8
MF1436,New Wewelkandura,2021,7,0,14899.8,0,14899.8,1124.9
MF1436,New Wewelkandura,2021,8,0,17180.7,0,17180.7,1263.4
MF1436,New Wewelkandura,2021,9,0,30529,0,30529,2336.8
MF1436,New Wewelkandura,2021,10,0,41201,0,41201,2182.2
MF1436,New Wewelkandura,2021,11,0,26649.5,0,26649.5,2964.3
MF1436,New Wewelkandura,2021,12,0,31950,0,31950,3036.9
MF1440,Nivithigala,2021,1,0,76219,0,76219,5758
MF1440,Nivithigala,2021,2,0,64743,0,64743,4745
MF1440,Nivithigala,2021,3,0,75769,0,75769,5710
MF1440,Nivithigala,2021,4,0,75462,0,75462,5748
MF1440,Nivithigala,2021,5,0,72285,0,72285,5448
MF1440,Nivithigala,2021,6,0,67492,0,67492,5982
MF1440,Nivithigala,2021,7,0,74666,0,74666,4998
MF1440,Nivithigala,2021,8,0,51829,0,51829,4979
MF1440,Nivithigala,2021,9,0,65572,0,65572,4611
MF1440,Nivithigala,2021,10,0,76086,0,76086,5200
MF1440,Nivithigala,2021,11,0,51927,0,51927,5679
MF1440,Nivithigala,2021,12,0,63688,0,63688,4074
MF1441,Falcon,2021,1,0,108971,0,108971,9476
MF1441,Falcon,2021,2,0,100757,0,100757,8758
MF1441,Falcon,2021,3,0,117637,0,117637,10224
MF1441,Falcon,2021,4,0,114786,0,114786,7138
MF1441,Falcon,2021,5,0,113047,0,113047,10132
MF1441,Falcon,2021,6,0,110880,0,110880,9241
MF1441,Falcon,2021,7,0,106339,0,106339,9673
MF1441,Falcon,2021,8,0,108112,0,108112,9229
MF1441,Falcon,2021,9,0,102884,0,102884,7613
MF1441,Falcon,2021,10,0,103723,0,103723,8581
MF1441,Falcon,2021,11,0,86918,0,86918,8939
MF1441,Falcon,2021,12,0,96542,0,96542,8944
MF1442,Veddagala,2021,1,0,48392,0,48392,4040
MF1442,Veddagala,2021,2,0,51966.5,0,51966.5,4454
MF1442,Veddagala,2021,3,0,64333,0,64333,5520
MF1442,Veddagala,2021,4,0,52983,0,52983,4622
MF1442,Veddagala,2021,5,0,61624,0,61624,5405
MF1442,Veddagala,2021,6,0,46109,0,46109,3828
MF1442,Veddagala,2021,7,0,42809.5,0,42809.5,3438
MF1442,Veddagala,2021,8,0,39197.5,0,39197.5,3369
MF1442,Veddagala,2021,9,1560,44568,0,46128,3952
MF1442,Veddagala,2021,10,600,52361,0,52961,4822
MF1442,Veddagala,2021,11,0,41734,0,41734,3708
MF1442,Veddagala,2021,12,0,51852,0,51852,5090
MF1442,Veddagala,2021,12,0,4426,0,4426,0
MF1453,Kalawana,2021,1,0,43731.25,0,43731.25,6614
MF1453,Kalawana,2021,2,0,42487.5,0,42487.5,5238
MF1453,Kalawana,2021,3,0,52315,0,52315,4490
MF1453,Kalawana,2021,4,0,68478,0,68478,8193
MF1453,Kalawana,2021,5,0,70074,0,70074,4858
MF1453,Kalawana,2021,6,0,69434,0,69434,6515
MF1453,Kalawana,2021,7,0,59352,0,59352,7073
MF1453,Kalawana,2021,8,0,59296.5,0,59296.5,6821
MF1453,Kalawana,2021,9,0,46980,0,46980,5448
MF1453,Kalawana,2021,10,0,48105,0,48105,6420
MF1453,Kalawana,2021,11,0,38458,0,38458,4273
MF1453,Kalawana,2021,12,0,47188,0,47188,4427
MF1456,Deerwood,2021,1,0,67568,0,67568,2697
MF1456,Deerwood,2021,2,0,69428,0,69428,2776
MF1456,Deerwood,2021,3,0,80359,0,80359,3206
MF1456,Deerwood,2021,4,0,95344,0,95344,3609
MF1456,Deerwood,2021,5,0,106381,0,106381,4251
MF1456,Deerwood,2021,6,0,80489,0,80489,3217
MF1456,Deerwood,2021,7,0,75976,0,75976,3033
MF1456,Deerwood,2021,8,0,74025,0,74025,2954
MF1456,Deerwood,2021,9,0,66063,0,66063,2638
MF1456,Deerwood,2021,10,0,0,63899,63899,2553
MF1456,Deerwood,2021,11,0,48373,0,48373,1931
MF1456,Deerwood,2021,12,0,57294,0,57294,2286
MF1458,Seron,2021,1,0,20533,0,20533,1691
MF1458,Seron,2021,2,0,31949,0,31949,2770
MF1458,Seron,2021,3,0,51530,0,51530,3986
MF1458,Seron,2021,4,0,43876,0,43876,3510
MF1458,Seron,2021,5,0,29700,0,29700,2662
MF1458,Seron,2021,6,0,38805,0,38805,3361
MF1458,Seron,2021,7,0,29897,0,29897,2423
MF1458,Seron,2021,8,0,29906,0,29906,2619
MF1458,Seron,2021,9,0,26511,0,26511,2305
MF1458,Seron,2021,10,0,31261,0,31261,2707
MF1458,Seron,2021,11,0,31123,0,31123,2692
MF1458,Seron,2021,12,0,30046,0,30046,2563
MF1459,New Laksakanda,2021,1,0,110575,0,110575,5710
MF1459,New Laksakanda,2021,2,0,132908,0,132908,6663
MF1459,New Laksakanda,2021,3,0,143880,0,143880,7478
MF1459,New Laksakanda,2021,4,0,135325,0,135325,7097
MF1459,New Laksakanda,2021,5,0,60605,0,60605,5236
MF1459,New Laksakanda,2021,6,0,118400,0,118400,9295
MF1459,New Laksakanda,2021,7,0,126073,0,126073,6162
MF1459,New Laksakanda,2021,8,0,112786,0,112786,6325
MF1459,New Laksakanda,2021,9,0,95273,0,95273,5302
MF1459,New Laksakanda,2021,10,0,117556,0,117556,6200
MF1459,New Laksakanda,2021,11,0,93736,0,93736,4982
MF1459,New Laksakanda,2021,12,0,94107,0,94107,5016
MF1463,Peekview,2021,1,0,92784,0,92784,8895
MF1463,Peekview,2021,2,0,96221,0,96221,9687
MF1463,Peekview,2021,3,0,101145,0,101145,11509
MF1463,Peekview,2021,4,0,121823,0,121823,10062
MF1463,Peekview,2021,5,0,110794,0,110794,8245
MF1463,Peekview,2021,6,0,109702,0,109702,9453
MF1463,Peekview,2021,7,0,119739,0,119739,9270
MF1463,Peekview,2021,8,0,104483,0,104483,10056
MF1463,Peekview,2021,9,0,98919,0,98919,9853
MF1463,Peekview,2021,10,0,101840,0,101840,9779
MF1463,Peekview,2021,11,0,81009,0,81009,7590
MF1463,Peekview,2021,12,0,83008,0,83008,4702
MF1466,Tea Lanka,2021,1,0,36708,0,36708,1623
MF1466,Tea Lanka,2021,2,0,40495,0,40495,1689
MF1466,Tea Lanka,2021,3,0,50198,0,50198,2183
MF1466,Tea Lanka,2021,4,0,47316,0,47316,2063
MF1466,Tea Lanka,2021,5,0,55324,0,55324,2626
MF1466,Tea Lanka,2021,6,0,49359,0,49359,2465
MF1466,Tea Lanka,2021,7,0,39314,0,39314,1953
MF1466,Tea Lanka,2021,8,0,43710,0,43710,2280
MF1466,Tea Lanka,2021,9,0,44081,0,44081,2301
MF1466,Tea Lanka,2021,10,0,54923,0,54923,2871
MF1466,Tea Lanka,2021,11,0,35923,0,35923,1880
MF1466,Tea Lanka,2021,12,0,32660,0,32660,1704
MF1467,Daduwangala Watte,2021,1,0,26122,0,26122,1375
MF1467,Daduwangala Watte,2021,2,0,24615,0,24615,1295
MF1467,Daduwangala Watte,2021,3,0,27759,0,27759,1461
MF1467,Daduwangala Watte,2021,4,0,42282,0,42282,2225
MF1467,Daduwangala Watte,2021,5,0,40458,0,40458,2129
MF1467,Daduwangala Watte,2021,6,0,40586,0,40586,2136
MF1467,Daduwangala Watte,2021,7,0,34805,0,34805,1832
MF1467,Daduwangala Watte,2021,8,0,40935,0,40935,2154
MF1467,Daduwangala Watte,2021,9,0,32883,0,32883,1731
MF1467,Daduwangala Watte,2021,10,0,39131,0,39131,2060
MF1467,Daduwangala Watte,2021,11,0,31002,0,31002,1632
MF1467,Daduwangala Watte,2021,12,0,27194,0,27194,1431
MF1470,Karawita,2021,1,0,27262,0,27262,2169
MF1470,Karawita,2021,2,0,26850,0,26850,2505
MF1470,Karawita,2021,3,0,31856,0,31856,3224
MF1470,Karawita,2021,4,0,38036,0,38036,2381
MF1470,Karawita,2021,5,0,45354,0,45354,2329
MF1470,Karawita,2021,6,0,42778,0,42778,4932
MF1470,Karawita,2021,7,0,32233,0,32233,4252
MF1470,Karawita,2021,8,0,27515,0,27515,6255
MF1470,Karawita,2021,9,0,21849,0,21849,5063
MF1470,Karawita,2021,10,0,208,0,208,3542
MF1478,Sanora,2021,1,1009,28345,0,29354,2561
MF1478,Sanora,2021,2,823,28740,0,29563,2558
MF1478,Sanora,2021,3,995,32400,0,33395,2886
MF1478,Sanora,2021,4,1075,30389,0,31464,2726
MF1478,Sanora,2021,5,0,30262,800,31062,2691
MF1478,Sanora,2021,6,747,26190,0,26937,2141
MF1478,Sanora,2021,7,849,26403,0,27252,2360
MF1478,Sanora,2021,8,973,24081,0,25054,2174
MF1478,Sanora,2021,9,1011,23253,0,24264,2098
MF1478,Sanora,2021,10,684,22742,0,23426,2027
MF1478,Sanora,2021,11,765,17497,0,18262,1578
MF1478,Sanora,2021,12,825,19383,0,20208,1745
MF1480,New Hopewell,2021,1,0,113648,0,113648,3250
MF1480,New Hopewell,2021,1,0,40700,0,40700,0
MF1480,New Hopewell,2021,2,0,128646,0,128646,3357
MF1480,New Hopewell,2021,2,0,30750,0,30750,0
MF1480,New Hopewell,2021,3,0,171344,0,171344,4567
MF1480,New Hopewell,2021,3,0,48230,0,48230,0
MF1480,New Hopewell,2021,4,0,180672,0,180672,4858
MF1480,New Hopewell,2021,4,0,51347,0,51347,0
MF1480,New Hopewell,2021,5,0,208910,0,208910,5909
MF1480,New Hopewell,2021,5,0,65583,0,65583,0
MF1480,New Hopewell,2021,6,0,169400,0,169400,4712
MF1480,New Hopewell,2021,6,0,56050,0,56050,0
MF1480,New Hopewell,2021,7,0,178957,0,178957,4939
MF1480,New Hopewell,2021,7,0,58500,0,58500,0
MF1480,New Hopewell,2021,8,0,151055,0,151055,4231
MF1480,New Hopewell,2021,8,0,47552,0,47552,0
MF1480,New Hopewell,2021,9,0,116556,0,116556,3590
MF1480,New Hopewell,2021,9,0,48570,0,48570,0
MF1480,New Hopewell,2021,10,0,135013,0,135013,5002
MF1480,New Hopewell,2021,10,0,53987,0,53987,0
MF1480,New Hopewell,2021,11,0,144244,0,144244,10055
MF1480,New Hopewell,2021,11,0,53700,0,53700,0
MF1480,New Hopewell,2021,12,0,107982,0,107982,7556
MF1480,New Hopewell,2021,12,0,43660,0,43660,0
MF1483,Galaxy ,2021,1,0,44353,0,44353,3333
MF1483,Galaxy ,2021,2,0,45230,0,45230,3224
MF1483,Galaxy ,2021,3,0,49250,0,49250,3645
MF1483,Galaxy ,2021,4,0,51480,0,51480,3872
MF1483,Galaxy ,2021,5,0,55505,0,55505,4168
MF1483,Galaxy ,2021,6,0,60041,0,60041,5633
MF1483,Galaxy ,2021,7,0,43334,0,43334,3304
MF1483,Galaxy ,2021,8,0,65780,0,65780,4165
MF1483,Galaxy ,2021,9,0,46035,0,46035,5114
MF1483,Galaxy ,2021,10,0,49895,0,49895,5302
MF1483,Galaxy ,2021,11,0,40548,0,40548,4572
MF1483,Galaxy ,2021,12,0,49210,0,49210,4784
MF1487,Adams View,2021,1,0,66750,0,66750,4226
MF1487,Adams View,2021,2,0,61108,0,61108,3863
MF1487,Adams View,2021,3,0,72048,0,72048,4561
MF1487,Adams View,2021,4,0,66918,0,66918,4237
MF1487,Adams View,2021,5,0,65388,0,65388,4133
MF1487,Adams View,2021,6,0,61665,0,61665,3902
MF1487,Adams View,2021,7,0,59926,0,59926,3794
MF1487,Adams View,2021,8,0,56810,0,56810,3597
MF1487,Adams View,2021,9,0,54703,0,54703,3518
MF1487,Adams View,2021,10,0,51877,0,51877,3270
MF1487,Adams View,2021,11,0,44787,0,44787,2833
MF1487,Adams View,2021,12,45545,0,0,45545,2882
MF1488,Kukuleganga,2021,1,0,16801,0,16801,1446
MF1488,Kukuleganga,2021,2,0,15019,0,15019,1295
MF1488,Kukuleganga,2021,3,0,18037,0,18037,1556
MF1488,Kukuleganga,2021,4,0,19628,0,19628,1707
MF1488,Kukuleganga,2021,5,0,28778,0,28778,2514
MF1488,Kukuleganga,2021,6,0,16145,0,16145,1471
MF1488,Kukuleganga,2021,7,0,7631,0,7631,676
MF1488,Kukuleganga,2021,8,0,5732,0,5732,497
MF1488,Kukuleganga,2021,9,0,5200,0,5200,444
MF1488,Kukuleganga,2021,10,0,10983,0,10983,936
MF1488,Kukuleganga,2021,11,0,9332,0,9332,814
MF1488,Kukuleganga,2021,12,0,8656,0,8656,745
MF1489,BLUE MOUNT,2021,1,0,51620,0,51620,5115
MF1489,BLUE MOUNT,2021,2,0,50173,0,50173,4247
MF1489,BLUE MOUNT,2021,3,0,84704,0,84704,6715
MF1489,BLUE MOUNT,2021,4,0,24300,0,24300,1770
MF1489,BLUE MOUNT,2021,6,0,0,0,0,0
MF1491,New Doralavitiyahena,2021,1,0,60607,0,60607,6460
MF1491,New Doralavitiyahena,2021,1,0,9100,0,9100,6460
MF1491,New Doralavitiyahena,2021,2,0,57785,0,57785,6510
MF1491,New Doralavitiyahena,2021,2,0,7555,0,7555,0
MF1491,New Doralavitiyahena,2021,3,0,66342,0,66342,7674
MF1491,New Doralavitiyahena,2021,3,0,14850,0,14850,0
MF1491,New Doralavitiyahena,2021,4,0,70386,0,70386,0
MF1491,New Doralavitiyahena,2021,4,0,10303,0,10303,7217
MF1491,New Doralavitiyahena,2021,5,15831,72214,0,88045,0
MF1491,New Doralavitiyahena,2021,5,7593,12870,0,20463,5018
MF1491,New Doralavitiyahena,2021,6,0,67768,0,67768,5259
MF1491,New Doralavitiyahena,2021,6,0,10275,0,10275,0
MF1491,New Doralavitiyahena,2021,7,0,69678,0,69678,0
MF1491,New Doralavitiyahena,2021,7,0,8058,0,8058,4838
MF1491,New Doralavitiyahena,2021,8,0,65595,0,65595,4286
MF1491,New Doralavitiyahena,2021,8,0,5776,0,5776,0
MF1491,New Doralavitiyahena,2021,9,0,57800,0,57800,3900
MF1491,New Doralavitiyahena,2021,9,0,5394,0,5394,0
MF1491,New Doralavitiyahena,2021,10,0,62000,0,62000,4727
MF1491,New Doralavitiyahena,2021,10,0,6785,0,6785,0
MF1491,New Doralavitiyahena,2021,11,0,51080,0,51080,3565
MF1491,New Doralavitiyahena,2021,11,0,8480,0,8480,3565
MF1491,New Doralavitiyahena,2021,12,0,41906,0,41906,3018
MF1491,New Doralavitiyahena,2021,12,0,8914,0,8914,0
MF1495,Nilvin View,2021,1,0,87660,0,87660,3506
MF1495,Nilvin View,2021,2,0,91448,0,91448,3658
MF1495,Nilvin View,2021,3,0,115502,0,115502,4620
MF1495,Nilvin View,2021,4,0,137884,0,137884,5550
MF1495,Nilvin View,2021,5,0,163635,0,163635,6546
MF1495,Nilvin View,2021,6,0,88893,0,88893,3573
MF1495,Nilvin View,2021,7,0,99368,0,99368,4034
MF1495,Nilvin View,2021,8,0,87702,0,87702,3543
MF1495,Nilvin View,2021,9,0,70399,0,70399,2844
MF1495,Nilvin View,2021,10,0,69734,0,69734,2810
MF1495,Nilvin View,2021,11,0,74565,0,74565,3005
MF1495,Nilvin View,2021,12,0,66438,0,66438,2684
MF1496,CO-OP TEA,2021,1,0,0,34110,34110,3776
MF1496,CO-OP TEA,2021,2,0,32936,0,32936,3644
MF1496,CO-OP TEA,2021,3,0,0,34711,34711,3843
MF1496,CO-OP TEA,2021,4,0,0,35413,35413,3930
MF1496,CO-OP TEA,2021,5,0,0,39571,39571,4383
MF1496,CO-OP TEA,2021,6,0,26603,0,26603,3823
MF1496,CO-OP TEA,2021,7,0,26615,0,26615,1644
MF1496,CO-OP TEA,2021,8,0,0,32937,32937,3647
MF1496,CO-OP TEA,2021,9,0,0,24031,24031,2658
MF1496,CO-OP TEA,2021,10,0,0,27033,27033,3002
MF1496,CO-OP TEA,2021,11,0,21467,0,21467,2360
MF1496,CO-OP TEA,2021,12,0,18286,0,18286,2030
MF1515,Geekiyanahena ,2021,1,0,81888,0,81888,7584
MF1515,Geekiyanahena ,2021,2,0,85540,0,85540,7923
MF1515,Geekiyanahena ,2021,3,0,94871,0,94871,8788
MF1515,Geekiyanahena ,2021,4,0,106138,0,106138,9833
MF1515,Geekiyanahena ,2021,5,0,95313,0,95313,8831
MF1515,Geekiyanahena ,2021,6,0,82113,0,82113,7607
MF1515,Geekiyanahena ,2021,7,0,114443,0,114443,10602
MF1515,Geekiyanahena ,2021,8,0,0,0,0,7584
MF1515,Geekiyanahena ,2021,9,0,79812,0,79812,7372
MF1515,Geekiyanahena ,2021,10,0,76834,0,76834,7121
MF1515,Geekiyanahena ,2021,11,0,87168,0,87168,8073
MF1515,Geekiyanahena ,2021,12,0,60748,0,60748,5624
MF1519,Parakaduwa,2021,1,0,23527,0,23527,472
MF1519,Parakaduwa,2021,2,0,17032,0,17032,341
MF1519,Parakaduwa,2021,3,0,19728,0,19728,400
MF1519,Parakaduwa,2021,4,0,25546,0,25546,522
MF1519,Parakaduwa,2021,5,0,31186,0,31186,633
MF1519,Parakaduwa,2021,6,0,34322,0,34322,694
MF1519,Parakaduwa,2021,7,0,28777,0,28777,582
MF1519,Parakaduwa,2021,8,0,23156,0,23156,1509
MF1519,Parakaduwa,2021,9,0,17855,0,17855,1265
MF1519,Parakaduwa,2021,10,0,17957,0,17957,1436
MF1519,Parakaduwa,2021,11,0,3840,0,3840,282
MF1528,MISA,2021,1,0,97755,0,97755,7361
MF1528,MISA,2021,2,0,104699,0,104699,5863
MF1528,MISA,2021,3,0,125598,0,125598,5840
MF1528,MISA,2021,4,0,135858,0,135858,6265
MF1528,MISA,2021,5,43424,137996,0,181420,6381
MF1528,MISA,2021,6,0,121537,0,121537,5613
MF1528,MISA,2021,7,0,114308,0,114308,5289
MF1528,MISA,2021,8,0,105541,0,105541,4919
MF1528,MISA,2021,9,0,94210,0,94210,3902
MF1528,MISA,2021,10,0,95655,0,95655,3949
MF1528,MISA,2021,11,0,76760,0,76760,2372
MF1528,MISA,2021,12,0,92292,0,92292,2489
MF1531,Kolonne Panapitiya,2021,1,0,87368,0,87368,11898
MF1531,Kolonne Panapitiya,2021,2,0,86914,0,86914,11836
MF1531,Kolonne Panapitiya,2021,3,0,104472,0,104472,14229
MF1531,Kolonne Panapitiya,2021,4,0,117412,0,117412,15998
MF1531,Kolonne Panapitiya,2021,5,0,99408,0,99408,15432
MF1531,Kolonne Panapitiya,2021,6,0,94922,0,94922,12472
MF1531,Kolonne Panapitiya,2021,7,0,104322,0,104322,10398
MF1531,Kolonne Panapitiya,2021,8,0,100300,0,100300,9858
MF1531,Kolonne Panapitiya,2021,9,0,94595,0,94595,9183
MF1531,Kolonne Panapitiya,2021,10,0,97666,0,97666,9215
MF1531,Kolonne Panapitiya,2021,11,0,71528,0,71528,6837
MF1531,Kolonne Panapitiya,2021,12,0,75708,0,75708,7177
MF1551,Galahitiya,2021,1,0,71409,0,71409,6194
MF1551,Galahitiya,2021,2,0,64046,0,64046,5557
MF1551,Galahitiya,2021,3,0,70874,0,70874,6146
MF1551,Galahitiya,2021,4,0,73532,0,73532,6381
MF1551,Galahitiya,2021,5,0,67830,0,67830,5880
MF1551,Galahitiya,2021,6,0,60389,0,60389,5238
MF1551,Galahitiya,2021,7,0,55700,0,55700,4829
MF1551,Galahitiya,2021,8,0,54860,0,54860,4757
MF1551,Galahitiya,2021,9,0,53577,0,53577,4642
MF1551,Galahitiya,2021,10,0,53883,0,53883,4670
MF1551,Galahitiya,2021,11,0,45107,0,45107,3906
MF1551,Galahitiya,2021,12,0,47232,0,47232,4092
MF1552,Sisiramba ,2021,1,0,44132,0,44132,3855
MF1552,Sisiramba ,2021,2,0,48042,0,48042,4258
MF1552,Sisiramba ,2021,3,0,56900,0,56900,4908
MF1552,Sisiramba ,2021,4,0,54852,0,54852,4691
MF1552,Sisiramba ,2021,5,0,60605,0,60605,5236
MF1552,Sisiramba ,2021,6,0,53448,0,53448,4622
MF1552,Sisiramba ,2021,7,0,44105,0,44105,3807
MF1552,Sisiramba ,2021,8,0,51797,0,51797,4488
MF1552,Sisiramba ,2021,9,0,49311,0,49311,4258
MF1552,Sisiramba ,2021,10,0,50185,0,50185,4339
MF1552,Sisiramba ,2021,11,0,38527,0,38527,3337
MF1552,Sisiramba ,2021,12,0,42517,0,42517,3640
MF1553,New Spring View,2021,1,0,63602,0,63602,6106
MF1553,New Spring View,2021,2,0,70674,0,70674,6077
MF1553,New Spring View,2021,3,0,87329,0,87329,6306
MF1553,New Spring View,2021,4,0,81169,0,81169,8115
MF1553,New Spring View,2021,5,0,84532,0,84532,8453
MF1553,New Spring View,2021,6,0,78073,0,78073,7807
MF1553,New Spring View,2021,7,0,82082,0,82082,8208
MF1553,New Spring View,2021,8,0,72268,0,72268,7228
MF1553,New Spring View,2021,9,0,74626,0,74626,7686
MF1553,New Spring View,2021,10,0,75636,0,75636,8698
MF1553,New Spring View,2021,11,0,58766,0,58766,5877
MF1553,New Spring View,2021,12,0,69684,0,69684,6968
MF1554,Daduwangala CTC,2021,1,0,6551,0,6551,203
MF1554,Daduwangala CTC,2021,2,0,10394,0,10394,321
MF1554,Daduwangala CTC,2021,3,0,11736,0,11736,361
MF1554,Daduwangala CTC,2021,4,0,3715,0,3715,115
MF1554,Daduwangala CTC,2021,5,0,20243,0,20243,626
MF1554,Daduwangala CTC,2021,6,0,16428,0,16428,508
MF1554,Daduwangala CTC,2021,7,0,9014,0,9014,376
MF1554,Daduwangala CTC,2021,8,0,13110,0,13110,405
MF1554,Daduwangala CTC,2021,9,0,5822,0,5822,243
MF1554,Daduwangala CTC,2021,10,0,4704,0,4704,196
MF1554,Daduwangala CTC,2021,11,0,1273,0,1273,53
MF1554,Daduwangala CTC,2021,12,0,2953,0,2953,123
MF1571,Kamarangapitiya,2021,1,0,56193,0,56193,5021
MF1571,Kamarangapitiya,2021,2,0,57098,0,57098,3150
MF1571,Kamarangapitiya,2021,3,0,77933,0,77933,4296
MF1571,Kamarangapitiya,2021,4,0,84891,0,84891,4196
MF1571,Kamarangapitiya,2021,5,0,84428,0,84428,5513
MF1571,Kamarangapitiya,2021,6,0,63229,0,63229,3854
MF1571,Kamarangapitiya,2021,7,0,69914,0,69914,5577
MF1571,Kamarangapitiya,2021,8,0,70614,0,70614,5179
MF1571,Kamarangapitiya,2021,9,0,70068,0,70068,5303
MF1571,Kamarangapitiya,2021,10,0,81520,0,81520,5880
MF1571,Kamarangapitiya,2021,11,0,73489,0,73489,5410
MF1571,Kamarangapitiya,2021,12,0,68211,0,68211,5933
MF1579,Deraniyagala Tea Shakthi,2021,1,0,21251,0,21251,1851
MF1579,Deraniyagala Tea Shakthi,2021,2,0,23984,0,23984,2085
MF1579,Deraniyagala Tea Shakthi,2021,3,0,27019,0,27019,2347
MF1579,Deraniyagala Tea Shakthi,2021,4,0,28681,0,28681,2492
MF1579,Deraniyagala Tea Shakthi,2021,5,0,30910,0,30910,2686
MF1579,Deraniyagala Tea Shakthi,2021,6,0,33473,0,33473,2906
MF1579,Deraniyagala Tea Shakthi,2021,7,0,28392,0,28392,2466
MF1579,Deraniyagala Tea Shakthi,2021,8,0,25090,0,25090,2179
MF1579,Deraniyagala Tea Shakthi,2021,9,0,23717,0,23717,2102
MF1579,Deraniyagala Tea Shakthi,2021,10,0,19458,0,19458,1682
MF1579,Deraniyagala Tea Shakthi,2021,11,0,13390,0,13390,1162
MF1579,Deraniyagala Tea Shakthi,2021,12,0,13935,0,13935,1211
MF1580,Kolonne Kithulgala,2021,1,0,45876.72,0,45876.72,3989.28
MF1580,Kolonne Kithulgala,2021,2,0,39909.6,0,39909.6,3470.4
MF1580,Kolonne Kithulgala,2021,3,0,41613.44,0,41613.44,3818.56
MF1580,Kolonne Kithulgala,2021,4,0,42009.96,0,42009.96,3653.04
MF1580,Kolonne Kithulgala,2021,5,0,39437.64,0,39437.64,3429.36
MF1580,Kolonne Kithulgala,2021,6,0,37801.88,0,37801.88,3287.12
MF1580,Kolonne Kithulgala,2021,7,0,32196.32,0,32196.32,2799.68
MF1580,Kolonne Kithulgala,2021,8,0,29500.72,0,29500.72,2565.28
MF1580,Kolonne Kithulgala,2021,9,0,29503.48,0,29503.48,2565.52
MF1580,Kolonne Kithulgala,2021,10,0,29348,0,29348,2552
MF1580,Kolonne Kithulgala,2021,11,0,22486.64,0,22486.64,1955.36
MF1580,Kolonne Kithulgala,2021,12,0,26379.16,0,26379.16,2293.84
MF1591,Ethoya Waththa,2021,1,10129,52297,0,62426,7327
MF1591,Ethoya Waththa,2021,2,9867,50665,0,60532,7104
MF1591,Ethoya Waththa,2021,3,11053,61583,0,72636,8522
MF1591,Ethoya Waththa,2021,4,12472,65323,0,77795,9129
MF1591,Ethoya Waththa,2021,5,11985,59533,0,71518,8847
MF1591,Ethoya Waththa,2021,6,11984,52451,0,64435,7796
MF1591,Ethoya Waththa,2021,7,11232,50791,0,62023,7421
MF1591,Ethoya Waththa,2021,8,10854,51962,0,62816,7429
MF1591,Ethoya Waththa,2021,9,11019,49114,0,60133,7107
MF1591,Ethoya Waththa,2021,10,10895,0,49660,60555,7444
MF1591,Ethoya Waththa,2021,11,7886,39326,0,47212,5737
MF1591,Ethoya Waththa,2021,12,9275,41799,0,51074,6213
MF1601,Blue Hills,2021,5,0,72291,0,72291,5434
MF1601,Blue Hills,2021,6,0,58109,0,58109,5191
MF1601,Blue Hills,2021,7,0,66230,0,66230,5706
MF1601,Blue Hills,2021,8,0,52204,0,52204,4542
MF1601,Blue Hills,2021,9,0,42345,0,42345,3655
MF1601,Blue Hills,2021,10,0,52300,0,52300,4647
MF1601,Blue Hills,2021,11,0,65632,0,65632,6284
MF1601,Blue Hills,2021,12,0,52294,0,52294,4079
RT0392,Golden Tea ,2021,1,0,0,0,0,0
RT0392,Golden Tea ,2021,2,0,0,0,0,0
RT0392,Golden Tea ,2021,3,0,0,0,0,0
RT0392,Golden Tea ,2021,4,0,0,0,0,5813
RT0392,Golden Tea ,2021,9,0,0,0,0,0
RT0392,Golden Tea ,2021,10,0,0,0,0,0
RT0507,JAYA LAND,2021,1,0,1490,0,1490,51000
RT0507,JAYA LAND,2021,2,0,3340,0,3340,51000
RT0507,JAYA LAND,2021,3,0,3850,0,3850,42000
RT0507,JAYA LAND,2021,4,0,1440,0,1440,40000
RT0507,JAYA LAND,2021,5,0,4130,0,4130,40500
RT0507,JAYA LAND,2021,6,0,4900,0,4900,45000
RT0507,JAYA LAND,2021,7,0,4120,0,4120,35000
RT0507,JAYA LAND,2021,8,0,4740,0,4740,40000
RT0507,JAYA LAND,2021,9,0,4630,0,4630,44000
RT0507,JAYA LAND,2021,10,0,5090,0,5090,30000
RT0507,JAYA LAND,2021,11,0,4150,0,4150,30000
RT0507,JAYA LAND,2021,12,3810,0,0,3810,20000
BF0150,Sherwood ,2020,1,0,68627,0,68627,9348
BF0150,Sherwood ,2020,2,0,67194,0,67194,9161
BF0150,Sherwood ,2020,3,0,64756,0,64756,8828
BF0150,Sherwood ,2020,4,0,97357,0,97357,13276
BF0150,Sherwood ,2020,5,0,102135,0,102135,13917
BF0150,Sherwood ,2020,6,0,88535,0,88535,12057
BF0150,Sherwood ,2020,7,0,116972,0,116972,7457
BF0150,Sherwood ,2020,8,0,98369,0,98369,6265
BF0150,Sherwood ,2020,9,0,93305,0,93305,5941
BF0150,Sherwood ,2020,10,0,95999,0,95999,6120
BF0150,Sherwood ,2020,11,0,70291,0,70291,12540
BF0150,Sherwood ,2020,12,0,97188,0,97188,17143
BF0155,GANGALAGAMUWA,2020,1,0,77215,0,77215,4929
BF0155,GANGALAGAMUWA,2020,2,0,69702,0,69702,4449
BF0155,GANGALAGAMUWA,2020,3,0,53041,0,53041,3386
BF0155,GANGALAGAMUWA,2020,4,0,77594,0,77594,4959
BF0155,GANGALAGAMUWA,2020,5,0,86121,0,86121,5497
BF0155,GANGALAGAMUWA,2020,6,0,0,0,0,4472
BF0155,GANGALAGAMUWA,2020,7,0,68907,0,68907,4398
BF0155,GANGALAGAMUWA,2020,8,0,65876,0,65876,4205
BF0155,GANGALAGAMUWA,2020,9,0,58246,0,58246,3718
BF0155,GANGALAGAMUWA,2020,10,0,59504,0,59504,3798
BF0155,GANGALAGAMUWA,2020,11,0,67649,0,67649,4318
BF0155,GANGALAGAMUWA,2020,12,0,75182,0,75182,4799
BF0163,Delgoda ,2020,1,0,48380,575,48955,5064
BF0163,Delgoda ,2020,2,0,40826,0,40826,4804
BF0163,Delgoda ,2020,3,0,34050,0,34050,3517
BF0163,Delgoda ,2020,4,0,51425,0,51425,5377
BF0163,Delgoda ,2020,5,0,62073,0,62073,6645
BF0163,Delgoda ,2020,6,0,58830,0,58830,4379
BF0163,Delgoda ,2020,7,0,56565,0,56565,6195
BF0163,Delgoda ,2020,8,0,54875,0,54875,5976
BF0163,Delgoda ,2020,9,0,49420,0,49420,5251
BF0163,Delgoda ,2020,10,0,51530,0,51530,5530
BF0163,Delgoda ,2020,11,0,45050,20,45070,4897
BF0163,Delgoda ,2020,12,0,58247,0,58247,7824
HT0002,ECO,2020,1,0,0,0,0,0
HT0002,ECO,2020,2,0,0,0,0,0
HT0002,ECO,2020,4,0,0,0,0,0
HT0002,ECO,2020,5,0,0,0,0,0
HT0002,ECO,2020,6,0,0,0,0,0
HT0002,ECO,2020,7,0,0,0,0,0
HT0002,ECO,2020,8,0,0,0,0,0
HT0002,ECO,2020,9,0,0,0,0,0
HT0002,ECO,2020,10,0,0,0,0,0
HT0002,ECO,2020,11,0,0,0,0,0
MF0030,Noragalla ,2020,12,0,0,0,0,0
MF0083,Rilhena ,2020,1,0,23588,0,23588,3243
MF0083,Rilhena ,2020,2,0,21873,0,21873,3068
MF0083,Rilhena ,2020,3,927,6195,456,7578,962
MF0083,Rilhena ,2020,4,2676,21273,4445,28394,3929
MF0083,Rilhena ,2020,5,0,26611,0,26611,4153
MF0083,Rilhena ,2020,6,0,28938,0,28938,5338
MF0083,Rilhena ,2020,7,0,32814,0,32814,4551
MF0083,Rilhena ,2020,8,0,36514,0,36514,5599
MF0083,Rilhena ,2020,9,4422,38555,283,43260,6299
MF0083,Rilhena ,2020,10,7648,39459,0,47107,7500
MF0083,Rilhena ,2020,11,6275,25945,0,32220,4507
MF0083,Rilhena ,2020,12,8180,36410,0,44590,6008
MF0085,Noori ,2020,1,0,45241,0,45241,4489
MF0085,Noori ,2020,2,0,31308,0,31308,4369
MF0085,Noori ,2020,3,0,19043,0,19043,1858
MF0085,Noori ,2020,4,0,34335,0,34335,6615
MF0085,Noori ,2020,5,0,47869,0,47869,2658
MF0085,Noori ,2020,6,0,62485,0,62485,3652
MF0085,Noori ,2020,7,0,57608,0,57608,4744
MF0085,Noori ,2020,8,0,55037,0,55037,5674
MF0085,Noori ,2020,9,0,45995,0,45995,2827
MF0085,Noori ,2020,10,0,42196,0,42196,2139
MF0085,Noori ,2020,11,0,61167,0,61167,2505
MF0085,Noori ,2020,12,0,53964,0,53964,1617
MF0103,Opatha ,2020,1,4573,17504,0,22077,3247
MF0103,Opatha ,2020,2,1942,13614,0,15556,1819
MF0103,Opatha ,2020,3,128,500,0,628,2307
MF0103,Opatha ,2020,4,3929,4417,0,8346,1130
MF0103,Opatha ,2020,5,4121,15992,0,20113,3103
MF0103,Opatha ,2020,6,5885,23177,0,29062,4799
MF0103,Opatha ,2020,7,5644,35476,0,41120,6171
MF0103,Opatha ,2020,8,5025,36373,0,41398,6807
MF0103,Opatha ,2020,9,4720,29963,517,35200,5868
MF0103,Opatha ,2020,10,332,2626,0,2958,695
MF0103,Opatha ,2020,11,5579,31587,0,37166,6867
MF0103,Opatha ,2020,12,7034,46740,0,53774,8183
MF0104,Wellandura ,2020,10,6332,21981,2146,30459,2611
MF0104,Wellandura ,2020,11,6705,29488,0,36193,3718
MF0104,Wellandura ,2020,12,8421,31936,0,40357,4333
MF0106,Mahawale ,2020,1,0,0,16425.5,16425.5,34048
MF0106,Mahawale ,2020,2,0,13923.5,0,13923.5,25526
MF0106,Mahawale ,2020,3,0,0,16621,16621,26099
MF0106,Mahawale ,2020,4,0,0,18175,18175,23971
MF0106,Mahawale ,2020,5,0,0,22956.5,22956.5,34083
MF0106,Mahawale ,2020,6,0,0,40818,40818,70300
MF0106,Mahawale ,2020,7,0,0,42400,42400,72079
MF0106,Mahawale ,2020,8,0,24266,0,24266,56582
MF0106,Mahawale ,2020,9,0,0,26315,26315,39457
MF0106,Mahawale ,2020,10,0,0,31218,31218,50884
MF0106,Mahawale ,2020,11,0,0,35508,35508,57689
MF0106,Mahawale ,2020,12,0,0,18316,18316,39059
MF0107,Nilagama ,2020,1,4229,0,22405,26634,4225
MF0107,Nilagama ,2020,2,1469,0,9768,11237,1735
MF0107,Nilagama ,2020,3,189,0,705,894,175
MF0107,Nilagama ,2020,4,3461,0,20360,23821,3223
MF0107,Nilagama ,2020,5,4794,0,19164,23958,3663
MF0107,Nilagama ,2020,6,6189,0,24883,31072,4007
MF0107,Nilagama ,2020,7,6106,0,24714,30820,4215
MF0107,Nilagama ,2020,8,6270,1411,24508,32189,3955
MF0107,Nilagama ,2020,9,5422,12157,20197,37776,5224
MF0107,Nilagama ,2020,10,6951,21089,13010,41050,5618
MF0107,Nilagama ,2020,11,6179,27470,9193,42842,5530
MF0107,Nilagama ,2020,12,7790,18125,12010,37925,5232
MF0168,ENDANE,2020,1,20720,58,13129,33907,3723
MF0168,ENDANE,2020,2,12806,1811,4096,18713,3035
MF0168,ENDANE,2020,3,8645,0,209,8854,1780
MF0168,ENDANE,2020,4,29833,0,17319.5,47152.5,5031
MF0168,ENDANE,2020,5,22438,0,0,22438,2952
MF0168,ENDANE,2020,6,26364,7247,0,33611,3813
MF0168,ENDANE,2020,7,24113,9747,0,33860,3482
MF0168,ENDANE,2020,8,24486,11003,0,35489,3763
MF0168,ENDANE,2020,9,24393.5,10499,0,34892.5,4626
MF0168,ENDANE,2020,10,29033,8018,0,37051,4732
MF0168,ENDANE,2020,11,25495,8064.5,0,33559.5,4408
MF0168,ENDANE,2020,12,28897,8143,0,37040,4673
MF0181,Ceciliyan ,2020,1,2967,131916,0,134883,12022
MF0181,Ceciliyan ,2020,1,0,208589,0,208589,0
MF0181,Ceciliyan ,2020,2,2031,99254,0,101285,0
MF0181,Ceciliyan ,2020,2,0,148881,0,148881,8756
MF0181,Ceciliyan ,2020,3,1376,80349,0,81725,7346
MF0181,Ceciliyan ,2020,3,143,128021,0,128164,0
MF0181,Ceciliyan ,2020,4,1849,129260,0,131109,11393
MF0181,Ceciliyan ,2020,4,279,194110,0,194389,0
MF0181,Ceciliyan ,2020,5,4003,149695,0,153698,0
MF0181,Ceciliyan ,2020,5,90,224569,0,224659,13242
MF0181,Ceciliyan ,2020,6,4512,125715,0,130227,12729
MF0181,Ceciliyan ,2020,6,0,233471,0,233471,0
MF0181,Ceciliyan ,2020,7,3610,130718,0,134328,13198
MF0181,Ceciliyan ,2020,7,0,242770,0,242770,0
MF0181,Ceciliyan ,2020,8,3956,115465,0,119421,11694
MF0181,Ceciliyan ,2020,8,162,214540,0,214702,0
MF0181,Ceciliyan ,2020,9,0,122288,0,122288,10831
MF0181,Ceciliyan ,2020,9,0,183427,0,183427,0
MF0181,Ceciliyan ,2020,10,0,168921,0,168921,0
MF0181,Ceciliyan ,2020,10,0,188442,0,188442,12639
MF0181,Ceciliyan ,2020,11,0,147624,0,147624,12247
MF0181,Ceciliyan ,2020,11,0,198212,0,198212,11247
MF0181,Ceciliyan ,2020,12,4070,159465,0,163535,14621
MF0181,Ceciliyan ,2020,12,0,254196,0,254196,0
MF0183,New Kandagastenne ,2020,1,0,107918,0,107918,5400
MF0183,New Kandagastenne ,2020,2,0,85257,0,85257,4393
MF0183,New Kandagastenne ,2020,3,0,100567,0,100567,5066
MF0183,New Kandagastenne ,2020,4,0,175017,0,175017,9621
MF0183,New Kandagastenne ,2020,5,0,207454,0,207454,10198
MF0183,New Kandagastenne ,2020,6,0,198874,0,198874,8996
MF0183,New Kandagastenne ,2020,7,0,213901,0,213901,9668
MF0183,New Kandagastenne ,2020,8,0,174835,0,174835,8183
MF0183,New Kandagastenne ,2020,9,0,181088,0,181088,8143
MF0183,New Kandagastenne ,2020,10,0,166675,0,166675,7494
MF0183,New Kandagastenne ,2020,11,0,161068,0,161068,7315
MF0183,New Kandagastenne ,2020,12,0,197383,0,197383,8876
MF0200,Pettiyagalla ,2020,1,0,0,2682,2682,2000
MF0200,Pettiyagalla ,2020,2,12622.5,0,2985,15607.5,2921
MF0200,Pettiyagalla ,2020,3,15137,0,1512,16649,3005
MF0200,Pettiyagalla ,2020,4,19660.5,4431,4804,28895.5,4291
MF0200,Pettiyagalla ,2020,5,22974,2705,6596,32275,4245
MF0200,Pettiyagalla ,2020,6,19736,2967,5815,28518,4432
MF0200,Pettiyagalla ,2020,7,16891,2830,5960,25681,4425
MF0200,Pettiyagalla ,2020,8,4136,121,1395,5652,2137
MF0200,Pettiyagalla ,2020,9,13863,0,4783,18646,2489
MF0200,Pettiyagalla ,2020,10,15001,6527,4449,25977,4066
MF0200,Pettiyagalla ,2020,11,14165,6251,3608,24024,3888
MF0200,Pettiyagalla ,2020,12,18763,8141,5415,32319,8608
MF0236,Pambagama ,2020,1,15120.5,28110,12214.7,55445.2,9784
MF0236,Pambagama ,2020,2,9601.37,20705.82,9519,39826.19,9034
MF0236,Pambagama ,2020,3,5850,10411,8734,24995,4763
MF0236,Pambagama ,2020,4,9698.5,25828,11466,46992.5,5114
MF0236,Pambagama ,2020,5,17477,27780,14476,59733,8710
MF0236,Pambagama ,2020,6,14087.2,29989,14107,58183.2,9231.1
MF0236,Pambagama ,2020,7,15236,30092,12449,57777,10716
MF0236,Pambagama ,2020,8,16568.4,38621,13531.1,68720.5,10895.4
MF0236,Pambagama ,2020,9,12558,33497,10555.5,56610.5,9612
MF0236,Pambagama ,2020,10,15267.7,41427,13793,70487.7,10024
MF0236,Pambagama ,2020,11,13996,38722,12240,64958,10256
MF0236,Pambagama ,2020,12,15006,44123,15112,74241,9601
MF0258,Balangoda Tea Shakthi,2020,1,0,21096,0,21096,1909
MF0258,Balangoda Tea Shakthi,2020,2,0,22174,0,22174,1955
MF0258,Balangoda Tea Shakthi,2020,3,0,24009,0,24009,2189
MF0258,Balangoda Tea Shakthi,2020,4,0,33644,0,33644,2525
MF0258,Balangoda Tea Shakthi,2020,5,0,43615,0,43615,3279
MF0258,Balangoda Tea Shakthi,2020,6,0,41692,0,41692,3529
MF0258,Balangoda Tea Shakthi,2020,7,0,34332,0,34332,2968
MF0258,Balangoda Tea Shakthi,2020,8,0,29944,0,29944,2595
MF0258,Balangoda Tea Shakthi,2020,9,0,33809,0,33809,2934
MF0258,Balangoda Tea Shakthi,2020,10,0,34612,0,34612,3011
MF0258,Balangoda Tea Shakthi,2020,11,0,29058,0,29058,2432
MF0258,Balangoda Tea Shakthi,2020,12,0,25969,0,25969,2257
MF0262,Upper Balangoda,2020,1,605,17274,0,17879,1432
MF0262,Upper Balangoda,2020,2,312,15370,0,15682,1253
MF0262,Upper Balangoda,2020,3,245,10237,0,10482,806
MF0262,Upper Balangoda,2020,4,563,22026,0,22589,1803
MF0262,Upper Balangoda,2020,5,644,31849,0,32493,2602
MF0262,Upper Balangoda,2020,6,707,36371,0,37078,2967
MF0262,Upper Balangoda,2020,7,709,37322,0,38031,3047
MF0262,Upper Balangoda,2020,8,617,31809,0,32426,2545
MF0262,Upper Balangoda,2020,9,492,31700,0,32192,2577
MF0262,Upper Balangoda,2020,10,526,28071,0,28597,2287
MF0262,Upper Balangoda,2020,11,602,32872,0,33474,2677
MF0262,Upper Balangoda,2020,12,917,45752,0,46669,3734
MF0263,Wewawatte,2020,1,1927,5407,0,7334,550
MF0263,Wewawatte,2020,2,957,5158,0,6115,459
MF0263,Wewawatte,2020,3,445,3774,0,4219,316
MF0263,Wewawatte,2020,4,1452,6963,0,8415,673
MF0263,Wewawatte,2020,5,1687,8728,0,10415,831
MF0263,Wewawatte,2020,6,2560,11205,0,13765,1098
MF0263,Wewawatte,2020,7,2840,16427,0,19267,1542
MF0263,Wewawatte,2020,8,2385,17369,0,19754,1579
MF0263,Wewawatte,2020,9,2507,19548,0,22055,1762
MF0263,Wewawatte,2020,10,1634,19151,0,20785,2995
MF0263,Wewawatte,2020,11,1698,19663,0,21361,2564
MF0263,Wewawatte,2020,12,2153,23153,0,25306,2456
MF0293,Kelani ,2020,1,2550,30561.5,11389,44500.5,5332
MF0293,Kelani ,2020,2,1319,15783,6879,23981,2236
MF0293,Kelani ,2020,3,749.5,6613,11685,19047.5,1265
MF0293,Kelani ,2020,4,2884,30113.5,18085,51082.5,4295
MF0293,Kelani ,2020,5,1916,26294.5,8542,36752.5,3306
MF0293,Kelani ,2020,6,2438,27709,12762,42909,4435
MF0293,Kelani ,2020,7,2306,28534.5,12455,43295.5,3033
MF0293,Kelani ,2020,8,2391,28935,11928,43254,2890
MF0293,Kelani ,2020,9,2192,26395.5,11294,39881.5,3085
MF0293,Kelani ,2020,10,2626,30639,11654,44919,3866
MF0293,Kelani ,2020,11,2703,30913,13574,47190,3607
MF0293,Kelani ,2020,12,2574,31293.5,13538,47405.5,4014
MF0295,Kuttapitiya ,2020,1,0,74241,0,74241,5464
MF0295,Kuttapitiya ,2020,2,600,54678,0,55278,4155
MF0295,Kuttapitiya ,2020,3,0,48456.5,0,48456.5,3653
MF0295,Kuttapitiya ,2020,4,0,81282,0,81282,4500
MF0295,Kuttapitiya ,2020,5,0,89920,0,89920,6555
MF0295,Kuttapitiya ,2020,6,0,86185,0,86185,6317
MF0295,Kuttapitiya ,2020,7,0,97364,0,97364,6884
MF0295,Kuttapitiya ,2020,8,0,81068,0,81068,4418
MF0295,Kuttapitiya ,2020,9,0,80178,0,80178,5348
MF0295,Kuttapitiya ,2020,10,0,87380,0,87380,5732
MF0295,Kuttapitiya ,2020,11,0,82189,0,82189,5523
MF0295,Kuttapitiya ,2020,12,0,99545,0,99545,10400
MF0296,DOLOSWELLA,2020,1,5368,22278,7085,34731,3828
MF0296,DOLOSWELLA,2020,2,1720,16579,3129,21428,4684
MF0296,DOLOSWELLA,2020,3,2488,20870,3117,26475,2917
MF0296,DOLOSWELLA,2020,4,4863,39933,6849,51645,5179
MF0296,DOLOSWELLA,2020,5,4693,38707,5166,48566,6499
MF0296,DOLOSWELLA,2020,6,6442,47746,7992,62180,6848
MF0296,DOLOSWELLA,2020,7,6554,48810,7002,62366,8049
MF0296,DOLOSWELLA,2020,8,4401,28513,6166,39080,7393
MF0296,DOLOSWELLA,2020,9,5563,31400,6034,42997,5036
MF0296,DOLOSWELLA,2020,10,6678,38490,6982,52150,7624
MF0296,DOLOSWELLA,2020,11,5598,32050,6433,44081,5840
MF0296,DOLOSWELLA,2020,12,7333,44265,7903,59501,7703
MF0319,NON PAREIL,2020,1,10086,5,0,10091,3548
MF0319,NON PAREIL,2020,2,8854,0,0,8854,896
MF0319,NON PAREIL,2020,3,6968,3786,0,10754,1134
MF0319,NON PAREIL,2020,4,10550,7657,0,18207,1943
MF0319,NON PAREIL,2020,5,7685,9816,0,17501,1884
MF0319,NON PAREIL,2020,6,7645,5774,0,13419,1533
MF0319,NON PAREIL,2020,7,7556,11421,0,18977,3640
MF0319,NON PAREIL,2020,8,5600,15131,0,20731,2289
MF0319,NON PAREIL,2020,9,7217,9674,0,16891,1851
MF0319,NON PAREIL,2020,10,7435,9701,0,17136,2109
MF0319,NON PAREIL,2020,11,3746,0,0,3746,439
MF0319,NON PAREIL,2020,12,0,0,0,0,4958
MF0353,YATIDERIYA,2020,1,10357.5,13425,1774,25556.5,4314
MF0353,YATIDERIYA,2020,2,5580.5,8971,1234,15785.5,2649
MF0353,YATIDERIYA,2020,3,3359,3514,361,7234,2751
MF0353,YATIDERIYA,2020,4,8769,15441,1458,25668,2464
MF0353,YATIDERIYA,2020,5,8246,14975,1742,24963,2774
MF0353,YATIDERIYA,2020,6,8129.5,18217,2157,28503.5,2950
MF0353,YATIDERIYA,2020,7,8180.5,25026,2078,35284.5,3735
MF0353,YATIDERIYA,2020,8,9065,19878,2229,31172,3488
MF0353,YATIDERIYA,2020,9,8186,20448,1878,30512,3553
MF0353,YATIDERIYA,2020,10,10856.5,20467,2318,33641.5,3974
MF0353,YATIDERIYA,2020,11,9514,21127,1984,32625,3777
MF0353,YATIDERIYA,2020,12,11826,23213,2461,37500,4142
MF0367,Cecilton ,2020,1,17148,7483,7760,32391,3379
MF0367,Cecilton ,2020,2,15684,8718,7843,32245,4108
MF0367,Cecilton ,2020,3,15455,7064,5859,28378,3587
MF0367,Cecilton ,2020,4,18761,9100,7421,35282,4363
MF0367,Cecilton ,2020,5,17028,9382,9463,35873,4459
MF0367,Cecilton ,2020,6,18656,9232,7740,35628,4353
MF0367,Cecilton ,2020,7,15236,9276,7720,32232,3884
MF0367,Cecilton ,2020,8,14709,9083,6625,30417,3624
MF0367,Cecilton ,2020,9,16275,10771,7821,34867,4193
MF0367,Cecilton ,2020,10,16110,12371,8327,36808,4566
MF0367,Cecilton ,2020,11,16683,11700,8453,36836,4439
MF0367,Cecilton ,2020,12,21365,15378,10500,47243,5675
MF0369,MARATENNE,2020,1,49323.5,11934,0,61257.5,9098
MF0369,MARATENNE,2020,2,40430,14210,0,54640,11578
MF0369,MARATENNE,2020,3,43005.5,8403,0,51408.5,8492
MF0369,MARATENNE,2020,4,52549,10229,0,62778,9945
MF0369,MARATENNE,2020,5,50033,14347,0,64380,9172
MF0369,MARATENNE,2020,6,54786,13753,0,68539,10371
MF0369,MARATENNE,2020,7,49600,12410,0,62010,11130
MF0369,MARATENNE,2020,8,42112,12423,0,54535,10101
MF0369,MARATENNE,2020,9,46930,12502,0,59432,11255
MF0369,MARATENNE,2020,10,47880,12984,0,60864,10878
MF0369,MARATENNE,2020,11,45980,11313,0,57293,10325
MF0369,MARATENNE,2020,12,67062,17980,0,85042,15395
MF0428,Randola ,2020,1,0,8614,0,8614,740
MF0428,Randola ,2020,2,0,16669,0,16669,1499
MF0428,Randola ,2020,3,0,20025,0,20025,1602
MF0428,Randola ,2020,4,0,30455,0,30455,2847
MF0428,Randola ,2020,5,0,40931,0,40931,3535
MF0428,Randola ,2020,6,0,21107,0,21107,1836
MF0428,Randola ,2020,7,0,20346,0,20346,1775
MF0428,Randola ,2020,9,0,11766,0,11766,1019
MF0449,Aennen,2020,1,0,47744,0,47744,3594
MF0449,Aennen,2020,2,0,38096,0,38096,2860
MF0449,Aennen,2020,3,0,37041,0,37041,2788
MF0449,Aennen,2020,4,0,53600,0,53600,4035
MF0449,Aennen,2020,5,0,58786,0,58786,4424.5
MF0449,Aennen,2020,6,0,56948,0,56948,4284
MF0449,Aennen,2020,7,0,63193,0,63193,4756
MF0449,Aennen,2020,8,0,59490,0,59490,4477
MF0449,Aennen,2020,9,0,56271,0,56271,4255
MF0449,Aennen,2020,10,0,58194,0,58194,4379
MF0449,Aennen,2020,11,0,56957,0,56957,2996
MF0449,Aennen,2020,12,0,63840,0,63840,3361
MF0472,Ederapolla,2020,1,0,24052,0,24052,2045
MF0472,Ederapolla,2020,2,0,22504,0,22504,2779
MF0472,Ederapolla,2020,3,0,12544.5,0,12544.5,1545
MF0472,Ederapolla,2020,4,0,47387,0,47387,3347
MF0472,Ederapolla,2020,5,0,35520,0,35520,1863
MF0472,Ederapolla,2020,6,0,39816,0,39816,2212
MF0472,Ederapolla,2020,7,0,40253,0,40253,2413
MF0472,Ederapolla,2020,8,0,40025.5,0,40025.5,2666
MF0472,Ederapolla,2020,9,0,34553.5,0,34553.5,2377
MF0472,Ederapolla,2020,10,0,40298,0,40298,4614
MF0472,Ederapolla,2020,11,0,29429,0,29429,2039
MF0472,Ederapolla,2020,12,0,32043,0,32043,2366
MF0481,Aigburth ,2020,1,7360,9721,0,17081,2608
MF0481,Aigburth ,2020,2,7183,6464,0,13647,2962
MF0481,Aigburth ,2020,3,4414,6911,0,11325,1511
MF0481,Aigburth ,2020,4,0,0,0,0,1717
MF0481,Aigburth ,2020,5,12519,12224,0,24743,3526
MF0481,Aigburth ,2020,6,8904,12411,0,21315,4713
MF0481,Aigburth ,2020,7,7952,5762,0,13714,2224
MF0481,Aigburth ,2020,8,6268,5853,0,12121,2233
MF0481,Aigburth ,2020,9,6292,4815,0,11107,1544
MF0481,Aigburth ,2020,10,6865,19946,0,26811,3435
MF0481,Aigburth ,2020,11,6740,24116,0,30856,2239
MF0481,Aigburth ,2020,12,7579,30418,0,37997,7837
MF0490,Hatherleigh ,2020,1,9821,8399,13501,31721,3204
MF0490,Hatherleigh ,2020,2,4914,7792,9009,21715,4402
MF0490,Hatherleigh ,2020,3,3252,10431,9859,23542,2110
MF0490,Hatherleigh ,2020,4,10963,23632,26838,61433,5100
MF0490,Hatherleigh ,2020,5,8043,19677,18230,45950,7139
MF0490,Hatherleigh ,2020,6,10073,19758,19844,49675,4673
MF0490,Hatherleigh ,2020,7,10970,19569,16654,47193,6050
MF0490,Hatherleigh ,2020,8,12811,17045,15748,45604,5260.5
MF0490,Hatherleigh ,2020,9,12973,25142,20905,59020,6141
MF0490,Hatherleigh ,2020,10,13988,15812,25467,55267,5291
MF0490,Hatherleigh ,2020,11,14418,14546,28721,57685,5958
MF0490,Hatherleigh ,2020,12,13574,18769,31453,63796,7983
MF0540,Ranmudhu Ella,2020,1,0,26016,0,26016,996
MF0540,Ranmudhu Ella,2020,2,0,13102,0,13102,569
MF0540,Ranmudhu Ella,2020,3,0,0,0,0,0
MF0540,Ranmudhu Ella,2020,4,0,7676,0,7676,304
MF0540,Ranmudhu Ella,2020,5,0,20152,0,20152,806
MF0540,Ranmudhu Ella,2020,6,0,21406,0,21406,865
MF0540,Ranmudhu Ella,2020,7,0,27035,0,27035,1208
MF0540,Ranmudhu Ella,2020,9,0,11970,0,11970,855
MF0540,Ranmudhu Ella,2020,11,0,18600,0,18600,1328
MF0546,Springwood,2020,1,0,15893,0,15893,1766
MF0546,Springwood,2020,2,0,12003,0,12003,1327
MF0546,Springwood,2020,3,0,4091,0,4091,434
MF0546,Springwood,2020,4,0,25038,0,25038,2784
MF0546,Springwood,2020,5,0,22734,0,22734,3510
MF0546,Springwood,2020,6,0,23082,0,23082,1832
MF0546,Springwood,2020,7,0,8245,0,8245,1609
MF0546,Springwood,2020,8,0,3962,0,3962,1400
MF0546,Springwood,2020,9,0,0,0,0,0
MF0546,Springwood,2020,10,0,3354,0,3354,921
MF0546,Springwood,2020,11,0,18532,0,18532,2528
MF0546,Springwood,2020,12,0,23357,0,23357,2597
MF0574,Sapumalkande ,2020,5,0,18208,0,18208,1340
MF0574,Sapumalkande ,2020,6,0,23480,0,23480,1760
MF0574,Sapumalkande ,2020,8,0,8391,0,8391,629
MF0574,Sapumalkande ,2020,9,0,47652,0,47652,3582
MF0574,Sapumalkande ,2020,10,0,70304,0,70304,5293
MF0574,Sapumalkande ,2020,11,0,87710,0,87710,6138
MF0574,Sapumalkande ,2020,12,0,84182,0,84182,6181
MF0594,Boscombe ,2020,1,0,29644,0,29644,3269
MF0594,Boscombe ,2020,2,0,34715,0,34715,3843
MF0594,Boscombe ,2020,3,0,28454,0,28454,3148
MF0594,Boscombe ,2020,4,0,46781,0,46781,5200
MF0594,Boscombe ,2020,5,0,48128,0,48128,5330
MF0594,Boscombe ,2020,6,0,46821,0,46821,5189
MF0594,Boscombe ,2020,7,0,0,0,0,0
MF0594,Boscombe ,2020,8,0,0,0,0,0
MF0594,Boscombe ,2020,10,0,3149,0,3149,348
MF0594,Boscombe ,2020,11,0,43677,0,43677,4838
MF0594,Boscombe ,2020,12,0,52821,0,52821,7186
MF0600,Alupola ,2020,1,0,0,0,0,2548
MF0600,Alupola ,2020,2,0,0,0,0,0
MF0619,GALABODDA,2020,1,7905,20473,4062,32440,1251
MF0619,GALABODDA,2020,2,4195,12053,0,16248,761
MF0619,GALABODDA,2020,3,3932,32951,0,36883,1775
MF0619,GALABODDA,2020,4,6205,35361,344,41910,2753
MF0619,GALABODDA,2020,5,6844,16970,12053,35867,2256
MF0619,GALABODDA,2020,6,9132,14195,10154,33481,2287
MF0619,GALABODDA,2020,7,9007,12523,10116,31646,2243
MF0619,GALABODDA,2020,8,6810,9046,3321,19177,971
MF0619,GALABODDA,2020,9,6796,19997,0,26793,940
MF0619,GALABODDA,2020,10,7256,28742,0,35998,1265
MF0619,GALABODDA,2020,11,0,29390,0,29390,1103
MF0619,GALABODDA,2020,12,9145,32500,0,41645,1577
MF0623,MEDDAKANDE,2020,1,16780,2749,1533,21062,3590
MF0623,MEDDAKANDE,2020,2,11100,5031,455,16586,2355
MF0623,MEDDAKANDE,2020,3,12164,8055,695,20914,3025
MF0623,MEDDAKANDE,2020,4,14446,15419,462,30327,4146
MF0623,MEDDAKANDE,2020,5,18416,16566,193,35175,4300
MF0623,MEDDAKANDE,2020,6,15815,5461,699,21975,3252
MF0623,MEDDAKANDE,2020,7,15555,15873,0,31428,4371
MF0623,MEDDAKANDE,2020,8,11754,8926,5630,26310,4848
MF0623,MEDDAKANDE,2020,9,12348,9570,0,21918,2721
MF0623,MEDDAKANDE,2020,10,15196,10744,365,26305,4484
MF0623,MEDDAKANDE,2020,11,14843,11562,1415,27820,3654
MF0623,MEDDAKANDE,2020,12,19440,12945,8330,40715,5857
MF0624,Wikiliya,2020,1,0,154488,0,154488,12848
MF0624,Wikiliya,2020,2,0,149027,0,149027,11758
MF0624,Wikiliya,2020,3,0,195971,0,195971,8032
MF0624,Wikiliya,2020,4,0,170563,0,170563,11234
MF0624,Wikiliya,2020,5,0,206995,0,206995,15290
MF0624,Wikiliya,2020,6,0,190416,0,190416,12529
MF0624,Wikiliya,2020,7,0,188173,0,188173,14828
MF0624,Wikiliya,2020,8,0,164876,0,164876,14096
MF0624,Wikiliya,2020,9,0,143648,0,143648,12810
MF0624,Wikiliya,2020,10,0,168808,0,168808,9081
MF0624,Wikiliya,2020,11,0,171294,0,171294,9416
MF0624,Wikiliya,2020,12,0,229444,0,229444,12112
MF0625,NEW RASAGALLA,2020,1,20182,3846,5372,29400,3893
MF0625,NEW RASAGALLA,2020,2,23530,3624,1088,28242,4204
MF0625,NEW RASAGALLA,2020,3,19280,4000,0,23280,3695
MF0625,NEW RASAGALLA,2020,4,23697,5618,0,29315,4501.5
MF0625,NEW RASAGALLA,2020,5,26510,6988,0,33498,5142
MF0625,NEW RASAGALLA,2020,6,19375,5357,0,24732,4368
MF0625,NEW RASAGALLA,2020,7,24479,6355,0,30834,4373
MF0625,NEW RASAGALLA,2020,8,19489,3743,4359,27591,4374
MF0625,NEW RASAGALLA,2020,9,23173,10028,262,33463,4882
MF0625,NEW RASAGALLA,2020,10,22833,15327.5,340,38500.5,6270
MF0625,NEW RASAGALLA,2020,11,30131,15504,325,45960,7465
MF0625,NEW RASAGALLA,2020,12,33575.5,13473.5,98,47147,5780
MF0626,HALGOLLE,2020,1,19962,24837,0,44799,6960
MF0626,HALGOLLE,2020,2,17462,20681,0,38143,6192
MF0626,HALGOLLE,2020,3,5584,5901,130,11615,3342
MF0626,HALGOLLE,2020,4,11951,1477,0,13428,1913
MF0626,HALGOLLE,2020,5,18931,2642,3454,25027,2964
MF0626,HALGOLLE,2020,6,19423,8278,1357,29058,3825
MF0626,HALGOLLE,2020,7,21157,11920,1193,34270,3480
MF0626,HALGOLLE,2020,8,17568,11340,997,29905,3750
MF0626,HALGOLLE,2020,9,18931,10907,1161,30999,3021
MF0626,HALGOLLE,2020,10,19604,17384,1301,38289,4722
MF0626,HALGOLLE,2020,11,25100,26990,1068,53158,5762
MF0626,HALGOLLE,2020,12,22256,22316,1078,45650,5956
MF0686,Keragala,2020,1,10364,0,0,10364,11265
MF0686,Keragala,2020,2,16030,0,0,16030,14595
MF0686,Keragala,2020,3,11972,0,0,11972,12195
MF0686,Keragala,2020,4,11371,0,0,11371,11340
MF0686,Keragala,2020,5,9746,0,0,9746,16316
MF0686,Keragala,2020,6,14556,0,1234,15790,14515
MF0686,Keragala,2020,7,10575,0,1194,11769,14340
MF0686,Keragala,2020,8,9120,0,547,9667,12150
MF0686,Keragala,2020,9,12885,0,0,12885,10700
MF0686,Keragala,2020,10,12340,0,0,12340,15050
MF0686,Keragala,2020,11,11710,0,797,12507,16030
MF0686,Keragala,2020,12,11481,0,0,11481,10990
MF0780,HOUPE ,2020,1,0,35583,0,35583,4026
MF0780,HOUPE ,2020,2,0,17817.5,0,17817.5,2574.5
MF0780,HOUPE ,2020,3,2161,25349,9845.5,37355.5,5258
MF0780,HOUPE ,2020,4,2897,43241,1690.5,47828.5,5825
MF0780,HOUPE ,2020,5,9504,38622.5,0,48126.5,5779
MF0780,HOUPE ,2020,6,16600,44634,0,61234,7657
MF0780,HOUPE ,2020,7,13389,42911,0,56300,5618
MF0780,HOUPE ,2020,8,14269,43222.5,0,57491.5,8344
MF0780,HOUPE ,2020,9,13074,39267,133,52474,6386
MF0780,HOUPE ,2020,10,17848,48079,1826,67753,7010
MF0780,HOUPE ,2020,11,14889.5,40103,0,54992.5,7096
MF0780,HOUPE ,2020,12,16690,46429,0,63119,8180
MF0801,HAPUGASTENNE ,2020,1,31492,4196.5,20074,55762.5,5134
MF0801,HAPUGASTENNE ,2020,2,27233,6085,14118,47436,5355.5
MF0801,HAPUGASTENNE ,2020,3,22188,12216,9379,43783,8354
MF0801,HAPUGASTENNE ,2020,4,28008,22312.5,14511,64831.5,11926
MF0801,HAPUGASTENNE ,2020,5,26271,21695,10953,58919,8260
MF0801,HAPUGASTENNE ,2020,6,37838,23560,14169,75567,10497
MF0801,HAPUGASTENNE ,2020,7,37753,28670,12348,78771,6184
MF0801,HAPUGASTENNE ,2020,8,29116,22596,19056,70768,6933
MF0801,HAPUGASTENNE ,2020,9,28362.5,24599,16663,69624.5,9014
MF0801,HAPUGASTENNE ,2020,10,28658,27239,11721,67618,8296
MF0801,HAPUGASTENNE ,2020,11,17991,22427,7364,47782,6718
MF0801,HAPUGASTENNE ,2020,11,9759,6520,4242,20521,0
MF0801,HAPUGASTENNE ,2020,12,15092,17496,7026,39614,6550
MF0801,HAPUGASTENNE ,2020,12,21703.5,18068,7300,47071.5,0
MF0903,Maliboda,2020,1,0,55179.5,0,55179.5,3232
MF0903,Maliboda,2020,2,0,42135.5,0,42135.5,3204
MF0903,Maliboda,2020,3,0,0,0,0,3047
MF0903,Maliboda,2020,4,0,53735,0,53735,1845
MF0903,Maliboda,2020,5,0,51085.5,0,51085.5,2787
MF0903,Maliboda,2020,6,0,72424.5,0,72424.5,3669
MF0903,Maliboda,2020,7,0,60286,0,60286,4991
MF0903,Maliboda,2020,8,0,62125.5,0,62125.5,5718
MF0903,Maliboda,2020,9,0,61457.5,0,61457.5,4961
MF0903,Maliboda,2020,10,0,65460.5,0,65460.5,4579
MF0903,Maliboda,2020,11,0,70005,0,70005,4969
MF0903,Maliboda,2020,12,0,63481.5,0,63481.5,4706
MF0906,Palm Garden,2020,1,478,34626,146,35250,4380
MF0906,Palm Garden,2020,2,286,29935,79,30300,3643
MF0906,Palm Garden,2020,3,182,27910,58,28150,3520
MF0906,Palm Garden,2020,4,327,41367,106,41800,4860
MF0906,Palm Garden,2020,5,350,44326,74,44750,5075
MF0906,Palm Garden,2020,6,375,43493,132,44000,4780
MF0906,Palm Garden,2020,7,318,45420,151,45889,5523
MF0906,Palm Garden,2020,8,327,42686,131,43144,5300
MF0906,Palm Garden,2020,9,34,5045,9,5088,5761
MF0906,Palm Garden,2020,10,0,0,0,0,0
MF0906,Palm Garden,2020,11,0,0,0,0,0
MF0906,Palm Garden,2020,12,269,21005,26,21300,2523
MF0909,Allerton,2020,1,0,7480,0,7480,3968
MF0909,Allerton,2020,4,0,12773,0,12773,1413
MF0909,Allerton,2020,5,0,18721,0,18721,1196
MF0909,Allerton,2020,6,0,18226,0,18226,1872
MF0909,Allerton,2020,7,0,7623,0,7623,669
MF0909,Allerton,2020,8,846,1965,0,2811,704
MF0909,Allerton,2020,9,0,0,0,0,0
MF0909,Allerton,2020,10,0,24566,0,24566,1462
MF0909,Allerton,2020,11,0,29966,0,29966,1797
MF0909,Allerton,2020,12,450,36764,0,37214,2210
MF0946,Rajjuruwatta,2020,8,0,27090,0,27090,3005
MF0946,Rajjuruwatta,2020,9,0,27943,0,27943,3093
MF0946,Rajjuruwatta,2020,10,0,34715,0,34715,3809
MF0946,Rajjuruwatta,2020,11,0,35227,0,35227,3914
MF0946,Rajjuruwatta,2020,12,0,49829,0,49829,5093
MF1057,Dedugala,2020,1,965,25046,0,26011,2170
MF1057,Dedugala,2020,2,0,19116,0,19116,1319
MF1057,Dedugala,2020,3,0,7924,0,7924,679
MF1057,Dedugala,2020,4,0,32487,0,32487,2818
MF1057,Dedugala,2020,5,0,28895,0,28895,2513
MF1057,Dedugala,2020,6,0,30686,0,30686,2664
MF1057,Dedugala,2020,7,0,31844,0,31844,2765
MF1057,Dedugala,2020,8,0,35259,0,35259,3063
MF1057,Dedugala,2020,9,0,29118,0,29118,2528
MF1057,Dedugala,2020,10,0,31046,0,31046,2719
MF1057,Dedugala,2020,11,0,32554,0,32554,2829
MF1057,Dedugala,2020,12,0,31581,0,31581,2744
MF1075,Kadigalahena,2020,1,0,30563,0,30563,1769
MF1075,Kadigalahena,2020,2,0,25411,0,25411,1489
MF1075,Kadigalahena,2020,3,0,16813,0,16813,1447
MF1075,Kadigalahena,2020,4,0,37249,0,37249,3057
MF1075,Kadigalahena,2020,5,0,44892,0,44892,3653
MF1075,Kadigalahena,2020,6,0,39437,0,39437,3228
MF1075,Kadigalahena,2020,7,0,47153,0,47153,3787
MF1075,Kadigalahena,2020,8,0,39220,0,39220,3172
MF1075,Kadigalahena,2020,9,0,29428,0,29428,2401
MF1075,Kadigalahena,2020,10,0,31793,0,31793,2555
MF1075,Kadigalahena,2020,11,0,36148,0,36148,3210
MF1075,Kadigalahena,2020,12,0,59839,0,59839,3994
MF1110,Gilimale Tea Shakthi ,2020,3,6745.5,8751,0,15496.5,777
MF1110,Gilimale Tea Shakthi ,2020,5,0,5959,0,5959,292
MF1110,Gilimale Tea Shakthi ,2020,6,0,9953,0,9953,908
MF1110,Gilimale Tea Shakthi ,2020,7,0,15552,0,15552,1404
MF1110,Gilimale Tea Shakthi ,2020,8,0,11092,0,11092,831
MF1110,Gilimale Tea Shakthi ,2020,9,0,15657,0,15657,1355
MF1110,Gilimale Tea Shakthi ,2020,10,0,17013,0,17013,1533
MF1110,Gilimale Tea Shakthi ,2020,11,0,7692,0,7692,779
MF1110,Gilimale Tea Shakthi ,2020,12,0,12682,0,12682,1333
MF1172,New Vithanakanda,2020,1,742,169906,0,170648,16534
MF1172,New Vithanakanda,2020,2,305,109102,0,109407,10809
MF1172,New Vithanakanda,2020,3,175,91009,0,91184,9224
MF1172,New Vithanakanda,2020,4,711,137660,0,138371,14249
MF1172,New Vithanakanda,2020,5,381,168379,0,168760,17163
MF1172,New Vithanakanda,2020,6,565,165336,0,165901,13497
MF1172,New Vithanakanda,2020,7,679,162532,0,163211,14383
MF1172,New Vithanakanda,2020,8,449,166260,0,166709,19178
MF1172,New Vithanakanda,2020,9,497,143317,0,143814,13974
MF1172,New Vithanakanda,2020,10,548,173534,0,174082,23459
MF1172,New Vithanakanda,2020,11,540,155665,0,156205,24383
MF1172,New Vithanakanda,2020,12,578,171836,0,172414,26262
MF1188,Green Mount,2020,1,0,13678,0,13678,1184
MF1188,Green Mount,2020,2,0,15223,0,15223,1319
MF1188,Green Mount,2020,3,0,12690,0,12690,1092
MF1188,Green Mount,2020,4,0,18040,0,18040,1568
MF1188,Green Mount,2020,5,0,33886,0,33886,2941
MF1188,Green Mount,2020,6,0,22724,0,22724,1976
MF1188,Green Mount,2020,7,0,25657,0,25657,2241
MF1188,Green Mount,2020,8,0,10720,0,10720,1001
MF1188,Green Mount,2020,11,0,30432,0,30432,2645
MF1188,Green Mount,2020,12,0,46450,0,46450,4034
MF1217,GALPADITENNE ,2020,1,0,183262,0,183262,20360
MF1217,GALPADITENNE ,2020,1,0,86564,0,86564,0
MF1217,GALPADITENNE ,2020,2,360,168570,0,168930,15510
MF1217,GALPADITENNE ,2020,2,0,33301,0,33301,0
MF1217,GALPADITENNE ,2020,3,0,159976,0,159976,14205
MF1217,GALPADITENNE ,2020,3,0,29564,0,29564,0
MF1217,GALPADITENNE ,2020,4,2208,240775,0,242983,22018
MF1217,GALPADITENNE ,2020,4,0,63452,0,63452,0
MF1217,GALPADITENNE ,2020,5,0,300923,0,300923,0
MF1217,GALPADITENNE ,2020,5,0,51050,0,51050,28348
MF1217,GALPADITENNE ,2020,6,0,283258,0,283258,27245
MF1217,GALPADITENNE ,2020,6,0,63041,0,63041,0
MF1217,GALPADITENNE ,2020,7,0,317270,0,317270,27986
MF1217,GALPADITENNE ,2020,7,0,37902,0,37902,0
MF1217,GALPADITENNE ,2020,8,0,250423,0,250423,22868
MF1217,GALPADITENNE ,2020,8,0,39514,0,39514,0
MF1217,GALPADITENNE ,2020,9,0,230085,0,230085,0
MF1217,GALPADITENNE ,2020,9,0,46714,0,46714,21771
MF1217,GALPADITENNE ,2020,10,3320,217110,0,220430,23211
MF1217,GALPADITENNE ,2020,10,6777,98812,0,105589,0
MF1217,GALPADITENNE ,2020,11,0,228042,0,228042,23284
MF1217,GALPADITENNE ,2020,11,0,74067,0,74067,0
MF1217,GALPADITENNE ,2020,12,0,255416,0,255416,27760
MF1217,GALPADITENNE ,2020,12,0,101030,0,101030,0
MF1264,AVISSAWELLA,2020,1,0,93759,0,93759,1990
MF1264,AVISSAWELLA,2020,2,0,44943,0,44943,941
MF1264,AVISSAWELLA,2020,3,0,21257,0,21257,432
MF1264,AVISSAWELLA,2020,4,0,97447,0,97447,2051
MF1264,AVISSAWELLA,2020,5,0,84679,0,84679,1805
MF1264,AVISSAWELLA,2020,6,0,91235,0,91235,1942
MF1264,AVISSAWELLA,2020,7,0,100948,0,100948,2177
MF1264,AVISSAWELLA,2020,8,0,97565,0,97565,2103
MF1264,AVISSAWELLA,2020,9,0,92797,0,92797,2000
MF1264,AVISSAWELLA,2020,10,0,99358,0,99358,2124
MF1264,AVISSAWELLA,2020,11,0,111070,0,111070,2415
MF1264,AVISSAWELLA,2020,12,0,114454,0,114454,2478
MF1266,KENDALANDA,2020,1,998,89404,0,90402,2707
MF1266,KENDALANDA,2020,2,429,67919,0,68348,2050
MF1266,KENDALANDA,2020,3,217,49672,0,49889,1489
MF1266,KENDALANDA,2020,4,849,83251,0,84100,2156
MF1266,KENDALANDA,2020,5,413,96527,0,96940,2485
MF1266,KENDALANDA,2020,6,1060,112757,0,113817,2917
MF1266,KENDALANDA,2020,7,904,116567,0,117471,3758
MF1266,KENDALANDA,2020,8,599,106078,0,106677,3073
MF1266,KENDALANDA,2020,9,1053,97169,0,98222,3038
MF1266,KENDALANDA,2020,10,791,109471,0,110262,3762
MF1266,KENDALANDA,2020,11,941,115689,0,116630,4065
MF1266,KENDALANDA,2020,12,1002,126955,0,127957,4394
MF1281,ST.JOACHIM ,2020,1,1894,8267,0,10161,1268
MF1281,ST.JOACHIM ,2020,2,1056,5731,0,6787,895
MF1281,ST.JOACHIM ,2020,3,563,4476,0,5039,730
MF1281,ST.JOACHIM ,2020,4,1082,8140,0,9222,3407
MF1281,ST.JOACHIM ,2020,5,895,7635,0,8530,3133
MF1281,ST.JOACHIM ,2020,6,1540,9180,0,10720,1110
MF1281,ST.JOACHIM ,2020,7,1377,9188,0,10565,1190
MF1281,ST.JOACHIM ,2020,8,1297,12905,0,14202,1670
MF1281,ST.JOACHIM ,2020,9,1388,15182,0,16570,1694
MF1281,ST.JOACHIM ,2020,10,1647,17507,0,19154,1929
MF1281,ST.JOACHIM ,2020,11,1460,18095,0,19555,2061
MF1281,ST.JOACHIM ,2020,12,1865,19059,0,20924,2077
MF1284,NEW PANAWENNA ,2020,1,0,24708,0,24708,3505
MF1284,NEW PANAWENNA ,2020,2,0,15396,0,15396,2122
MF1284,NEW PANAWENNA ,2020,3,0,9845,0,9845,1924
MF1284,NEW PANAWENNA ,2020,4,0,33195,0,33195,3723
MF1284,NEW PANAWENNA ,2020,5,0,34127,0,34127,3895
MF1284,NEW PANAWENNA ,2020,6,0,40843,0,40843,4031
MF1284,NEW PANAWENNA ,2020,7,0,46069,0,46069,4733
MF1284,NEW PANAWENNA ,2020,8,0,42511,0,42511,4230
MF1284,NEW PANAWENNA ,2020,9,0,39096,0,39096,4651
MF1284,NEW PANAWENNA ,2020,10,0,34449,0,34449,4746
MF1284,NEW PANAWENNA ,2020,11,0,22408,0,22408,6058
MF1284,NEW PANAWENNA ,2020,12,0,25041,0,25041,2482
MF1286,SAMARAKANDA TEA PROCESSING CENTRE,2020,1,13018,0,0,13018,50015
MF1286,SAMARAKANDA TEA PROCESSING CENTRE,2020,2,16058,0,0,16058,39316.5
MF1286,SAMARAKANDA TEA PROCESSING CENTRE,2020,3,12234,0,0,12234,18243
MF1286,SAMARAKANDA TEA PROCESSING CENTRE,2020,4,6764,0,0,6764,27919
MF1286,SAMARAKANDA TEA PROCESSING CENTRE,2020,5,10968.5,0,0,10968.5,29079
MF1286,SAMARAKANDA TEA PROCESSING CENTRE,2020,6,12098.5,0,0,12098.5,30438
MF1286,SAMARAKANDA TEA PROCESSING CENTRE,2020,7,11363,0,0,11363,30609
MF1286,SAMARAKANDA TEA PROCESSING CENTRE,2020,8,11050.5,0,0,11050.5,31893
MF1286,SAMARAKANDA TEA PROCESSING CENTRE,2020,9,12453.5,0,0,12453.5,42839
MF1286,SAMARAKANDA TEA PROCESSING CENTRE,2020,10,10539,0,0,10539,32755
MF1286,SAMARAKANDA TEA PROCESSING CENTRE,2020,11,8759,0,0,8759,30289
MF1286,SAMARAKANDA TEA PROCESSING CENTRE,2020,12,11120.5,0,0,11120.5,48085
MF1297,ILLUKTENNE,2020,1,1800,24575.5,0,26375.5,2012
MF1297,ILLUKTENNE,2020,2,646,16622.5,0,17268.5,1977
MF1297,ILLUKTENNE,2020,3,255,10424.5,0,10679.5,1782
MF1297,ILLUKTENNE,2020,4,1447,30879,0,32326,1678
MF1297,ILLUKTENNE,2020,5,1147,24253,0,25400,1972
MF1297,ILLUKTENNE,2020,6,1689,32912,0,34601,2233
MF1297,ILLUKTENNE,2020,7,1846,35111,0,36957,3399.5
MF1297,ILLUKTENNE,2020,8,1656,32125.5,0,33781.5,3315
MF1297,ILLUKTENNE,2020,9,1328,23555.5,0,24883.5,3182
MF1297,ILLUKTENNE,2020,10,1766,26306,0,28072,2211
MF1297,ILLUKTENNE,2020,11,1647,29885,0,31532,1922
MF1297,ILLUKTENNE,2020,12,1549,28002,0,29551,2501
MF1304,KEHELWALA ,2020,1,1524,33373,0,34897,2401
MF1304,KEHELWALA ,2020,2,1182,22024,0,23206,1766
MF1304,KEHELWALA ,2020,3,351,7797,0,8148,625
MF1304,KEHELWALA ,2020,4,1611,0,34294,35905,1918
MF1304,KEHELWALA ,2020,5,1118,40666.5,0,41784.5,4951
MF1304,KEHELWALA ,2020,6,1857,46805.5,0,48662.5,3993
MF1304,KEHELWALA ,2020,7,2181,43844,0,46025,5511
MF1304,KEHELWALA ,2020,8,1898.5,31384,0,33282.5,3244
MF1304,KEHELWALA ,2020,9,1585,28819,0,30404,2227
MF1304,KEHELWALA ,2020,10,1616.5,26012,0,27628.5,2073
MF1304,KEHELWALA ,2020,11,1645,39926,0,41571,3167
MF1304,KEHELWALA ,2020,12,2295,43940,0,46235,2999
MF1308,New Udakada,2020,1,0,24118,0,24118,1929
MF1308,New Udakada,2020,2,0,13074,0,13074,1046
MF1308,New Udakada,2020,3,0,14148,0,14148,1132
MF1308,New Udakada,2020,4,0,24982,0,24982,1996
MF1308,New Udakada,2020,5,0,27339,0,27339,2184
MF1308,New Udakada,2020,6,0,28709,0,28709,2288
MF1308,New Udakada,2020,7,0,29478,0,29478,2352
MF1308,New Udakada,2020,8,0,27486,0,27486,2074
MF1308,New Udakada,2020,9,0,31350,0,31350,2506
MF1308,New Udakada,2020,10,0,34399,0,34399,4471
MF1308,New Udakada,2020,11,0,31129,0,31129,3112
MF1308,New Udakada,2020,12,0,38414,0,38414,3457
MF1316,Kolonna,2020,1,0,32355,0,32355,2744
MF1316,Kolonna,2020,2,0,17970,0,17970,1626
MF1316,Kolonna,2020,3,0,19185,0,19185,2340
MF1316,Kolonna,2020,4,0,65869,0,65869,6586
MF1316,Kolonna,2020,5,0,49546,0,49546,4972
MF1316,Kolonna,2020,6,0,53642,0,53642,5392
MF1316,Kolonna,2020,7,0,53388,0,53388,5291
MF1316,Kolonna,2020,8,0,51737,0,51737,5145
MF1316,Kolonna,2020,9,0,48689,0,48689,4815
MF1316,Kolonna,2020,10,0,54051,0,54051,5403
MF1316,Kolonna,2020,11,0,64326,0,64326,6442
MF1316,Kolonna,2020,12,0,64128,0,64128,7054
MF1317,Deshika,2020,1,0,20376,0,20376,1403
MF1317,Deshika,2020,2,0,17958,0,17958,1848
MF1317,Deshika,2020,3,0,16834,0,16834,1898
MF1317,Deshika,2020,4,0,39064,0,39064,4820
MF1317,Deshika,2020,5,0,41374,0,41374,4145
MF1317,Deshika,2020,6,0,36412,0,36412,4079
MF1317,Deshika,2020,7,0,44317,0,44317,4965
MF1317,Deshika,2020,8,0,41246,0,41246,4236
MF1317,Deshika,2020,9,0,40544,0,40544,4416
MF1317,Deshika,2020,10,0,43921,0,43921,5074
MF1317,Deshika,2020,11,0,29470,0,29470,2940
MF1317,Deshika,2020,12,0,42886,0,42886,4818
MF1343,Kongahawatte,2020,1,0,89297,0,89297,8449
MF1343,Kongahawatte,2020,2,0,71610,0,71610,7103
MF1343,Kongahawatte,2020,3,0,54253,0,54253,5087
MF1343,Kongahawatte,2020,4,0,82254,0,82254,8134
MF1343,Kongahawatte,2020,5,0,90025,0,90025,27521
MF1343,Kongahawatte,2020,6,0,94583,0,94583,5581
MF1343,Kongahawatte,2020,7,0,110873,0,110873,6516
MF1343,Kongahawatte,2020,8,0,93640,0,93640,5214
MF1343,Kongahawatte,2020,9,0,89134,0,89134,5114
MF1343,Kongahawatte,2020,10,0,84001,0,84001,4582
MF1343,Kongahawatte,2020,11,0,94423,0,94423,5209
MF1343,Kongahawatte,2020,12,0,94644,0,94644,5170
MF1354,Peak Paradise,2020,1,0,58930,0,58930,2358
MF1354,Peak Paradise,2020,2,0,39215,0,39215,1568
MF1354,Peak Paradise,2020,3,0,25835,0,25835,1033
MF1354,Peak Paradise,2020,4,0,56478,0,56478,2260
MF1354,Peak Paradise,2020,5,0,64268,0,64268,2570
MF1354,Peak Paradise,2020,6,0,75640,0,75640,3025
MF1354,Peak Paradise,2020,7,0,71479,0,71479,2858
MF1354,Peak Paradise,2020,8,0,70360,0,70360,2813
MF1354,Peak Paradise,2020,9,0,67342,0,67342,2692
MF1354,Peak Paradise,2020,10,0,78380,0,78380,3128
MF1354,Peak Paradise,2020,11,0,68428,0,68428,2734
MF1354,Peak Paradise,2020,12,0,71377,0,71377,2852
MF1363,New Nawalakanda,2020,1,0,111187.45,0,111187.45,12381.62
MF1363,New Nawalakanda,2020,2,0,85145.11,0,85145.11,9355.57
MF1363,New Nawalakanda,2020,3,0,79920.93,0,79920.93,8978.88
MF1363,New Nawalakanda,2020,4,0,150797,0,150797,18448
MF1363,New Nawalakanda,2020,5,0,154723,0,154723,19167
MF1363,New Nawalakanda,2020,6,0,148709,0,148709,20026
MF1363,New Nawalakanda,2020,7,0,143329,0,143329,20133
MF1363,New Nawalakanda,2020,8,0,156938,0,156938,18817
MF1363,New Nawalakanda,2020,9,0,154367,0,154367,18303
MF1363,New Nawalakanda,2020,10,0,138625,0,138625,16263
MF1363,New Nawalakanda,2020,11,0,126053,0,126053,14914
MF1363,New Nawalakanda,2020,12,0,123695,0,123695,14435
MF1365,Nawagamuwahena,2020,1,0,72115,0,72115,5789
MF1365,Nawagamuwahena,2020,2,0,41153,0,41153,3300
MF1365,Nawagamuwahena,2020,3,0,38432,0,38432,3086
MF1365,Nawagamuwahena,2020,4,0,72968,0,72968,5862
MF1365,Nawagamuwahena,2020,5,0,83217,0,83217,6682
MF1365,Nawagamuwahena,2020,6,0,74046,0,74046,5948
MF1365,Nawagamuwahena,2020,7,0,82574,0,82574,6629
MF1365,Nawagamuwahena,2020,8,0,67353,0,67353,5408
MF1365,Nawagamuwahena,2020,9,0,85568,0,85568,5905
MF1365,Nawagamuwahena,2020,10,0,85678,0,85678,6491
MF1365,Nawagamuwahena,2020,11,0,73147,0,73147,5883
MF1365,Nawagamuwahena,2020,12,0,105720,0,105720,8507
MF1368,New Temple View,2020,1,0,20369,0,20369,1987
MF1368,New Temple View,2020,2,0,15289,0,15289,1067
MF1368,New Temple View,2020,3,0,22924,0,22924,1600
MF1368,New Temple View,2020,4,0,38822,0,38822,2774
MF1368,New Temple View,2020,5,0,29079,0,29079,2936
MF1368,New Temple View,2020,6,0,37342,0,37342,2478
MF1368,New Temple View,2020,7,0,37153,0,37153,1890
MF1368,New Temple View,2020,8,0,35412,0,35412,3154
MF1368,New Temple View,2020,9,0,41574,0,41574,3837
MF1368,New Temple View,2020,10,0,43755,0,43755,3947
MF1368,New Temple View,2020,11,0,39495,0,39495,4024
MF1368,New Temple View,2020,12,0,46228,0,46228,3399
MF1387,A.C.U.,2020,1,0,34087,0,34087,3789
MF1387,A.C.U.,2020,2,0,13708,0,13708,1701
MF1387,A.C.U.,2020,3,0,12216,0,12216,1191
MF1387,A.C.U.,2020,4,0,43831,0,43831,5010
MF1387,A.C.U.,2020,5,0,43682,0,43682,4410
MF1387,A.C.U.,2020,6,0,42272,0,42272,3523
MF1387,A.C.U.,2020,7,0,49927,0,49927,2906
MF1387,A.C.U.,2020,8,0,39784,0,39784,4052
MF1387,A.C.U.,2020,9,0,40716,0,40716,4322
MF1387,A.C.U.,2020,10,0,42604,0,42604,2366
MF1387,A.C.U.,2020,11,0,40884,0,40884,2173
MF1387,A.C.U.,2020,12,0,41032,0,41032,2264
MF1392,Hidellana,2020,1,0,91811,0,91811,4378
MF1392,Hidellana,2020,2,0,79772,0,79772,3846
MF1392,Hidellana,2020,3,0,59411,0,59411,3680
MF1392,Hidellana,2020,4,0,96502,0,96502,8942
MF1392,Hidellana,2020,5,0,114737,0,114737,10126
MF1392,Hidellana,2020,6,0,112281,0,112281,11027
MF1392,Hidellana,2020,7,0,123489,0,123489,9755
MF1392,Hidellana,2020,8,0,111994,0,111994,8766
MF1392,Hidellana,2020,9,0,94778,0,94778,7203
MF1392,Hidellana,2020,10,0,114889,0,114889,9076
MF1392,Hidellana,2020,11,0,114889,0,114889,9076
MF1392,Hidellana,2020,12,0,121158,0,121158,8965
MF1397,New Ferndale,2020,1,0,26255,0,26255,3577
MF1397,New Ferndale,2020,2,0,23952,0,23952,3266
MF1397,New Ferndale,2020,3,0,25530,0,25530,3480
MF1397,New Ferndale,2020,4,0,36565,0,36565,4984
MF1397,New Ferndale,2020,5,0,41444,0,41444,5642
MF1397,New Ferndale,2020,6,0,38684,0,38684,5264
MF1397,New Ferndale,2020,7,0,43831,0,43831,3798
MF1397,New Ferndale,2020,8,0,47106,0,47106,4079
MF1397,New Ferndale,2020,9,0,55838,0,55838,4840
MF1397,New Ferndale,2020,10,0,42678,0,42678,3705
MF1397,New Ferndale,2020,11,0,31905,0,31905,5621
MF1397,New Ferndale,2020,12,0,40748,0,40748,7178
MF1418,Doralawitiyahena,2020,1,0,29853,0,29853,2505
MF1418,Doralawitiyahena,2020,2,0,18683,0,18683,1620
MF1418,Doralawitiyahena,2020,3,0,16685,0,16685,1559
MF1418,Doralawitiyahena,2020,4,0,35271,0,35271,2873
MF1418,Doralawitiyahena,2020,5,0,38293,0,38293,3150
MF1418,Doralawitiyahena,2020,6,0,36856,0,36856,3179
MF1418,Doralawitiyahena,2020,7,0,43831,0,43831,3500
MF1418,Doralawitiyahena,2020,8,0,38887,0,38887,3574
MF1418,Doralawitiyahena,2020,9,0,38139,0,38139,3000
MF1418,Doralawitiyahena,2020,10,0,43908,0,43908,3673
MF1418,Doralawitiyahena,2020,11,0,39893,0,39893,1574
MF1418,Doralawitiyahena,2020,12,0,43996,0,43996,1572
MF1436,New Wewelkandura,2020,1,0,31293,0,31293,3053.4
MF1436,New Wewelkandura,2020,2,0,26590.4,0,26590.4,3122.9
MF1436,New Wewelkandura,2020,3,0,13303.4,0,13303.4,1502.8
MF1436,New Wewelkandura,2020,4,0,35545.5,0,35545.5,3090.9
MF1436,New Wewelkandura,2020,5,0,55136.3,0,55136.3,5473
MF1436,New Wewelkandura,2020,6,0,54328.6,0,54328.6,6728.5
MF1436,New Wewelkandura,2020,7,0,54629.4,0,54629.4,6765.7
MF1436,New Wewelkandura,2020,8,0,38299.3,0,38299.3,4690.2
MF1436,New Wewelkandura,2020,9,0,40968,0,40968,4607.7
MF1436,New Wewelkandura,2020,10,0,50233.1,0,50233.1,4374
MF1436,New Wewelkandura,2020,11,0,36948.6,0,36948.6,3226
MF1436,New Wewelkandura,2020,12,0,33871.3,0,33871.3,3362.2
MF1440,Nivithigala,2020,1,0,59665,0,59665,4772
MF1440,Nivithigala,2020,2,0,35447,0,35447,2543
MF1440,Nivithigala,2020,3,0,30436,0,30436,2284
MF1440,Nivithigala,2020,4,0,60738,0,60738,4427
MF1440,Nivithigala,2020,5,0,69874,0,69874,5092
MF1440,Nivithigala,2020,6,0,77116,0,77116,5886
MF1440,Nivithigala,2020,7,0,85565,0,85565,6180
MF1440,Nivithigala,2020,8,0,77852,0,77852,5708
MF1440,Nivithigala,2020,9,0,78919,0,78919,5053
MF1440,Nivithigala,2020,10,0,87800,0,87800,7132
MF1440,Nivithigala,2020,11,0,77359,0,77359,5903
MF1440,Nivithigala,2020,12,0,87773,0,87773,6506
MF1441,Falcon,2020,1,0,111115,0,111115,9665
MF1441,Falcon,2020,2,0,81365,0,81365,9045
MF1441,Falcon,2020,3,0,56173,0,56173,6241
MF1441,Falcon,2020,4,0,89223,0,89223,8437
MF1441,Falcon,2020,5,0,108810,0,108810,9470
MF1441,Falcon,2020,6,0,111068,0,111068,10284
MF1441,Falcon,2020,7,0,117874,0,117874,10236
MF1441,Falcon,2020,8,0,106865,0,106865,9292
MF1441,Falcon,2020,9,0,103574,0,103574,8999
MF1441,Falcon,2020,10,0,115945,0,115945,10085
MF1441,Falcon,2020,11,0,114516,0,114516,9944
MF1441,Falcon,2020,12,0,121613,0,121613,10563
MF1442,Veddagala,2020,1,0,49755,0,49755,4537
MF1442,Veddagala,2020,2,0,42280,400,42680,3594
MF1442,Veddagala,2020,3,0,37660,0,37660,3528
MF1442,Veddagala,2020,4,0,53190,0,53190,4849
MF1442,Veddagala,2020,5,0,45483,0,45483,4144
MF1442,Veddagala,2020,6,400,47603,0,48003,4161
MF1442,Veddagala,2020,7,0,53064,0,53064,4623
MF1442,Veddagala,2020,8,0,54581,0,54581,4664
MF1442,Veddagala,2020,9,0,51361,0,51361,4462
MF1442,Veddagala,2020,10,0,57128,0,57128,4985
MF1442,Veddagala,2020,11,0,51188,0,51188,4461
MF1442,Veddagala,2020,12,600,60669,0,61269,5283
MF1453,Kalawana,2020,1,0,39735,0,39735,5332
MF1453,Kalawana,2020,2,0,28477,0,28477,5451
MF1453,Kalawana,2020,3,0,33416,0,33416,5859
MF1453,Kalawana,2020,4,0,60030,0,60030,6449
MF1453,Kalawana,2020,5,0,66169.5,0,66169.5,6529
MF1453,Kalawana,2020,6,0,65670,0,65670,6829
MF1453,Kalawana,2020,7,0,44261,0,44261,9664
MF1453,Kalawana,2020,8,0,35417,0,35417,5587
MF1453,Kalawana,2020,9,0,34511,0,34511,5392
MF1453,Kalawana,2020,10,0,58194.5,0,58194.5,7637
MF1453,Kalawana,2020,11,0,53581,0,53581,6077
MF1453,Kalawana,2020,12,0,64282.5,0,64282.5,4305
MF1456,Deerwood,2020,1,0,85723,0,85723,3431
MF1456,Deerwood,2020,2,0,64761,0,64761,2593
MF1456,Deerwood,2020,3,0,54348,0,54348,2175
MF1456,Deerwood,2020,4,0,76016,0,76016,3042
MF1456,Deerwood,2020,5,0,95101,0,95101,3799
MF1456,Deerwood,2020,6,0,102092,0,102092,4079
MF1456,Deerwood,2020,7,0,99407,0,99407,3972
MF1456,Deerwood,2020,8,0,80629,0,80629,3222
MF1456,Deerwood,2020,9,0,72282,0,72282,2887
MF1456,Deerwood,2020,10,0,0,79466,79466,3172
MF1456,Deerwood,2020,11,0,90254,0,90254,3606
MF1456,Deerwood,2020,12,0,92806,0,92806,3707
MF1458,Seron,2020,1,0,22222,0,22222,1968
MF1458,Seron,2020,2,0,21943,0,21943,1925
MF1458,Seron,2020,3,0,20907,0,20907,1716
MF1458,Seron,2020,4,0,23768,0,23768,1748
MF1458,Seron,2020,5,0,20023,0,20023,1509
MF1458,Seron,2020,7,0,0,0,0,0
MF1458,Seron,2020,8,0,0,0,0,0
MF1458,Seron,2020,12,0,7789,0,7789,667
MF1459,New Laksakanda,2020,1,0,98440,0,98440,5316
MF1459,New Laksakanda,2020,2,0,105153,0,105153,5529
MF1459,New Laksakanda,2020,3,0,81574,0,81574,4295
MF1459,New Laksakanda,2020,4,0,95161,0,95161,5223
MF1459,New Laksakanda,2020,5,0,136282,0,136282,7277
MF1459,New Laksakanda,2020,6,0,122509,0,122509,6651
MF1459,New Laksakanda,2020,7,0,110384,0,110384,5905
MF1459,New Laksakanda,2020,8,0,89590,0,89590,4516
MF1459,New Laksakanda,2020,9,0,98735,0,98735,5106
MF1459,New Laksakanda,2020,10,0,108692,0,108692,6616
MF1459,New Laksakanda,2020,11,0,124203,0,124203,6795
MF1459,New Laksakanda,2020,12,0,133403,0,133403,6656
MF1463,Peekview,2020,1,0,91730,0,91730,7895
MF1463,Peekview,2020,2,0,62765,0,62765,5346
MF1463,Peekview,2020,3,0,52504,0,52504,4517
MF1463,Peekview,2020,4,0,101567,0,101567,7375
MF1463,Peekview,2020,5,0,98256,0,98256,9219
MF1463,Peekview,2020,6,0,100317,0,100317,5994
MF1463,Peekview,2020,7,0,109820,0,109820,10507
MF1463,Peekview,2020,8,0,95829,1700,97529,9974
MF1463,Peekview,2020,9,0,94527,0,94527,7724
MF1463,Peekview,2020,10,0,103687,0,103687,8410
MF1463,Peekview,2020,11,0,102378,0,102378,10039
MF1463,Peekview,2020,12,0,123689,0,123689,11700
MF1466,Tea Lanka,2020,1,0,34918,0,34918,1827
MF1466,Tea Lanka,2020,2,0,24545,0,24545,1284
MF1466,Tea Lanka,2020,3,0,34299,0,34299,1794
MF1466,Tea Lanka,2020,4,0,60096,0,60096,3380
MF1466,Tea Lanka,2020,5,0,55265,0,55265,2883
MF1466,Tea Lanka,2020,6,0,57552,996,58548,2594
MF1466,Tea Lanka,2020,7,0,51113,0,51113,2194
MF1466,Tea Lanka,2020,8,0,53542,0,53542,2142
MF1466,Tea Lanka,2020,9,0,59605,0,59605,2465
MF1466,Tea Lanka,2020,10,0,49363,0,49363,2065
MF1466,Tea Lanka,2020,11,0,45084,0,45084,2040
MF1466,Tea Lanka,2020,12,0,50451,0,50451,2246
MF1467,Daduwangala Watte,2020,1,0,0,0,0,0
MF1467,Daduwangala Watte,2020,7,0,10654,0,10654,561
MF1467,Daduwangala Watte,2020,8,0,16534,0,16534,870
MF1467,Daduwangala Watte,2020,9,0,17812,0,17812,937
MF1467,Daduwangala Watte,2020,10,0,22930,0,22930,1207
MF1467,Daduwangala Watte,2020,11,0,24781,0,24781,1304
MF1467,Daduwangala Watte,2020,12,0,35863,0,35863,1887
MF1470,Karawita,2020,1,0,22293,0,22293,3860
MF1470,Karawita,2020,2,0,15894,0,15894,2619
MF1470,Karawita,2020,3,0,35846,0,35846,4344
MF1470,Karawita,2020,4,0,0,0,0,3883
MF1470,Karawita,2020,5,0,52121,0,52121,7729
MF1470,Karawita,2020,6,0,52336,0,52336,6449
MF1470,Karawita,2020,7,0,48452,0,48452,2709
MF1470,Karawita,2020,8,0,26188,0,26188,3530
MF1470,Karawita,2020,9,0,20524,0,20524,917
MF1470,Karawita,2020,10,0,22917,0,22917,1047
MF1470,Karawita,2020,11,0,18752,0,18752,1365
MF1470,Karawita,2020,12,0,25335,0,25335,1600
MF1478,Sanora,2020,1,0,27882,0,27882,2414
MF1478,Sanora,2020,2,0,20757,0,20757,1803
MF1478,Sanora,2020,3,20620,0,0,20620,1784
MF1478,Sanora,2020,4,27023,0,0,27023,2346
MF1478,Sanora,2020,5,3654,131646,0,135300,2376
MF1478,Sanora,2020,6,2902,131456,0,134358,2307
MF1478,Sanora,2020,7,4205,147463,0,151668,2605
MF1478,Sanora,2020,8,3902,136767,0,140669,2401
MF1478,Sanora,2020,9,4196,139960,0,144156,24070
MF1478,Sanora,2020,10,903,27650,0,28553,2477
MF1478,Sanora,2020,11,1125,32216,0,33341,2888
MF1478,Sanora,2020,12,894,36018,0,36912,3213
MF1480,New Hopewell,2020,1,0,141618,0,141618,5004
MF1480,New Hopewell,2020,1,0,41261,0,41261,0
MF1480,New Hopewell,2020,2,0,124197,0,124197,3637
MF1480,New Hopewell,2020,2,0,44435,0,44435,0
MF1480,New Hopewell,2020,3,0,97318,0,97318,3500
MF1480,New Hopewell,2020,3,0,28112,0,28112,0
MF1480,New Hopewell,2020,4,0,156443,0,156443,5656
MF1480,New Hopewell,2020,4,0,25139,0,25139,0
MF1480,New Hopewell,2020,5,0,185403,0,185403,5466
MF1480,New Hopewell,2020,5,0,43502,0,43502,0
MF1480,New Hopewell,2020,6,0,173636,0,173636,4604
MF1480,New Hopewell,2020,6,0,48165,0,48165,0
MF1480,New Hopewell,2020,7,0,184444,0,184444,4807
MF1480,New Hopewell,2020,7,0,46649,0,46649,0
MF1480,New Hopewell,2020,8,0,168565,0,168565,4292
MF1480,New Hopewell,2020,8,0,35924,0,35924,0
MF1480,New Hopewell,2020,9,0,160763,0,160763,6840
MF1480,New Hopewell,2020,9,0,37776,0,37776,0
MF1480,New Hopewell,2020,10,0,158779,0,158779,4200
MF1480,New Hopewell,2020,10,0,41903,0,41903,0
MF1480,New Hopewell,2020,11,0,151676,0,151676,4131
MF1480,New Hopewell,2020,11,0,47126,0,47126,4131
MF1480,New Hopewell,2020,12,0,191648,0,191648,5095
MF1480,New Hopewell,2020,12,0,52003,0,52003,0
MF1483,Galaxy ,2020,1,0,51450,0,51450,3899
MF1483,Galaxy ,2020,2,0,41633,0,41633,3088
MF1483,Galaxy ,2020,3,0,32421,0,32421,2450
MF1483,Galaxy ,2020,4,0,50125,0,50125,3587
MF1483,Galaxy ,2020,5,0,63717,0,63717,4527
MF1483,Galaxy ,2020,6,0,60434,0,60434,4452
MF1483,Galaxy ,2020,7,0,59199,0,59199,4558
MF1483,Galaxy ,2020,8,0,52963,0,52963,4099
MF1483,Galaxy ,2020,9,0,57436,0,57436,4072
MF1483,Galaxy ,2020,10,0,64171,0,64171,4668
MF1483,Galaxy ,2020,11,0,58472,0,58472,4178
MF1483,Galaxy ,2020,12,0,58678,0,58678,4581
MF1487,Adams View,2020,1,0,60794,0,60794,1882
MF1487,Adams View,2020,2,0,43154,0,43154,1337
MF1487,Adams View,2020,3,0,31169,0,31169,963
MF1487,Adams View,2020,4,0,48255,0,48255,1495
MF1487,Adams View,2020,5,0,63294,0,63294,1961
MF1487,Adams View,2020,6,0,68088,0,68088,2107
MF1487,Adams View,2020,7,0,72446,0,72446,2219
MF1487,Adams View,2020,8,0,69337,0,69337,2145
MF1487,Adams View,2020,9,0,70872,0,70872,2189
MF1487,Adams View,2020,10,0,72832,0,72832,4502
MF1487,Adams View,2020,11,0,63362,0,63362,4005
MF1487,Adams View,2020,12,0,75285,0,75285,4764
MF1488,Kukuleganga,2020,8,0,14800,0,14800,1285
MF1488,Kukuleganga,2020,9,0,17492,0,17492,1510
MF1488,Kukuleganga,2020,10,0,32077,0,32077,2770
MF1488,Kukuleganga,2020,11,0,29558,0,29558,2585
MF1488,Kukuleganga,2020,12,0,30449,0,30449,2632
MF1489,BLUE MOUNT,2020,1,0,40696,0,40696,3616
MF1489,BLUE MOUNT,2020,2,0,33933,0,33933,3026
MF1489,BLUE MOUNT,2020,3,0,18910,0,18910,1698
MF1489,BLUE MOUNT,2020,4,0,23422,0,23422,2061
MF1489,BLUE MOUNT,2020,5,0,47927,0,47927,4231
MF1489,BLUE MOUNT,2020,6,0,48456,0,48456,4374
MF1489,BLUE MOUNT,2020,7,0,77111,0,77111,6790
MF1489,BLUE MOUNT,2020,8,0,91657,0,91657,8226
MF1489,BLUE MOUNT,2020,9,0,103426,0,103426,9082
MF1489,BLUE MOUNT,2020,10,0,107640,0,107640,11851
MF1489,BLUE MOUNT,2020,11,0,80167,0,80167,8868
MF1489,BLUE MOUNT,2020,12,0,98881,0,98881,10845
MF1491,New Doralavitiyahena,2020,1,0,39538,0,39538,4609
MF1491,New Doralavitiyahena,2020,1,0,12558,0,12558,0
MF1491,New Doralavitiyahena,2020,2,0,17745,0,17745,1957
MF1491,New Doralavitiyahena,2020,2,0,3881,0,3881,0
MF1491,New Doralavitiyahena,2020,3,0,17222,0,17222,1627
MF1491,New Doralavitiyahena,2020,3,0,3211,0,3211,0
MF1491,New Doralavitiyahena,2020,4,0,61382,0,61382,5502
MF1491,New Doralavitiyahena,2020,4,0,3211,0,3211,0
MF1491,New Doralavitiyahena,2020,5,0,61171,0,61171,4933
MF1491,New Doralavitiyahena,2020,5,0,631,0,631,0
MF1491,New Doralavitiyahena,2020,6,0,59902,0,59902,5429
MF1491,New Doralavitiyahena,2020,6,0,2512,0,2512,0
MF1491,New Doralavitiyahena,2020,7,0,72153,0,72153,5710
MF1491,New Doralavitiyahena,2020,7,0,2005,0,2005,0
MF1491,New Doralavitiyahena,2020,8,0,62615,0,62615,6947
MF1491,New Doralavitiyahena,2020,8,0,7172,0,7172,0
MF1491,New Doralavitiyahena,2020,9,0,63933,0,63933,6590
MF1491,New Doralavitiyahena,2020,9,0,8342,0,8342,0
MF1491,New Doralavitiyahena,2020,10,0,69297,0,69297,7479
MF1491,New Doralavitiyahena,2020,10,0,11749,0,11749,0
MF1491,New Doralavitiyahena,2020,11,0,57930,0,57930,5095
MF1491,New Doralavitiyahena,2020,11,0,15788,0,15788,0
MF1491,New Doralavitiyahena,2020,12,0,81979,0,81979,7189
MF1491,New Doralavitiyahena,2020,12,0,9426,0,9426,0
MF1495,Nilvin View,2020,1,0,92765,0,92765,3711
MF1495,Nilvin View,2020,2,0,79058,0,79058,3162
MF1495,Nilvin View,2020,3,0,61367,0,61367,2455
MF1495,Nilvin View,2020,4,0,102824,0,102824,4113
MF1495,Nilvin View,2020,5,0,127362,0,127362,5094
MF1495,Nilvin View,2020,6,0,120191,0,120191,4808
MF1495,Nilvin View,2020,7,0,122713,0,122713,4908
MF1495,Nilvin View,2020,8,0,102367,0,102367,4095
MF1495,Nilvin View,2020,9,0,98431,0,98431,3937
MF1495,Nilvin View,2020,10,0,94416,0,94416,3777
MF1495,Nilvin View,2020,11,0,107044,0,107044,4282
MF1495,Nilvin View,2020,12,0,127084,0,127084,5083
MF1496,CO-OP TEA,2020,1,22411,0,0,22411,2474
MF1496,CO-OP TEA,2020,2,0,11929,0,11929,1316
MF1496,CO-OP TEA,2020,3,0,0,0,0,0
MF1496,CO-OP TEA,2020,4,0,0,23914,23914,2651
MF1496,CO-OP TEA,2020,5,0,0,28310,28310,3132
MF1496,CO-OP TEA,2020,6,0,0,36344,36344,4026
MF1496,CO-OP TEA,2020,7,0,0,39112,39112,4332
MF1496,CO-OP TEA,2020,8,0,0,40110,40110,4442
MF1496,CO-OP TEA,2020,9,0,0,37619,37619,4165
MF1496,CO-OP TEA,2020,10,0,0,31409,31409,3477
MF1496,CO-OP TEA,2020,11,0,0,33767,33767,3736
MF1496,CO-OP TEA,2020,12,0,0,41395,41395,4585
MF1515,Geekiyanahena ,2020,1,0,69149,0,69149,6391
MF1515,Geekiyanahena ,2020,2,0,68226,0,68226,5382
MF1515,Geekiyanahena ,2020,3,0,49041,0,49041,4535
MF1515,Geekiyanahena ,2020,4,0,71581,0,71581,6625
MF1515,Geekiyanahena ,2020,5,0,83129,0,83129,7686
MF1515,Geekiyanahena ,2020,6,0,87717,0,87717,8112
MF1515,Geekiyanahena ,2020,7,0,97600,0,97600,9026
MF1515,Geekiyanahena ,2020,8,0,101292,0,101292,9371
MF1515,Geekiyanahena ,2020,9,0,89974,0,89974,8323
MF1515,Geekiyanahena ,2020,10,0,99706,0,99706,8733
MF1515,Geekiyanahena ,2020,11,0,92877,0,92877,8603
MF1515,Geekiyanahena ,2020,12,0,95906,0,95906,8883
MF1519,Parakaduwa,2020,1,0,7391,0,7391,388
MF1519,Parakaduwa,2020,2,0,765,0,765,32
MF1519,Parakaduwa,2020,7,0,13216,0,13216,1152
MF1519,Parakaduwa,2020,8,0,25907,0,25907,2360
MF1519,Parakaduwa,2020,9,0,30672,0,30672,2650
MF1519,Parakaduwa,2020,10,0,28231,0,28231,3078
MF1519,Parakaduwa,2020,11,0,31226,0,31226,785
MF1519,Parakaduwa,2020,12,0,31009,0,31009,716
MF1528,MISA,2020,1,0,95895,0,95895,7223
MF1528,MISA,2020,2,0,67042,0,67042,5025
MF1528,MISA,2020,3,0,34936,0,34936,2603
MF1528,MISA,2020,4,0,101172,0,101172,7623
MF1528,MISA,2020,5,0,119712,0,119712,8902
MF1528,MISA,2020,6,0,134009,0,134009,9871
MF1528,MISA,2020,7,0,143134,0,143134,10757
MF1528,MISA,2020,8,0,140196,0,140196,10252
MF1528,MISA,2020,9,0,143180,0,143180,10787
MF1528,MISA,2020,10,0,123321,0,123321,9314
MF1531,Kolonne Panapitiya,2020,1,0,89836,0,89836,12236
MF1531,Kolonne Panapitiya,2020,2,0,47323,0,47323,6439
MF1531,Kolonne Panapitiya,2020,3,0,4429,0,4429,594
MF1531,Kolonne Panapitiya,2020,4,0,55601,0,55601,7574
MF1531,Kolonne Panapitiya,2020,5,0,67320,0,67320,9066
MF1531,Kolonne Panapitiya,2020,6,0,81433,0,81433,11087
MF1531,Kolonne Panapitiya,2020,7,0,100265,0,100265,13344
MF1531,Kolonne Panapitiya,2020,8,0,98136,0,98136,13366
MF1531,Kolonne Panapitiya,2020,9,0,93459,0,93459,12729
MF1531,Kolonne Panapitiya,2020,10,0,102263,0,102263,13926
MF1531,Kolonne Panapitiya,2020,11,0,97707,0,97707,13306
MF1531,Kolonne Panapitiya,2020,12,0,107658,0,107658,14662
MF1550,PARADISE,2020,1,463.6,0,0,463.6,13800
MF1550,PARADISE,2020,3,125.5,0,0,125.5,0
MF1550,PARADISE,2020,6,0,0,0,0,0
MF1551,Galahitiya,2020,1,0,85545,0,85545,5751
MF1551,Galahitiya,2020,2,0,63684,0,63684,4350
MF1551,Galahitiya,2020,3,0,87974,0,87974,2557
MF1551,Galahitiya,2020,4,0,73488,0,73488,4857
MF1551,Galahitiya,2020,5,0,85241,0,85241,5537
MF1551,Galahitiya,2020,6,0,91484,0,91484,6086
MF1551,Galahitiya,2020,7,0,86041,0,86041,5662
MF1551,Galahitiya,2020,8,0,80246,0,80246,5306
MF1551,Galahitiya,2020,9,0,72697,0,72697,4721
MF1551,Galahitiya,2020,10,0,87001,0,87001,5688
MF1551,Galahitiya,2020,11,0,79213,0,79213,6180
MF1551,Galahitiya,2020,12,0,84244,0,84244,7308
MF1552,Sisiramba ,2020,1,0,22796,0,22796,1839
MF1552,Sisiramba ,2020,2,0,17673,0,17673,1492
MF1552,Sisiramba ,2020,3,0,17104,0,17104,1725
MF1552,Sisiramba ,2020,4,0,28144,0,28144,2850
MF1552,Sisiramba ,2020,5,0,36886,0,36886,3061
MF1552,Sisiramba ,2020,6,0,34109,0,34109,2954
MF1552,Sisiramba ,2020,7,0,33910,0,33910,2928
MF1552,Sisiramba ,2020,8,0,35606,0,35606,3084
MF1552,Sisiramba ,2020,9,0,32611,0,32611,2808
MF1552,Sisiramba ,2020,10,0,40509,0,40509,3939
MF1552,Sisiramba ,2020,11,0,41182,0,41182,5849
MF1552,Sisiramba ,2020,12,0,52531,0,52531,4684
MF1553,New Spring View,2020,1,0,68001,0,68001,5440
MF1553,New Spring View,2020,2,0,51821,0,51821,5173
MF1553,New Spring View,2020,3,0,47508,0,47508,4750
MF1553,New Spring View,2020,4,0,68500,0,68500,7696
MF1553,New Spring View,2020,5,0,82423,0,82423,17152
MF1553,New Spring View,2020,6,0,85727,0,85727,6001
MF1553,New Spring View,2020,7,0,75812,0,75812,4581
MF1553,New Spring View,2020,8,0,75230,0,75230,4657
MF1553,New Spring View,2020,9,0,73031,0,73031,4207
MF1553,New Spring View,2020,10,0,74618,0,74618,4365
MF1553,New Spring View,2020,11,0,79780,0,79780,4742
MF1553,New Spring View,2020,12,0,81546,0,81546,8178
MF1554,Daduwangala CTC,2020,1,0,5901,0,5901,311
MF1554,Daduwangala CTC,2020,2,0,1576,0,1576,83
MF1554,Daduwangala CTC,2020,9,0,2114,0,2114,88
MF1554,Daduwangala CTC,2020,10,0,5828,0,5828,243
MF1554,Daduwangala CTC,2020,11,0,13462,0,13462,416
MF1554,Daduwangala CTC,2020,12,0,18295,0,18295,566
MF1567,Chamwin Speciality Tea Processing Centre,2020,1,27,0,0,27,2
MF1567,Chamwin Speciality Tea Processing Centre,2020,2,31,0,0,31,3
MF1567,Chamwin Speciality Tea Processing Centre,2020,5,0,0,0,0,0
MF1567,Chamwin Speciality Tea Processing Centre,2020,6,0,0,0,0,0
MF1567,Chamwin Speciality Tea Processing Centre,2020,8,0,0,0,0,0
MF1567,Chamwin Speciality Tea Processing Centre,2020,9,0,0,0,0,0
MF1571,Kamarangapitiya,2020,1,0,57307,0,57307,2597
MF1571,Kamarangapitiya,2020,2,0,43964,0,43964,2353
MF1571,Kamarangapitiya,2020,3,0,35008,0,35008,1728
MF1571,Kamarangapitiya,2020,4,0,63389,0,63389,3398
MF1571,Kamarangapitiya,2020,5,0,85710,0,85710,4561
MF1571,Kamarangapitiya,2020,6,0,79468,0,79468,3966
MF1571,Kamarangapitiya,2020,7,0,79357,0,79357,3830
MF1571,Kamarangapitiya,2020,8,0,75146,0,75146,4025
MF1571,Kamarangapitiya,2020,9,0,77897,0,77897,4203
MF1571,Kamarangapitiya,2020,10,0,80442,0,80442,3326
MF1571,Kamarangapitiya,2020,11,0,76424,0,76424,3885
MF1571,Kamarangapitiya,2020,12,0,89683,0,89683,4297
MF1575,Elapatha,2020,1,0,14101,330,14431,584
MF1575,Elapatha,2020,2,0,12546,0,12546,521
MF1575,Elapatha,2020,3,0,6183,0,6183,258
MF1575,Elapatha,2020,4,0,10112,0,10112,419
MF1575,Elapatha,2020,5,0,21141,0,21141,876
MF1575,Elapatha,2020,6,0,22304,0,22304,927
MF1575,Elapatha,2020,7,0,16577,0,16577,691
MF1575,Elapatha,2020,8,0,4913,0,4913,203
MF1579,Deraniyagala Tea Shakthi,2020,1,0,17877,0,17877,1547
MF1579,Deraniyagala Tea Shakthi,2020,2,0,11039,0,11039,958
MF1579,Deraniyagala Tea Shakthi,2020,3,0,8301,0,8301,720
MF1579,Deraniyagala Tea Shakthi,2020,4,0,20222,0,20222,1758
MF1579,Deraniyagala Tea Shakthi,2020,5,0,16162,0,16162,1405
MF1579,Deraniyagala Tea Shakthi,2020,6,0,18725,0,18725,1631
MF1579,Deraniyagala Tea Shakthi,2020,7,0,20641,0,20641,1791
MF1579,Deraniyagala Tea Shakthi,2020,8,0,22887,0,22887,1988
MF1579,Deraniyagala Tea Shakthi,2020,9,0,24846,0,24846,2159
MF1579,Deraniyagala Tea Shakthi,2020,10,0,24850,0,24850,2167
MF1579,Deraniyagala Tea Shakthi,2020,11,0,23499,0,23499,2047
MF1579,Deraniyagala Tea Shakthi,2020,12,0,27217,0,27217,2349
MF1580,Kolonne Kithulgala,2020,1,0,34200.02,0,34200.02,2182.98
MF1580,Kolonne Kithulgala,2020,2,0,28439.7,0,28439.7,1815.3
MF1580,Kolonne Kithulgala,2020,3,0,15961.2,0,15961.2,1018.8
MF1580,Kolonne Kithulgala,2020,4,0,46319.44,0,46319.44,2956.56
MF1580,Kolonne Kithulgala,2020,5,0,35366.56,0,35366.56,2257.44
MF1580,Kolonne Kithulgala,2020,6,0,44798.52,0,44798.52,2859.48
MF1580,Kolonne Kithulgala,2020,7,0,45710.32,0,45710.32,2917.68
MF1580,Kolonne Kithulgala,2020,8,0,51637.96,0,51637.96,3296.04
MF1580,Kolonne Kithulgala,2020,9,0,39569.3,0,39569.3,2525.7
MF1580,Kolonne Kithulgala,2020,10,0,40881.54,0,40881.54,2609.46
MF1580,Kolonne Kithulgala,2020,11,0,46207.8,0,46207.8,5134.2
MF1580,Kolonne Kithulgala,2020,12,0,42985.16,0,42985.16,3737.84
MF1591,Ethoya Waththa,2020,1,13128,0,43623,56751,4934
MF1591,Ethoya Waththa,2020,2,8313,34324,0,42637,3707
MF1591,Ethoya Waththa,2020,3,5917,33760,0,39677,3450
MF1591,Ethoya Waththa,2020,4,7708,53520,0,61228,5324
MF1591,Ethoya Waththa,2020,5,12089,59875,0,71964,7117
MF1591,Ethoya Waththa,2020,6,14218,59371,0,73589,7278
MF1591,Ethoya Waththa,2020,7,15201,60303,0,75504,7467
MF1591,Ethoya Waththa,2020,8,13499,55376,0,68875,6811
MF1591,Ethoya Waththa,2020,9,8405,55143,0,63548,6285
MF1591,Ethoya Waththa,2020,10,10440,60010,0,70450,10068
MF1591,Ethoya Waththa,2020,11,9572,55799,0,65371,7263
MF1591,Ethoya Waththa,2020,12,11588,64556,0,76144,8933
MF1592,Super Leaf ,2020,1,1671,1529,0,3200,278
MF1592,Super Leaf ,2020,2,1402,898,0,2300,172
MF1592,Super Leaf ,2020,3,1189,0,0,1189,97
MF1592,Super Leaf ,2020,4,2491,0,0,2491,216
MF1592,Super Leaf ,2020,5,0,21291,0,21291,1477
MF1592,Super Leaf ,2020,6,0,16068,0,16068,1115
MF1592,Super Leaf ,2020,7,0,22816,0,22816,1550
MF1592,Super Leaf ,2020,8,0,13346,0,13346,928
MF1592,Super Leaf ,2020,9,0,0,0,0,0
RT0507,JAYA LAND,2020,1,0,6900,0,6900,29500
RT0507,JAYA LAND,2020,2,7450,0,0,7450,16000
RT0507,JAYA LAND,2020,3,0,1840,0,1840,30000
RT0507,JAYA LAND,2020,4,0,5010,0,5010,50000
RT0507,JAYA LAND,2020,5,0,3880,0,3880,53000
RT0507,JAYA LAND,2020,6,4550,0,0,4550,57000
RT0507,JAYA LAND,2020,7,0,3800,0,3800,54000
RT0507,JAYA LAND,2020,8,0,5210,0,5210,52000
RT0507,JAYA LAND,2020,9,0,5430,0,5430,27000
RT0507,JAYA LAND,2020,10,0,6220,0,6220,51000
RT0507,JAYA LAND,2020,11,0,5020,0,5020,30000
RT0507,JAYA LAND,2020,12,0,4800,0,4800,52000
BF0143,Templevally,2019,1,0,11698,0,11698,1257
BF0143,Templevally,2019,2,0,12640,0,12640,1370
BF0143,Templevally,2019,3,0,18283,0,18283,1962
BF0143,Templevally,2019,4,0,17537,0,17537,1897
BF0143,Templevally,2019,5,0,20699,0,20699,2271
BF0143,Templevally,2019,6,0,15214,0,15214,1856
BF0150,Sherwood ,2019,1,0,82520,0,82520,11355
BF0150,Sherwood ,2019,2,0,75764,0,75764,10391
BF0150,Sherwood ,2019,3,0,89212,0,89212,17131
BF0150,Sherwood ,2019,4,0,75048,0,75048,14372
BF0150,Sherwood ,2019,5,0,80733,0,80733,15480
BF0150,Sherwood ,2019,6,0,56144,0,56144,10866
BF0150,Sherwood ,2019,7,0,50079,0,50079,6829
BF0150,Sherwood ,2019,8,0,66788,0,66788,9102
BF0150,Sherwood ,2019,9,0,68020,0,68020,11066
BF0150,Sherwood ,2019,10,0,54048,0,54048,8768
BF0150,Sherwood ,2019,11,0,58998,0,58998,7928
BF0150,Sherwood ,2019,12,0,60960,0,60960,8308
BF0155,GANGALAGAMUWA,2019,1,0,71398,0,71398,3600
BF0155,GANGALAGAMUWA,2019,2,0,69504,0,69504,3504
BF0155,GANGALAGAMUWA,2019,3,0,81159,0,81159,4092
BF0155,GANGALAGAMUWA,2019,4,0,71745,0,71745,3617
BF0155,GANGALAGAMUWA,2019,5,0,93110,0,93110,4695
BF0155,GANGALAGAMUWA,2019,6,0,65744,0,65744,3316
BF0155,GANGALAGAMUWA,2019,7,0,66396,0,66396,3348
BF0155,GANGALAGAMUWA,2019,8,0,50556,0,50556,3227
BF0155,GANGALAGAMUWA,2019,9,0,44574,0,44574,3099
BF0155,GANGALAGAMUWA,2019,10,0,51375,0,51375,3572
BF0155,GANGALAGAMUWA,2019,11,0,46384,0,46384,3225
BF0155,GANGALAGAMUWA,2019,12,0,58638,0,58638,4076
BF0163,Delgoda ,2019,1,0,42434,766,43200,4583
BF0163,Delgoda ,2019,2,0,44281,0,44281,6149
BF0163,Delgoda ,2019,3,0,53177,1,53178,5376
BF0163,Delgoda ,2019,4,0,42238,834,43072,4542
BF0163,Delgoda ,2019,5,0,64519,762,65281,8135
BF0163,Delgoda ,2019,6,0,51510,0,51510,5305
BF0163,Delgoda ,2019,7,0,53990,0,53990,5929
BF0163,Delgoda ,2019,8,0,56131,1504,57635,6223
BF0163,Delgoda ,2019,9,0,53095,0,53095,5608
BF0163,Delgoda ,2019,10,0,48969,356,49325,4676
BF0163,Delgoda ,2019,11,0,40180,0,40180,4244
BF0163,Delgoda ,2019,12,0,53667,0,53667,9394
HT0002,ECO,2019,1,174.5,0,0,174.5,2
HT0002,ECO,2019,2,292,0,0,292,3
HT0002,ECO,2019,3,224,0,0,224,2
HT0002,ECO,2019,4,127.5,0,0,127.5,2
HT0002,ECO,2019,5,360,0,0,360,2
HT0002,ECO,2019,6,299.5,0,0,299.5,2
HT0002,ECO,2019,7,318,0,0,318,2
HT0002,ECO,2019,8,404.5,0,0,404.5,2
HT0002,ECO,2019,9,134.5,0,0,134.5,2
HT0002,ECO,2019,10,0,0,0,0,0
HT0002,ECO,2019,11,0,0,0,0,0
HT0002,ECO,2019,12,0,0,0,0,0
MF0030,Noragalla ,2019,1,0,0,0,0,0
MF0030,Noragalla ,2019,2,0,0,0,0,0
MF0083,Rilhena ,2019,1,0,28920,0,28920,3585
MF0083,Rilhena ,2019,2,0,24840,0,24840,2751
MF0083,Rilhena ,2019,3,2308,36616,0,38924,4779
MF0083,Rilhena ,2019,4,739,32959,914,34612,5191
MF0083,Rilhena ,2019,5,568,56030.5,561,57159.5,7608
MF0083,Rilhena ,2019,6,0,39915.5,0,39915.5,6610
MF0083,Rilhena ,2019,7,0,39284,0,39284,6552
MF0083,Rilhena ,2019,8,0,42068,0,42068,6934
MF0083,Rilhena ,2019,9,0,45964,0,45964,5026
MF0083,Rilhena ,2019,10,0,0,36557,36557,5503
MF0083,Rilhena ,2019,11,0,32913,0,32913,5545
MF0083,Rilhena ,2019,12,0,41690.5,0,41690.5,6003
MF0085,Noori ,2019,1,311,42265,0,42576,2388
MF0085,Noori ,2019,2,266,40935,0,41201,2225
MF0085,Noori ,2019,3,371,52876,0,53247,2984
MF0085,Noori ,2019,4,264,32549,0,32813,1994
MF0085,Noori ,2019,5,551,45170,0,45721,2646
MF0085,Noori ,2019,6,234,16969,0,17203,807
MF0085,Noori ,2019,7,408,29383,2981,32772,1920
MF0085,Noori ,2019,8,0,34430,0,34430,2340
MF0085,Noori ,2019,9,0,27123.5,0,27123.5,2487
MF0085,Noori ,2019,10,0,41984,0,41984,5695.5
MF0085,Noori ,2019,11,0,41125,0,41125,5352
MF0085,Noori ,2019,12,0,42710,0,42710,1572
MF0103,Opatha ,2019,1,5858,4919,0,10777,1195
MF0103,Opatha ,2019,2,5116,9372,0,14488,4173
MF0103,Opatha ,2019,3,8360,16363,6023,30746,3434
MF0103,Opatha ,2019,4,5544,18450,840,24834,2703
MF0103,Opatha ,2019,5,6604,29503,1869,37976,4093
MF0103,Opatha ,2019,6,4107,21055,0,25162,3446
MF0103,Opatha ,2019,7,7148,22602,9535,39285,5213
MF0103,Opatha ,2019,8,6531,22956,20359,49846,5387
MF0103,Opatha ,2019,9,6741,24607,18168,49516,5475
MF0103,Opatha ,2019,10,5661,25306,12390,43357,5357
MF0103,Opatha ,2019,11,5842,13642,0,19484,3217
MF0103,Opatha ,2019,12,6307,12230,2387,20924,3050
MF0104,Wellandura ,2019,1,0,8387,0,8387,1821
MF0104,Wellandura ,2019,2,0,4367,0,4367,763
MF0104,Wellandura ,2019,3,0,0,0,0,200
MF0104,Wellandura ,2019,4,0,0,0,0,121.5
MF0106,Mahawale ,2019,1,0,0,13159,13159,31521
MF0106,Mahawale ,2019,2,0,0,6066,6066,10664
MF0106,Mahawale ,2019,3,0,0,10757,10757,22547
MF0106,Mahawale ,2019,4,0,0,7914,7914,17918
MF0106,Mahawale ,2019,5,0,0,12385,12385,27816
MF0106,Mahawale ,2019,6,0,0,13054,13054,31462
MF0106,Mahawale ,2019,7,0,0,17780,17780,41138
MF0106,Mahawale ,2019,8,0,0,26096,26096,58386
MF0106,Mahawale ,2019,9,0,0,29799,29799,65316
MF0106,Mahawale ,2019,10,0,0,20161,20161,39992
MF0106,Mahawale ,2019,11,0,0,16033,16033,19096
MF0106,Mahawale ,2019,12,0,0,10623,10623,12656
MF0107,Nilagama ,2019,1,3767,0,18593,22360,2445
MF0107,Nilagama ,2019,2,4927,0,18976,23903,3167
MF0107,Nilagama ,2019,3,5694,0,20587,26281,3351
MF0107,Nilagama ,2019,4,3577,0,21993,25570,3240
MF0107,Nilagama ,2019,5,7368,0,31526,38894,5756
MF0107,Nilagama ,2019,6,5014,0,23776,28790,3863
MF0107,Nilagama ,2019,7,7914,0,32650,40564,4212
MF0107,Nilagama ,2019,8,7580,0,35520,43100,5023
MF0107,Nilagama ,2019,9,6054,0,29823,35877,5270
MF0107,Nilagama ,2019,10,6589,0,29170,35759,3646
MF0107,Nilagama ,2019,11,6955,0,27627,34582,4298
MF0107,Nilagama ,2019,12,6637,0,28522,35159,4721
MF0168,ENDANE,2019,1,17686,0,11671,29357,5534
MF0168,ENDANE,2019,2,16012,0,13476,29488,2808
MF0168,ENDANE,2019,3,24127,0,20569,44696,4112
MF0168,ENDANE,2019,4,21269,0,13591,34860,3091
MF0168,ENDANE,2019,5,21656,0,16173,37829,4328
MF0168,ENDANE,2019,6,20563,0,10329,30892,4635
MF0168,ENDANE,2019,7,16998,0,6840,23838,2463
MF0168,ENDANE,2019,8,20178,0,0,20178,2949
MF0168,ENDANE,2019,9,21645,0,0,21645,3588
MF0168,ENDANE,2019,10,14158,0,2527,16685,2178
MF0168,ENDANE,2019,11,21352,0,15848,37200,4389
MF0168,ENDANE,2019,12,21139,0,16570,37709,3595
MF0181,Ceciliyan ,2019,1,3054,109715,0,112769,0
MF0181,Ceciliyan ,2019,1,0,176943,0,176943,10140
MF0181,Ceciliyan ,2019,2,0,105625,0,105625,10660
MF0181,Ceciliyan ,2019,2,0,196160,0,196160,10660
MF0181,Ceciliyan ,2019,3,3427,137624,0,141051,0
MF0181,Ceciliyan ,2019,3,0,206439,0,206439,12162
MF0181,Ceciliyan ,2019,4,2867,164572,0,167439,9700
MF0181,Ceciliyan ,2019,4,0,109712,0,109712,0
MF0181,Ceciliyan ,2019,5,4471,187276,0,191747,0
MF0181,Ceciliyan ,2019,5,0,178849,0,178849,12970
MF0181,Ceciliyan ,2019,6,2313,51263,0,53576,9868
MF0181,Ceciliyan ,2019,6,2193,226170,0,228363,0
MF0181,Ceciliyan ,2019,7,0,214190,0,214190,10865
MF0181,Ceciliyan ,2019,7,0,91798,0,91798,0
MF0181,Ceciliyan ,2019,8,4384,122434,0,126818,12763
MF0181,Ceciliyan ,2019,8,0,237846,0,237846,0
MF0181,Ceciliyan ,2019,9,3763,133597,0,137360,0
MF0181,Ceciliyan ,2019,9,0,164099,0,164099,10551
MF0181,Ceciliyan ,2019,10,3293,119381,0,122674,0
MF0181,Ceciliyan ,2019,10,0,179174,0,179174,10565
MF0181,Ceciliyan ,2019,11,3559,120853,0,124412,0
MF0181,Ceciliyan ,2019,11,0,177732,0,177732,10575
MF0181,Ceciliyan ,2019,12,4018,144491,0,148509,0
MF0181,Ceciliyan ,2019,12,0,216735,0,216735,12783
MF0183,New Kandagastenne ,2019,1,0,119530,0,119530,6058
MF0183,New Kandagastenne ,2019,2,0,117194,0,117194,5942
MF0183,New Kandagastenne ,2019,3,0,158006,0,158006,7993
MF0183,New Kandagastenne ,2019,4,0,129633,0,129633,6436
MF0183,New Kandagastenne ,2019,5,0,160297,0,160297,8056
MF0183,New Kandagastenne ,2019,6,0,137895,0,137895,6931
MF0183,New Kandagastenne ,2019,7,0,145483,0,145483,7282
MF0183,New Kandagastenne ,2019,8,0,161561,0,161561,8106
MF0183,New Kandagastenne ,2019,9,0,154730,0,154730,7781
MF0183,New Kandagastenne ,2019,10,0,151570,0,151570,7625
MF0183,New Kandagastenne ,2019,11,0,121401,0,121401,6071
MF0183,New Kandagastenne ,2019,12,0,137312,0,137312,6890
MF0200,Pettiyagalla ,2019,1,11954,834,11204,23992,3512
MF0200,Pettiyagalla ,2019,2,13023,277,9600,22900,3249
MF0200,Pettiyagalla ,2019,3,19778,6754,11495,38027,5112
MF0200,Pettiyagalla ,2019,4,19121.5,6389,14157,39667.5,5190
MF0200,Pettiyagalla ,2019,5,18730.5,8245,4759,31734.5,4100
MF0200,Pettiyagalla ,2019,6,16249.5,9906,3961,30116.5,5042
MF0200,Pettiyagalla ,2019,7,15599.5,9959,3856,29414.5,4764
MF0200,Pettiyagalla ,2019,8,17691,4882,5812,28385,4459
MF0200,Pettiyagalla ,2019,9,14752.5,2162,5001,21915.5,3454
MF0200,Pettiyagalla ,2019,10,13161,375,11662,25198,3629
MF0200,Pettiyagalla ,2019,11,16153,0,14871,31024,4760
MF0200,Pettiyagalla ,2019,12,10106,0,3269,13375,2297
MF0210,Haughton ,2019,1,2293,2858,0,5151,603
MF0210,Haughton ,2019,2,1574,3132,0,4706,600
MF0210,Haughton ,2019,3,3100,6951,0,10051,1179
MF0210,Haughton ,2019,4,1679,7653,0,9332,1360
MF0210,Haughton ,2019,5,3028,9981,0,13009,2140
MF0210,Haughton ,2019,6,2234,4205,0,6439,879
MF0210,Haughton ,2019,7,0,0,0,0,0
MF0236,Pambagama ,2019,1,10126,29783.5,10420,50329.5,14011
MF0236,Pambagama ,2019,2,8613,26925.4,8016,43554.4,9117
MF0236,Pambagama ,2019,3,14021,51265,11511,76797,15385
MF0236,Pambagama ,2019,4,13659,36401.5,10147,60207.5,8820
MF0236,Pambagama ,2019,5,17422,55365.8,15116,87903.8,12239
MF0236,Pambagama ,2019,6,14386,33650.5,12667,60703.5,10990
MF0236,Pambagama ,2019,7,14799,39249,12982,67030,16228
MF0236,Pambagama ,2019,8,16003,43636.15,11936,71575.15,10518
MF0236,Pambagama ,2019,9,13813,45041,11371,70225,10952
MF0236,Pambagama ,2019,10,12923,27372.45,4100,44395.45,7759
MF0236,Pambagama ,2019,11,14151,27442,11440,53033,7669
MF0236,Pambagama ,2019,12,13836,29227,11636,54699,7682
MF0258,Balangoda Tea Shakthi,2019,1,0,17408,0,17408,1303
MF0258,Balangoda Tea Shakthi,2019,2,0,16560,0,16560,1443
MF0258,Balangoda Tea Shakthi,2019,3,0,16328,0,16328,1420
MF0258,Balangoda Tea Shakthi,2019,4,0,24718,0,24718,2115
MF0258,Balangoda Tea Shakthi,2019,5,0,30175,0,30175,2620
MF0258,Balangoda Tea Shakthi,2019,6,0,9829,0,9829,852
MF0258,Balangoda Tea Shakthi,2019,7,0,21659,0,21659,1841
MF0258,Balangoda Tea Shakthi,2019,8,0,37050,0,37050,2880
MF0258,Balangoda Tea Shakthi,2019,9,0,32616,0,32616,2616
MF0258,Balangoda Tea Shakthi,2019,10,0,39739,0,39739,3645
MF0258,Balangoda Tea Shakthi,2019,11,0,34200,0,34200,3027
MF0258,Balangoda Tea Shakthi,2019,12,0,23967,0,23967,2113
MF0262,Upper Balangoda,2019,1,360,10282,0,10642,1056
MF0262,Upper Balangoda,2019,2,92,6141,0,6233,620
MF0262,Upper Balangoda,2019,3,856,23599,0,24455,2449
MF0262,Upper Balangoda,2019,4,805,29144,0,29949,2395
MF0262,Upper Balangoda,2019,5,430,25587,0,26017,2083
MF0262,Upper Balangoda,2019,6,524,27624,0,28148,2254
MF0262,Upper Balangoda,2019,7,471,24443,0,24914,1994
MF0262,Upper Balangoda,2019,8,641,33779,0,34420,2757
MF0262,Upper Balangoda,2019,9,727,31086,0,31813,2547
MF0262,Upper Balangoda,2019,10,489,28862,0,29351,2347
MF0262,Upper Balangoda,2019,11,410,18671,0,19081,1529
MF0262,Upper Balangoda,2019,12,465,18405,0,18870,1511
MF0263,Wewawatte,2019,1,1220,8618,0,9838,983
MF0263,Wewawatte,2019,2,980,7971,0,8951,895
MF0263,Wewawatte,2019,3,1727,8047,0,9774,977
MF0263,Wewawatte,2019,4,2013,10250,0,12263,858
MF0263,Wewawatte,2019,5,3008,10297,0,13305,998
MF0263,Wewawatte,2019,6,2042,9346,0,11388,850
MF0263,Wewawatte,2019,7,2103,6330,0,8433,632
MF0263,Wewawatte,2019,8,2145,10261,0,12406,930
MF0263,Wewawatte,2019,9,2745,11684,0,14429,1082
MF0263,Wewawatte,2019,10,2347,9673,0,12020,902
MF0263,Wewawatte,2019,11,2690,5850,0,8540,640
MF0263,Wewawatte,2019,12,2361,6924,0,9285,696
MF0293,Kelani ,2019,1,2057,19164.34,9964,31185.34,3282
MF0293,Kelani ,2019,2,1766,14924.53,9574,26264.53,2929
MF0293,Kelani ,2019,3,3504,29818.5,15589,48911.5,5114
MF0293,Kelani ,2019,4,2585,20759.5,13471,36815.5,3334
MF0293,Kelani ,2019,5,3072,34414,18187,55673,5303
MF0293,Kelani ,2019,6,2978,39256.5,11229,53463.5,4476
MF0293,Kelani ,2019,7,3025,47272,9218,59515,5331
MF0293,Kelani ,2019,8,2634,40892,7894,51420,3886
MF0293,Kelani ,2019,9,3154,38293.76,9991,51438.76,4717
MF0293,Kelani ,2019,10,2788,33817,12770,49375,4525
MF0293,Kelani ,2019,11,3600,33635.83,13975,51210.83,4791
MF0293,Kelani ,2019,12,3261,40581,13790,57632,6481
MF0295,Kuttapitiya ,2019,1,0,73684,0,73684,5121
MF0295,Kuttapitiya ,2019,2,0,76127,0,76127,5265
MF0295,Kuttapitiya ,2019,3,0,95998.5,0,95998.5,7700
MF0295,Kuttapitiya ,2019,4,0,82741,0,82741,5833
MF0295,Kuttapitiya ,2019,5,0,112510,0,112510,7470
MF0295,Kuttapitiya ,2019,6,0,90184,0,90184,6240
MF0295,Kuttapitiya ,2019,7,0,88784,0,88784,6286
MF0295,Kuttapitiya ,2019,8,0,99067,0,99067,7846
MF0295,Kuttapitiya ,2019,9,0,82278,0,82278,5916
MF0295,Kuttapitiya ,2019,10,0,78500,0,78500,5605
MF0295,Kuttapitiya ,2019,11,0,72007,0,72007,5120
MF0295,Kuttapitiya ,2019,12,0,72630,0,72630,6435
MF0296,DOLOSWELLA,2019,1,4536,27415,6343,38294,6855
MF0296,DOLOSWELLA,2019,2,5250,26632,7193,39075,5618
MF0296,DOLOSWELLA,2019,3,6700,42388,9905,58993,5402
MF0296,DOLOSWELLA,2019,4,6049,31734,8709,46492,4312
MF0296,DOLOSWELLA,2019,5,8643,55341,10156,74140,8480
MF0296,DOLOSWELLA,2019,6,6848,39039,7596,53483,7327
MF0296,DOLOSWELLA,2019,7,6366,45038,8355,59759,6197
MF0296,DOLOSWELLA,2019,8,6750,51367,9062,67179,8203
MF0296,DOLOSWELLA,2019,9,6248,39452,7443,53143,8840
MF0296,DOLOSWELLA,2019,10,5759,32228,11663,49650,7609
MF0296,DOLOSWELLA,2019,11,6171,27046,8488,41705,5451
MF0296,DOLOSWELLA,2019,12,6234,33650,7603,47487,6206
MF0319,NON PAREIL,2019,5,10214,4724,0,14938,1309
MF0319,NON PAREIL,2019,6,9247,7914,0,17161,1202
MF0319,NON PAREIL,2019,7,6743,7325,0,14068,1169
MF0319,NON PAREIL,2019,8,7980,15062,0,23042,2511
MF0319,NON PAREIL,2019,9,7898,10424,0,18322,1640
MF0319,NON PAREIL,2019,10,7819,3430,0,11249,1114
MF0319,NON PAREIL,2019,11,8445,665,0,9110,947
MF0319,NON PAREIL,2019,12,7459,195,0,7654,784
MF0353,YATIDERIYA,2019,1,8639,13884,2017,24540,4007
MF0353,YATIDERIYA,2019,2,6604,12434,1694,20732,2987
MF0353,YATIDERIYA,2019,3,9292,19223,2341,30856,6516
MF0353,YATIDERIYA,2019,4,10136,18957,2210,31303,3698
MF0353,YATIDERIYA,2019,5,12952,29612,2488,45052,5369
MF0353,YATIDERIYA,2019,6,11598,35123.5,1729,48450.5,6307
MF0353,YATIDERIYA,2019,7,12485,48580,2049,63114,7172
MF0353,YATIDERIYA,2019,8,10339.5,38918,2163,51420.5,8945
MF0353,YATIDERIYA,2019,9,8556,27794.5,1554,37904.5,6459
MF0353,YATIDERIYA,2019,10,8329,23477,2107,33913,6106
MF0353,YATIDERIYA,2019,11,11258,18268,1724,31250,5060
MF0353,YATIDERIYA,2019,12,9668.5,17477,1797,28942.5,6183
MF0367,Cecilton ,2019,1,10360,8597,5795,24752,2436
MF0367,Cecilton ,2019,2,9775,6705,5411,21891,2187
MF0367,Cecilton ,2019,3,14947,9432,7105,31484,3255
MF0367,Cecilton ,2019,4,16950,13664,8787,39401,3922
MF0367,Cecilton ,2019,5,16637,13220,8733,38590,3843
MF0367,Cecilton ,2019,6,14523,11744,8015,34282,4135
MF0367,Cecilton ,2019,7,11332,7785,5773,24890,3594
MF0367,Cecilton ,2019,8,11489,7550,8831,27870,3694
MF0367,Cecilton ,2019,9,15087,8626,6701,30414,3959
MF0367,Cecilton ,2019,10,11383,8266,12511,32160,3795
MF0367,Cecilton ,2019,11,13199,7336,13639,34174,4294
MF0367,Cecilton ,2019,12,9449,5386,5176,20011,2460
MF0369,MARATENNE,2019,1,36515,11027,0,47542,5775
MF0369,MARATENNE,2019,2,34543,8330,0,42873,4991
MF0369,MARATENNE,2019,3,44292,16702,0,60994,7344
MF0369,MARATENNE,2019,4,47900,0,16910,64810,7757
MF0369,MARATENNE,2019,5,48394,16366,0,64760,7945
MF0369,MARATENNE,2019,6,41900,12820,0,54720,6821
MF0369,MARATENNE,2019,7,31273,10259,854,42386,5195
MF0369,MARATENNE,2019,8,42826,12315,0,55141,6917
MF0369,MARATENNE,2019,9,42814,12453,0,55267,8226
MF0369,MARATENNE,2019,10,8907,3039,0,11946,1850
MF0369,MARATENNE,2019,11,5106,0,0,5106,320
MF0369,MARATENNE,2019,12,21706,814,0,22520,3421
MF0413,Horamulla ,2019,1,3849,22091,0,25940,2017
MF0413,Horamulla ,2019,2,659,22772,0,23431,1301
MF0413,Horamulla ,2019,3,1103,12712,0,13815,1168
MF0413,Horamulla ,2019,4,1065,13205,0,14270,908
MF0413,Horamulla ,2019,5,989,19885,0,20874,1300
MF0413,Horamulla ,2019,6,523,5585.5,0,6108.5,389
MF0413,Horamulla ,2019,7,508,55,0,563,36
MF0413,Horamulla ,2019,8,240,0,0,240,16
MF0413,Horamulla ,2019,9,0,1692,0,1692,106
MF0413,Horamulla ,2019,10,0,1724,0,1724,110
MF0413,Horamulla ,2019,11,0,0,0,0,0
MF0413,Horamulla ,2019,12,0,0,0,0,0
MF0428,Randola ,2019,1,0,29570,0,29570,3763
MF0428,Randola ,2019,2,0,25855,0,25855,3433
MF0428,Randola ,2019,3,0,35456,0,35456,4817
MF0428,Randola ,2019,4,0,38160,0,38160,5192
MF0428,Randola ,2019,5,0,25575,0,25575,3475
MF0428,Randola ,2019,6,0,42461,0,42461,5731
MF0428,Randola ,2019,7,0,38193,0,38193,5112
MF0428,Randola ,2019,8,0,0,0,0,0
MF0449,Aennen,2019,1,0,38589,0,38589,2398
MF0449,Aennen,2019,2,0,42069,0,42069,3160
MF0449,Aennen,2019,3,0,51429,0,51429,3864
MF0449,Aennen,2019,4,0,42407,0,42407,3188
MF0449,Aennen,2019,5,0,58945,0,58945,4430
MF0449,Aennen,2019,6,0,47638,0,47638,3531
MF0449,Aennen,2019,7,0,52843,0,52843,3973
MF0449,Aennen,2019,8,0,56309,0,56309,4234
MF0449,Aennen,2019,9,0,48229,0,48229,3618
MF0449,Aennen,2019,10,0,48260,0,48260,3619
MF0449,Aennen,2019,11,0,44646,0,44646,3357
MF0449,Aennen,2019,12,0,54138,0,54138,4071
MF0472,Ederapolla,2019,1,756,15389,0,16145,2372
MF0472,Ederapolla,2019,2,925,14653.5,0,15578.5,1772
MF0472,Ederapolla,2019,3,15900.5,26360,1789,44049.5,4191
MF0472,Ederapolla,2019,4,1111,18441,0,19552,2525
MF0472,Ederapolla,2019,5,1700,24482,0,26182,2934
MF0472,Ederapolla,2019,6,1645,19847,6729,28221,3860
MF0472,Ederapolla,2019,7,1428.5,23202,5808,30438.5,4410
MF0472,Ederapolla,2019,8,1490,24299,6566,32355,5145
MF0472,Ederapolla,2019,9,1289.5,23342,3367,27998.5,3509
MF0472,Ederapolla,2019,10,1191.5,22079,0,23270.5,1316
MF0472,Ederapolla,2019,11,1255,20170,0,21425,2699
MF0472,Ederapolla,2019,12,0,24730.4,0,24730.4,2345
MF0481,Aigburth ,2019,1,8167,14945,0,23112,20113
MF0481,Aigburth ,2019,2,7649,15985,0,23634,3242
MF0481,Aigburth ,2019,3,10056,29338,0,39394,4422
MF0481,Aigburth ,2019,4,9979,19387,0,29366,3855
MF0481,Aigburth ,2019,5,8726,11147,0,19873,4767
MF0481,Aigburth ,2019,6,7423,23782,0,31205,3343
MF0481,Aigburth ,2019,7,6900,21140,0,28040,4738
MF0481,Aigburth ,2019,8,7456,20040,0,27496,3052
MF0481,Aigburth ,2019,9,6809,17670,0,24479,6796
MF0481,Aigburth ,2019,10,7691,13560,0,21251,2503
MF0481,Aigburth ,2019,11,6954,11775,0,18729,2253
MF0481,Aigburth ,2019,12,6015,13443,0,19458,2423
MF0490,Hatherleigh ,2019,1,10569,8314,15460,34343,4300
MF0490,Hatherleigh ,2019,2,11513,10316,13794,35623,4673
MF0490,Hatherleigh ,2019,3,17468,17058,13491,48017,6535
MF0490,Hatherleigh ,2019,4,14738,17176,12555,44469,5218
MF0490,Hatherleigh ,2019,5,18147,21289,13338,52774,7194
MF0490,Hatherleigh ,2019,6,11729,20103,11584,43416,6934
MF0490,Hatherleigh ,2019,7,14910,22322,13879,51111,7432
MF0490,Hatherleigh ,2019,8,14572,35916,0,50488,7615
MF0490,Hatherleigh ,2019,9,14152,28554,928,43634,3882.5
MF0490,Hatherleigh ,2019,10,12019,6034,7610,25663,1794
MF0490,Hatherleigh ,2019,11,10818,3701,12147,26666,2483
MF0490,Hatherleigh ,2019,12,11539,8067,14495,34101,3760
MF0540,Ranmudhu Ella,2019,1,0,23057,0,23057,920
MF0540,Ranmudhu Ella,2019,2,0,13320,0,13320,581
MF0540,Ranmudhu Ella,2019,3,0,24545,0,24545,1058
MF0540,Ranmudhu Ella,2019,4,0,20153,0,20153,846
MF0540,Ranmudhu Ella,2019,5,0,12205,0,12205,728
MF0540,Ranmudhu Ella,2019,6,0,13102,0,13102,768
MF0540,Ranmudhu Ella,2019,7,0,11262,0,11262,653
MF0540,Ranmudhu Ella,2019,8,0,10580,0,10580,616
MF0540,Ranmudhu Ella,2019,9,0,0,0,0,0
MF0540,Ranmudhu Ella,2019,10,0,0,0,0,0
MF0540,Ranmudhu Ella,2019,11,0,25302,0,25302,988
MF0540,Ranmudhu Ella,2019,12,0,26810,0,26810,1065
MF0546,Springwood,2019,1,14858,0,0,14858,1276
MF0546,Springwood,2019,2,0,24708,0,24708,2149
MF0546,Springwood,2019,3,0,38938,0,38938,3388
MF0546,Springwood,2019,4,0,28890,0,28890,2483
MF0546,Springwood,2019,5,0,32453,0,32453,2822
MF0546,Springwood,2019,6,0,27845,0,27845,2421
MF0546,Springwood,2019,7,0,28637,0,28637,2489
MF0546,Springwood,2019,8,0,26630,0,26630,3631
MF0546,Springwood,2019,9,0,17951,0,17951,1563
MF0546,Springwood,2019,10,5100,21122,0,26222,2881
MF0546,Springwood,2019,11,0,3439,0,3439,469
MF0546,Springwood,2019,12,0,29974,0,29974,3334
MF0574,Sapumalkande ,2019,1,0,61352,0,61352,3818
MF0574,Sapumalkande ,2019,2,0,2313,0,2313,121
MF0574,Sapumalkande ,2019,3,0,23755,0,23755,1246
MF0574,Sapumalkande ,2019,4,0,80736,0,80736,4216
MF0574,Sapumalkande ,2019,5,0,117983,0,117983,6196
MF0574,Sapumalkande ,2019,6,0,104545,0,104545,5680
MF0574,Sapumalkande ,2019,7,0,114353,0,114353,6173
MF0574,Sapumalkande ,2019,8,0,86421,0,86421,4432
MF0594,Boscombe ,2019,5,0,28453,0,28453,1487
MF0594,Boscombe ,2019,6,0,34606,0,34606,1809
MF0594,Boscombe ,2019,7,0,37318,0,37318,1951
MF0594,Boscombe ,2019,8,0,41115,0,41115,4554
MF0594,Boscombe ,2019,9,0,33561,0,33561,3719
MF0594,Boscombe ,2019,10,0,0,39534,39534,4378
MF0594,Boscombe ,2019,11,0,0,29112,29112,3220
MF0594,Boscombe ,2019,12,0,32272,0,32272,3572
MF0600,Alupola ,2019,1,16178,12528,10545,39251,6972
MF0600,Alupola ,2019,2,15250,10424,13758,39432,3908
MF0600,Alupola ,2019,3,20954,17003,16708,54665,5706
MF0600,Alupola ,2019,4,17470,24673,11830,53973,6305
MF0600,Alupola ,2019,5,20378,26356,16759,63493,7361
MF0600,Alupola ,2019,6,19415,19081,15252,53748,6438
MF0600,Alupola ,2019,7,16604,0,21817,38421,4680
MF0600,Alupola ,2019,8,14951,11463,0,26414,8937
MF0600,Alupola ,2019,9,15000,10443,0,25443,3288
MF0600,Alupola ,2019,10,10826,3606,0,14432,1339
MF0600,Alupola ,2019,11,15724,5001,0,20725,1502
MF0600,Alupola ,2019,12,11850,5826,0,17676,1223
MF0619,GALABODDA,2019,1,7288,23707,0,30995,2424
MF0619,GALABODDA,2019,2,5820,31710,2270,39800,2376
MF0619,GALABODDA,2019,3,9798,17696,6960,34454,2135
MF0619,GALABODDA,2019,4,8946,30773,7181,46900,2217
MF0619,GALABODDA,2019,5,10994,36571,9798,57363,3864
MF0619,GALABODDA,2019,6,10722,44713,3963,59398,3907
MF0619,GALABODDA,2019,7,6894,49890,0,56784,4825
MF0619,GALABODDA,2019,8,8910,54972,0,63882,5357
MF0619,GALABODDA,2019,9,9093,23434,0,32527,2405
MF0619,GALABODDA,2019,10,7446,33314,0,40760,1516
MF0619,GALABODDA,2019,11,7839,19792,0,27631,1264
MF0619,GALABODDA,2019,12,5606,20959,0,26565,1192
MF0623,MEDDAKANDE,2019,1,12307,7138,707,20152,2740
MF0623,MEDDAKANDE,2019,2,11161,8468,3491,23120,3325
MF0623,MEDDAKANDE,2019,3,15084,18655,412,34151,4191
MF0623,MEDDAKANDE,2019,4,16679,19551,1885,38115,4196
MF0623,MEDDAKANDE,2019,5,19158,19020,1617,39795,5749
MF0623,MEDDAKANDE,2019,6,13327,14565,0,27892,5211
MF0623,MEDDAKANDE,2019,7,14796,8808,316,23920,3775
MF0623,MEDDAKANDE,2019,8,14192,11410,0,25602,3697
MF0623,MEDDAKANDE,2019,9,14670,6761,0,21431,3419
MF0623,MEDDAKANDE,2019,10,12461,5448,13160,31069,4229
MF0623,MEDDAKANDE,2019,11,14488,3694,15786,33968,6184
MF0623,MEDDAKANDE,2019,12,11897,3989,1666,17552,3006
MF0624,Wikiliya,2019,1,0,185499,0,185499,10925
MF0624,Wikiliya,2019,2,0,178184,0,178184,10655
MF0624,Wikiliya,2019,3,0,231485,0,231485,15926
MF0624,Wikiliya,2019,4,0,184469,0,184469,12912
MF0624,Wikiliya,2019,5,0,225134,0,225134,16066
MF0624,Wikiliya,2019,6,0,211155,0,211155,14609
MF0624,Wikiliya,2019,7,0,200177,0,200177,15112
MF0624,Wikiliya,2019,8,0,195658,0,195658,17552
MF0624,Wikiliya,2019,9,0,151537,0,151537,10938
MF0624,Wikiliya,2019,10,0,125282,0,125282,7029
MF0624,Wikiliya,2019,11,0,107755,0,107755,8564
MF0624,Wikiliya,2019,12,0,146162,0,146162,11692
MF0625,NEW RASAGALLA,2019,1,18592,3265,0,21857,3453
MF0625,NEW RASAGALLA,2019,2,19216,4151,0,23367,4749
MF0625,NEW RASAGALLA,2019,3,38420,10037,730,49187,5852
MF0625,NEW RASAGALLA,2019,4,24848,13199,298,38345,6690
MF0625,NEW RASAGALLA,2019,5,23110,17202,0,40312,7530
MF0625,NEW RASAGALLA,2019,6,19285,14728,0,34013,6026
MF0625,NEW RASAGALLA,2019,7,18258,6389,0,24647,4390
MF0625,NEW RASAGALLA,2019,8,22127,5118,511,27756,3666
MF0625,NEW RASAGALLA,2019,9,16495,5869,0,22364,3302
MF0625,NEW RASAGALLA,2019,10,21068,7741,0,28809,4075
MF0625,NEW RASAGALLA,2019,11,17547,4699,901,23147,4108
MF0625,NEW RASAGALLA,2019,12,18655,5485,0,24140,3862
MF0626,HALGOLLE,2019,1,18682,26834,544,46060,9372
MF0626,HALGOLLE,2019,2,17675,18348,346,36369,4754
MF0626,HALGOLLE,2019,3,27244,31145,0,58389,9277
MF0626,HALGOLLE,2019,4,27499,31467,0,58966,7431
MF0626,HALGOLLE,2019,5,30302,48813,0,79115,10065
MF0626,HALGOLLE,2019,6,25112,35407,0,60519,7199
MF0626,HALGOLLE,2019,7,26879,42163,0,69042,10499
MF0626,HALGOLLE,2019,8,24669,36424,0,61093,9048
MF0626,HALGOLLE,2019,9,22547,37577,0,60124,6889
MF0626,HALGOLLE,2019,10,18742,29024,0,47766,4877
MF0626,HALGOLLE,2019,11,25823,20579,0,46402,7140
MF0626,HALGOLLE,2019,12,20854,22759,0,43613,9413
MF0659,RYE,2019,1,0,0,0,0,0
MF0659,RYE,2019,2,0,0,0,0,0
MF0686,Keragala,2019,1,14001,0,0,14001,18600
MF0686,Keragala,2019,2,8666,0,0,8666,15000
MF0686,Keragala,2019,3,19366,0,0,19366,22630
MF0686,Keragala,2019,4,8550,0,0,8550,11000
MF0686,Keragala,2019,5,10585,0,0,10585,14000
MF0686,Keragala,2019,6,12928,0,1192,14120,18000
MF0686,Keragala,2019,7,11779,0,0,11779,16000
MF0686,Keragala,2019,8,13889,0,0,13889,17000
MF0686,Keragala,2019,9,14451,0,0,14451,19385
MF0686,Keragala,2019,10,11900,0,0,11900,16362
MF0686,Keragala,2019,11,14860,0,0,14860,20805
MF0686,Keragala,2019,12,12383,0,0,12383,17490
MF0780,HOUPE ,2019,1,472,28601,0,29073,1936
MF0780,HOUPE ,2019,2,0,24609.5,0,24609.5,2188
MF0780,HOUPE ,2019,3,0,36276,2098,38374,4104
MF0780,HOUPE ,2019,4,0,36105,0,36105,5385
MF0780,HOUPE ,2019,5,4815,43147,419,48381,6767.5
MF0780,HOUPE ,2019,6,4809,40286,0,45095,5429
MF0780,HOUPE ,2019,7,3681,43419.5,0,47100.5,5832
MF0780,HOUPE ,2019,8,0,48338.5,0,48338.5,7245
MF0780,HOUPE ,2019,9,0,40650.5,0,40650.5,6311
MF0780,HOUPE ,2019,10,0,43152.5,81,43233.5,5485
MF0780,HOUPE ,2019,11,0,41298,0,41298,5449
MF0780,HOUPE ,2019,12,0,50828,0,50828,8676.5
MF0801,HAPUGASTENNE ,2019,1,23281,26952,100,50333,4771.5
MF0801,HAPUGASTENNE ,2019,2,23206,22053,142,45401,6389
MF0801,HAPUGASTENNE ,2019,3,34719,38054,135,72908,7249
MF0801,HAPUGASTENNE ,2019,4,29447,36843,373,66663,6910
MF0801,HAPUGASTENNE ,2019,5,39905,44941,67,84913,9993
MF0801,HAPUGASTENNE ,2019,5,0,0,0,0,0
MF0801,HAPUGASTENNE ,2019,6,30122,35295,150,65567,6623
MF0801,HAPUGASTENNE ,2019,6,0,0,0,0,0
MF0801,HAPUGASTENNE ,2019,7,26608.5,17818,7191,51617.5,11616
MF0801,HAPUGASTENNE ,2019,8,28678,14842,34782,78302,6583
MF0801,HAPUGASTENNE ,2019,9,28061,14726,30173,72960,12038
MF0801,HAPUGASTENNE ,2019,10,25796,11863,21683,59342,8620
MF0801,HAPUGASTENNE ,2019,11,29346,16631,16007,61984,12665
MF0801,HAPUGASTENNE ,2019,12,30793,14429,15032,60254,6092.5
MF0903,Maliboda,2019,1,1062,52101,0,53163,3482
MF0903,Maliboda,2019,2,760,45558,0,46318,3110
MF0903,Maliboda,2019,3,1053,71701,0,72754,4873
MF0903,Maliboda,2019,4,719,48874,0,49593,3347
MF0903,Maliboda,2019,5,766,63270,0,64036,3274
MF0903,Maliboda,2019,6,119,25135,0,25254,1282
MF0903,Maliboda,2019,7,0,44958,0,44958,3626
MF0903,Maliboda,2019,8,0,53876,0,53876,2203
MF0903,Maliboda,2019,9,0,71436,0,71436,4441
MF0903,Maliboda,2019,10,0,69880,0,69880,3653
MF0903,Maliboda,2019,11,0,59409.5,0,59409.5,5414
MF0903,Maliboda,2019,12,0,58228,0,58228,2397
MF0906,Palm Garden,2019,1,356,20069,181,20606,2528
MF0906,Palm Garden,2019,2,280,18306,121,18707,2690
MF0906,Palm Garden,2019,3,401,35053,162,35616,5554
MF0906,Palm Garden,2019,4,335,31145,137,31617,4196
MF0906,Palm Garden,2019,5,504,43972,161,44637,5056
MF0906,Palm Garden,2019,6,444,38811,165,39420,4297
MF0906,Palm Garden,2019,7,364,43364,149,43877,5268
MF0906,Palm Garden,2019,8,414,42492,129,43035,4076
MF0906,Palm Garden,2019,9,335,35792,94,36221,3904
MF0906,Palm Garden,2019,10,402,25451,103,25956,3243
MF0906,Palm Garden,2019,11,404,27852,146,28402,3264
MF0906,Palm Garden,2019,12,454,32419,127,33000,3896
MF0909,Allerton,2019,1,0,17574,0,17574,1532
MF0909,Allerton,2019,2,0,28291,0,28291,2473
MF0909,Allerton,2019,3,0,31885,0,31885,2773
MF0909,Allerton,2019,4,0,31287,0,31287,2670
MF0909,Allerton,2019,5,0,27521,0,27521,2392
MF0909,Allerton,2019,6,0,0,0,0,0
MF0909,Allerton,2019,7,0,14283,0,14283,1243
MF0909,Allerton,2019,8,0,0,0,0,5373
MF0909,Allerton,2019,9,0,0,0,0,0
MF0909,Allerton,2019,10,0,11116,0,11116,770
MF0909,Allerton,2019,11,595,30459,0,31054,2417
MF0909,Allerton,2019,12,0,30771,0,30771,2674
MF1057,Dedugala,2019,1,0,20008,0,20008,1869
MF1057,Dedugala,2019,2,0,24398,0,24398,2110
MF1057,Dedugala,2019,3,0,30755,0,30755,3042
MF1057,Dedugala,2019,4,0,22534,0,22534,2231
MF1057,Dedugala,2019,5,0,35001,0,35001,3424
MF1057,Dedugala,2019,6,0,28037,0,28037,2711
MF1057,Dedugala,2019,7,0,25863,0,25863,2485
MF1057,Dedugala,2019,8,0,25622,0,25622,2437
MF1057,Dedugala,2019,9,0,27118,0,27118,2245
MF1057,Dedugala,2019,10,0,19414,0,19414,1786
MF1057,Dedugala,2019,11,0,20116,0,20116,1780
MF1057,Dedugala,2019,12,0,24507,0,24507,2152
MF1075,Kadigalahena,2019,1,0,40780,0,40780,2036
MF1075,Kadigalahena,2019,2,0,45369,0,45369,2162
MF1075,Kadigalahena,2019,3,0,59093,0,59093,2452
MF1075,Kadigalahena,2019,4,1650,59772,0,61422,2485
MF1075,Kadigalahena,2019,5,0,62117,0,62117,2585
MF1075,Kadigalahena,2019,6,0,44654,0,44654,1861
MF1075,Kadigalahena,2019,7,0,29522,0,29522,1320
MF1075,Kadigalahena,2019,8,0,52168,0,52168,2998
MF1075,Kadigalahena,2019,9,0,32370,0,32370,1830
MF1075,Kadigalahena,2019,10,0,34076,0,34076,1972
MF1075,Kadigalahena,2019,11,0,27442,0,27442,1570
MF1075,Kadigalahena,2019,12,0,27808,0,27808,1625
MF1110,Gilimale Tea Shakthi ,2019,1,0,8473,0,8473,636
MF1110,Gilimale Tea Shakthi ,2019,2,0,8435,0,8435,884
MF1110,Gilimale Tea Shakthi ,2019,3,0,12271,0,12271,1326
MF1110,Gilimale Tea Shakthi ,2019,4,0,6975,0,6975,613
MF1110,Gilimale Tea Shakthi ,2019,5,0,10415,0,10415,1380
MF1110,Gilimale Tea Shakthi ,2019,6,0,9957,0,9957,915
MF1110,Gilimale Tea Shakthi ,2019,7,0,4927,0,4927,427
MF1110,Gilimale Tea Shakthi ,2019,8,0,5506,0,5506,727
MF1110,Gilimale Tea Shakthi ,2019,9,0,5681,0,5681,738
MF1110,Gilimale Tea Shakthi ,2019,12,0,0,0,0,0
MF1172,New Vithanakanda,2019,1,555,145978,0,146533,19801
MF1172,New Vithanakanda,2019,2,490,150279,0,150769,14350
MF1172,New Vithanakanda,2019,3,828,187065,0,187893,18552
MF1172,New Vithanakanda,2019,4,520,134127,0,134647,13043
MF1172,New Vithanakanda,2019,5,721,179355,0,180076,20107
MF1172,New Vithanakanda,2019,6,623,166356,0,166979,18809
MF1172,New Vithanakanda,2019,7,698,167082,0,167780,24364
MF1172,New Vithanakanda,2019,8,682,175109,0,175791,20168
MF1172,New Vithanakanda,2019,9,739,146665,1000,148404,14300
MF1172,New Vithanakanda,2019,10,658,160854,0,161512,14453
MF1172,New Vithanakanda,2019,11,857,167502,0,168359,15070
MF1172,New Vithanakanda,2019,12,928,176722,0,177650,18034
MF1188,Green Mount,2019,1,0,62869,0,62869,5983
MF1188,Green Mount,2019,2,0,59784,0,59784,5820
MF1188,Green Mount,2019,3,0,79821,0,79821,7694
MF1188,Green Mount,2019,4,0,79137,0,79137,7732
MF1188,Green Mount,2019,5,0,79379,0,79379,7769
MF1188,Green Mount,2019,6,0,50742,0,50742,4957
MF1188,Green Mount,2019,7,0,41926,0,41926,4081
MF1188,Green Mount,2019,8,0,1182,0,1182,0
MF1188,Green Mount,2019,9,0,0,0,0,0
MF1188,Green Mount,2019,10,0,26845,0,26845,2066
MF1188,Green Mount,2019,11,0,12194,0,12194,1006
MF1188,Green Mount,2019,12,0,12521,0,12521,1050
MF1217,GALPADITENNE ,2019,1,0,254907,0,254907,25637
MF1217,GALPADITENNE ,2019,1,0,89055,0,89055,0
MF1217,GALPADITENNE ,2019,2,0,277012,0,277012,25916
MF1217,GALPADITENNE ,2019,2,0,54063,0,54063,25916
MF1217,GALPADITENNE ,2019,3,0,345525,0,345525,0
MF1217,GALPADITENNE ,2019,3,0,98581,0,98581,34420
MF1217,GALPADITENNE ,2019,4,0,248650,0,248650,0
MF1217,GALPADITENNE ,2019,4,0,67209,0,67209,25885
MF1217,GALPADITENNE ,2019,5,0,329580,0,329580,30260
MF1217,GALPADITENNE ,2019,5,0,76010,0,76010,0
MF1217,GALPADITENNE ,2019,6,0,264790,0,264790,24877
MF1217,GALPADITENNE ,2019,6,0,62893,0,62893,0
MF1217,GALPADITENNE ,2019,7,2005,257834,0,259839,26234
MF1217,GALPADITENNE ,2019,7,0,107648,0,107648,0
MF1217,GALPADITENNE ,2019,8,0,271576,0,271576,31280
MF1217,GALPADITENNE ,2019,8,0,103125,0,103125,0
MF1217,GALPADITENNE ,2019,9,3600,173315,0,176915,0
MF1217,GALPADITENNE ,2019,9,0,126946,0,126946,15425
MF1217,GALPADITENNE ,2019,10,1160,160958,0,162118,0
MF1217,GALPADITENNE ,2019,10,0,156967,0,156967,20678
MF1217,GALPADITENNE ,2019,11,0,183720,0,183720,23800
MF1217,GALPADITENNE ,2019,11,0,118411,0,118411,23800
MF1217,GALPADITENNE ,2019,12,2916,226100,0,229016,29169
MF1217,GALPADITENNE ,2019,12,0,122035,0,122035,0
MF1264,AVISSAWELLA,2019,1,0,52624,0,52624,1102
MF1264,AVISSAWELLA,2019,2,0,46129,0,46129,990
MF1264,AVISSAWELLA,2019,3,0,79629,0,79629,1729
MF1264,AVISSAWELLA,2019,4,0,47509,0,47509,995
MF1264,AVISSAWELLA,2019,5,0,89249,0,89249,1930
MF1264,AVISSAWELLA,2019,6,0,80454,0,80454,1702
MF1264,AVISSAWELLA,2019,7,0,84568,0,84568,1803
MF1264,AVISSAWELLA,2019,8,0,91923,0,91923,1979
MF1264,AVISSAWELLA,2019,9,0,88768,0,88768,1888
MF1264,AVISSAWELLA,2019,10,0,92803,0,92803,1983
MF1264,AVISSAWELLA,2019,11,0,99850,0,99850,2118
MF1264,AVISSAWELLA,2019,12,0,106264,0,106264,2272
MF1266,KENDALANDA,2019,1,679,64441,0,65120,1946
MF1266,KENDALANDA,2019,2,629,59245,0,59874,1800
MF1266,KENDALANDA,2019,3,945,94505,0,95450,2854
MF1266,KENDALANDA,2019,4,787,76652,0,77439,2319
MF1266,KENDALANDA,2019,5,968,102892,0,103860,3115
MF1266,KENDALANDA,2019,6,1239,92637,0,93876,2814
MF1266,KENDALANDA,2019,7,1138,96682,0,97820,2934
MF1266,KENDALANDA,2019,8,1088,106117,0,107205,3154
MF1266,KENDALANDA,2019,9,704,85982,0,86686,2595
MF1266,KENDALANDA,2019,10,670,76632,0,77302,2317
MF1266,KENDALANDA,2019,11,968,81516,0,82484,2473
MF1266,KENDALANDA,2019,12,1016,86131,0,87147,2611
MF1281,ST.JOACHIM ,2019,1,1723,16425,0,18148,2262
MF1281,ST.JOACHIM ,2019,2,1117,18442,0,19559,2081
MF1281,ST.JOACHIM ,2019,3,1977,26259,0,28236,2984
MF1281,ST.JOACHIM ,2019,4,1293,20959,0,22252,2349
MF1281,ST.JOACHIM ,2019,5,2413,28066,0,30479,3178
MF1281,ST.JOACHIM ,2019,6,2096,22127,0,24223,2436
MF1281,ST.JOACHIM ,2019,7,1834,18982,0,20816,2191
MF1281,ST.JOACHIM ,2019,8,1837,23748,0,25585,2387
MF1281,ST.JOACHIM ,2019,9,1767,23856,0,25623,4229
MF1281,ST.JOACHIM ,2019,10,1778,19561,0,21339,2146
MF1281,ST.JOACHIM ,2019,11,2082,15635,0,17717,1985
MF1281,ST.JOACHIM ,2019,12,2123,14185,0,16308,2113
MF1284,NEW PANAWENNA ,2019,1,0,40420,0,40420,6333
MF1284,NEW PANAWENNA ,2019,2,0,36870,0,36870,5021
MF1284,NEW PANAWENNA ,2019,3,0,48852,0,48852,6735
MF1284,NEW PANAWENNA ,2019,4,0,45373,0,45373,4637
MF1284,NEW PANAWENNA ,2019,5,0,59210,0,59210,7401
MF1284,NEW PANAWENNA ,2019,6,0,44565,0,44565,5673
MF1284,NEW PANAWENNA ,2019,7,0,43116,0,43116,7553
MF1284,NEW PANAWENNA ,2019,8,0,37685,0,37685,5397
MF1284,NEW PANAWENNA ,2019,9,0,42641,0,42641,6692
MF1284,NEW PANAWENNA ,2019,10,0,49705,0,49705,5224
MF1284,NEW PANAWENNA ,2019,11,0,30494,0,30494,4893
MF1284,NEW PANAWENNA ,2019,12,0,33364,0,33364,4348
MF1286,SAMARAKANDA TEA PROCESSING CENTRE,2019,1,11219,0,0,11219,36241
MF1286,SAMARAKANDA TEA PROCESSING CENTRE,2019,2,10310,0,0,10310,34541
MF1286,SAMARAKANDA TEA PROCESSING CENTRE,2019,3,14737.5,0,0,14737.5,35860
MF1286,SAMARAKANDA TEA PROCESSING CENTRE,2019,4,11012,0,0,11012,26459
MF1286,SAMARAKANDA TEA PROCESSING CENTRE,2019,5,9827,0,0,9827,21748
MF1286,SAMARAKANDA TEA PROCESSING CENTRE,2019,6,16340,0,0,16340,47680
MF1286,SAMARAKANDA TEA PROCESSING CENTRE,2019,7,8996.5,0,0,8996.5,35129
MF1286,SAMARAKANDA TEA PROCESSING CENTRE,2019,8,13027,0,0,13027,44596
MF1286,SAMARAKANDA TEA PROCESSING CENTRE,2019,9,10478.5,0,0,10478.5,27671
MF1286,SAMARAKANDA TEA PROCESSING CENTRE,2019,10,13421.5,0,0,13421.5,39072
MF1286,SAMARAKANDA TEA PROCESSING CENTRE,2019,11,12440.5,0,0,12440.5,34098
MF1286,SAMARAKANDA TEA PROCESSING CENTRE,2019,12,13786.5,0,0,13786.5,35007
MF1297,ILLUKTENNE,2019,1,1112,25243,0,26355,4134
MF1297,ILLUKTENNE,2019,2,742,21317.5,0,22059.5,2178
MF1297,ILLUKTENNE,2019,3,1477,36142,0,37619,5298
MF1297,ILLUKTENNE,2019,4,1084,23433,0,24517,2568
MF1297,ILLUKTENNE,2019,5,1683,45132,0,46815,3565
MF1297,ILLUKTENNE,2019,6,1754,41304.5,0,43058.5,3521
MF1297,ILLUKTENNE,2019,7,1960,31109.5,0,33069.5,5236
MF1297,ILLUKTENNE,2019,8,1950,33508.5,0,35458.5,3651
MF1297,ILLUKTENNE,2019,9,1803,29910,0,31713,3580
MF1297,ILLUKTENNE,2019,10,1760,26436.5,0,28196.5,1776
MF1297,ILLUKTENNE,2019,11,1960,27647,0,29607,2230
MF1297,ILLUKTENNE,2019,12,1980,27152,0,29132,1991
MF1304,KEHELWALA ,2019,1,2062.5,32379,0,34441.5,5117
MF1304,KEHELWALA ,2019,2,1136.5,31018,0,32154.5,3043
MF1304,KEHELWALA ,2019,3,2068,41500,0,43568,5527
MF1304,KEHELWALA ,2019,4,1573,28746,0,30319,3766
MF1304,KEHELWALA ,2019,5,2517,44364,0,46881,5643
MF1304,KEHELWALA ,2019,6,2412,38449.5,0,40861.5,6976
MF1304,KEHELWALA ,2019,7,2532,40785.5,0,43317.5,7052
MF1304,KEHELWALA ,2019,8,2315,44876,0,47191,5791
MF1304,KEHELWALA ,2019,9,572,20398.5,0,20970.5,3139
MF1304,KEHELWALA ,2019,10,928,22632,0,23560,3451
MF1304,KEHELWALA ,2019,11,716,31780,0,32496,4707
MF1304,KEHELWALA ,2019,12,1593,34618,0,36211,1898
MF1308,New Udakada,2019,1,0,18294,0,18294,1427
MF1308,New Udakada,2019,2,0,15122,0,15122,1210
MF1308,New Udakada,2019,3,0,20851,0,20851,1668
MF1308,New Udakada,2019,4,0,15607,0,15607,1248
MF1308,New Udakada,2019,5,0,18273,0,18273,1462
MF1308,New Udakada,2019,6,0,16111,0,16111,1288
MF1308,New Udakada,2019,7,0,18789,0,18789,1503
MF1308,New Udakada,2019,8,0,20649,0,20649,1652
MF1308,New Udakada,2019,9,0,16721,0,16721,1338
MF1308,New Udakada,2019,10,0,14727,0,14727,1178
MF1308,New Udakada,2019,11,0,14703,0,14703,1176
MF1308,New Udakada,2019,12,0,25957,0,25957,2076
MF1316,Kolonna,2019,1,0,59437,0,59437,6446
MF1316,Kolonna,2019,2,0,61938,0,61938,6813
MF1316,Kolonna,2019,3,0,99464,0,99464,10880
MF1316,Kolonna,2019,4,0,69538,0,69538,7096
MF1316,Kolonna,2019,5,0,104447,0,104447,12856
MF1316,Kolonna,2019,6,0,43084,0,43084,3382
MF1316,Kolonna,2019,7,0,38710,0,38710,2926
MF1316,Kolonna,2019,8,0,43182,0,43182,4026
MF1316,Kolonna,2019,9,0,15400,0,15400,1493
MF1316,Kolonna,2019,10,0,0,0,0,4812
MF1316,Kolonna,2019,11,0,22264,0,22264,1861
MF1316,Kolonna,2019,12,0,33560,0,33560,2284
MF1317,Deshika,2019,1,0,54474,0,54474,3494
MF1317,Deshika,2019,2,0,34669,0,34669,2152
MF1317,Deshika,2019,4,0,37419,0,37419,3153
MF1317,Deshika,2019,5,0,27256,0,27256,1927
MF1317,Deshika,2019,6,0,20130,0,20130,1321
MF1317,Deshika,2019,7,0,301,0,301,15
MF1343,Kongahawatte,2019,1,0,81678,0,81678,8125
MF1343,Kongahawatte,2019,2,0,0,83563,83563,8263
MF1343,Kongahawatte,2019,3,0,88573,0,88573,9062
MF1343,Kongahawatte,2019,4,0,74723,0,74723,7383
MF1343,Kongahawatte,2019,5,0,96882,0,96882,9580
MF1343,Kongahawatte,2019,6,0,87816,0,87816,8678
MF1343,Kongahawatte,2019,7,0,93778,0,93778,8608
MF1343,Kongahawatte,2019,8,0,86946,0,86946,8597
MF1343,Kongahawatte,2019,9,0,84798,0,84798,8393
MF1343,Kongahawatte,2019,10,0,84320,0,84320,8337
MF1343,Kongahawatte,2019,11,0,90068,0,90068,8614
MF1343,Kongahawatte,2019,12,0,96031,0,96031,8235
MF1354,Peak Paradise,2019,1,0,42514,0,42514,1700
MF1354,Peak Paradise,2019,2,0,35455,0,35455,1418
MF1354,Peak Paradise,2019,3,9032.5,64109,0,73141.5,2561
MF1354,Peak Paradise,2019,4,0,44651,0,44651,1784
MF1354,Peak Paradise,2019,5,0,61616,0,61616,2464
MF1354,Peak Paradise,2019,6,0,57254,0,57254,2290
MF1354,Peak Paradise,2019,7,0,65752,0,65752,2630
MF1354,Peak Paradise,2019,8,0,65818,0,65818,2632
MF1354,Peak Paradise,2019,9,0,52852,0,52852,2114
MF1354,Peak Paradise,2019,10,0,59800,0,59800,2392
MF1354,Peak Paradise,2019,11,0,60726.5,0,60726.5,2430
MF1354,Peak Paradise,2019,12,0,63383,0,63383,2595
MF1363,New Nawalakanda,2019,1,0,141634,0,141634,16793
MF1363,New Nawalakanda,2019,2,0,140647,0,140647,16325
MF1363,New Nawalakanda,2019,3,0,201081,0,201081,23465
MF1363,New Nawalakanda,2019,5,0,194174,0,194174,22297
MF1363,New Nawalakanda,2019,6,0,165403.5,0,165403.5,19199
MF1363,New Nawalakanda,2019,7,0,167288,0,167288,19626
MF1363,New Nawalakanda,2019,8,0,155894,0,155894,20237
MF1363,New Nawalakanda,2019,9,0,138934,0,138934,18018
MF1363,New Nawalakanda,2019,10,0,105826,0,105826,13752
MF1363,New Nawalakanda,2019,11,0,106838,0,106838,14020
MF1363,New Nawalakanda,2019,12,0,138266,0,138266,18055
MF1365,Nawagamuwahena,2019,1,0,65192,0,65192,5231
MF1365,Nawagamuwahena,2019,2,0,66607,0,66607,5346
MF1365,Nawagamuwahena,2019,3,0,94023,0,94023,7552
MF1365,Nawagamuwahena,2019,4,0,78206,0,78206,6280
MF1365,Nawagamuwahena,2019,5,0,99617,0,99617,8003
MF1365,Nawagamuwahena,2019,6,0,78462,0,78462,6300
MF1365,Nawagamuwahena,2019,7,0,71531,0,71531,5742
MF1365,Nawagamuwahena,2019,8,0,87659,0,87659,7039
MF1365,Nawagamuwahena,2019,9,0,76124,0,76124,6108
MF1365,Nawagamuwahena,2019,10,0,74696,0,74696,5996
MF1365,Nawagamuwahena,2019,11,0,65626,0,65626,5266
MF1365,Nawagamuwahena,2019,12,0,72180,0,72180,5793
MF1368,New Temple View,2019,2,0,29082,0,29082,2829
MF1368,New Temple View,2019,3,0,40648,0,40648,3953
MF1368,New Temple View,2019,4,0,30472,0,30472,2963
MF1368,New Temple View,2019,5,0,39793,0,39793,3870
MF1368,New Temple View,2019,6,0,28170,0,28170,3369
MF1368,New Temple View,2019,7,0,42804,0,42804,4257
MF1368,New Temple View,2019,8,0,42852,0,42852,3841
MF1368,New Temple View,2019,9,0,44699,0,44699,3258
MF1368,New Temple View,2019,10,0,44036,0,44036,2851
MF1368,New Temple View,2019,11,0,25372,0,25372,1781
MF1368,New Temple View,2019,12,0,32295,0,32295,2515
MF1387,A.C.U.,2019,1,0,36095,0,36095,2641
MF1387,A.C.U.,2019,2,0,40495,0,40495,2963
MF1387,A.C.U.,2019,3,0,60378,0,60378,4418
MF1387,A.C.U.,2019,4,0,34155,0,34155,2499
MF1387,A.C.U.,2019,5,0,41840,0,41840,3062
MF1387,A.C.U.,2019,6,0,39717,0,39717,4704
MF1387,A.C.U.,2019,7,0,45193,0,45193,4594
MF1387,A.C.U.,2019,8,0,51469,0,51469,3631
MF1387,A.C.U.,2019,9,0,47327,0,47327,4294
MF1387,A.C.U.,2019,10,0,55906,0,55906,6970
MF1387,A.C.U.,2019,11,0,43618,0,43618,4796
MF1387,A.C.U.,2019,12,0,42286,0,42286,4328
MF1392,Hidellana,2019,1,0,70337,0,70337,5215
MF1392,Hidellana,2019,2,0,65352,0,65352,4522
MF1392,Hidellana,2019,3,0,95955,0,95955,3618
MF1392,Hidellana,2019,4,0,72017,0,72017,3114
MF1392,Hidellana,2019,5,0,118843,0,118843,6097
MF1392,Hidellana,2019,6,0,98930,0,98930,5758
MF1392,Hidellana,2019,7,0,112005,0,112005,6019
MF1392,Hidellana,2019,8,0,116579,0,116579,5991
MF1392,Hidellana,2019,9,0,92577,0,92577,4770
MF1392,Hidellana,2019,10,0,86647,0,86647,3240
MF1392,Hidellana,2019,11,0,66611,0,66611,4251
MF1392,Hidellana,2019,12,0,93259,0,93259,4808
MF1397,New Ferndale,2019,1,0,34480,0,34480,4735
MF1397,New Ferndale,2019,2,0,36253,0,36253,4928
MF1397,New Ferndale,2019,3,0,61305,0,61305,8441
MF1397,New Ferndale,2019,4,0,75048,0,75048,7516
MF1397,New Ferndale,2019,5,0,56940,0,56940,7822
MF1397,New Ferndale,2019,6,0,36556,0,36556,5046
MF1397,New Ferndale,2019,7,0,30225,0,30225,3631
MF1397,New Ferndale,2019,8,0,43850,0,43850,5979
MF1397,New Ferndale,2019,9,0,44155,0,44155,7172
MF1397,New Ferndale,2019,10,0,32770,0,32770,5314
MF1397,New Ferndale,2019,11,0,29649,0,29649,4040
MF1397,New Ferndale,2019,12,0,26850,0,26850,3654
MF1418,Doralawitiyahena,2019,1,0,30296,0,30296,3809
MF1418,Doralawitiyahena,2019,2,0,35558,0,35558,2458
MF1418,Doralawitiyahena,2019,3,0,46253,0,46253,3685
MF1418,Doralawitiyahena,2019,4,0,35623,0,35623,2841
MF1418,Doralawitiyahena,2019,5,0,49417,0,49417,3815
MF1418,Doralawitiyahena,2019,6,0,42707,0,42707,3483
MF1418,Doralawitiyahena,2019,7,0,43533,0,43533,4240
MF1418,Doralawitiyahena,2019,8,0,43480,0,43480,6225
MF1418,Doralawitiyahena,2019,9,0,39847,0,39847,4225
MF1418,Doralawitiyahena,2019,10,0,31449,0,31449,3852
MF1418,Doralawitiyahena,2019,11,0,31670,0,31670,2633
MF1418,Doralawitiyahena,2019,12,0,33076,0,33076,3000
MF1436,New Wewelkandura,2019,1,0,18733,0,18733,2221
MF1436,New Wewelkandura,2019,2,0,18761,0,18761,2178
MF1436,New Wewelkandura,2019,3,0,22134,0,22134,1858
MF1436,New Wewelkandura,2019,4,0,18576.2,0,18576.2,2272.5
MF1436,New Wewelkandura,2019,5,0,39398,0,39398,5577
MF1436,New Wewelkandura,2019,6,0,27547,0,27547,3864
MF1436,New Wewelkandura,2019,7,0,36240.3,0,36240.3,4965.2
MF1436,New Wewelkandura,2019,8,0,46016.9,0,46016.9,6328.5
MF1436,New Wewelkandura,2019,9,0,51462.3,0,51462.3,4475
MF1436,New Wewelkandura,2019,10,0,44326.3,0,44326.3,4012.1
MF1436,New Wewelkandura,2019,11,0,44489.5,0,44489.5,4400
MF1436,New Wewelkandura,2019,12,0,51280.9,0,51280.9,5071.7
MF1440,Nivithigala,2019,1,0,57497,0,57497,4319
MF1440,Nivithigala,2019,2,0,57079,0,57079,4428
MF1440,Nivithigala,2019,3,0,71010,0,71010,5559
MF1440,Nivithigala,2019,4,0,56429,0,56429,4244
MF1440,Nivithigala,2019,5,0,76376,0,76376,6388
MF1440,Nivithigala,2019,6,0,68716,0,68716,6958
MF1440,Nivithigala,2019,7,0,81296,0,81296,6823
MF1440,Nivithigala,2019,8,0,85175,0,85175,8591
MF1440,Nivithigala,2019,9,0,72213,0,72213,7954
MF1440,Nivithigala,2019,10,0,63994,0,63994,4680
MF1440,Nivithigala,2019,11,0,59704,0,59704,4817
MF1440,Nivithigala,2019,12,0,67803,0,67803,5449
MF1441,Falcon,2019,1,0,95940,0,95940,7221
MF1441,Falcon,2019,2,0,85980,0,85980,6472
MF1441,Falcon,2019,3,0,129375,0,129375,9747
MF1441,Falcon,2019,4,0,95900,0,95900,8317
MF1441,Falcon,2019,5,0,144380,0,144380,12560
MF1441,Falcon,2019,6,0,136754,0,136754,11873
MF1441,Falcon,2019,7,0,147555,0,147555,12840
MF1441,Falcon,2019,8,0,153820,0,153820,13385
MF1441,Falcon,2019,9,0,128720,0,128720,11200
MF1441,Falcon,2019,10,0,119500,0,119500,11820
MF1441,Falcon,2019,12,0,112450,0,112450,9780
MF1442,Veddagala,2019,1,0,79349,0,79349,5932
MF1442,Veddagala,2019,2,0,70103,2300,72403,5279
MF1442,Veddagala,2019,3,0,94811.5,0,94811.5,6968
MF1442,Veddagala,2019,4,14744,82036,0,96780,5275
MF1442,Veddagala,2019,5,0,98037.5,0,98037.5,7233
MF1442,Veddagala,2019,6,0,67550,1380,68930,5521
MF1442,Veddagala,2019,7,0,58544.5,1980,60524.5,4742
MF1442,Veddagala,2019,8,0,53547.5,0,53547.5,4424
MF1442,Veddagala,2019,9,0,39966,0,39966,3426
MF1442,Veddagala,2019,10,0,50280,0,50280,4772
MF1442,Veddagala,2019,11,0,48765.5,0,48765.5,4510
MF1442,Veddagala,2019,12,0,66009,0,66009,6077
MF1453,Kalawana,2019,1,0,28090,0,28090,7387
MF1453,Kalawana,2019,2,0,44609.5,0,44609.5,4878
MF1453,Kalawana,2019,3,0,56746,0,56746,6998
MF1453,Kalawana,2019,4,0,60007,0,60007,5165
MF1453,Kalawana,2019,5,0,91129,0,91129,8593
MF1453,Kalawana,2019,6,0,63705,0,63705,6440
MF1453,Kalawana,2019,7,0,93135,0,93135,8302
MF1453,Kalawana,2019,8,0,95896,0,95896,8054
MF1453,Kalawana,2019,9,0,48141.5,0,48141.5,10701
MF1453,Kalawana,2019,10,0,46587,0,46587,6089
MF1453,Kalawana,2019,11,0,50621,0,50621,7201
MF1453,Kalawana,2019,12,0,62231,0,62231,8446
MF1456,Deerwood,2019,1,0,56791,0,56791,2271
MF1456,Deerwood,2019,2,0,56298,0,56298,2251
MF1456,Deerwood,2019,3,0,101533,0,101533,4062
MF1456,Deerwood,2019,4,0,82771,0,82771,3311
MF1456,Deerwood,2019,5,0,96285,0,96285,3853
MF1456,Deerwood,2019,6,0,82892,0,82892,3319
MF1456,Deerwood,2019,7,0,83426,0,83426,3336
MF1456,Deerwood,2019,8,0,92023,0,92023,3680
MF1456,Deerwood,2019,9,0,74150,0,74150,2966
MF1456,Deerwood,2019,10,0,71597,0,71597,2861
MF1456,Deerwood,2019,11,0,79047,0,79047,3161
MF1456,Deerwood,2019,12,0,85653,0,85653,3426
MF1458,Seron,2019,1,0,21935,0,21935,1642
MF1458,Seron,2019,2,0,22298,0,22298,1676
MF1458,Seron,2019,3,0,27628,0,27628,2073
MF1458,Seron,2019,4,0,24582,0,24582,1917
MF1458,Seron,2019,5,0,31287,0,31287,2379
MF1458,Seron,2019,6,0,24448,0,24448,2126
MF1458,Seron,2019,7,0,12587,0,12587,941
MF1458,Seron,2019,8,0,9377,0,9377,941
MF1458,Seron,2019,9,0,19630,0,19630,1476
MF1458,Seron,2019,10,0,23523,0,23523,2314
MF1458,Seron,2019,11,0,26042,0,26042,2429
MF1458,Seron,2019,12,0,0,0,0,1422
MF1459,New Laksakanda,2019,1,0,74808,0,74808,4170
MF1459,New Laksakanda,2019,2,0,61160,0,61160,3400
MF1459,New Laksakanda,2019,3,0,96242,0,96242,5442
MF1459,New Laksakanda,2019,4,2703,93692,0,96395,5312
MF1459,New Laksakanda,2019,5,0,114409,0,114409,6522
MF1459,New Laksakanda,2019,6,0,108042,0,108042,6124
MF1459,New Laksakanda,2019,7,0,111745,0,111745,6227
MF1459,New Laksakanda,2019,8,0,102606,0,102606,5936
MF1459,New Laksakanda,2019,9,0,76982,0,76982,4587
MF1459,New Laksakanda,2019,10,0,78613,0,78613,4298
MF1459,New Laksakanda,2019,11,0,89696,0,89696,4709
MF1459,New Laksakanda,2019,12,0,98572,0,98572,5161
MF1463,Peekview,2019,1,0,116230,0,116230,10190
MF1463,Peekview,2019,2,0,107884,0,107884,9715
MF1463,Peekview,2019,3,0,128241,420,128661,13865
MF1463,Peekview,2019,4,0,105822,0,105822,10516
MF1463,Peekview,2019,5,0,161868,0,161868,9265
MF1463,Peekview,2019,6,0,105948,0,105948,9790
MF1463,Peekview,2019,7,0,124036,0,124036,11462
MF1463,Peekview,2019,8,0,125234,0,125234,17581
MF1463,Peekview,2019,9,0,104504,0,104504,10557
MF1463,Peekview,2019,10,0,98737,554,99291,7318
MF1463,Peekview,2019,11,0,90489,0,90489,6035
MF1463,Peekview,2019,12,0,94709,0,94709,7810
MF1466,Tea Lanka,2019,1,44761,0,0,44761,2337
MF1466,Tea Lanka,2019,2,0,39887,0,39887,2083
MF1466,Tea Lanka,2019,3,0,56075,0,56075,2923
MF1466,Tea Lanka,2019,4,0,42957,0,42957,2243
MF1466,Tea Lanka,2019,5,0,58925,0,58925,3082
MF1466,Tea Lanka,2019,6,0,46502,0,46502,2428
MF1466,Tea Lanka,2019,7,0,58582,0,58582,3059
MF1466,Tea Lanka,2019,8,0,59932,0,59932,3129
MF1466,Tea Lanka,2019,9,49285,4408,0,53693,2573
MF1466,Tea Lanka,2019,10,0,58198,0,58198,3039
MF1466,Tea Lanka,2019,11,0,44122,0,44122,2304
MF1466,Tea Lanka,2019,12,0,53324,0,53324,2790
MF1467,Daduwangala Watte,2019,1,0,73695,0,73695,3879
MF1467,Daduwangala Watte,2019,2,0,62074,0,62074,3267
MF1467,Daduwangala Watte,2019,3,0,88508,0,88508,4658
MF1467,Daduwangala Watte,2019,4,0,75962,0,75962,3998
MF1467,Daduwangala Watte,2019,5,0,105050,0,105050,5529
MF1467,Daduwangala Watte,2019,6,0,91535,0,91535,4818
MF1467,Daduwangala Watte,2019,7,0,81853,0,81853,4308
MF1467,Daduwangala Watte,2019,8,0,67575,0,67575,3557
MF1467,Daduwangala Watte,2019,9,0,24270,0,24270,1277
MF1467,Daduwangala Watte,2019,10,0,645,0,645,34
MF1467,Daduwangala Watte,2019,11,0,0,0,0,0
MF1467,Daduwangala Watte,2019,12,0,0,0,0,0
MF1470,Karawita,2019,1,0,22499,0,22499,3785
MF1470,Karawita,2019,2,0,29192,0,29192,3177
MF1470,Karawita,2019,3,0,42556,0,42556,5959
MF1470,Karawita,2019,4,0,35957,0,35957,4137
MF1470,Karawita,2019,5,0,57006,0,57006,7444
MF1470,Karawita,2019,6,0,41572,0,41572,6083
MF1470,Karawita,2019,7,0,42685,0,42685,5459
MF1470,Karawita,2019,8,0,34427,0,34427,4876
MF1470,Karawita,2019,9,0,32461,0,32461,3974
MF1470,Karawita,2019,10,0,26605,0,26605,3483
MF1470,Karawita,2019,11,0,21513,0,21513,2723
MF1470,Karawita,2019,12,0,28216,0,28216,2322
MF1478,Sanora,2019,1,0,43428,0,43428,2807
MF1478,Sanora,2019,2,0,41680,0,41680,2695
MF1478,Sanora,2019,3,0,62589,0,62589,4047
MF1478,Sanora,2019,4,0,50662,0,50662,3253
MF1478,Sanora,2019,5,0,63267,0,63267,4722
MF1478,Sanora,2019,6,0,46972,0,46972,3407
MF1478,Sanora,2019,7,0,46726,0,46726,3602
MF1478,Sanora,2019,8,0,44708,0,44708,3489
MF1478,Sanora,2019,9,0,23099,0,23099,1672
MF1478,Sanora,2019,10,0,24889,0,24889,1842
MF1478,Sanora,2019,11,0,21350,0,21350,1680
MF1478,Sanora,2019,12,0,35384,0,35384,2206
MF1480,New Hopewell,2019,1,0,187068,0,187068,5736
MF1480,New Hopewell,2019,1,0,40595,0,40595,0
MF1480,New Hopewell,2019,2,0,169420,0,169420,5110
MF1480,New Hopewell,2019,2,0,41759,0,41759,0
MF1480,New Hopewell,2019,3,0,206913,0,206913,5655
MF1480,New Hopewell,2019,3,0,64966,0,64966,0
MF1480,New Hopewell,2019,4,0,191966,0,191966,0
MF1480,New Hopewell,2019,4,0,48260,0,48260,5200
MF1480,New Hopewell,2019,5,0,218458,0,218458,0
MF1480,New Hopewell,2019,5,0,53976,0,53976,5666
MF1480,New Hopewell,2019,6,0,192801,0,192801,5350
MF1480,New Hopewell,2019,6,0,63315,0,63315,0
MF1480,New Hopewell,2019,7,0,170384,0,170384,4878
MF1480,New Hopewell,2019,7,0,51490,0,51490,0
MF1480,New Hopewell,2019,8,0,180774,0,180774,9826
MF1480,New Hopewell,2019,8,0,40308,0,40308,9826
MF1480,New Hopewell,2019,9,0,143356,0,143356,5771
MF1480,New Hopewell,2019,9,0,49015,0,49015,0
MF1480,New Hopewell,2019,10,0,115991,0,115991,0
MF1480,New Hopewell,2019,10,0,72803,0,72803,5381
MF1480,New Hopewell,2019,11,0,99239,0,99239,2700
MF1480,New Hopewell,2019,11,0,25917,0,25917,0
MF1480,New Hopewell,2019,12,0,124541,0,124541,3490
MF1480,New Hopewell,2019,12,0,36904,0,36904,0
MF1483,Galaxy ,2019,1,0,40115,960,41075,3010
MF1483,Galaxy ,2019,2,0,42642,0,42642,3079
MF1483,Galaxy ,2019,3,0,46130,2480,48610,3585
MF1483,Galaxy ,2019,4,0,34453,0,34453,2590
MF1483,Galaxy ,2019,5,0,58809,0,58809,4383
MF1483,Galaxy ,2019,6,0,44084,0,44084,3304
MF1483,Galaxy ,2019,7,0,57479,0,57479,4435
MF1483,Galaxy ,2019,8,0,65010,0,65010,4822
MF1483,Galaxy ,2019,9,0,50691,0,50691,3979
MF1483,Galaxy ,2019,10,0,57578,0,57578,4200
MF1483,Galaxy ,2019,11,0,46185,0,46185,3602
MF1483,Galaxy ,2019,12,0,54697,0,54697,4154
MF1487,Adams View,2019,1,0,58835,0,58835,1818
MF1487,Adams View,2019,2,0,58019,0,58019,1794
MF1487,Adams View,2019,3,0,78505,0,78505,2448
MF1487,Adams View,2019,4,0,63323,0,63323,1959
MF1487,Adams View,2019,5,0,82419,0,82419,2579
MF1487,Adams View,2019,6,0,74139,0,74139,2291
MF1487,Adams View,2019,7,0,76000,0,76000,2344
MF1487,Adams View,2019,8,0,83413,0,83413,2583
MF1487,Adams View,2019,9,0,66832,0,66832,2067
MF1487,Adams View,2019,10,0,60538,0,60538,1873
MF1487,Adams View,2019,11,0,59240,0,59240,1826
MF1487,Adams View,2019,12,0,63097,0,63097,1950
MF1488,Kukuleganga,2019,1,0,7690,0,7690,494
MF1488,Kukuleganga,2019,2,0,9707,0,9707,620
MF1488,Kukuleganga,2019,3,0,12723,0,12723,3864
MF1488,Kukuleganga,2019,4,0,4211,0,4211,362
MF1489,BLUE MOUNT,2019,1,0,88524,0,88524,9410
MF1489,BLUE MOUNT,2019,2,0,85180,0,85180,8843
MF1489,BLUE MOUNT,2019,3,0,130268,0,130268,12141
MF1489,BLUE MOUNT,2019,4,0,121912,0,121912,10231
MF1489,BLUE MOUNT,2019,5,0,127185,0,127185,10697
MF1489,BLUE MOUNT,2019,6,0,55591,0,55591,4743
MF1489,BLUE MOUNT,2019,7,0,0,0,0,0
MF1489,BLUE MOUNT,2019,8,0,73688,0,73688,6550
MF1489,BLUE MOUNT,2019,9,0,73131,0,73131,6503
MF1489,BLUE MOUNT,2019,10,0,56754,0,56754,5154
MF1489,BLUE MOUNT,2019,11,0,41037,0,41037,3168
MF1489,BLUE MOUNT,2019,12,0,47314,0,47314,3952
MF1491,New Doralavitiyahena,2019,1,0,12173,0,12173,0
MF1491,New Doralavitiyahena,2019,2,0,42875,0,42875,0
MF1491,New Doralavitiyahena,2019,2,0,5412,0,5412,3957
MF1491,New Doralavitiyahena,2019,3,0,46826,0,46826,0
MF1491,New Doralavitiyahena,2019,3,0,18553,0,18553,4583
MF1491,New Doralavitiyahena,2019,4,0,47868,0,47868,0
MF1491,New Doralavitiyahena,2019,4,0,10857,0,10857,4049
MF1491,New Doralavitiyahena,2019,5,0,68933,0,68933,6015
MF1491,New Doralavitiyahena,2019,5,0,11436,0,11436,0
MF1491,New Doralavitiyahena,2019,6,0,53806,0,53806,4513
MF1491,New Doralavitiyahena,2019,6,0,6404,0,6404,0
MF1491,New Doralavitiyahena,2019,7,0,64970,0,64970,5661
MF1491,New Doralavitiyahena,2019,7,0,17659,0,17659,0
MF1491,New Doralavitiyahena,2019,8,0,68790,0,68790,0
MF1491,New Doralavitiyahena,2019,8,0,22215,0,22215,6127
MF1491,New Doralavitiyahena,2019,9,0,57064,0,57064,0
MF1491,New Doralavitiyahena,2019,9,0,23010,0,23010,4046
MF1491,New Doralavitiyahena,2019,10,0,45331,0,45331,0
MF1491,New Doralavitiyahena,2019,10,0,24252,0,24252,5816
MF1491,New Doralavitiyahena,2019,11,0,39416,0,39416,0
MF1491,New Doralavitiyahena,2019,11,0,19887,0,19887,4082
MF1491,New Doralavitiyahena,2019,12,0,50670,0,50670,4170
MF1491,New Doralavitiyahena,2019,12,0,21443,0,21443,0
MF1495,Nilvin View,2019,1,0,80448,0,80448,3218
MF1495,Nilvin View,2019,2,0,84714,0,84714,3383
MF1495,Nilvin View,2019,3,0,98270,0,98270,3931
MF1495,Nilvin View,2019,4,0,78288,0,78288,3132
MF1495,Nilvin View,2019,5,0,107221,0,107221,4289
MF1495,Nilvin View,2019,6,0,93192,0,93192,3728
MF1495,Nilvin View,2019,7,0,96140,0,96140,3846
MF1495,Nilvin View,2019,8,0,101196,0,101196,4048
MF1495,Nilvin View,2019,9,0,88251,0,88251,3530
MF1495,Nilvin View,2019,10,0,103989,0,103989,4160
MF1495,Nilvin View,2019,11,0,72624,0,72624,2905
MF1495,Nilvin View,2019,12,0,99923,0,99923,3997
MF1496,CO-OP TEA,2019,1,27247,0,0,27247,3013
MF1496,CO-OP TEA,2019,2,25681,0,0,25681,2841
MF1496,CO-OP TEA,2019,3,36373,0,0,36373,4027
MF1496,CO-OP TEA,2019,4,34025,0,0,34025,3767
MF1496,CO-OP TEA,2019,5,41915,0,0,41915,4643
MF1496,CO-OP TEA,2019,6,34200,0,0,34200,3785
MF1496,CO-OP TEA,2019,7,28399,0,0,28399,3142
MF1496,CO-OP TEA,2019,8,37306,0,0,37306,4131
MF1496,CO-OP TEA,2019,9,29865,0,0,29865,3306
MF1496,CO-OP TEA,2019,10,28801,0,0,28801,3185
MF1496,CO-OP TEA,2019,11,24969,0,0,24969,2763
MF1496,CO-OP TEA,2019,12,32676,0,0,32676,3618
MF1515,Geekiyanahena ,2019,1,0,77100,0,77100,7124
MF1515,Geekiyanahena ,2019,2,0,77985,0,77985,7214
MF1515,Geekiyanahena ,2019,3,0,110322,0,110322,10207
MF1515,Geekiyanahena ,2019,4,0,90974,0,90974,8416
MF1515,Geekiyanahena ,2019,5,0,108132,0,108132,10006
MF1515,Geekiyanahena ,2019,6,0,81630,0,81630,7547
MF1515,Geekiyanahena ,2019,7,0,90085,0,90085,8719
MF1515,Geekiyanahena ,2019,8,0,90043,0,90043,8326
MF1515,Geekiyanahena ,2019,9,0,76185,0,76185,7045
MF1515,Geekiyanahena ,2019,10,0,76399,0,76399,7062
MF1515,Geekiyanahena ,2019,11,0,64437,0,64437,5953
MF1515,Geekiyanahena ,2019,12,0,75218,0,75218,6954
MF1519,Parakaduwa,2019,1,0,77225,0,77225,4065
MF1519,Parakaduwa,2019,2,0,67970,0,67970,3577
MF1519,Parakaduwa,2019,3,0,108596,0,108596,5716
MF1519,Parakaduwa,2019,4,0,77984,0,77984,4104
MF1519,Parakaduwa,2019,5,0,129300,0,129300,6489
MF1519,Parakaduwa,2019,6,0,105643,0,105643,5560
MF1519,Parakaduwa,2019,7,0,96725,0,96725,5090
MF1519,Parakaduwa,2019,8,0,88932,0,88932,4680
MF1519,Parakaduwa,2019,9,0,40464,0,40464,2130
MF1519,Parakaduwa,2019,10,0,20510,0,20510,1080
MF1519,Parakaduwa,2019,11,0,11961,0,11961,630
MF1519,Parakaduwa,2019,12,0,15018,0,15018,790
MF1528,MISA,2019,1,0,123641,0,123641,9290
MF1528,MISA,2019,2,0,121362,0,121362,9122
MF1528,MISA,2019,3,0,188625,0,188625,14187
MF1528,MISA,2019,4,0,138034,0,138034,10313
MF1528,MISA,2019,5,0,190121,0,190121,14296
MF1528,MISA,2019,6,0,133311,0,133311,10021
MF1528,MISA,2019,7,0,39487,0,39487,2968
MF1528,MISA,2019,8,0,22557,0,22557,1695
MF1528,MISA,2019,9,0,80355,0,80355,5718
MF1528,MISA,2019,10,0,84897,0,84897,6034
MF1528,MISA,2019,11,0,93827,0,93827,6822
MF1528,MISA,2019,12,0,108004,0,108004,7417
MF1531,Kolonne Panapitiya,2019,1,0,86068,0,86068,11724
MF1531,Kolonne Panapitiya,2019,2,0,67810,0,67810,9233
MF1531,Kolonne Panapitiya,2019,3,0,129248,0,129248,17607
MF1531,Kolonne Panapitiya,2019,4,0,81854,0,81854,11098
MF1531,Kolonne Panapitiya,2019,5,0,143333,0,143333,19529
MF1531,Kolonne Panapitiya,2019,6,0,117396,0,117396,15993
MF1531,Kolonne Panapitiya,2019,7,0,112371,0,112371,15308
MF1531,Kolonne Panapitiya,2019,8,0,108884,0,108884,14835
MF1531,Kolonne Panapitiya,2019,9,0,110321,0,110321,15030
MF1531,Kolonne Panapitiya,2019,10,0,104094,0,104094,14180
MF1531,Kolonne Panapitiya,2019,11,0,101571,0,101571,13838
MF1531,Kolonne Panapitiya,2019,12,0,104230,0,104230,14196
MF1550,PARADISE,2019,1,0,0,0,0,0
MF1550,PARADISE,2019,2,3,0,0,3,0
MF1550,PARADISE,2019,3,218,0,0,218,1.95
MF1550,PARADISE,2019,4,106,0,0,106,0.75
MF1550,PARADISE,2019,5,95.9,0,0,95.9,1.5
MF1550,PARADISE,2019,6,235.1,0,0,235.1,10.75
MF1550,PARADISE,2019,7,162.5,0,0,162.5,7.7
MF1550,PARADISE,2019,8,109.1,0,0,109.1,4.1
MF1550,PARADISE,2019,9,134.6,0,0,134.6,5.2
MF1550,PARADISE,2019,10,360.1,0,0,360.1,12.9
MF1550,PARADISE,2019,11,426.45,0,0,426.45,15.2
MF1550,PARADISE,2019,12,544.8,0,0,544.8,18.5
MF1551,Galahitiya,2019,1,0,54749,0,54749,3494
MF1551,Galahitiya,2019,2,0,46553,0,46553,4064
MF1551,Galahitiya,2019,3,0,78183,0,78183,5519
MF1551,Galahitiya,2019,4,0,58909.5,0,58909.5,3623
MF1551,Galahitiya,2019,6,0,43357,0,43357,2767
MF1551,Galahitiya,2019,7,0,65553,0,65553,5712
MF1551,Galahitiya,2019,8,0,73419,0,73419,6387
MF1551,Galahitiya,2019,9,0,76096,0,76096,4793
MF1551,Galahitiya,2019,10,0,77791,0,77791,5018
MF1551,Galahitiya,2019,11,0,89801,0,89801,6003
MF1551,Galahitiya,2019,12,0,89274,0,89274,5854
MF1552,Sisiramba ,2019,12,0,8371,0,8371,605
MF1553,New Spring View,2019,1,0,71218,0,71218,4273
MF1553,New Spring View,2019,2,0,55059,0,55059,4896
MF1553,New Spring View,2019,3,0,92758,0,92758,5565
MF1553,New Spring View,2019,4,0,69206,0,69206,4152
MF1553,New Spring View,2019,5,0,93059,0,93059,5583
MF1553,New Spring View,2019,6,0,80583,0,80583,4834
MF1553,New Spring View,2019,7,0,82778,0,82778,4987
MF1553,New Spring View,2019,8,0,81920,0,81920,5242
MF1553,New Spring View,2019,9,0,71855,0,71855,4311
MF1553,New Spring View,2019,10,0,77745,0,77745,4664
MF1553,New Spring View,2019,11,0,79837,0,79837,4790
MF1553,New Spring View,2019,12,0,61352,0,61352,3681
MF1554,Daduwangala CTC,2019,1,0,42021,0,42021,2682
MF1554,Daduwangala CTC,2019,2,0,36047,0,36047,2300
MF1554,Daduwangala CTC,2019,3,0,68188,0,68188,4352
MF1554,Daduwangala CTC,2019,4,0,49797,0,49797,3178
MF1554,Daduwangala CTC,2019,5,0,72643,0,72643,4637
MF1554,Daduwangala CTC,2019,6,0,57443,0,57443,3666
MF1554,Daduwangala CTC,2019,7,0,53794,0,53794,3434
MF1554,Daduwangala CTC,2019,8,0,17889,0,17889,1141
MF1554,Daduwangala CTC,2019,10,0,0,0,0,0
MF1554,Daduwangala CTC,2019,11,0,0,0,0,0
MF1554,Daduwangala CTC,2019,12,0,0,0,0,0
MF1567,Chamwin Speciality Tea Processing Centre,2019,1,28,0,0,28,2
MF1567,Chamwin Speciality Tea Processing Centre,2019,2,36,0,0,36,3
MF1567,Chamwin Speciality Tea Processing Centre,2019,3,24,0,0,24,2
MF1567,Chamwin Speciality Tea Processing Centre,2019,4,31,0,0,31,3
MF1567,Chamwin Speciality Tea Processing Centre,2019,5,29,0,0,29,2
MF1567,Chamwin Speciality Tea Processing Centre,2019,6,36,0,0,36,3
MF1567,Chamwin Speciality Tea Processing Centre,2019,7,28,0,0,28,3
MF1567,Chamwin Speciality Tea Processing Centre,2019,8,31,0,0,31,3
MF1567,Chamwin Speciality Tea Processing Centre,2019,9,26,0,0,26,2
MF1567,Chamwin Speciality Tea Processing Centre,2019,10,31,0,0,31,3
MF1567,Chamwin Speciality Tea Processing Centre,2019,11,26,0,0,26,2
MF1567,Chamwin Speciality Tea Processing Centre,2019,12,38,0,0,38,3
MF1571,Kamarangapitiya,2019,1,0,55933,0,55933,2418
MF1571,Kamarangapitiya,2019,2,0,62695,0,62695,2633
MF1571,Kamarangapitiya,2019,3,0,85866,0,85866,3934
MF1571,Kamarangapitiya,2019,4,0,91208,0,91208,3794
MF1571,Kamarangapitiya,2019,5,0,104555,0,104555,4616
MF1571,Kamarangapitiya,2019,6,0,83119,0,83119,3663
MF1571,Kamarangapitiya,2019,7,0,68976,0,68976,3320
MF1571,Kamarangapitiya,2019,8,0,90676,0,90676,4142
MF1571,Kamarangapitiya,2019,9,0,72481,0,72481,3513
MF1571,Kamarangapitiya,2019,10,0,72497,0,72497,3826
MF1571,Kamarangapitiya,2019,11,0,51613,0,51613,2785
MF1571,Kamarangapitiya,2019,12,0,68680,0,68680,3571
MF1575,Elapatha,2019,1,0,13192,0,13192,548
MF1575,Elapatha,2019,2,0,17906,0,17906,742
MF1575,Elapatha,2019,3,0,36016,0,36016,1487
MF1575,Elapatha,2019,4,0,29531,0,29531,1230
MF1575,Elapatha,2019,5,0,27261,0,27261,1123
MF1575,Elapatha,2019,6,0,18557,0,18557,589
MF1575,Elapatha,2019,9,0,10112,0,10112,420
MF1575,Elapatha,2019,10,0,20325,0,20325,840
MF1575,Elapatha,2019,11,0,13843,0,13843,573
MF1575,Elapatha,2019,12,0,14116,0,14116,589
MF1579,Deraniyagala Tea Shakthi,2019,1,0,13232.25,0,13232.25,1148
MF1579,Deraniyagala Tea Shakthi,2019,2,0,11306,0,11306,981
MF1579,Deraniyagala Tea Shakthi,2019,3,0,20178,0,20178,1754
MF1579,Deraniyagala Tea Shakthi,2019,4,0,17316,0,17316,1506
MF1579,Deraniyagala Tea Shakthi,2019,5,0,32837,0,32837,2858
MF1579,Deraniyagala Tea Shakthi,2019,6,0,29927,0,29927,2599
MF1579,Deraniyagala Tea Shakthi,2019,7,0,38510,0,38510,3346
MF1579,Deraniyagala Tea Shakthi,2019,8,0,29487,0,29487,2563
MF1579,Deraniyagala Tea Shakthi,2019,9,0,22753,0,22753,1987
MF1579,Deraniyagala Tea Shakthi,2019,10,0,16954,0,16954,1471
MF1579,Deraniyagala Tea Shakthi,2019,11,0,16453,0,16453,1431
MF1579,Deraniyagala Tea Shakthi,2019,12,0,18270,0,18270,1586
MF1580,Kolonne Kithulgala,2019,1,0,33409.2,0,33409.2,4555.8
MF1580,Kolonne Kithulgala,2019,2,0,26706.24,0,26706.24,3641.76
MF1580,Kolonne Kithulgala,2019,3,51002.16,0,0,51002.16,6954.84
MF1580,Kolonne Kithulgala,2019,4,0,35650.56,0,35650.56,4861.44
MF1580,Kolonne Kithulgala,2019,5,0,79276.56,0,79276.56,10810.44
MF1580,Kolonne Kithulgala,2019,6,0,60589.76,0,60589.76,8262.24
MF1580,Kolonne Kithulgala,2019,7,0,48217.84,0,48217.84,6575.16
MF1580,Kolonne Kithulgala,2019,8,0,35185.92,0,35185.92,4798.8
MF1580,Kolonne Kithulgala,2019,9,0,33399,0,33399,3711
MF1580,Kolonne Kithulgala,2019,10,0,41489,0,41489,3607.76
MF1580,Kolonne Kithulgala,2019,11,0,38838.72,0,38838.72,3377.28
MF1580,Kolonne Kithulgala,2019,12,0,38954.54,0,38954.54,2486.46
MF1591,Ethoya Waththa,2019,1,18173,24301,0,42474,3695
MF1591,Ethoya Waththa,2019,2,17204,24049,0,41253,3588
MF1591,Ethoya Waththa,2019,3,21489,34973,0,56462,4902
MF1591,Ethoya Waththa,2019,4,17221,29961,0,47182,4090
MF1591,Ethoya Waththa,2019,5,23578,40153,0,63731,6288
MF1591,Ethoya Waththa,2019,6,21263,34514,0,55777,4850
MF1591,Ethoya Waththa,2019,7,21609,35461,0,57070,4962
MF1591,Ethoya Waththa,2019,8,28384,45848,0,74232,6454
MF1591,Ethoya Waththa,2019,9,18773,38242,0,57015,4957
MF1591,Ethoya Waththa,2019,10,22601,33383,0,55984,4868
MF1591,Ethoya Waththa,2019,11,21705,33451,0,55156,4796
MF1591,Ethoya Waththa,2019,12,15344,32836,0,48180,4189
MF1592,Super Leaf ,2019,2,13325,0,0,13325,1431
MF1592,Super Leaf ,2019,3,20618,0,0,20618,2054
MF1592,Super Leaf ,2019,4,17059,0,0,17059,1671
MF1592,Super Leaf ,2019,6,22526,0,0,22526,2111
MF1592,Super Leaf ,2019,7,16589,0,0,16589,1325
MF1592,Super Leaf ,2019,8,15995,0,0,15995,1179
MF1592,Super Leaf ,2019,9,13793,0,0,13793,1193
MF1592,Super Leaf ,2019,10,5758,0,0,5758,506
MF1592,Super Leaf ,2019,11,1730,0,0,1730,139
MF1592,Super Leaf ,2019,12,2334,0,0,2334,207
RT0507,JAYA LAND,2019,1,0,13410,0,13410,57000
RT0507,JAYA LAND,2019,2,0,13340,0,13340,22000
RT0507,JAYA LAND,2019,3,0,15010,0,15010,50000
RT0507,JAYA LAND,2019,4,0,2230,0,2230,51000
RT0507,JAYA LAND,2019,5,0,16810,0,16810,22000
RT0507,JAYA LAND,2019,6,0,8740,0,8740,65000
RT0507,JAYA LAND,2019,7,0,18010,0,18010,53000
RT0507,JAYA LAND,2019,8,0,14410,0,14410,52000
RT0507,JAYA LAND,2019,9,0,2960,0,2960,40000
RT0507,JAYA LAND,2019,10,0,4220,0,4220,51000
RT0507,JAYA LAND,2019,11,0,4470,0,4470,52000
RT0507,JAYA LAND,2019,12,0,6050,0,6050,30000
BF0143,Templevally,2018,1,0,27125,0,27125,3006
BF0143,Templevally,2018,2,0,21163,0,21163,2453
BF0143,Templevally,2018,3,0,29559,0,29559,4314
BF0143,Templevally,2018,4,0,24949,0,24949,3161
BF0143,Templevally,2018,5,0,33715,0,33715,4093
BF0143,Templevally,2018,6,0,19836,0,19836,2933
BF0143,Templevally,2018,7,0,25537,0,25537,3000
BF0143,Templevally,2018,8,0,19127,0,19127,2684
BF0143,Templevally,2018,9,0,18427,0,18427,2789
BF0143,Templevally,2018,10,0,4341,0,4341,0
BF0143,Templevally,2018,11,0,8773,0,8773,759
BF0143,Templevally,2018,12,0,12077,0,12077,1038
BF0150,Sherwood ,2018,1,0,56366,0,56366,7722
BF0150,Sherwood ,2018,2,0,57637,0,57637,7895
BF0150,Sherwood ,2018,3,0,65628,0,65628,8953
BF0150,Sherwood ,2018,4,0,73856,0,73856,10095
BF0150,Sherwood ,2018,5,0,73135,0,73135,10010
BF0150,Sherwood ,2018,6,0,47672,0,47672,6534
BF0150,Sherwood ,2018,7,0,67188,0,67188,9202
BF0150,Sherwood ,2018,8,0,40473,0,40473,5528
BF0150,Sherwood ,2018,9,0,40989,0,40989,5601
BF0150,Sherwood ,2018,10,0,52947,0,52947,7258
BF0150,Sherwood ,2018,11,0,67234,0,67234,9247
BF0150,Sherwood ,2018,12,0,65123,0,65123,8920
BF0155,GANGALAGAMUWA,2018,1,0,59072,0,59072,3513
BF0155,GANGALAGAMUWA,2018,2,0,43061,0,43061,2576
BF0155,GANGALAGAMUWA,2018,3,0,79363,0,79363,4863
BF0155,GANGALAGAMUWA,2018,4,0,58100,0,58100,3555
BF0155,GANGALAGAMUWA,2018,5,0,70072,0,70072,6093
BF0155,GANGALAGAMUWA,2018,6,0,41498,0,41498,2649
BF0155,GANGALAGAMUWA,2018,7,0,60877,0,60877,3885
BF0155,GANGALAGAMUWA,2018,8,0,42653,0,42653,2723
BF0155,GANGALAGAMUWA,2018,9,0,42780,0,42780,2731
BF0155,GANGALAGAMUWA,2018,10,0,47511,0,47511,3033
BF0155,GANGALAGAMUWA,2018,11,0,45845,0,45845,2668
BF0155,GANGALAGAMUWA,2018,12,0,63727,0,63727,3709
BF0163,Delgoda ,2018,3,0,23249,114,23363,2562
BF0163,Delgoda ,2018,4,0,21496,739,22235,1720
BF0163,Delgoda ,2018,5,0,38486,4147,42633,3775
BF0163,Delgoda ,2018,6,4753,26471,5098,36322,3983
BF0163,Delgoda ,2018,7,0,39778,2020,41798,5158
BF0163,Delgoda ,2018,8,0,37086,0,37086,7209
BF0163,Delgoda ,2018,9,0,43936,0,43936,5186
BF0163,Delgoda ,2018,10,0,51461,0,51461,5481
BF0163,Delgoda ,2018,11,0,35196,956,36152,5606
BF0163,Delgoda ,2018,12,0,46574,11033,57607,6213
HT0002,ECO,2018,1,93340,0,0,93340,5
HT0002,ECO,2018,2,137330,0,0,137330,7
HT0002,ECO,2018,4,123,0,0,123,5
HT0002,ECO,2018,5,159,0,0,159,6
HT0002,ECO,2018,6,164,0,0,164,4
HT0002,ECO,2018,7,171,0,0,171,6
HT0002,ECO,2018,8,209,0,0,209,4
HT0002,ECO,2018,9,364,0,0,364,2
HT0002,ECO,2018,10,403,0,0,403,3
HT0002,ECO,2018,11,205,0,0,205,2
HT0002,ECO,2018,12,281,0,0,281,3
MF0030,Noragalla ,2018,1,0,0,0,0,0
MF0030,Noragalla ,2018,3,0,0,0,0,0
MF0030,Noragalla ,2018,5,0,0,0,0,0
MF0030,Noragalla ,2018,6,0,0,0,0,0
MF0030,Noragalla ,2018,7,0,0,0,0,0
MF0030,Noragalla ,2018,8,0,0,0,0,0
MF0030,Noragalla ,2018,9,0,0,0,0,0
MF0030,Noragalla ,2018,10,0,0,0,0,0
MF0083,Rilhena ,2018,1,21,41835.5,0,41856.5,3730
MF0083,Rilhena ,2018,2,0,31734,0,31734,4705
MF0083,Rilhena ,2018,3,0,43764,0,43764,4045
MF0083,Rilhena ,2018,4,0,42690,0,42690,4247
MF0083,Rilhena ,2018,5,0,53162,0,53162,7295
MF0083,Rilhena ,2018,6,0,31715.5,0,31715.5,3363
MF0083,Rilhena ,2018,7,0,31086.5,0,31086.5,4591
MF0083,Rilhena ,2018,8,1624,25420,0,27044,3203
MF0083,Rilhena ,2018,9,0,24559,0,24559,3231
MF0083,Rilhena ,2018,10,0,46312.5,0,46312.5,4273
MF0083,Rilhena ,2018,11,0,39536,0,39536,6018
MF0083,Rilhena ,2018,12,938,35922,0,36860,4522
MF0085,Noori ,2018,1,566,56481,0,57047,2972
MF0085,Noori ,2018,2,535,44777,0,45312,2279
MF0085,Noori ,2018,3,695,70707,0,71402,3558
MF0085,Noori ,2018,4,757,40449,0,41206,2161
MF0085,Noori ,2018,5,888,55321,0,56209,2801
MF0085,Noori ,2018,6,713,35685,0,36398,1743
MF0085,Noori ,2018,7,797,46903,0,47700,2439
MF0085,Noori ,2018,8,515,33744,0,34259,1737
MF0085,Noori ,2018,9,562,34661,0,35223,1877
MF0085,Noori ,2018,10,638,31006,0,31644,1577
MF0085,Noori ,2018,11,589,37413,0,38002,1937
MF0085,Noori ,2018,12,534,38061,0,38595,2184
MF0103,Opatha ,2018,1,8207,11809,10866,30882,3223
MF0103,Opatha ,2018,2,6076,8755,7435,22266,2362
MF0103,Opatha ,2018,3,7897,11808,10316,30021,3015
MF0103,Opatha ,2018,4,6889,9796,8722,25407,2512
MF0103,Opatha ,2018,5,8155,12661,9131,29947,2818
MF0103,Opatha ,2018,6,7266,6246,7592,21104,1950
MF0103,Opatha ,2018,7,7442,7126,8138,22706,2100
MF0103,Opatha ,2018,8,6514,16285,0,22799,2592
MF0103,Opatha ,2018,9,5082,19545,0,24627,2967
MF0103,Opatha ,2018,10,9206,30610,0,39816,5253
MF0103,Opatha ,2018,11,6425,25405,701,32531,3760
MF0103,Opatha ,2018,12,8266,10889,3291,22446,2744
MF0104,Wellandura ,2018,1,0,28022,0,28022,4485
MF0104,Wellandura ,2018,2,0,15830,0,15830,3919
MF0104,Wellandura ,2018,3,0,25163.5,0,25163.5,2918
MF0104,Wellandura ,2018,4,0,24660.5,0,24660.5,2000
MF0104,Wellandura ,2018,5,0,38438,0,38438,3712
MF0104,Wellandura ,2018,6,0,24854,0,24854,4736
MF0104,Wellandura ,2018,7,0,27366,0,27366,2680
MF0104,Wellandura ,2018,8,0,11060,0,11060,1571
MF0104,Wellandura ,2018,9,0,12233,0,12233,2125
MF0104,Wellandura ,2018,10,0,16479,0,16479,2860
MF0104,Wellandura ,2018,11,0,15697.5,0,15697.5,1770
MF0104,Wellandura ,2018,12,0,12132,0,12132,2336
MF0106,Mahawale ,2018,1,0,0,9230,9230,16636
MF0106,Mahawale ,2018,2,5808,0,0,5808,22609.5
MF0106,Mahawale ,2018,3,8113,0,0,8113,45247
MF0106,Mahawale ,2018,4,0,0,7450,7450,7954
MF0106,Mahawale ,2018,5,0,0,10597,10597,61369
MF0106,Mahawale ,2018,6,0,0,6375,6375,53534
MF0106,Mahawale ,2018,7,0,14440,0,14440,48286
MF0106,Mahawale ,2018,8,0,11772,0,11772,44722
MF0106,Mahawale ,2018,9,0,0,10852,10852,28309
MF0106,Mahawale ,2018,10,0,0,12332,12332,26727
MF0106,Mahawale ,2018,11,0,0,14183,14183,29544
MF0106,Mahawale ,2018,12,0,0,8232.5,8232.5,20245
MF0107,Nilagama ,2018,1,6847,2367,25150,34364,4284
MF0107,Nilagama ,2018,2,5217,3341,19156,27714,3424
MF0107,Nilagama ,2018,3,6632,7379,23656,37667,5082
MF0107,Nilagama ,2018,4,6565,2875,25802,35242,4582
MF0107,Nilagama ,2018,5,8133,2342.5,0,10475.5,5105
MF0107,Nilagama ,2018,6,6643,2095,20654,29392,2848
MF0107,Nilagama ,2018,7,6722,1850,23400,31972,3891
MF0107,Nilagama ,2018,8,6385,66.5,26844,33295.5,4208
MF0107,Nilagama ,2018,9,3215,0,18214,21429,2766
MF0107,Nilagama ,2018,10,8335,0,32236,40571,4062
MF0107,Nilagama ,2018,11,5066,0,26464,31530,3773
MF0107,Nilagama ,2018,12,6440,0,22064.5,28504.5,5799
MF0108,Poronuwa,2018,1,3515,0,0,3515,15772
MF0108,Poronuwa,2018,2,5125,0,0,5125,25669
MF0108,Poronuwa,2018,3,7046,0,0,7046,28415
MF0108,Poronuwa,2018,4,5761,0,0,5761,25038
MF0108,Poronuwa,2018,5,8113,0,0,8113,35014
MF0108,Poronuwa,2018,6,10233,0,0,10233,46308
MF0108,Poronuwa,2018,7,15066,0,0,15066,68275
MF0108,Poronuwa,2018,8,18636,0,0,18636,82912
MF0108,Poronuwa,2018,9,1703,0,0,1703,24309
MF0108,Poronuwa,2018,10,0,0,0,0,0
MF0168,ENDANE,2018,1,25811,13589,0,39400,4815
MF0168,ENDANE,2018,2,15347,6975,0,22322,2273
MF0168,ENDANE,2018,3,25200,1907,0,27107,3472
MF0168,ENDANE,2018,4,24856,5343,0,30199,3488
MF0168,ENDANE,2018,5,26212,0,7931,34143,4441
MF0168,ENDANE,2018,6,18531,0,5183,23714,4468
MF0168,ENDANE,2018,7,20768,0,5426.5,26194.5,3122
MF0168,ENDANE,2018,8,19041,0,11337,30378,3079
MF0168,ENDANE,2018,9,19105,0,11988,31093,3235
MF0168,ENDANE,2018,10,28770,0,21810,50580,5859
MF0168,ENDANE,2018,11,22933,0,14550,37483,4097
MF0168,ENDANE,2018,12,23231,0,8997,32228,5648
MF0181,Ceciliyan ,2018,1,2878,123374,0,126252,0
MF0181,Ceciliyan ,2018,1,0,177544,0,177544,10633
MF0181,Ceciliyan ,2018,2,2072,81566,0,83638,0
MF0181,Ceciliyan ,2018,2,0,144068,0,144068,7969
MF0181,Ceciliyan ,2018,3,3456,107900,0,111356,0
MF0181,Ceciliyan ,2018,3,0,251443,0,251443,12709
MF0181,Ceciliyan ,2018,4,3337,106861,0,110198,0
MF0181,Ceciliyan ,2018,4,0,160289,0,160289,9467
MF0181,Ceciliyan ,2018,5,3611,147512,0,151123,11633
MF0181,Ceciliyan ,2018,5,0,195542,0,195542,11633
MF0181,Ceciliyan ,2018,6,3685,86505,0,90190,8690
MF0181,Ceciliyan ,2018,6,0,158099,0,158099,8690
MF0181,Ceciliyan ,2018,7,3849,103983,0,107832,10533
MF0181,Ceciliyan ,2018,7,0,193106,0,193106,10533
MF0181,Ceciliyan ,2018,8,3008,91702,0,94710,9276
MF0181,Ceciliyan ,2018,8,0,170307,0,170307,9276
MF0181,Ceciliyan ,2018,9,2096,83250,0,85346,0
MF0181,Ceciliyan ,2018,9,0,154604,0,154604,8398
MF0181,Ceciliyan ,2018,10,4117,121484,0,125601,12292
MF0181,Ceciliyan ,2018,10,0,225609,0,225609,12292
MF0181,Ceciliyan ,2018,11,3460,122828,0,126288,0
MF0181,Ceciliyan ,2018,11,0,184248,0,184248,10868
MF0181,Ceciliyan ,2018,12,4170,145490,0,149660,12664
MF0181,Ceciliyan ,2018,12,0,212182,0,212182,0
MF0183,New Kandagastenne ,2018,1,0,148716,0,148716,8933
MF0183,New Kandagastenne ,2018,2,0,107426,0,107426,5512
MF0183,New Kandagastenne ,2018,3,0,157505,0,157505,9087
MF0183,New Kandagastenne ,2018,4,0,128934,0,128934,7140
MF0183,New Kandagastenne ,2018,5,0,156563,0,156563,9330
MF0183,New Kandagastenne ,2018,6,0,90236,0,90236,4388
MF0183,New Kandagastenne ,2018,7,0,128098,0,128098,6513
MF0183,New Kandagastenne ,2018,8,0,109759,0,109759,5518
MF0183,New Kandagastenne ,2018,9,0,105333,0,105333,5269
MF0183,New Kandagastenne ,2018,10,0,142004,0,142004,7102
MF0183,New Kandagastenne ,2018,11,0,124491,0,124491,6239
MF0183,New Kandagastenne ,2018,12,0,139244,0,139244,6991
MF0191,Avondale,2018,1,0,44922,0,44922,4431
MF0191,Avondale,2018,2,0,37634,0,37634,3786
MF0191,Avondale,2018,3,0,61254,0,61254,6283
MF0191,Avondale,2018,4,0,52537,0,52537,5701
MF0191,Avondale,2018,5,0,90322,0,90322,9362
MF0191,Avondale,2018,6,0,26583,0,26583,2832
MF0191,Avondale,2018,7,0,37867,0,37867,4018
MF0191,Avondale,2018,8,0,11702,0,11702,1230
MF0191,Avondale,2018,9,0,0,0,0,0
MF0191,Avondale,2018,10,0,0,0,0,0
MF0191,Avondale,2018,11,0,0,0,0,0
MF0200,Pettiyagalla ,2018,1,19644,221,14988,34853,2766
MF0200,Pettiyagalla ,2018,2,17382,184.5,14408,31974.5,2472
MF0200,Pettiyagalla ,2018,3,18158.5,939,15039,34136.5,2986
MF0200,Pettiyagalla ,2018,4,24281,1303,13941,39525,3587
MF0200,Pettiyagalla ,2018,5,19817,0,14608,34425,3266
MF0200,Pettiyagalla ,2018,6,12334.5,401,8694,21429.5,1988
MF0200,Pettiyagalla ,2018,7,14102,2846.5,11562,28510.5,2407
MF0200,Pettiyagalla ,2018,8,11901,1566,8174,21641,4395
MF0200,Pettiyagalla ,2018,9,16398.5,932,8500,25830.5,2366
MF0200,Pettiyagalla ,2018,10,22246.5,3321,12006,37573.5,3737
MF0200,Pettiyagalla ,2018,11,20855.5,2123,10823,33801.5,4833
MF0200,Pettiyagalla ,2018,12,13895.5,1022,7432,22349.5,3418
MF0210,Haughton ,2018,1,4152,29980,0,34132,4145
MF0210,Haughton ,2018,2,2771,21731,0,24502,3085
MF0210,Haughton ,2018,3,4522,20572,0,25094,3615
MF0210,Haughton ,2018,4,3342,21790,0,25132,3429
MF0210,Haughton ,2018,5,3963,31249,0,35212,4083
MF0210,Haughton ,2018,6,2689,23651,0,26340,4098
MF0210,Haughton ,2018,7,2309,25750,0,28059,3827
MF0210,Haughton ,2018,8,3108,16342,0,19450,2551
MF0210,Haughton ,2018,9,2662,6943,0,9605,1350
MF0210,Haughton ,2018,10,3885,3588,0,7473,895
MF0210,Haughton ,2018,11,3076,8067,0,11143,1333
MF0210,Haughton ,2018,12,2652,3870,0,6522,895
MF0236,Pambagama ,2018,1,14763,48604,14956,78323,9541
MF0236,Pambagama ,2018,2,11218,37826,9808,58852,7546
MF0236,Pambagama ,2018,3,17106,57036,9057,83199,8941
MF0236,Pambagama ,2018,4,14435,43977,11786,70198,6128
MF0236,Pambagama ,2018,5,15758,46100,13777,75635,11974
MF0236,Pambagama ,2018,6,13952,39918.25,10974,64844.25,8528.75
MF0236,Pambagama ,2018,7,16343,42907,13403,72653,11963
MF0236,Pambagama ,2018,8,14065,41656.55,12126,67847.55,9578.45
MF0236,Pambagama ,2018,9,13844,38880.45,10546,63270.45,9803
MF0236,Pambagama ,2018,10,15542,44444.5,14212.8,74199.3,11228
MF0236,Pambagama ,2018,11,16349,36563,12893,65805,11722
MF0236,Pambagama ,2018,12,12521,30795.85,10091,53407.85,11993
MF0258,Balangoda Tea Shakthi,2018,7,0,20509,0,20509,1786
MF0258,Balangoda Tea Shakthi,2018,8,0,7058,0,7058,510
MF0258,Balangoda Tea Shakthi,2018,9,0,11697,0,11697,1017
MF0258,Balangoda Tea Shakthi,2018,10,0,27098,0,27098,2356
MF0258,Balangoda Tea Shakthi,2018,11,0,14573,0,14573,1267
MF0258,Balangoda Tea Shakthi,2018,12,0,17962,0,17962,1560
MF0262,Upper Balangoda,2018,1,730,38943,0,39673,3571
MF0262,Upper Balangoda,2018,2,60588,0,625,61213,3220
MF0262,Upper Balangoda,2018,3,721,39977,0,40698,3663
MF0262,Upper Balangoda,2018,4,879,41777,0,42656,3840
MF0262,Upper Balangoda,2018,5,1045,44970,0,46015,4141
MF0262,Upper Balangoda,2018,6,613,26872,0,27485,2474
MF0262,Upper Balangoda,2018,7,705,27862,0,28567,2571
MF0262,Upper Balangoda,2018,8,589,13101,0,13690,1153
MF0262,Upper Balangoda,2018,9,482,10463,0,10945,985
MF0262,Upper Balangoda,2018,10,868,17250,0,18118,1631
MF0262,Upper Balangoda,2018,11,1119,25111,0,26230,2360
MF0262,Upper Balangoda,2018,12,528,21905,0,22433,2018
MF0263,Wewawatte,2018,1,2435,23164,0,25599,2043
MF0263,Wewawatte,2018,2,2210,19995,0,22205,1772
MF0263,Wewawatte,2018,3,2060,23318,0,25378,2025
MF0263,Wewawatte,2018,4,2150,21013,0,23163,1848
MF0263,Wewawatte,2018,5,2598,24668,0,27266,2175
MF0263,Wewawatte,2018,6,1620,15741,0,17361,1385
MF0263,Wewawatte,2018,7,1685,17697,0,19382,1546
MF0263,Wewawatte,2018,8,1720,10294,0,12014,1205
MF0263,Wewawatte,2018,9,880,3594,0,4474,440
MF0263,Wewawatte,2018,10,748,8682,0,9430,1037
MF0263,Wewawatte,2018,11,1230,9234,0,10464,1190
MF0263,Wewawatte,2018,12,890,8260,0,9150,1098
MF0285,Hunuwella ,2018,1,6595,13621,0,20216,2866
MF0285,Hunuwella ,2018,2,4456,7308,0,11764,1473
MF0285,Hunuwella ,2018,3,5960,13683,0,19643,2350
MF0285,Hunuwella ,2018,4,5111,18146,0,23257,2587
MF0285,Hunuwella ,2018,5,0,25768,0,25768,3088
MF0285,Hunuwella ,2018,6,0,9140.5,0,9140.5,3763
MF0285,Hunuwella ,2018,7,0,12969,0,12969,1602
MF0285,Hunuwella ,2018,8,0,9028,0,9028,978
MF0285,Hunuwella ,2018,9,0,1072,0,1072,137
MF0285,Hunuwella ,2018,10,0,0,0,0,0
MF0285,Hunuwella ,2018,11,0,0,0,0,0
MF0285,Hunuwella ,2018,12,0,0,0,0,0
MF0289,Watapota ,2018,1,2,0,0,2,0
MF0289,Watapota ,2018,2,3,0,0,3,0
MF0289,Watapota ,2018,3,2,0,0,2,0
MF0289,Watapota ,2018,4,2,0,0,2,0
MF0289,Watapota ,2018,5,2,0,0,2,0
MF0289,Watapota ,2018,9,0,0,0,0,0
MF0289,Watapota ,2018,10,0,0,0,0,0
MF0293,Kelani ,2018,1,2978.25,24115,7943,35036.25,3421
MF0293,Kelani ,2018,2,2288,19862,6647,28797,3144
MF0293,Kelani ,2018,3,3171,29271,7306,39748,3919
MF0293,Kelani ,2018,4,3746,27502,7729,38977,3780
MF0293,Kelani ,2018,5,2967,27380,7382,37729,4633
MF0293,Kelani ,2018,6,2774,19173,6765,28712,3600
MF0293,Kelani ,2018,7,2855,21274,7372,31501,2412
MF0293,Kelani ,2018,8,2672.5,21747,8813,33232.5,4226
MF0293,Kelani ,2018,9,2419,21889,9895,34203,4070
MF0293,Kelani ,2018,10,3677,32157,14208,50042,5305
MF0293,Kelani ,2018,11,3459,24979,11242,39680,4345
MF0293,Kelani ,2018,12,3611,24024.5,11514,39149.5,3831
MF0295,Kuttapitiya ,2018,1,0,72027,0,72027,4457
MF0295,Kuttapitiya ,2018,2,0,49938,0,49938,3395
MF0295,Kuttapitiya ,2018,3,0,84323,0,84323,5840
MF0295,Kuttapitiya ,2018,4,0,72384,0,72384,6050
MF0295,Kuttapitiya ,2018,5,1855,93980,0,95835,7745
MF0295,Kuttapitiya ,2018,6,760,62480,0,63240,4005
MF0295,Kuttapitiya ,2018,7,0,75675,0,75675,4926
MF0295,Kuttapitiya ,2018,8,1780,65955,0,67735,4750
MF0295,Kuttapitiya ,2018,9,646,63272,0,63918,4530
MF0295,Kuttapitiya ,2018,10,0,80605,0,80605,5531
MF0295,Kuttapitiya ,2018,11,0,79958,0,79958,5645
MF0295,Kuttapitiya ,2018,12,248,86465,0,86713,6018
MF0296,DOLOSWELLA,2018,1,6279,37459,7933,51671,6015
MF0296,DOLOSWELLA,2018,2,5223,31675,5910,42808,5574
MF0296,DOLOSWELLA,2018,3,5918,44582,16267,66767,7897
MF0296,DOLOSWELLA,2018,4,5815,44278,7197,57290,6187
MF0296,DOLOSWELLA,2018,5,6661,48361,5713,60735,6018
MF0296,DOLOSWELLA,2018,6,6905,34891,3935,45731,4367
MF0296,DOLOSWELLA,2018,7,7244,47371,8186,62801,10097
MF0296,DOLOSWELLA,2018,8,6734,42349,8717,57800,6500
MF0296,DOLOSWELLA,2018,9,4267,32234,5473,41974,7498
MF0296,DOLOSWELLA,2018,10,8313,49477,10956,68746,7212
MF0296,DOLOSWELLA,2018,11,5243,32999,7611,45853,6960
MF0296,DOLOSWELLA,2018,12,6341,34148,7075,47564,6255
MF0353,YATIDERIYA,2018,1,9968.5,13947,2125,26040.5,5455
MF0353,YATIDERIYA,2018,2,8286.5,11169,1550.5,21006,4066
MF0353,YATIDERIYA,2018,3,8473.5,15498,1658,25629.5,5573
MF0353,YATIDERIYA,2018,4,10983,20302.5,1356,32641.5,2620
MF0353,YATIDERIYA,2018,5,9577,19633,1720,30930,3708
MF0353,YATIDERIYA,2018,6,9933,15269,1638,26840,4032
MF0353,YATIDERIYA,2018,7,10380,17422.5,1931,29733.5,4623
MF0353,YATIDERIYA,2018,8,7940,15538.5,1764,25242.5,3100
MF0353,YATIDERIYA,2018,9,8736,15624,1985,26345,4077
MF0353,YATIDERIYA,2018,10,11771.5,16787,2162,30720.5,5045
MF0353,YATIDERIYA,2018,11,10231,17142,2115,29488,5034
MF0353,YATIDERIYA,2018,12,10815,17551.5,2356,30722.5,3885
MF0367,Cecilton ,2018,1,12760,2642,9118,24520,2356
MF0367,Cecilton ,2018,2,15072,3758,9295,28125,2664
MF0367,Cecilton ,2018,3,15928,4900,10332,31160,2955
MF0367,Cecilton ,2018,4,14078,7334,9688,31100,2927
MF0367,Cecilton ,2018,5,14490,8520,9100,32110,3065
MF0367,Cecilton ,2018,6,10374,6342,6226,22942,2205
MF0367,Cecilton ,2018,7,12621,8255,7114,27990,2674
MF0367,Cecilton ,2018,8,9812,7173,6420,23405,2334
MF0367,Cecilton ,2018,9,9678,6305,6100,22083,2235
MF0367,Cecilton ,2018,10,11394,7815,6893,26102,2534
MF0367,Cecilton ,2018,11,13253,10793,8509,32555,3364
MF0367,Cecilton ,2018,12,9200,4074,4760,18034,2809
MF0369,MARATENNE,2018,1,35568,2592,0,38160,4501
MF0369,MARATENNE,2018,2,33552,5462,0,39014,4851
MF0369,MARATENNE,2018,3,43204,6734,0,49938,6451
MF0369,MARATENNE,2018,4,37072,10417,0,47489,4888
MF0369,MARATENNE,2018,5,39910,13153,0,53063,5096
MF0369,MARATENNE,2018,6,33251,10740,268,44259,4736
MF0369,MARATENNE,2018,7,37560,13630,0,51190,5439
MF0369,MARATENNE,2018,8,30600,8565,0,39165,4061
MF0369,MARATENNE,2018,9,32207,8098,0,40305,4749
MF0369,MARATENNE,2018,10,34538,7227,0,41765,4994
MF0369,MARATENNE,2018,11,39131,12389,0,51520,6160
MF0369,MARATENNE,2018,12,27160,7351,0,34511,4191
MF0413,Horamulla ,2018,1,2481,42280,0,44761,4369
MF0413,Horamulla ,2018,2,1394,4785,0,6179,686
MF0413,Horamulla ,2018,3,1465,7221,0,8686,8121
MF0413,Horamulla ,2018,4,1470,11543,0,13013,1448
MF0413,Horamulla ,2018,5,1371,24983,0,26354,3118
MF0413,Horamulla ,2018,6,1193,22687,0,23880,3312
MF0413,Horamulla ,2018,7,980,32499,0,33479,3610
MF0413,Horamulla ,2018,8,1027,38538,0,39565,4313
MF0413,Horamulla ,2018,9,544,50087,0,50631,5575
MF0413,Horamulla ,2018,10,940,74501,0,75441,8344
MF0413,Horamulla ,2018,11,1229,41301,0,42530,4717
MF0413,Horamulla ,2018,12,3690,34860,0,38550,4259
MF0428,Randola ,2018,1,0,26895,0,26895,1401
MF0428,Randola ,2018,2,0,23845,0,23845,1242
MF0428,Randola ,2018,3,0,23276,0,23276,1211
MF0428,Randola ,2018,4,0,33353,0,33353,1747
MF0428,Randola ,2018,5,0,94356,0,94356,8702
MF0428,Randola ,2018,6,0,33319,0,33319,3291
MF0428,Randola ,2018,7,0,32584,0,32584,3182
MF0428,Randola ,2018,8,0,9612,0,9612,1301
MF0428,Randola ,2018,9,0,0,0,0,0
MF0428,Randola ,2018,10,0,0,0,0,0
MF0428,Randola ,2018,11,0,9299,0,9299,1259
MF0428,Randola ,2018,12,0,19383,0,19383,2628
MF0449,Aennen,2018,1,0,33706,0,33706,2537
MF0449,Aennen,2018,2,11630,23840,6956,42426,1794
MF0449,Aennen,2018,3,0,36499,0,36499,2747
MF0449,Aennen,2018,4,0,27952,0,27952,2103
MF0449,Aennen,2018,5,0,42813,0,42813,3322
MF0449,Aennen,2018,6,0,26811,0,26811,2016
MF0449,Aennen,2018,7,0,33508,0,33508,2511
MF0449,Aennen,2018,8,0,31039,0,31039,2327
MF0449,Aennen,2018,9,0,29297,0,29297,2200
MF0449,Aennen,2018,10,0,43626,0,43626,3276
MF0449,Aennen,2018,11,0,40335,0,40335,3028
MF0449,Aennen,2018,12,0,47437,0,47437,3565
MF0472,Ederapolla,2018,1,1542,16135,5532,23209,1837
MF0472,Ederapolla,2018,2,1514.5,13123,4181,18818.5,1743
MF0472,Ederapolla,2018,3,1614,21705.5,5737,29056.5,3401
MF0472,Ederapolla,2018,4,1914,20612,4997,27523,2514
MF0472,Ederapolla,2018,5,1600,27149,4428,33177,3936
MF0472,Ederapolla,2018,6,1852,25272,4261,31385,4383
MF0472,Ederapolla,2018,7,1993.5,30812,5222,38027.5,5085
MF0472,Ederapolla,2018,8,1616,27267,1800.5,30683.5,3952
MF0472,Ederapolla,2018,9,882,24760.5,0,25642.5,3506
MF0472,Ederapolla,2018,10,1426,28318,0,29744,3542
MF0472,Ederapolla,2018,11,1211,26820.5,517,28548.5,2954
MF0472,Ederapolla,2018,12,1479,12403.5,0,13882.5,1341
MF0481,Aigburth ,2018,1,8195,33693,0,41888,4207
MF0481,Aigburth ,2018,2,6594,31848,0,38442,3680
MF0481,Aigburth ,2018,3,8019,49132,0,57151,4887
MF0481,Aigburth ,2018,4,9533,41472,0,51005,5991
MF0481,Aigburth ,2018,5,9785,47652,0,57437,6068
MF0481,Aigburth ,2018,6,2689,23651,0,26340,4098
MF0481,Aigburth ,2018,7,6675,23234,0,29909,4006
MF0481,Aigburth ,2018,8,5406,19876,0,25282,2563
MF0481,Aigburth ,2018,9,5832,15812,0,21644,2522
MF0481,Aigburth ,2018,10,8611,33316,0,41927,3994
MF0481,Aigburth ,2018,11,10322,39689,0,50011,5070
MF0481,Aigburth ,2018,12,6829,26702,0,33531,3769
MF0490,Hatherleigh ,2018,1,16327,5561,9876,31764,3719
MF0490,Hatherleigh ,2018,2,11630,5855,6956,24441,3849
MF0490,Hatherleigh ,2018,3,16088,9420,21266,46774,5988
MF0490,Hatherleigh ,2018,4,17145,13415,23340,53900,7249
MF0490,Hatherleigh ,2018,5,15981,16702,22833,55516,5588
MF0490,Hatherleigh ,2018,6,13174,12530,15983,41687,4810
MF0490,Hatherleigh ,2018,7,14694,26006,16253,56953,6045
MF0490,Hatherleigh ,2018,8,12053,16997,14529,43579,5606.5
MF0490,Hatherleigh ,2018,9,10332,13118,12848,36298,4944
MF0490,Hatherleigh ,2018,10,15300,16221,21190,52711,5541
MF0490,Hatherleigh ,2018,11,13432,16262,17573,47267,6179
MF0490,Hatherleigh ,2018,12,11972,5814,15376,33162,4357
MF0540,Ranmudhu Ella,2018,4,0,16020,0,16020,1480
MF0540,Ranmudhu Ella,2018,5,0,15401,0,15401,1302
MF0540,Ranmudhu Ella,2018,6,0,10608,0,10608,876
MF0540,Ranmudhu Ella,2018,11,0,10810,0,10810,408
MF0540,Ranmudhu Ella,2018,12,0,28800,0,28800,1152
MF0546,Springwood,2018,1,0,19792,0,19792,1583
MF0546,Springwood,2018,2,0,9908,0,9908,1100
MF0546,Springwood,2018,3,0,11607,0,11607,1290
MF0546,Springwood,2018,4,0,18606,0,18606,1571
MF0546,Springwood,2018,5,0,8246,0,8246,717
MF0574,Sapumalkande ,2018,1,0,60421,0,60421,6754
MF0574,Sapumalkande ,2018,3,0,74630,0,74630,8293
MF0574,Sapumalkande ,2018,4,0,69082,0,69082,7779
MF0574,Sapumalkande ,2018,5,0,100161,0,100161,10742
MF0574,Sapumalkande ,2018,6,0,68768,0,68768,7429
MF0574,Sapumalkande ,2018,7,0,75947,0,75947,8549
MF0574,Sapumalkande ,2018,8,0,60040,0,60040,6789
MF0574,Sapumalkande ,2018,9,0,68981,0,68981,7504
MF0574,Sapumalkande ,2018,10,0,93660,0,93660,10574
MF0574,Sapumalkande ,2018,11,0,70201,0,70201,7880
MF0574,Sapumalkande ,2018,12,0,75577,0,75577,8389
MF0594,Boscombe ,2018,1,0,56830,0,56830,6284
MF0594,Boscombe ,2018,2,0,47974,0,47974,5570
MF0594,Boscombe ,2018,3,0,59185,0,59185,7858
MF0594,Boscombe ,2018,4,0,46578,0,46578,6159
MF0594,Boscombe ,2018,5,0,60049,0,60049,7020
MF0594,Boscombe ,2018,6,0,43208,0,43208,4625
MF0594,Boscombe ,2018,7,0,38932,0,38932,3969
MF0600,Alupola ,2018,1,17582,15015,0,32597,2182
MF0600,Alupola ,2018,2,10524,13001,0,23525,4213
MF0600,Alupola ,2018,3,16004,12168,0,28172,2776
MF0600,Alupola ,2018,4,13586,25634,0,39220,5977
MF0600,Alupola ,2018,5,18173,21297,0,39470,4353
MF0600,Alupola ,2018,6,11498,10522,0,22020,4686
MF0600,Alupola ,2018,7,11988,10639,0,22627,3327
MF0600,Alupola ,2018,8,11655,3922,6924,22501,2325
MF0600,Alupola ,2018,9,12098,9405,9766,31269,5311
MF0600,Alupola ,2018,10,19507,14801,15975,50283,4082
MF0600,Alupola ,2018,11,16358,13573,13371,43302,3643
MF0600,Alupola ,2018,12,13887,10446,12412,36745,6271
MF0619,GALABODDA,2018,1,9004,27749,13394,50147,2389
MF0619,GALABODDA,2018,2,6728,19322,8865,34915,2357
MF0619,GALABODDA,2018,3,12050,27320,10982,50352,2440
MF0619,GALABODDA,2018,4,10168,15903,12943,39014,2463
MF0619,GALABODDA,2018,5,10479,24413,12077,46969,5140
MF0619,GALABODDA,2018,6,9096,25083,9988,44167,3251
MF0619,GALABODDA,2018,7,11181,40856,13597,65634,5057
MF0619,GALABODDA,2018,8,0,0,0,0,3317
MF0619,GALABODDA,2018,8,9911,55149,3110,68170,3317
MF0619,GALABODDA,2018,9,4270,57781,0,62051,3511
MF0619,GALABODDA,2018,10,9700,63729,0,73429,5085
MF0619,GALABODDA,2018,11,7951,41096,0,49047,6413
MF0619,GALABODDA,2018,12,9616,11336,598,21550,1749
MF0623,MEDDAKANDE,2018,1,16903,2692,147,19742,1761
MF0623,MEDDAKANDE,2018,2,14472,2311,2084,18867,1816
MF0623,MEDDAKANDE,2018,3,18507,3754,7075,29336,3085
MF0623,MEDDAKANDE,2018,4,19150,5878,5122,30150,2679
MF0623,MEDDAKANDE,2018,5,18854,10201,3860,32915,3727
MF0623,MEDDAKANDE,2018,6,10491,4444,0,14935,1442
MF0623,MEDDAKANDE,2018,7,12349,6390,0,18739,2117
MF0623,MEDDAKANDE,2018,8,10742,8128,632,19502,2032
MF0623,MEDDAKANDE,2018,9,11574,9454,1567,22595,2404
MF0623,MEDDAKANDE,2018,10,14612,0,1164,15776,3390
MF0623,MEDDAKANDE,2018,11,14865,6751,4046,25662,2786
MF0623,MEDDAKANDE,2018,12,10067,1994,5329,17390,3247
MF0624,Wikiliya,2018,1,0,164764,0,164764,7004
MF0624,Wikiliya,2018,2,0,153548,0,153548,6422
MF0624,Wikiliya,2018,3,0,175600,0,175600,7400
MF0624,Wikiliya,2018,4,0,166280,0,166280,12071
MF0624,Wikiliya,2018,5,0,209549,0,209549,11146
MF0624,Wikiliya,2018,6,0,134241,0,134241,9276
MF0624,Wikiliya,2018,7,0,170563,0,170563,13145
MF0624,Wikiliya,2018,8,0,163669,0,163669,7673
MF0624,Wikiliya,2018,9,0,141260,0,141260,11202
MF0624,Wikiliya,2018,10,0,181880,0,181880,10695
MF0624,Wikiliya,2018,11,0,218716,0,218716,11310
MF0624,Wikiliya,2018,12,0,195695,0,195695,14041
MF0625,NEW RASAGALLA,2018,1,22443,7080,0,29523,3372
MF0625,NEW RASAGALLA,2018,2,21572,5046,0,26618,3010
MF0625,NEW RASAGALLA,2018,3,24052,4453,569,29074,3419
MF0625,NEW RASAGALLA,2018,4,26758,4720,0,31478,8352
MF0625,NEW RASAGALLA,2018,5,20205,2495,0,22700,3999
MF0625,NEW RASAGALLA,2018,6,10740,2267,0,13007,1835
MF0625,NEW RASAGALLA,2018,7,13002,3002,0,16004,2815
MF0625,NEW RASAGALLA,2018,8,12188,2176,0,14364,3348
MF0625,NEW RASAGALLA,2018,9,16011,3029.5,0,19040.5,2841
MF0625,NEW RASAGALLA,2018,10,19612,2647,0,22259,3082
MF0625,NEW RASAGALLA,2018,11,19725,3454,531,23710,4449
MF0625,NEW RASAGALLA,2018,12,17935,3699,0,21634,3509
MF0626,HALGOLLE,2018,1,26353,35224,1554,63131,9608
MF0626,HALGOLLE,2018,2,19801,27141,1135,48077,6831
MF0626,HALGOLLE,2018,3,27250,36775,1371,65396,9506
MF0626,HALGOLLE,2018,4,29632,38030,1322,68984,9805
MF0626,HALGOLLE,2018,5,27819,37704,1459,66982,8296
MF0626,HALGOLLE,2018,6,15026,23580,1259,39865,3260
MF0626,HALGOLLE,2018,7,24581,27487,950,53018,5177
MF0626,HALGOLLE,2018,8,15346,18497,817,34660,4300
MF0626,HALGOLLE,2018,9,27428,31967,810,60205,6539
MF0626,HALGOLLE,2018,10,28466,35236,1371,65073,6872
MF0626,HALGOLLE,2018,11,28407,31745,1229,61381,8368
MF0626,HALGOLLE,2018,12,25257,22262,572,48091,7737
MF0659,RYE,2018,1,0,33438,0,33438,4584
MF0659,RYE,2018,2,0,27329,0,27329,3746
MF0659,RYE,2018,3,0,43981,0,43981,6018
MF0659,RYE,2018,4,0,36708,0,36708,5026
MF0659,RYE,2018,5,0,47552,0,47552,6512
MF0659,RYE,2018,6,0,24247,0,24247,3346
MF0659,RYE,2018,7,0,35072,0,35072,4810
MF0659,RYE,2018,8,0,21448,0,21448,2947
MF0659,RYE,2018,9,0,18142,0,18142,2495
MF0659,RYE,2018,10,0,30308,0,30308,4156
MF0659,RYE,2018,11,0,42067,0,42067,5769
MF0659,RYE,2018,12,0,37674,0,37674,5169
MF0686,Keragala,2018,1,0,0,0,0,0
MF0686,Keragala,2018,2,0,0,0,0,0
MF0686,Keragala,2018,3,0,0,0,0,0
MF0686,Keragala,2018,4,0,0,0,0,0
MF0686,Keragala,2018,5,0,0,0,0,0
MF0686,Keragala,2018,6,0,0,0,0,0
MF0686,Keragala,2018,7,1320.5,0,0,1320.5,5000
MF0686,Keragala,2018,8,10792,0,0,10792,8000
MF0686,Keragala,2018,9,12432,0,0,12432,17085
MF0686,Keragala,2018,10,12134,0,0,12134,15000
MF0686,Keragala,2018,11,11342,0,0,11342,12420
MF0686,Keragala,2018,12,13752,0,0,13752,18626
MF0780,HOUPE ,2018,1,0,46923,0,46923,4307
MF0780,HOUPE ,2018,2,0,34002,0,34002,4008
MF0780,HOUPE ,2018,3,0,42422.5,0,42422.5,4124
MF0780,HOUPE ,2018,4,0,42597,0,42597,4012
MF0780,HOUPE ,2018,5,0,54265,0,54265,6485
MF0780,HOUPE ,2018,6,0,40080,0,40080,4436
MF0780,HOUPE ,2018,7,0,40638.5,0,40638.5,5512
MF0780,HOUPE ,2018,8,0,24160,0,24160,2425
MF0780,HOUPE ,2018,9,0,17018,0,17018,2380
MF0780,HOUPE ,2018,10,0,29097.5,0,29097.5,2966
MF0780,HOUPE ,2018,11,0,31623.5,0,31623.5,3027
MF0780,HOUPE ,2018,12,8297,32958,0,41255,5386
MF0801,HAPUGASTENNE ,2018,1,32482,23144,0,55626,0
MF0801,HAPUGASTENNE ,2018,1,3961,4287,0,8248,5544.5
MF0801,HAPUGASTENNE ,2018,2,23720,13835,0,37555,3738
MF0801,HAPUGASTENNE ,2018,2,0,0,0,0,3738
MF0801,HAPUGASTENNE ,2018,3,35339,18069,0,53408,5459
MF0801,HAPUGASTENNE ,2018,3,0,0,0,0,0
MF0801,HAPUGASTENNE ,2018,4,33358,25260,382,59000,7251
MF0801,HAPUGASTENNE ,2018,4,0,0,0,0,7251
MF0801,HAPUGASTENNE ,2018,5,38336,30213,424,68973,6535
MF0801,HAPUGASTENNE ,2018,5,0,0,0,0,6535
MF0801,HAPUGASTENNE ,2018,6,20373,15557,347,36277,4136
MF0801,HAPUGASTENNE ,2018,6,2092,4174,0,6266,4136
MF0801,HAPUGASTENNE ,2018,7,25249,32198,132,57579,6388
MF0801,HAPUGASTENNE ,2018,7,2906,6677,37,9620,0
MF0801,HAPUGASTENNE ,2018,8,19700,22056,499,42255,0
MF0801,HAPUGASTENNE ,2018,8,1562,2203,0,3765,3791
MF0801,HAPUGASTENNE ,2018,9,14138,22355,0,36493,6563
MF0801,HAPUGASTENNE ,2018,9,6875,6406,0,13281,0
MF0801,HAPUGASTENNE ,2018,10,29576,35645,107,65328,5705
MF0801,HAPUGASTENNE ,2018,10,1513,1797,0,3310,5705
MF0801,HAPUGASTENNE ,2018,11,33186,34587,185,67958,9024
MF0801,HAPUGASTENNE ,2018,11,0,0,0,0,0
MF0801,HAPUGASTENNE ,2018,12,23221,33646,1046,57913,6489
MF0903,Maliboda,2018,1,1287,49198,0,50485,2894
MF0903,Maliboda,2018,2,1192,41705,0,42897,2445
MF0903,Maliboda,2018,3,1897,72464,0,74361,4363
MF0903,Maliboda,2018,4,1497,54096,0,55593,3671
MF0903,Maliboda,2018,5,0,73069,1818,74887,5008
MF0903,Maliboda,2018,6,1627,50811,0,52438,3241
MF0903,Maliboda,2018,7,1484,47327,0,48811,3394
MF0903,Maliboda,2018,8,1208,32709,0,33917,2477
MF0903,Maliboda,2018,9,1200,41534,0,42734,3491
MF0903,Maliboda,2018,10,1490,54535,0,56025,3210
MF0903,Maliboda,2018,11,1489,63558,0,65047,3418
MF0903,Maliboda,2018,12,1515,77900,0,79415,4992
MF0905,Millavitiya ,2018,1,0,12185,0,12185,1060
MF0905,Millavitiya ,2018,2,0,5102,0,5102,321
MF0906,Palm Garden,2018,1,245,13397,106,13748,1777
MF0906,Palm Garden,2018,2,183,8050,105,8338,1041
MF0906,Palm Garden,2018,3,229,13039,134,13402,1731
MF0906,Palm Garden,2018,4,207,15504,147,15858,2553
MF0906,Palm Garden,2018,5,275,31940,224,32439,4701
MF0906,Palm Garden,2018,6,348,26309,194,26851,3844
MF0906,Palm Garden,2018,7,330,28736,198,29264,3532
MF0906,Palm Garden,2018,8,286,23021,133,23440,2744
MF0906,Palm Garden,2018,9,183,29732,85,30000,3681
MF0906,Palm Garden,2018,10,369,39954,160,40483,4323
MF0906,Palm Garden,2018,11,443,28811,196,29450,3262
MF0906,Palm Garden,2018,12,416,27201,204,27821,3082
MF0909,Allerton,2018,1,0,14883,0,14883,2919
MF0909,Allerton,2018,2,0,17709,0,17709,3415
MF0909,Allerton,2018,3,0,11372,0,11372,2580
MF0909,Allerton,2018,4,0,12265,0,12265,1062
MF0909,Allerton,2018,5,0,13405,0,13405,1163
MF0909,Allerton,2018,6,0,7857,0,7857,676
MF0912,Vardhana,2018,1,0,24963,0,24963,1733
MF0912,Vardhana,2018,2,0,15560,0,15560,1108
MF0912,Vardhana,2018,3,0,1023,0,1023,6333
MF0912,Vardhana,2018,7,0,36715,0,36715,3049
MF0946,Rajjuruwatta,2018,1,0,26991,0,26991,2347
MF0946,Rajjuruwatta,2018,2,0,17093,0,17093,1485
MF0946,Rajjuruwatta,2018,3,0,34957,0,34957,3039
MF0946,Rajjuruwatta,2018,4,0,24479,0,24479,2128
MF0946,Rajjuruwatta,2018,5,0,37552,0,37552,3261
MF0946,Rajjuruwatta,2018,6,0,15510,0,15510,1507
MF0946,Rajjuruwatta,2018,7,0,11312,0,11312,1008
MF0946,Rajjuruwatta,2018,8,0,7721,0,7721,671
MF1057,Dedugala,2018,1,0,27418,0,27418,2503
MF1057,Dedugala,2018,2,0,22655,0,22655,2134
MF1057,Dedugala,2018,3,0,30669.5,0,30669.5,2897
MF1057,Dedugala,2018,4,0,31555,0,31555,3055
MF1057,Dedugala,2018,5,0,34132,0,34132,3295
MF1057,Dedugala,2018,6,0,21284,0,21284,2043
MF1057,Dedugala,2018,7,0,25394,0,25394,2399
MF1057,Dedugala,2018,8,0,19757,0,19757,1847
MF1057,Dedugala,2018,9,0,21633,0,21633,2015
MF1057,Dedugala,2018,10,0,27219,0,27219,2534
MF1057,Dedugala,2018,11,0,23194,0,23194,2162
MF1057,Dedugala,2018,12,0,30206,0,30206,2839
MF1075,Kadigalahena,2018,1,0,0,0,0,0
MF1075,Kadigalahena,2018,2,0,0,0,0,0
MF1075,Kadigalahena,2018,3,0,21811,0,21811,768
MF1075,Kadigalahena,2018,4,0,31577,0,31577,1335
MF1075,Kadigalahena,2018,5,0,41129,0,41129,1724
MF1075,Kadigalahena,2018,6,0,25549,0,25549,1124
MF1075,Kadigalahena,2018,7,0,21723,0,21723,962
MF1075,Kadigalahena,2018,8,0,21527,0,21527,940
MF1075,Kadigalahena,2018,9,0,19709,0,19709,932
MF1075,Kadigalahena,2018,10,0,38654,0,38654,1758
MF1075,Kadigalahena,2018,11,0,47071,0,47071,2339
MF1075,Kadigalahena,2018,12,0,36444,0,36444,1974
MF1110,Gilimale Tea Shakthi ,2018,1,0,0,0,0,0
MF1110,Gilimale Tea Shakthi ,2018,2,0,3882,0,3882,237
MF1110,Gilimale Tea Shakthi ,2018,6,0,6386,0,6386,409
MF1110,Gilimale Tea Shakthi ,2018,7,0,22688,0,22688,1716
MF1110,Gilimale Tea Shakthi ,2018,8,0,7755,0,7755,438
MF1110,Gilimale Tea Shakthi ,2018,9,0,0,0,0,0
MF1110,Gilimale Tea Shakthi ,2018,12,0,4361,0,4361,328
MF1172,New Vithanakanda,2018,1,798,158585.5,0,159383.5,18593
MF1172,New Vithanakanda,2018,2,685,114055.5,0,114740.5,14480
MF1172,New Vithanakanda,2018,3,796,174469,0,175265,21945
MF1172,New Vithanakanda,2018,4,731,126998,0,127729,14400
MF1172,New Vithanakanda,2018,5,980,164101.5,0,165081.5,20022
MF1172,New Vithanakanda,2018,6,692,131246.5,0,131938.5,15311
MF1172,New Vithanakanda,2018,7,819,153085,0,153904,20048
MF1172,New Vithanakanda,2018,8,708,143731,0,144439,17567
MF1172,New Vithanakanda,2018,9,553,128172,0,128725,13327
MF1172,New Vithanakanda,2018,10,803,174640,0,175443,20673
MF1172,New Vithanakanda,2018,11,1028,157946,0,158974,21102
MF1172,New Vithanakanda,2018,12,553,167168,0,167721,18828
MF1188,Green Mount,2018,1,0,40141,0,40141,2653
MF1188,Green Mount,2018,2,0,39733,0,39733,3283
MF1188,Green Mount,2018,3,0,58296,0,58296,5266
MF1188,Green Mount,2018,4,0,52044,0,52044,5052
MF1188,Green Mount,2018,5,0,13111,0,13111,1278
MF1188,Green Mount,2018,6,0,26670,0,26670,2407
MF1188,Green Mount,2018,9,0,0,0,0,0
MF1188,Green Mount,2018,10,0,20404,0,20404,1851
MF1188,Green Mount,2018,11,0,81444,0,81444,7437
MF1188,Green Mount,2018,12,0,67343,0,67343,6342
MF1217,GALPADITENNE ,2018,1,0,183808,0,183808,22825
MF1217,GALPADITENNE ,2018,1,0,114535,0,114535,0
MF1217,GALPADITENNE ,2018,2,0,123830,0,123830,15355
MF1217,GALPADITENNE ,2018,2,0,83588,0,83588,15355
MF1217,GALPADITENNE ,2018,3,0,241728,0,241728,0
MF1217,GALPADITENNE ,2018,3,0,96220.5,0,96220.5,42350
MF1217,GALPADITENNE ,2018,4,0,194574,0,194574,0
MF1217,GALPADITENNE ,2018,4,0,88031,0,88031,20960
MF1217,GALPADITENNE ,2018,5,0,246304,0,246304,24024
MF1217,GALPADITENNE ,2018,5,0,132342,0,132342,24024
MF1217,GALPADITENNE ,2018,6,808,207920,0,208728,20620
MF1217,GALPADITENNE ,2018,6,0,74531,0,74531,0
MF1217,GALPADITENNE ,2018,7,1980,224665,0,226645,0
MF1217,GALPADITENNE ,2018,7,0,100935,0,100935,24617
MF1217,GALPADITENNE ,2018,8,3700,227070,0,230770,24615
MF1217,GALPADITENNE ,2018,8,0,94653,0,94653,24615
MF1217,GALPADITENNE ,2018,9,0,205280,0,205280,0
MF1217,GALPADITENNE ,2018,9,0,89635,0,89635,19951
MF1217,GALPADITENNE ,2018,10,0,276100,0,276100,26610
MF1217,GALPADITENNE ,2018,10,0,109245,0,109245,26610
MF1217,GALPADITENNE ,2018,11,0,266370,0,266370,0
MF1217,GALPADITENNE ,2018,11,0,115426,0,115426,27504
MF1217,GALPADITENNE ,2018,12,2592,293600,0,296192,0
MF1217,GALPADITENNE ,2018,12,0,115693,0,115693,24431
MF1264,AVISSAWELLA,2018,1,0,58578,0,58578,1299
MF1264,AVISSAWELLA,2018,2,0,47792,0,47792,1033
MF1264,AVISSAWELLA,2018,3,0,75282,0,75282,1600
MF1264,AVISSAWELLA,2018,4,0,68139,0,68139,1442
MF1264,AVISSAWELLA,2018,5,0,75560,0,75560,1957
MF1264,AVISSAWELLA,2018,6,0,64405,0,64405,1416
MF1264,AVISSAWELLA,2018,7,0,70651,0,70651,1626
MF1264,AVISSAWELLA,2018,8,0,67018,0,67018,1452
MF1264,AVISSAWELLA,2018,9,0,49802,0,49802,1046
MF1264,AVISSAWELLA,2018,10,0,81040,0,81040,1776
MF1264,AVISSAWELLA,2018,11,0,68859,0,68859,1513
MF1264,AVISSAWELLA,2018,12,0,82602,0,82602,1802
MF1266,KENDALANDA,2018,1,521,65761,0,66282,1988
MF1266,KENDALANDA,2018,2,318,45321,0,45639,1369
MF1266,KENDALANDA,2018,3,796,81804,0,82600,2475
MF1266,KENDALANDA,2018,4,692,59075,0,59767,1784
MF1266,KENDALANDA,2018,5,928,84382,0,85310,2542
MF1266,KENDALANDA,2018,6,821,60340,0,61161,1823
MF1266,KENDALANDA,2018,7,861,71787,0,72648,2164
MF1266,KENDALANDA,2018,8,601,62434,0,63035,1876
MF1266,KENDALANDA,2018,9,678,71983,0,72661,2163
MF1266,KENDALANDA,2018,10,778,86730,0,87508,2625
MF1266,KENDALANDA,2018,11,664,76836,0,77500,2325
MF1266,KENDALANDA,2018,12,659,80747,0,81406,2430
MF1281,ST.JOACHIM ,2018,1,1442,23338,0,24780,2541
MF1281,ST.JOACHIM ,2018,2,1262,16292,0,17554,1574
MF1281,ST.JOACHIM ,2018,3,1482,31888,0,33370,3341
MF1281,ST.JOACHIM ,2018,4,1239,26071,0,27310,3006
MF1281,ST.JOACHIM ,2018,5,1375,30962,0,32337,3394
MF1281,ST.JOACHIM ,2018,6,1716,21322,0,23038,2546
MF1281,ST.JOACHIM ,2018,7,2023,24911,0,26934,2967
MF1281,ST.JOACHIM ,2018,8,2019,19843,0,21862,2424
MF1281,ST.JOACHIM ,2018,9,1230,21362,0,22592,2389
MF1281,ST.JOACHIM ,2018,10,2194,19852,0,22046,2352
MF1281,ST.JOACHIM ,2018,11,1828,15174,0,17002,1733
MF1281,ST.JOACHIM ,2018,12,1832,13733,0,15565,3707
MF1284,NEW PANAWENNA ,2018,1,0,60598,0,60598,6842
MF1284,NEW PANAWENNA ,2018,2,0,49172,0,49172,5946
MF1284,NEW PANAWENNA ,2018,3,0,72854,0,72854,7337
MF1284,NEW PANAWENNA ,2018,4,0,72426,0,72426,5040
MF1284,NEW PANAWENNA ,2018,5,0,73572,0,73572,7907
MF1284,NEW PANAWENNA ,2018,6,0,47023,0,47023,5918
MF1284,NEW PANAWENNA ,2018,7,0,56724,0,56724,7619
MF1284,NEW PANAWENNA ,2018,8,0,47360,0,47360,6781
MF1284,NEW PANAWENNA ,2018,9,0,32921,0,32921,6324
MF1284,NEW PANAWENNA ,2018,10,0,45489,0,45489,7001
MF1284,NEW PANAWENNA ,2018,11,0,37812,0,37812,5662
MF1284,NEW PANAWENNA ,2018,12,0,44273,0,44273,5596
MF1286,SAMARAKANDA TEA PROCESSING CENTRE,2018,1,9288.5,0,0,9288.5,57682
MF1286,SAMARAKANDA TEA PROCESSING CENTRE,2018,2,17427.5,0,0,17427.5,49778
MF1286,SAMARAKANDA TEA PROCESSING CENTRE,2018,3,0,0,0,0,59175
MF1286,SAMARAKANDA TEA PROCESSING CENTRE,2018,4,17904.5,0,0,17904.5,17904.5
MF1286,SAMARAKANDA TEA PROCESSING CENTRE,2018,5,32193.5,0,0,32193.5,91099
MF1286,SAMARAKANDA TEA PROCESSING CENTRE,2018,6,34351,0,0,34351,67570
MF1286,SAMARAKANDA TEA PROCESSING CENTRE,2018,7,14644,0,0,14644,47311
MF1286,SAMARAKANDA TEA PROCESSING CENTRE,2018,8,22858,0,0,22858,45093
MF1286,SAMARAKANDA TEA PROCESSING CENTRE,2018,9,22589.5,0,0,22589.5,32738
MF1286,SAMARAKANDA TEA PROCESSING CENTRE,2018,10,19017.5,0,0,19017.5,15949.5
MF1286,SAMARAKANDA TEA PROCESSING CENTRE,2018,11,12834.5,0,0,12834.5,34401.5
MF1286,SAMARAKANDA TEA PROCESSING CENTRE,2018,12,19877,0,0,19877,26689
MF1297,ILLUKTENNE,2018,1,1277,25104.5,0,26381.5,26146
MF1297,ILLUKTENNE,2018,2,807,18030,0,18837,1173
MF1297,ILLUKTENNE,2018,3,1874,28785,0,30659,4936
MF1297,ILLUKTENNE,2018,4,1141,21899,0,23040,1503
MF1297,ILLUKTENNE,2018,5,1269,28030,824,30123,2963.5
MF1297,ILLUKTENNE,2018,6,1480,23485,0,24965,2696
MF1297,ILLUKTENNE,2018,7,1693,35384,0,37077,2367
MF1297,ILLUKTENNE,2018,8,1703,516,28156,30375,2410
MF1297,ILLUKTENNE,2018,9,1313,29653,0,30966,2127
MF1297,ILLUKTENNE,2018,10,1980,34778.5,0,36758.5,2290
MF1297,ILLUKTENNE,2018,11,1825,34380.5,0,36205.5,3137
MF1297,ILLUKTENNE,2018,12,1992,37089,0,39081,3109.5
MF1304,KEHELWALA ,2018,1,2392,38997,0,41389,3583
MF1304,KEHELWALA ,2018,2,1639,27151,0,28790,3371
MF1304,KEHELWALA ,2018,3,2612,47495,0,50107,5586
MF1304,KEHELWALA ,2018,4,2153,35904,0,38057,5148
MF1304,KEHELWALA ,2018,5,2670,41366,0,44036,5541
MF1304,KEHELWALA ,2018,6,2253,29968,0,32221,5003
MF1304,KEHELWALA ,2018,7,2403.5,40402,0,42805.5,6261
MF1304,KEHELWALA ,2018,8,2307,29503.5,0,31810.5,3477
MF1304,KEHELWALA ,2018,9,2294,44338.5,0,46632.5,5263
MF1304,KEHELWALA ,2018,10,2403,44846,0,47249,7113
MF1304,KEHELWALA ,2018,11,2353,39238,0,41591,7163
MF1304,KEHELWALA ,2018,12,2006,44388,0,46394,5112
MF1308,New Udakada,2018,1,0,23620,0,23620,1890
MF1308,New Udakada,2018,2,0,16469,0,16469,1317
MF1308,New Udakada,2018,3,0,23720,0,23720,1898
MF1308,New Udakada,2018,4,0,19833,0,19833,1587
MF1308,New Udakada,2018,5,0,25678,0,25678,2054
MF1308,New Udakada,2018,6,0,19086,0,19086,1527
MF1308,New Udakada,2018,7,0,20533,0,20533,1653
MF1308,New Udakada,2018,8,0,19083,0,19083,1526
MF1308,New Udakada,2018,9,0,14937,0,14937,1194
MF1308,New Udakada,2018,10,0,25295,0,25295,2024
MF1308,New Udakada,2018,11,0,23086,0,23086,1847
MF1308,New Udakada,2018,12,0,25275,0,25275,2022
MF1316,Kolonna,2018,1,0,57554,0,57554,5120
MF1316,Kolonna,2018,2,0,45903,0,45903,4540
MF1316,Kolonna,2018,3,0,65687,0,65687,6831
MF1316,Kolonna,2018,4,0,60917,0,60917,6384
MF1316,Kolonna,2018,5,0,77379,0,77379,8554
MF1316,Kolonna,2018,6,0,55117,0,55117,6126
MF1316,Kolonna,2018,7,0,70582,0,70582,7680
MF1316,Kolonna,2018,8,0,63621,0,63621,6786
MF1316,Kolonna,2018,9,0,58379,0,58379,6819
MF1316,Kolonna,2018,10,0,78137,0,78137,8595
MF1316,Kolonna,2018,11,0,78227,0,78227,8675
MF1316,Kolonna,2018,12,0,77060,0,77060,8530
MF1317,Deshika,2018,1,0,78100,0,78100,3459
MF1317,Deshika,2018,2,0,57872,0,57872,2721
MF1317,Deshika,2018,3,0,77034,0,77034,3855
MF1317,Deshika,2018,4,0,68251,0,68251,3088
MF1317,Deshika,2018,5,0,80726,0,80726,4803
MF1317,Deshika,2018,6,0,52125,0,52125,3063
MF1317,Deshika,2018,7,0,74843,0,74843,4530
MF1317,Deshika,2018,8,0,48148,0,48148,3095
MF1317,Deshika,2018,9,0,41255,0,41255,2616
MF1317,Deshika,2018,10,0,73017,0,73017,4682
MF1317,Deshika,2018,11,0,82058,0,82058,5237
MF1317,Deshika,2018,12,0,77545,0,77545,4949
MF1343,Kongahawatte,2018,1,0,73824,0,73824,9068
MF1343,Kongahawatte,2018,2,0,54587,0,54587,5362
MF1343,Kongahawatte,2018,3,0,80797,0,80797,7675
MF1343,Kongahawatte,2018,4,0,65887,0,65887,5355
MF1343,Kongahawatte,2018,5,0,88902,0,88902,9136
MF1343,Kongahawatte,2018,6,0,52539,0,52539,4529
MF1343,Kongahawatte,2018,7,0,65635,0,65635,6488
MF1343,Kongahawatte,2018,8,0,66173,0,66173,7353
MF1343,Kongahawatte,2018,9,0,66453,0,66453,5995
MF1343,Kongahawatte,2018,10,0,90999,0,90999,8374
MF1343,Kongahawatte,2018,11,0,72575,0,72575,7161
MF1343,Kongahawatte,2018,12,0,94845,0,94845,9380
MF1354,Peak Paradise,2018,1,0,41068,0,41068,1642
MF1354,Peak Paradise,2018,2,0,35600,0,35600,1424
MF1354,Peak Paradise,2018,3,0,69724,0,69724,2788
MF1354,Peak Paradise,2018,4,0,48146,0,48146,1926
MF1354,Peak Paradise,2018,5,0,60358,0,60358,2415
MF1354,Peak Paradise,2018,6,0,43593,0,43593,9276
MF1354,Peak Paradise,2018,7,0,49086,0,49086,1963
MF1354,Peak Paradise,2018,8,0,44875,0,44875,1795
MF1354,Peak Paradise,2018,9,0,34935,0,34935,1398
MF1354,Peak Paradise,2018,10,0,52970,0,52970,2120
MF1354,Peak Paradise,2018,11,0,45644,0,45644,1825
MF1354,Peak Paradise,2018,12,0,55448,0,55448,2218
MF1363,New Nawalakanda,2018,1,0,167615,0,167615,21658
MF1363,New Nawalakanda,2018,2,0,129683,0,129683,12883
MF1363,New Nawalakanda,2018,3,0,192707,0,192707,20473
MF1363,New Nawalakanda,2018,4,0,170731,0,170731,19401
MF1363,New Nawalakanda,2018,5,0,219637.9,0,219637.9,26493
MF1363,New Nawalakanda,2018,6,0,179872,0,179872,22300
MF1363,New Nawalakanda,2018,7,0,158677,0,158677,19854
MF1363,New Nawalakanda,2018,8,0,116721,0,116721,12938
MF1363,New Nawalakanda,2018,9,0,119326,0,119326,12533
MF1363,New Nawalakanda,2018,10,0,178583,0,178583,18510
MF1363,New Nawalakanda,2018,11,0,147363,0,147363,16027
MF1363,New Nawalakanda,2018,12,0,170314,0,170314,19981
MF1365,Nawagamuwahena,2018,1,0,167615,0,167615,21658
MF1365,Nawagamuwahena,2018,2,0,50132,0,50132,3442
MF1365,Nawagamuwahena,2018,3,0,73444,0,73444,5899
MF1365,Nawagamuwahena,2018,4,0,63157,0,63157,5074
MF1365,Nawagamuwahena,2018,5,0,88129,0,88129,7081
MF1365,Nawagamuwahena,2018,6,0,54062,0,54062,4340
MF1365,Nawagamuwahena,2018,7,0,70699,0,70699,5681
MF1365,Nawagamuwahena,2018,8,0,59185,0,59185,4753
MF1365,Nawagamuwahena,2018,9,0,55299,0,55299,4442
MF1365,Nawagamuwahena,2018,10,0,79679,0,79679,6399
MF1365,Nawagamuwahena,2018,11,0,72527,0,72527,5826
MF1365,Nawagamuwahena,2018,12,0,69822,0,69822,5607
MF1368,New Temple View,2018,1,0,44183,0,44183,4623
MF1368,New Temple View,2018,2,0,33199,0,33199,3474
MF1368,New Temple View,2018,3,0,48061,0,48061,5030
MF1368,New Temple View,2018,4,0,41192,0,41192,4311
MF1368,New Temple View,2018,5,0,52536,0,52536,5498
MF1368,New Temple View,2018,6,0,38087,0,38087,2973
MF1368,New Temple View,2018,7,0,38476,0,38476,3002
MF1368,New Temple View,2018,8,0,34370,0,34370,2682
MF1368,New Temple View,2018,9,0,26987,0,26987,2106
MF1368,New Temple View,2018,10,0,46831,0,46831,3655
MF1368,New Temple View,2018,11,0,40441,0,40441,3157
MF1368,New Temple View,2018,12,0,48080,0,48080,3739
MF1381,Sannasgama,2018,1,0,33662,0,33662,3631
MF1381,Sannasgama,2018,2,0,22127,0,22127,2163
MF1381,Sannasgama,2018,3,0,0,25265,25265,2666
MF1381,Sannasgama,2018,4,0,17271,0,17271,1787
MF1381,Sannasgama,2018,5,0,0,29271,29271,3281
MF1381,Sannasgama,2018,6,0,12668,0,12668,1485
MF1381,Sannasgama,2018,7,0,10495,0,10495,1391
MF1381,Sannasgama,2018,8,0,7842,0,7842,952
MF1381,Sannasgama,2018,9,0,3307.5,0,3307.5,390
MF1381,Sannasgama,2018,10,0,4828,0,4828,633
MF1381,Sannasgama,2018,11,0,9931,0,9931,1341
MF1381,Sannasgama,2018,12,0,1338.5,0,1338.5,69
MF1387,A.C.U.,2018,1,0,25273,0,25273,1763
MF1387,A.C.U.,2018,2,0,14793,0,14793,1032
MF1387,A.C.U.,2018,3,0,25409,0,25409,1773
MF1387,A.C.U.,2018,4,0,22209,0,22209,1550
MF1387,A.C.U.,2018,5,0,25935,0,25935,1810
MF1387,A.C.U.,2018,6,0,20232,0,20232,1480
MF1387,A.C.U.,2018,7,0,21220,0,21220,1552
MF1387,A.C.U.,2018,8,0,21421,0,21421,1568
MF1387,A.C.U.,2018,9,0,17689,0,17689,1294
MF1387,A.C.U.,2018,10,0,38007,0,38007,2781
MF1387,A.C.U.,2018,11,0,36799,0,36799,2592
MF1387,A.C.U.,2018,12,0,43517,0,43517,3184
MF1392,Hidellana,2018,1,0,78775,0,78775,4355
MF1392,Hidellana,2018,2,0,57465,0,57465,5120
MF1392,Hidellana,2018,3,0,96516,0,96516,4955
MF1392,Hidellana,2018,4,0,71598,0,71598,5779
MF1392,Hidellana,2018,5,0,89570,0,89570,6270
MF1392,Hidellana,2018,6,0,69126,0,69126,3255
MF1392,Hidellana,2018,7,0,82829,0,82829,6467
MF1392,Hidellana,2018,8,0,72228,0,72228,6555
MF1392,Hidellana,2018,9,0,62507,0,62507,5427
MF1392,Hidellana,2018,10,0,84907,0,84907,8802
MF1392,Hidellana,2018,11,0,79923,0,79923,8533
MF1392,Hidellana,2018,12,0,88234,0,88234,8793
MF1397,New Ferndale,2018,1,0,34575,0,34575,4847
MF1397,New Ferndale,2018,2,0,24911,0,24911,3417
MF1397,New Ferndale,2018,3,0,30183,0,30183,4134
MF1397,New Ferndale,2018,4,0,34301,0,34301,4692
MF1397,New Ferndale,2018,5,0,47262,0,47262,6512
MF1397,New Ferndale,2018,6,0,31506,0,31506,4315
MF1397,New Ferndale,2018,7,0,36099,0,36099,4937
MF1397,New Ferndale,2018,8,0,31114,0,31114,4284
MF1397,New Ferndale,2018,9,0,34440,0,34440,4721
MF1397,New Ferndale,2018,10,0,45886,0,45886,6282
MF1397,New Ferndale,2018,11,0,47740,0,47740,6556
MF1397,New Ferndale,2018,12,0,36342,0,36342,4981
MF1418,Doralawitiyahena,2018,1,0,44226,0,44226,3505
MF1418,Doralawitiyahena,2018,2,0,32011,0,32011,2375
MF1418,Doralawitiyahena,2018,3,0,48413,0,48413,4737
MF1418,Doralawitiyahena,2018,4,0,42899,0,42899,3672
MF1418,Doralawitiyahena,2018,5,0,54818,0,54818,5696
MF1418,Doralawitiyahena,2018,6,0,35961,0,35961,3655
MF1418,Doralawitiyahena,2018,7,0,43708,0,43708,4500
MF1418,Doralawitiyahena,2018,8,0,33570,0,33570,3068
MF1418,Doralawitiyahena,2018,9,0,16814,0,16814,2714
MF1418,Doralawitiyahena,2018,10,0,37265,0,37265,4000
MF1418,Doralawitiyahena,2018,11,0,32135,0,32135,3300
MF1418,Doralawitiyahena,2018,12,0,38136,0,38136,4553
MF1432, Sri Samaneliya,2018,1,0,55563,0,55563,4770
MF1432, Sri Samaneliya,2018,2,7746,52327,0,60073,4438
MF1432, Sri Samaneliya,2018,3,12254,85733,0,97987,6826
MF1432, Sri Samaneliya,2018,4,0,60153,600,60753,519
MF1432, Sri Samaneliya,2018,5,0,76682,0,76682,6558
MF1432, Sri Samaneliya,2018,6,0,0,913,913,5170
MF1432, Sri Samaneliya,2018,7,0,97292,929,98221,8442
MF1432, Sri Samaneliya,2018,8,0,60296,869,61165,5228
MF1432, Sri Samaneliya,2018,9,1320,41021,0,42341,3552
MF1436,New Wewelkandura,2018,1,0,80451,0,80451,10417
MF1436,New Wewelkandura,2018,2,0,56860,0,56860,4226
MF1436,New Wewelkandura,2018,3,0,76089,0,76089,11083
MF1436,New Wewelkandura,2018,4,0,72570,0,72570,10086
MF1436,New Wewelkandura,2018,7,0,38633,0,38633,4295
MF1436,New Wewelkandura,2018,8,0,32065,0,32065,3884
MF1436,New Wewelkandura,2018,9,0,29818,0,29818,3131
MF1436,New Wewelkandura,2018,10,0,12405,0,12405,1288
MF1436,New Wewelkandura,2018,11,0,14335,0,14335,1302
MF1436,New Wewelkandura,2018,12,0,16115.4,0,16115.4,19981
MF1440,Nivithigala,2018,1,0,66851,0,66851,5017
MF1440,Nivithigala,2018,2,0,48772,0,48772,3772
MF1440,Nivithigala,2018,3,0,68659,0,68659,5668
MF1440,Nivithigala,2018,4,0,57456,0,57456,4321
MF1440,Nivithigala,2018,5,0,74991,0,74991,5616
MF1440,Nivithigala,2018,6,0,54547,0,54547,4092
MF1440,Nivithigala,2018,7,0,65225,0,65225,4833
MF1440,Nivithigala,2018,8,0,64523,0,64523,4751
MF1440,Nivithigala,2018,9,0,47429,0,47429,3701
MF1440,Nivithigala,2018,10,0,70665,0,70665,5311
MF1440,Nivithigala,2018,11,0,63082,0,63082,4747
MF1440,Nivithigala,2018,12,0,63588,0,63588,4112
MF1441,Falcon,2018,1,0,83651,0,83651,7469
MF1441,Falcon,2018,2,0,59200,0,59200,5300
MF1441,Falcon,2018,3,0,99826,0,99826,8680
MF1441,Falcon,2018,4,0,79310,0,79310,6898
MF1441,Falcon,2018,5,0,112046,0,112046,12380
MF1441,Falcon,2018,6,0,93980,0,93980,10500
MF1441,Falcon,2018,7,0,101240,0,101240,11075
MF1441,Falcon,2018,8,0,94290,0,94290,10468
MF1441,Falcon,2018,9,0,69040,0,69040,4406
MF1441,Falcon,2018,10,0,110290,0,110290,7040
MF1441,Falcon,2018,11,0,97970,0,97970,6225
MF1441,Falcon,2018,12,0,110430,0,110430,7048
MF1442,Veddagala,2018,1,0,59513,0,59513,4473
MF1442,Veddagala,2018,2,0,41649,0,41649,3121
MF1442,Veddagala,2018,3,0,65695,0,65695,4928
MF1442,Veddagala,2018,4,0,47313,920,48233,3550
MF1442,Veddagala,2018,5,0,63419,0,63419,4636
MF1442,Veddagala,2018,6,0,38821,0,38821,2750
MF1442,Veddagala,2018,7,0,51938,0,51938,3813
MF1442,Veddagala,2018,8,850,59906.5,0,60756.5,4482
MF1442,Veddagala,2018,9,0,59515,0,59515,4321
MF1442,Veddagala,2018,10,0,78717.5,0,78717.5,5907
MF1442,Veddagala,2018,11,0,67798.5,0,67798.5,5044
MF1442,Veddagala,2018,12,0,72758,0,72758,5459
MF1445,Menik Valley,2018,1,0,53557,0,53557,3405
MF1445,Menik Valley,2018,2,0,41143,0,41143,3219
MF1445,Menik Valley,2018,3,0,76707,0,76707,8508
MF1445,Menik Valley,2018,4,0,54280,0,54280,6028
MF1445,Menik Valley,2018,5,0,83109,0,83109,6220
MF1445,Menik Valley,2018,6,0,47454,0,47454,5157
MF1445,Menik Valley,2018,7,0,53469,0,53469,4895
MF1445,Menik Valley,2018,8,0,41559,0,41559,4245
MF1445,Menik Valley,2018,9,0,31597,0,31597,3010
MF1445,Menik Valley,2018,10,0,34899,0,34899,4105
MF1445,Menik Valley,2018,11,0,50604,0,50604,6446
MF1445,Menik Valley,2018,12,0,3861,0,3861,463
MF1453,Kalawana,2018,1,0,13444,0,13444,709
MF1453,Kalawana,2018,2,0,11235,0,11235,592
MF1453,Kalawana,2018,3,0,17021,0,17021,896
MF1453,Kalawana,2018,4,0,13864,0,13864,735
MF1453,Kalawana,2018,5,0,34603,0,34603,1812
MF1453,Kalawana,2018,6,0,20857,0,20857,1101
MF1453,Kalawana,2018,7,0,25646,0,25646,1317
MF1453,Kalawana,2018,8,0,16093,0,16093,848
MF1453,Kalawana,2018,9,0,13049,0,13049,686
MF1453,Kalawana,2018,10,0,23292,0,23292,1230
MF1453,Kalawana,2018,11,0,25504,0,25504,2525
MF1453,Kalawana,2018,12,0,36827,0,36827,5455
MF1456,Deerwood,2018,1,0,62420,0,62420,2499
MF1456,Deerwood,2018,2,0,43868,0,43868,1756
MF1456,Deerwood,2018,3,0,80742,0,80742,3231
MF1456,Deerwood,2018,4,0,58565,0,58565,2341
MF1456,Deerwood,2018,5,0,83164,0,83164,3325
MF1456,Deerwood,2018,6,0,54609,0,54609,2183
MF1456,Deerwood,2018,7,0,66969,0,66969,2678
MF1456,Deerwood,2018,8,0,52102,0,52102,2086
MF1456,Deerwood,2018,9,0,59539,0,59539,2383
MF1456,Deerwood,2018,10,0,67245,0,67245,2689
MF1456,Deerwood,2018,11,0,61588,0,61588,2464
MF1456,Deerwood,2018,12,0,67875,0,67875,2713
MF1458,Seron,2018,1,0,32427,0,32427,2437
MF1458,Seron,2018,2,0,20678,0,20678,1557
MF1458,Seron,2018,3,0,26421,0,26421,1992
MF1458,Seron,2018,4,0,24350,0,24350,1814
MF1458,Seron,2018,5,19913,0,0,19913,1347
MF1458,Seron,2018,6,0,16919,0,16919,1207
MF1458,Seron,2018,7,0,32474,0,32474,2557
MF1458,Seron,2018,8,0,19642,0,19642,1475
MF1458,Seron,2018,9,0,28021,0,28021,2100
MF1458,Seron,2018,10,0,42044,0,42044,3143
MF1458,Seron,2018,11,0,28549,0,28549,2121
MF1458,Seron,2018,12,0,27470,0,27470,2064
MF1459,New Laksakanda,2018,1,1390,52085,0,53475,4426
MF1459,New Laksakanda,2018,2,0,39487,0,39487,3371
MF1459,New Laksakanda,2018,3,0,68680,0,68680,5834
MF1459,New Laksakanda,2018,4,0,52903,0,52903,4436
MF1459,New Laksakanda,2018,5,0,80658,0,80658,6829
MF1459,New Laksakanda,2018,6,0,71758,0,71758,6612
MF1459,New Laksakanda,2018,7,494,80729,0,81223,7527
MF1459,New Laksakanda,2018,8,0,72007,0,72007,4350
MF1459,New Laksakanda,2018,9,0,81093,0,81093,4715
MF1459,New Laksakanda,2018,10,0,96968,0,96968,5551
MF1459,New Laksakanda,2018,11,0,95184,0,95184,5449
MF1459,New Laksakanda,2018,12,0,85984,0,85984,4837
MF1463,Peekview,2018,1,0,101154,0,101154,10995
MF1463,Peekview,2018,2,0,76324,0,76324,6434
MF1463,Peekview,2018,3,0,136251,0,136251,12957
MF1463,Peekview,2018,4,0,111182,0,111182,10136
MF1463,Peekview,2018,5,0,152058,750,152808,13606
MF1463,Peekview,2018,6,0,99596,1000,100596,6689
MF1463,Peekview,2018,7,0,111085,1200,112285,8744
MF1463,Peekview,2018,8,0,88225,1300,89525,7863
MF1463,Peekview,2018,9,0,75708,0,75708,5192
MF1463,Peekview,2018,10,0,125940,0,125940,0
MF1463,Peekview,2018,11,0,115637,250,115887,15890
MF1463,Peekview,2018,12,0,128370,0,128370,11817
MF1466,Tea Lanka,2018,1,0,38492,0,38492,2014
MF1466,Tea Lanka,2018,2,0,29215,0,29215,1371
MF1466,Tea Lanka,2018,3,0,37748,0,37748,1975
MF1466,Tea Lanka,2018,4,0,36305,0,36305,1966
MF1466,Tea Lanka,2018,5,757,46514,0,47271,2433
MF1466,Tea Lanka,2018,6,28565,0,0,28565,1498
MF1466,Tea Lanka,2018,7,0,38968,7237,46205,2044
MF1466,Tea Lanka,2018,8,0,34709,990,35699,1820
MF1466,Tea Lanka,2018,9,0,42287,0,42287,2218
MF1466,Tea Lanka,2018,10,0,55059,0,55059,2880
MF1466,Tea Lanka,2018,11,8979,53451,0,62430,2791
MF1466,Tea Lanka,2018,12,0,53358,0,53358,2786
MF1467,Daduwangala Watte,2018,1,0,65004,0,65004,2708
MF1467,Daduwangala Watte,2018,2,0,62409,0,62409,2941
MF1467,Daduwangala Watte,2018,3,0,77708,0,77708,4090
MF1467,Daduwangala Watte,2018,4,0,61190,0,61190,3221
MF1467,Daduwangala Watte,2018,5,0,99578,0,99578,5241
MF1467,Daduwangala Watte,2018,6,0,84949,0,84949,4471
MF1467,Daduwangala Watte,2018,7,0,82356,0,82356,4335
MF1467,Daduwangala Watte,2018,8,0,71415,0,71415,3759
MF1467,Daduwangala Watte,2018,9,0,62589,0,62589,3294
MF1467,Daduwangala Watte,2018,10,0,103991,0,103991,5473
MF1467,Daduwangala Watte,2018,11,0,83352,0,83352,4387
MF1467,Daduwangala Watte,2018,12,0,100547,0,100547,5292
MF1470,Karawita,2018,1,0,44114,0,44114,5784
MF1470,Karawita,2018,2,0,33958,0,33958,4552
MF1470,Karawita,2018,3,0,57475,0,57475,7531
MF1470,Karawita,2018,4,0,0,49375,49375,4049
MF1470,Karawita,2018,5,0,64825,0,64825,6458
MF1470,Karawita,2018,6,0,38130,0,38130,7977
MF1470,Karawita,2018,7,0,37016,0,37016,7204
MF1470,Karawita,2018,8,0,26536,0,26536,7426
MF1470,Karawita,2018,9,0,25523,0,25523,4862
MF1470,Karawita,2018,10,0,31698,0,31698,5255
MF1470,Karawita,2018,11,0,25808,0,25808,3349
MF1470,Karawita,2018,12,0,32861,0,32861,3998
MF1478,Sanora,2018,1,0,54428,0,54428,4709
MF1478,Sanora,2018,2,0,39666,0,39666,2403
MF1478,Sanora,2018,3,0,65270,0,65270,4162
MF1478,Sanora,2018,4,0,49978,0,49978,3277
MF1478,Sanora,2018,5,0,74800,0,74800,4789
MF1478,Sanora,2018,6,0,46681,0,46681,3780
MF1478,Sanora,2018,7,0,58832,0,58832,4047
MF1478,Sanora,2018,8,0,44004,0,44004,2984
MF1478,Sanora,2018,9,0,43706,0,43706,3847
MF1478,Sanora,2018,10,0,55509,0,55509,4609
MF1478,Sanora,2018,11,0,48249,0,48249,4260
MF1478,Sanora,2018,12,0,52845,0,52845,4053
MF1480,New Hopewell,2018,1,0,165993,0,165993,6488
MF1480,New Hopewell,2018,1,0,40374,0,40374,6488
MF1480,New Hopewell,2018,2,0,143215,0,143215,5318
MF1480,New Hopewell,2018,2,0,27900,0,27900,5318
MF1480,New Hopewell,2018,3,0,143698,0,143698,6087
MF1480,New Hopewell,2018,3,0,50618,0,50618,6087
MF1480,New Hopewell,2018,4,0,143456,0,143456,12012
MF1480,New Hopewell,2018,4,0,43770,0,43770,12012
MF1480,New Hopewell,2018,5,0,183883,0,183883,8026
MF1480,New Hopewell,2018,5,0,70567,0,70567,0
MF1480,New Hopewell,2018,7,0,170098,0,170098,8577
MF1480,New Hopewell,2018,7,0,38500,0,38500,8577
MF1480,New Hopewell,2018,8,0,125777,0,125777,0
MF1480,New Hopewell,2018,8,0,48465,0,48465,9668
MF1480,New Hopewell,2018,9,0,130930,0,130930,0
MF1480,New Hopewell,2018,9,0,43068,0,43068,7892
MF1480,New Hopewell,2018,10,0,178604,0,178604,6000
MF1480,New Hopewell,2018,10,0,47814,0,47814,6000
MF1480,New Hopewell,2018,11,0,0,216890,216890,6055
MF1480,New Hopewell,2018,11,0,61629,0,61629,0
MF1480,New Hopewell,2018,12,0,179873,0,179873,0
MF1480,New Hopewell,2018,12,0,51367,0,51367,4810
MF1483,Galaxy ,2018,1,0,60746,0,60746,4576
MF1483,Galaxy ,2018,2,0,45320,0,45320,2853
MF1483,Galaxy ,2018,3,0,68655,0,68655,4907
MF1483,Galaxy ,2018,4,0,42095,0,42095,3166
MF1483,Galaxy ,2018,5,0,55340,400,55740,4159
MF1483,Galaxy ,2018,6,0,32540,0,32540,2461
MF1483,Galaxy ,2018,7,0,40159,0,40159,3028
MF1483,Galaxy ,2018,8,0,42561,0,42561,2884
MF1483,Galaxy ,2018,9,0,35825,0,35825,2549
MF1483,Galaxy ,2018,10,0,45789,0,45789,3434
MF1483,Galaxy ,2018,11,0,49210,1200,50410,3336
MF1483,Galaxy ,2018,12,0,42153,0,42153,2203
MF1487,Adams View,2018,1,0,49523,0,49523,2700
MF1487,Adams View,2018,2,0,36478,0,36478,2330
MF1487,Adams View,2018,3,0,57495,0,57495,3667
MF1487,Adams View,2018,4,0,43990,0,43990,2802
MF1487,Adams View,2018,5,0,64713,0,64713,1997
MF1487,Adams View,2018,6,0,51649,0,51649,1599
MF1487,Adams View,2018,7,0,57110,0,57110,1763
MF1487,Adams View,2018,8,0,52198,0,52198,1614
MF1487,Adams View,2018,9,0,41853,0,41853,1292
MF1487,Adams View,2018,10,0,66399,0,66399,2055
MF1487,Adams View,2018,11,0,62428,0,62428,1928
MF1487,Adams View,2018,12,0,72222,0,72222,2221
MF1488,Kukuleganga,2018,1,0,38120,0,38120,4731
MF1488,Kukuleganga,2018,2,0,30278,0,30278,1933
MF1488,Kukuleganga,2018,3,0,34838,0,34838,4670
MF1488,Kukuleganga,2018,4,0,28306,0,28306,2865
MF1488,Kukuleganga,2018,5,0,37953,0,37953,4763
MF1488,Kukuleganga,2018,6,0,34096,0,34096,2176
MF1488,Kukuleganga,2018,7,0,38405,0,38405,3457
MF1488,Kukuleganga,2018,8,0,33939,0,33939,3313
MF1488,Kukuleganga,2018,9,0,13545,0,13545,1750
MF1488,Kukuleganga,2018,10,0,20040,0,20040,1279
MF1488,Kukuleganga,2018,11,0,12003,0,12003,766
MF1488,Kukuleganga,2018,12,0,1184,0,1184,75
MF1489,BLUE MOUNT,2018,1,0,95709,0,95709,7211
MF1489,BLUE MOUNT,2018,2,0,89197,0,89197,7132
MF1489,BLUE MOUNT,2018,3,0,117365,0,117365,10972
MF1489,BLUE MOUNT,2018,4,0,106414,0,106414,11151
MF1489,BLUE MOUNT,2018,5,0,128332,0,128332,12088
MF1489,BLUE MOUNT,2018,6,0,77201,0,77201,6532
MF1489,BLUE MOUNT,2018,7,0,108584,0,108584,8888
MF1489,BLUE MOUNT,2018,8,0,79194,0,79194,7779
MF1489,BLUE MOUNT,2018,9,0,89809,0,89809,10578
MF1489,BLUE MOUNT,2018,10,0,105541,0,105541,12681
MF1489,BLUE MOUNT,2018,11,0,105916,0,105916,11712
MF1489,BLUE MOUNT,2018,12,0,85671,0,85671,8929
MF1491,New Doralavitiyahena,2018,1,0,55461,0,55461,5175
MF1491,New Doralavitiyahena,2018,1,0,11433,0,11433,0
MF1491,New Doralavitiyahena,2018,2,0,35882,0,35882,0
MF1491,New Doralavitiyahena,2018,2,0,11752,0,11752,4965
MF1491,New Doralavitiyahena,2018,3,0,59590,0,59590,0
MF1491,New Doralavitiyahena,2018,3,0,18637,0,18637,5152
MF1491,New Doralavitiyahena,2018,4,0,61004,0,61004,0
MF1491,New Doralavitiyahena,2018,4,0,15249,0,15249,4867
MF1491,New Doralavitiyahena,2018,5,0,78838,0,78838,7450
MF1491,New Doralavitiyahena,2018,5,0,14349,0,14349,7450
MF1491,New Doralavitiyahena,2018,6,0,57631,0,57631,5511
MF1491,New Doralavitiyahena,2018,6,0,10776,0,10776,5511
MF1491,New Doralavitiyahena,2018,7,0,52627,0,52627,0
MF1491,New Doralavitiyahena,2018,7,0,17182,0,17182,4420
MF1491,New Doralavitiyahena,2018,8,0,45864,0,45864,3517
MF1491,New Doralavitiyahena,2018,8,0,19081,0,19081,3517
MF1491,New Doralavitiyahena,2018,9,0,33657,0,33657,0
MF1491,New Doralavitiyahena,2018,9,0,16651,0,16651,4528
MF1491,New Doralavitiyahena,2018,10,0,52877,0,52877,0
MF1491,New Doralavitiyahena,2018,10,0,22542,0,22542,9603
MF1491,New Doralavitiyahena,2018,11,0,54279,0,54279,0
MF1491,New Doralavitiyahena,2018,11,0,13269,0,13269,5017
MF1491,New Doralavitiyahena,2018,12,0,51127,0,51127,10390
MF1491,New Doralavitiyahena,2018,12,0,16694,0,16694,10390
MF1493,Golden Valley,2018,1,0,48175,0,48175,3066
MF1493,Golden Valley,2018,2,0,40104,0,40104,2547
MF1493,Golden Valley,2018,3,0,57341,0,57341,3677
MF1493,Golden Valley,2018,4,0,53180,0,53180,3393
MF1493,Golden Valley,2018,5,0,65997,0,65997,5117
MF1493,Golden Valley,2018,6,0,27721,0,27721,1703
MF1493,Golden Valley,2018,7,0,45690,0,45690,2917
MF1493,Golden Valley,2018,8,0,33958,0,33958,2166
MF1493,Golden Valley,2018,9,0,26800,0,26800,3468
MF1493,Golden Valley,2018,10,0,24510,0,24510,2026
MF1493,Golden Valley,2018,11,0,24309,0,24309,1547
MF1493,Golden Valley,2018,12,0,25360,0,25360,1241
MF1495,Nilvin View,2018,1,0,71863,0,71863,2875
MF1495,Nilvin View,2018,2,0,54398,0,54398,2176
MF1495,Nilvin View,2018,3,0,77214,0,77214,3089
MF1495,Nilvin View,2018,4,0,80250,0,80250,3210
MF1495,Nilvin View,2018,5,0,91560,0,91560,3662
MF1495,Nilvin View,2018,6,0,63192,0,63192,2528
MF1495,Nilvin View,2018,7,0,75862,0,75862,3035
MF1495,Nilvin View,2018,8,0,64068,0,64068,2563
MF1495,Nilvin View,2018,9,0,83202,0,83202,3353
MF1495,Nilvin View,2018,10,0,105329,0,105329,4213
MF1495,Nilvin View,2018,11,0,88759,0,88759,3550
MF1495,Nilvin View,2018,12,0,90907,0,90907,3636
MF1496,CO-OP TEA,2018,1,26748,0,0,26748,2958
MF1496,CO-OP TEA,2018,2,21094,0,0,21094,2332
MF1496,CO-OP TEA,2018,3,28906,0,0,28906,3197
MF1496,CO-OP TEA,2018,4,25856,0,0,25856,2861
MF1496,CO-OP TEA,2018,5,31582,0,0,31582,3495
MF1496,CO-OP TEA,2018,6,20857,0,0,20857,2302
MF1496,CO-OP TEA,2018,7,25248,0,0,25248,2791
MF1496,CO-OP TEA,2018,8,21171,0,0,21171,2339
MF1496,CO-OP TEA,2018,9,20143,0,0,20143,2222
MF1496,CO-OP TEA,2018,10,30899,0,0,30899,3420
MF1496,CO-OP TEA,2018,11,30358,0,0,30358,3360
MF1496,CO-OP TEA,2018,12,30828,0,0,30828,3410
MF1515,Geekiyanahena ,2018,1,0,72824,0,72824,6733
MF1515,Geekiyanahena ,2018,2,0,53873,0,53873,4972
MF1515,Geekiyanahena ,2018,3,0,81749,0,81749,7563
MF1515,Geekiyanahena ,2018,4,0,64929,0,64929,6007
MF1515,Geekiyanahena ,2018,5,0,85633,0,85633,7922
MF1515,Geekiyanahena ,2018,6,0,62133,0,62133,5741
MF1515,Geekiyanahena ,2018,7,0,67619,0,67619,6253
MF1515,Geekiyanahena ,2018,8,0,55035,0,55035,5087
MF1515,Geekiyanahena ,2018,9,0,54101,0,54101,4996
MF1515,Geekiyanahena ,2018,10,0,78450,0,78450,7256
MF1515,Geekiyanahena ,2018,11,0,78398,0,78398,7200
MF1515,Geekiyanahena ,2018,12,0,93799,0,93799,8678
MF1519,Parakaduwa,2018,1,0,69406,0,69406,4430
MF1519,Parakaduwa,2018,2,0,62263,0,62263,3974
MF1519,Parakaduwa,2018,3,0,100496,0,100496,5289
MF1519,Parakaduwa,2018,4,0,78021,0,78021,4106
MF1519,Parakaduwa,2018,6,0,87101,0,87101,4585
MF1519,Parakaduwa,2018,7,0,104174,0,104174,5482
MF1519,Parakaduwa,2018,8,0,99216,0,99216,5221
MF1519,Parakaduwa,2018,9,0,77753,0,77753,3239
MF1519,Parakaduwa,2018,10,0,136451,0,136451,5685
MF1519,Parakaduwa,2018,11,0,108214,0,108214,5695
MF1519,Parakaduwa,2018,12,0,114812,0,114812,6042
MF1528,MISA,2018,1,0,118912,0,118912,8942
MF1528,MISA,2018,2,0,107548,0,107548,8082
MF1528,MISA,2018,3,0,144381,0,144381,10408
MF1528,MISA,2018,4,0,137802,0,137802,10359
MF1528,MISA,2018,5,0,162346,0,162346,12182
MF1528,MISA,2018,6,0,99197,0,99197,12460
MF1528,MISA,2018,7,0,133589,0,133589,9667
MF1528,MISA,2018,8,0,92123,0,92123,6922
MF1528,MISA,2018,9,0,119136,0,119136,8933
MF1528,MISA,2018,10,0,151543,0,151543,11364
MF1528,MISA,2018,11,0,131136,0,131136,9850
MF1528,MISA,2018,12,0,147473,0,147473,11081
MF1531,Kolonne Panapitiya,2018,1,0,113306,0,113306,15432
MF1531,Kolonne Panapitiya,2018,2,0,90032,0,90032,12266
MF1531,Kolonne Panapitiya,2018,3,0,129751,0,129751,17678
MF1531,Kolonne Panapitiya,2018,4,0,120758,0,120758,16457
MF1531,Kolonne Panapitiya,2018,5,0,149966,0,149966,20435
MF1531,Kolonne Panapitiya,2018,6,0,115260,0,115260,15702
MF1531,Kolonne Panapitiya,2018,7,0,132505,0,132505,18052
MF1531,Kolonne Panapitiya,2018,8,0,107633,0,107633,14660
MF1531,Kolonne Panapitiya,2018,9,0,96719,0,96719,13121
MF1531,Kolonne Panapitiya,2018,10,0,129238,0,129238,17606
MF1531,Kolonne Panapitiya,2018,11,0,115505,0,115505,15780
MF1531,Kolonne Panapitiya,2018,12,0,133469,0,133469,18200
MF1550,PARADISE,2018,1,0,0,0,0,0
MF1550,PARADISE,2018,2,0,0,0,0,0
MF1550,PARADISE,2018,7,15.2,0,0,15.2,500
MF1550,PARADISE,2018,8,203.8,0,0,203.8,8.2
MF1550,PARADISE,2018,9,204.2,0,0,204.2,6
MF1550,PARADISE,2018,10,357.6,0,0,357.6,14.5
MF1550,PARADISE,2018,11,344,0,0,344,6.2
MF1550,PARADISE,2018,12,0,0,0,0,0
MF1551,Galahitiya,2018,1,0,55178,0,55178,5107
MF1551,Galahitiya,2018,2,0,41141,0,41141,3577
MF1551,Galahitiya,2018,3,0,69198,0,69198,8520
MF1551,Galahitiya,2018,4,0,52902,0,52902,6206
MF1551,Galahitiya,2018,5,0,71688,0,71688,8409
MF1551,Galahitiya,2018,6,0,57000,0,57000,6684
MF1551,Galahitiya,2018,7,0,61095,0,61095,7163
MF1551,Galahitiya,2018,8,0,54427,0,54427,6383
MF1551,Galahitiya,2018,9,0,49091,0,49091,4274
MF1551,Galahitiya,2018,10,0,69012,0,69012,6821
MF1551,Galahitiya,2018,11,0,63838,0,63838,6310
MF1551,Galahitiya,2018,12,0,71528,0,71528,6211
MF1553,New Spring View,2018,1,0,91807,0,91807,5384
MF1553,New Spring View,2018,2,0,64176,0,64176,3868
MF1553,New Spring View,2018,3,0,90097,0,90097,5888
MF1553,New Spring View,2018,4,0,67628,0,67628,4057
MF1553,New Spring View,2018,5,0,95348,0,95348,7628
MF1553,New Spring View,2018,6,0,55218,0,55218,4418
MF1553,New Spring View,2018,7,0,67905,0,67905,4074
MF1553,New Spring View,2018,8,0,67905,0,67905,4074
MF1553,New Spring View,2018,9,0,60770,0,60770,3646
MF1553,New Spring View,2018,10,0,81740,0,81740,6539
MF1553,New Spring View,2018,11,0,75718,0,75718,4543
MF1553,New Spring View,2018,12,0,92995,0,92995,7440
MF1554,Daduwangala CTC,2018,1,0,62863,0,62863,3314
MF1554,Daduwangala CTC,2018,2,24,50428,0,50452,3220
MF1554,Daduwangala CTC,2018,2,0,0,0,0,3220
MF1554,Daduwangala CTC,2018,3,46,87073,0,87119,5561
MF1554,Daduwangala CTC,2018,4,24,73521,0,73545,4695
MF1554,Daduwangala CTC,2018,5,25,70794,0,70819,4520
MF1554,Daduwangala CTC,2018,6,8,61717,0,61725,3940
MF1554,Daduwangala CTC,2018,7,8,70522,0,70530,4502
MF1554,Daduwangala CTC,2018,8,0,58635,0,58635,3743
MF1554,Daduwangala CTC,2018,9,0,50496,0,50496,3223
MF1554,Daduwangala CTC,2018,10,0,69187,0,69187,4416
MF1554,Daduwangala CTC,2018,11,0,67425,0,67425,4304
MF1554,Daduwangala CTC,2018,12,0,63078,0,63078,4026
MF1567,Chamwin Speciality Tea Processing Centre,2018,2,37,0,0,37,3
MF1567,Chamwin Speciality Tea Processing Centre,2018,3,26,0,0,26,1
MF1567,Chamwin Speciality Tea Processing Centre,2018,4,38,0,0,38,3
MF1567,Chamwin Speciality Tea Processing Centre,2018,5,31,0,0,31,2
MF1567,Chamwin Speciality Tea Processing Centre,2018,6,23,0,0,23,2
MF1567,Chamwin Speciality Tea Processing Centre,2018,7,31,0,0,31,2
MF1567,Chamwin Speciality Tea Processing Centre,2018,8,24,0,0,24,2
MF1567,Chamwin Speciality Tea Processing Centre,2018,9,33,0,0,33,2
MF1567,Chamwin Speciality Tea Processing Centre,2018,10,23,0,0,23,1
MF1567,Chamwin Speciality Tea Processing Centre,2018,11,28,0,0,28,2
MF1567,Chamwin Speciality Tea Processing Centre,2018,12,33,0,0,33,2
MF1571,Kamarangapitiya,2018,1,0,0,85859,85859,3664
MF1571,Kamarangapitiya,2018,2,0,67568,0,67568,2935
MF1571,Kamarangapitiya,2018,3,0,86176,0,86176,3976
MF1571,Kamarangapitiya,2018,4,0,71278,0,71278,3259
MF1571,Kamarangapitiya,2018,5,0,83805,0,83805,3757
MF1571,Kamarangapitiya,2018,6,0,50225,0,50225,2156
MF1571,Kamarangapitiya,2018,7,0,59408,0,59408,2713
MF1571,Kamarangapitiya,2018,8,0,46741,0,46741,2066
MF1571,Kamarangapitiya,2018,9,0,47747,0,47747,2180
MF1571,Kamarangapitiya,2018,10,0,77518,0,77518,3543
MF1571,Kamarangapitiya,2018,11,0,74861,0,74861,3205
MF1571,Kamarangapitiya,2018,12,0,74928,0,74928,3267
MF1575,Elapatha,2018,1,0,25987,0,25987,1647
MF1575,Elapatha,2018,2,0,21317,0,21317,1612
MF1575,Elapatha,2018,3,435,28141,0,28576,1764
MF1575,Elapatha,2018,4,0,23067,0,23067,1439
MF1575,Elapatha,2018,5,0,30794,0,30794,2235
MF1575,Elapatha,2018,6,0,25496,0,25496,2204
MF1575,Elapatha,2018,7,0,34078,0,34078,1422
MF1575,Elapatha,2018,8,0,32172,280,32452,1340
MF1575,Elapatha,2018,9,0,18519,0,18519,770
MF1575,Elapatha,2018,10,0,17243,1236,18479,717
MF1575,Elapatha,2018,11,0,14011,0,14011,581
MF1575,Elapatha,2018,12,0,4062,0,4062,109
MF1579,Deraniyagala Tea Shakthi,2018,1,0,14960,0,14960,1126
MF1579,Deraniyagala Tea Shakthi,2018,2,0,10913,0,10913,819
MF1579,Deraniyagala Tea Shakthi,2018,3,0,18759,0,18759,1410
MF1579,Deraniyagala Tea Shakthi,2018,4,0,22764,0,22764,1711
MF1579,Deraniyagala Tea Shakthi,2018,5,0,22149,0,22149,1659
MF1579,Deraniyagala Tea Shakthi,2018,6,0,18321,0,18321,1380
MF1579,Deraniyagala Tea Shakthi,2018,7,0,30727,0,30727,2311
MF1579,Deraniyagala Tea Shakthi,2018,8,0,21780,0,21780,1639
MF1579,Deraniyagala Tea Shakthi,2018,9,0,21425,0,21425,1693
MF1579,Deraniyagala Tea Shakthi,2018,10,0,21518,0,21518,1622
MF1579,Deraniyagala Tea Shakthi,2018,11,0,19015,0,19015,1454
MF1579,Deraniyagala Tea Shakthi,2018,12,0,17173,0,17173,1391
MF1580,Kolonne Kithulgala,2018,1,0,44557.92,0,44557.92,6076.08
MF1580,Kolonne Kithulgala,2018,2,0,36291.2,0,36291.2,4948.8
MF1580,Kolonne Kithulgala,2018,3,0,47864.12,0,47864.12,6526.88
MF1580,Kolonne Kithulgala,2018,4,0,44755.08,0,44755.08,6102.92
MF1580,Kolonne Kithulgala,2018,5,0,58599.2,0,58599.2,7990.8
MF1580,Kolonne Kithulgala,2018,6,0,45598.08,0,45598.08,6217.92
MF1580,Kolonne Kithulgala,2018,7,0,44998.8,0,44998.8,6136.2
MF1580,Kolonne Kithulgala,2018,8,0,36197.92,0,36197.92,4936.08
MF1580,Kolonne Kithulgala,2018,9,0,31978.32,0,31978.32,4360.68
MF1580,Kolonne Kithulgala,2018,10,0,46216.72,0,46216.72,6302.28
MF1580,Kolonne Kithulgala,2018,11,0,43281.04,0,43281.04,5901.96
MF1580,Kolonne Kithulgala,2018,12,0,47416.16,0,47416.16,6465.84
MF1591,Ethoya Waththa,2018,1,26788,3075,0,29863,2588
MF1591,Ethoya Waththa,2018,2,18039,1734,0,19773,1709
MF1591,Ethoya Waththa,2018,3,22578,13269,0,35847,3102
MF1591,Ethoya Waththa,2018,4,19794,12836,0,32630,2827
MF1591,Ethoya Waththa,2018,5,23692,15386,0,39078,3383
MF1591,Ethoya Waththa,2018,6,21822,11540,0,33362,2885
MF1591,Ethoya Waththa,2018,7,24636,13178,0,37814,3270
MF1591,Ethoya Waththa,2018,8,23730,10521,0,34251,2962
MF1591,Ethoya Waththa,2018,9,19454,15254,0,34708,2603
MF1591,Ethoya Waththa,2018,10,25689,24050,0,49739,4325
MF1591,Ethoya Waththa,2018,11,23056,20212,0,43268,3749
MF1591,Ethoya Waththa,2018,12,28037,22840,0,50877,4427
MF1592,Super Leaf ,2018,1,267915,0,0,267915,1565
MF1592,Super Leaf ,2018,2,15040,0,0,15040,1476
MF1592,Super Leaf ,2018,3,24852,0,0,24852,2833
MF1592,Super Leaf ,2018,4,21384,0,0,21384,2471
MF1592,Super Leaf ,2018,5,22243,0,0,22243,3977
MF1592,Super Leaf ,2018,6,16435,0,0,16435,1843
MF1592,Super Leaf ,2018,7,22676,0,0,22676,2460
MF1592,Super Leaf ,2018,8,14449,0,0,14449,1581
MF1592,Super Leaf ,2018,9,20149,0,0,20149,2155
MF1592,Super Leaf ,2018,10,20472,0,0,20472,2216
MF1592,Super Leaf ,2018,11,19424,0,0,19424,2169
RT0507,JAYA LAND,2018,1,0,0,0,0,0
RT0507,JAYA LAND,2018,2,0,0,0,0,14400
RT0507,JAYA LAND,2018,3,0,0,0,0,21600
RT0507,JAYA LAND,2018,4,0,0,0,0,7200
RT0507,JAYA LAND,2018,5,0,0,0,0,14400
RT0507,JAYA LAND,2018,6,0,0,0,0,14400
RT0507,JAYA LAND,2018,7,0,0,0,0,43200
RT0507,JAYA LAND,2018,8,0,0,0,0,36000
RT0507,JAYA LAND,2018,9,0,0,0,0,43200
RT0507,JAYA LAND,2018,10,0,0,0,0,40000
RT0507,JAYA LAND,2018,11,0,0,0,0,58500
RT0507,JAYA LAND,2018,12,1310,0,0,1310,54500
BF0143,Templevally,2017,1,0,27485,0,27485,3136
BF0143,Templevally,2017,2,0,20403,0,20403,1697
BF0143,Templevally,2017,3,0,29470,0,29470,2416
BF0143,Templevally,2017,4,0,31906,0,31906,2540
BF0143,Templevally,2017,5,0,29064,0,29064,2322
BF0143,Templevally,2017,6,0,31646,0,31646,3218
BF0143,Templevally,2017,7,0,27682,0,27682,3132
BF0143,Templevally,2017,8,0,27793,0,27793,3082
BF0143,Templevally,2017,9,0,31203,0,31203,3234
BF0143,Templevally,2017,10,0,33336,0,33336,3627
BF0143,Templevally,2017,11,0,30273,0,30273,2570
BF0143,Templevally,2017,12,0,23799,0,23799,1860
BF0150,Sherwood ,2017,1,0,66302,0,66302,5031
BF0150,Sherwood ,2017,2,0,53295,0,53295,4046
BF0150,Sherwood ,2017,3,0,77696,0,77696,5872
BF0150,Sherwood ,2017,4,0,84776,0,84776,6445
BF0150,Sherwood ,2017,5,0,90229,0,90229,6817
BF0150,Sherwood ,2017,6,0,71188,0,71188,5408
BF0150,Sherwood ,2017,7,0,50783,0,50783,3852
BF0150,Sherwood ,2017,8,0,35084,0,35084,4807
BF0150,Sherwood ,2017,9,0,57571,0,57571,7868
BF0150,Sherwood ,2017,10,0,62127,0,62127,8501
BF0150,Sherwood ,2017,11,0,59684,0,59684,8162
BF0150,Sherwood ,2017,12,0,55691,0,55691,7624
BF0155,GANGALAGAMUWA,2017,1,0,47432,0,47432,2783
BF0155,GANGALAGAMUWA,2017,2,0,36388,0,36388,2126
BF0155,GANGALAGAMUWA,2017,3,0,41297,0,41297,2423
BF0155,GANGALAGAMUWA,2017,4,0,47599,0,47599,2781
BF0155,GANGALAGAMUWA,2017,5,0,40579,0,40579,2383
BF0155,GANGALAGAMUWA,2017,6,0,45284,0,45284,2646
BF0155,GANGALAGAMUWA,2017,7,0,39870,0,39870,2339
BF0155,GANGALAGAMUWA,2017,8,0,38685,0,38685,2272
BF0155,GANGALAGAMUWA,2017,9,0,31112,0,31112,1811
BF0155,GANGALAGAMUWA,2017,10,0,35366,0,35366,2059
BF0155,GANGALAGAMUWA,2017,11,0,48965,0,48965,2850
BF0155,GANGALAGAMUWA,2017,12,0,62367,0,62367,3630
HT0002,ECO,2017,12,138.34,0,0,138.34,5
MF0030,Noragalla ,2017,1,0,0,0,0,0
MF0030,Noragalla ,2017,2,0,0,0,0,0
MF0030,Noragalla ,2017,3,0,0,0,0,0
MF0030,Noragalla ,2017,4,0,0,0,0,0
MF0030,Noragalla ,2017,5,0,0,0,0,0
MF0030,Noragalla ,2017,7,0,0,0,0,0
MF0030,Noragalla ,2017,8,0,0,0,0,0
MF0030,Noragalla ,2017,9,0,0,0,0,0
MF0030,Noragalla ,2017,10,0,0,0,0,0
MF0030,Noragalla ,2017,11,0,0,0,0,0
MF0030,Noragalla ,2017,12,0,0,0,0,0
MF0083,Rilhena ,2017,1,5524,40360,0,45884,6638
MF0083,Rilhena ,2017,2,4402,33338,0,37740,4718
MF0083,Rilhena ,2017,3,7151,33015,0,40166,4664
MF0083,Rilhena ,2017,4,6758,40556,0,47314,6470
MF0083,Rilhena ,2017,5,5961,28433,0,34394,6176
MF0083,Rilhena ,2017,6,4813,37621,0,42434,6088
MF0083,Rilhena ,2017,7,4791,22327,0,27118,3992
MF0083,Rilhena ,2017,8,5800,23582,0,29382,2500
MF0083,Rilhena ,2017,9,6528,25827,0,32355,3231
MF0083,Rilhena ,2017,10,14,41305,0,41319,5161
MF0083,Rilhena ,2017,11,0,45482,0,45482,5519
MF0083,Rilhena ,2017,12,0,40807,0,40807,5112
MF0085,Noori ,2017,1,277,36293,0,36570,4376
MF0085,Noori ,2017,2,166,29575,0,29741,3563
MF0085,Noori ,2017,3,388,46132,0,46520,2974
MF0085,Noori ,2017,4,652,45162,0,45814,3272
MF0085,Noori ,2017,5,270,38821,0,39091,2675
MF0085,Noori ,2017,6,541,41824,0,42365,2385
MF0085,Noori ,2017,7,473,38185,0,38658,2280
MF0085,Noori ,2017,8,583,39419,0,40002,2357
MF0085,Noori ,2017,9,709,30826,0,31535,1957
MF0085,Noori ,2017,10,570,41933,0,42503,2165
MF0085,Noori ,2017,11,800,48030,0,48830,2280
MF0085,Noori ,2017,12,694,51241,0,51935,2603
MF0103,Opatha ,2017,1,6573,17011,4606,28190,3809
MF0103,Opatha ,2017,2,4171,16795,3014,23980,3010
MF0103,Opatha ,2017,3,6289,16123,3122,25534,2955
MF0103,Opatha ,2017,4,8356,19499,6193,34048,4155
MF0103,Opatha ,2017,5,5324,19138,4227,28689,3160
MF0103,Opatha ,2017,6,6113,22376,5737,34226,3963
MF0103,Opatha ,2017,7,5176,20497,6075,31748,3223
MF0103,Opatha ,2017,8,7205,19005,7395,33605,3345
MF0103,Opatha ,2017,9,7850,14322,10072,32244,3533
MF0103,Opatha ,2017,10,7949,9038,9868,26855,3044
MF0103,Opatha ,2017,11,7704,10427,10066,28197,2516
MF0103,Opatha ,2017,12,8040,9709,9684,27433,2447
MF0104,Wellandura ,2017,1,0,38455.5,0,38455.5,4111
MF0104,Wellandura ,2017,2,0,30538,0,30538,3691
MF0104,Wellandura ,2017,3,0,41930,0,41930,5301
MF0104,Wellandura ,2017,4,0,50045,0,50045,4808
MF0104,Wellandura ,2017,5,0,40260.5,0,40260.5,6083
MF0104,Wellandura ,2017,6,0,40485.5,0,40485.5,6148
MF0104,Wellandura ,2017,7,0,40051.5,0,40051.5,5446
MF0104,Wellandura ,2017,8,0,36855.5,0,36855.5,3885
MF0104,Wellandura ,2017,9,0,34255.5,0,34255.5,4695
MF0104,Wellandura ,2017,10,383,30884.5,60,31327.5,4304
MF0104,Wellandura ,2017,11,0,24889.5,0,24889.5,3033
MF0104,Wellandura ,2017,12,0,22253,0,22253,3338
MF0106,Mahawale ,2017,1,13279,0,0,13279,42662
MF0106,Mahawale ,2017,2,8174,0,0,8174,25215
MF0106,Mahawale ,2017,3,12590,0,0,12590,41119
MF0106,Mahawale ,2017,4,12000,0,0,12000,45004
MF0106,Mahawale ,2017,5,15015,0,0,15015,43594
MF0106,Mahawale ,2017,6,18008,0,0,18008,74728
MF0106,Mahawale ,2017,7,18400,0,0,18400,65193
MF0106,Mahawale ,2017,8,18001,0,0,18001,52911
MF0106,Mahawale ,2017,9,7200,0,0,7200,29172
MF0106,Mahawale ,2017,10,12535,0,0,12535,43343
MF0106,Mahawale ,2017,11,7498,0,0,7498,17237
MF0106,Mahawale ,2017,12,12000,0,0,12000,49608
MF0107,Nilagama ,2017,1,5304,27931,0,33235,4206
MF0107,Nilagama ,2017,2,4694,24545,0,29239,4565
MF0107,Nilagama ,2017,3,6497,31698,0,38195,5373
MF0107,Nilagama ,2017,4,6923,32005,0,38928,3800
MF0107,Nilagama ,2017,5,6411,34044,0,40455,6451
MF0107,Nilagama ,2017,6,6611,75926,0,82537,6513
MF0107,Nilagama ,2017,7,5916,23413,0,29329,4799
MF0107,Nilagama ,2017,8,6387,34460,0,40847,6130
MF0107,Nilagama ,2017,9,6678,34341,0,41019,7001
MF0107,Nilagama ,2017,10,7633,5191,22242,35066,3453
MF0107,Nilagama ,2017,11,8022,4059,22424,34505,3545
MF0107,Nilagama ,2017,12,7444,2351.5,22681,32476.5,3765
MF0108,Poronuwa,2017,1,1674,11733,0,13407,1179
MF0108,Poronuwa,2017,2,1674,9792,0,11466,1361
MF0108,Poronuwa,2017,3,2664,11450,0,14114,1499
MF0108,Poronuwa,2017,4,3515,19606,0,23121,2940
MF0108,Poronuwa,2017,5,2909,10949,0,13858,1603
MF0108,Poronuwa,2017,6,3851,16720,0,20571,3184
MF0108,Poronuwa,2017,7,3247,15575,0,18822,2029
MF0108,Poronuwa,2017,8,4197,12636,0,16833,2553
MF0108,Poronuwa,2017,9,3503,14123,0,17626,1847
MF0108,Poronuwa,2017,10,3367,10772,0,14139,1636
MF0108,Poronuwa,2017,11,1662,3791,0,5453,645
MF0108,Poronuwa,2017,12,3721,0,0,3721,17119
MF0168,ENDANE,2017,1,18937,11732,0,30669,4240
MF0168,ENDANE,2017,2,14311,13597,0,27908,3545
MF0168,ENDANE,2017,3,18793,16850,0,35643,5068
MF0168,ENDANE,2017,4,29163,26558,83,55804,8721
MF0168,ENDANE,2017,5,18017,20450,0,38467,6746
MF0168,ENDANE,2017,6,26844,20168,0,47012,7876
MF0168,ENDANE,2017,7,22218,21855,0,44073,6962
MF0168,ENDANE,2017,8,23646,22014,0,45660,6435
MF0168,ENDANE,2017,9,24405,16183.5,0,40588.5,5127
MF0168,ENDANE,2017,10,25379,13833.5,0,39212.5,4835
MF0168,ENDANE,2017,11,21590,12251,0,33841,4508
MF0168,ENDANE,2017,12,18426,10023,0,28449,3787
MF0181,Ceciliyan ,2017,1,0,168880,0,168880,9866
MF0181,Ceciliyan ,2017,2,2392,102308,0,104700,0
MF0181,Ceciliyan ,2017,3,3130,117391,0,120521,0
MF0181,Ceciliyan ,2017,3,0,197003,0,197003,12701
MF0181,Ceciliyan ,2017,4,3831,137171,0,141002,13970
MF0181,Ceciliyan ,2017,4,0,208262,0,208262,0
MF0181,Ceciliyan ,2017,5,2834,93902,0,96736,9354
MF0181,Ceciliyan ,2017,5,0,170531,0,170531,0
MF0181,Ceciliyan ,2017,6,3537,105930,0,109467,9944
MF0181,Ceciliyan ,2017,6,0,174656,0,174656,0
MF0181,Ceciliyan ,2017,7,4687,125386,0,130073,10024
MF0181,Ceciliyan ,2017,7,0,156338,0,156338,10024
MF0181,Ceciliyan ,2017,8,3222,127571,0,130793,0
MF0181,Ceciliyan ,2017,8,0,158906,0,158906,10139
MF0181,Ceciliyan ,2017,9,4514,113435,0,117949,9628
MF0181,Ceciliyan ,2017,9,0,157147,0,157147,9628
MF0181,Ceciliyan ,2017,10,4014,102935,0,106949,0
MF0181,Ceciliyan ,2017,10,0,172021,0,172021,9764
MF0181,Ceciliyan ,2017,11,3669,112385,0,116054,0
MF0181,Ceciliyan ,2017,11,0,171789,0,171789,10075
MF0181,Ceciliyan ,2017,12,4003,132866,0,136869,10474
MF0181,Ceciliyan ,2017,12,0,162394,0,162394,0
MF0183,New Kandagastenne ,2017,1,0,143887,0,143887,8372
MF0183,New Kandagastenne ,2017,2,0,121672,0,121672,7149
MF0183,New Kandagastenne ,2017,3,0,172026,0,172026,10244
MF0183,New Kandagastenne ,2017,4,0,187627,0,187627,11240
MF0183,New Kandagastenne ,2017,5,0,181275,0,181275,10897
MF0183,New Kandagastenne ,2017,6,0,177261,0,177261,10652
MF0183,New Kandagastenne ,2017,7,0,178689,0,178689,10739
MF0183,New Kandagastenne ,2017,8,0,168870,0,168870,10150
MF0183,New Kandagastenne ,2017,9,0,154518,0,154518,9221
MF0183,New Kandagastenne ,2017,10,0,180359,0,180359,10837
MF0183,New Kandagastenne ,2017,11,0,147985,0,147985,8925
MF0183,New Kandagastenne ,2017,12,0,135820,0,135820,8116
MF0191,Avondale,2017,1,0,23766,0,23766,1837
MF0191,Avondale,2017,2,0,20632,0,20632,1761
MF0191,Avondale,2017,3,0,30044,0,30044,2657
MF0191,Avondale,2017,4,0,39660,0,39660,3647
MF0191,Avondale,2017,5,0,36430,0,36430,3519
MF0191,Avondale,2017,6,0,38585,0,38585,3747
MF0191,Avondale,2017,7,0,46445,0,46445,4711
MF0191,Avondale,2017,8,0,56128,0,56128,5717
MF0191,Avondale,2017,9,0,50536,0,50536,5042
MF0191,Avondale,2017,10,0,62738,0,62738,6700
MF0191,Avondale,2017,11,0,66086,0,66086,6851
MF0191,Avondale,2017,12,0,46948,0,46948,4975
MF0200,Pettiyagalla ,2017,1,19195,393,4975,24563,1761
MF0200,Pettiyagalla ,2017,2,16541.5,324,8232,25097.5,2028
MF0200,Pettiyagalla ,2017,3,24780,3927,15984,44691,3837
MF0200,Pettiyagalla ,2017,4,26512,5613,17343,49468,4084
MF0200,Pettiyagalla ,2017,5,23134,9590,17489,50213,4361
MF0200,Pettiyagalla ,2017,6,17556,7995,14695,40246,3480
MF0200,Pettiyagalla ,2017,7,18289.5,1362,11136,30787.5,2676
MF0200,Pettiyagalla ,2017,8,16882,415,8551,25848,2175
MF0200,Pettiyagalla ,2017,9,17075,936,8122,26133,2392
MF0200,Pettiyagalla ,2017,10,19374,674,15058,35106,3119
MF0200,Pettiyagalla ,2017,11,17494,716,21536,39746,3400
MF0200,Pettiyagalla ,2017,12,15631,485,17659,33775,2798
MF0210,Haughton ,2017,1,4935,4281.5,0,9216.5,922
MF0210,Haughton ,2017,2,4316,3507,0,7823,655
MF0210,Haughton ,2017,3,6641,6569,0,13210,1120
MF0210,Haughton ,2017,4,5786,20289,0,26075,2170
MF0210,Haughton ,2017,5,3320,36840,0,40160,3693
MF0210,Haughton ,2017,6,4064,57317,0,61381,5334
MF0210,Haughton ,2017,7,2497,33164,0,35661,3094
MF0210,Haughton ,2017,8,3977,45123,0,49100,4118
MF0210,Haughton ,2017,9,4145,39205,0,43350,3762
MF0210,Haughton ,2017,10,3932,35951,0,39883,3434
MF0210,Haughton ,2017,11,3857,30124,0,33981,3450
MF0210,Haughton ,2017,12,3929,28325,0,32254,4212
MF0236,Pambagama ,2017,1,10198,15778.5,4514,30490.5,5039
MF0236,Pambagama ,2017,2,6583,9932.5,3606,20121.5,4108
MF0236,Pambagama ,2017,3,8709.1,20437,6260,35406.1,3394
MF0236,Pambagama ,2017,4,17301,31253,8726,57280,5408
MF0236,Pambagama ,2017,5,10392,25224,8861,44477,6760
MF0236,Pambagama ,2017,6,12326,25695,10205,48226,6133
MF0236,Pambagama ,2017,7,12902,29138,7466,49506,6524
MF0236,Pambagama ,2017,8,14742,51922,9615,76279,6222
MF0236,Pambagama ,2017,9,15052,49241,9141,73434,10072
MF0236,Pambagama ,2017,10,16215,49616,14811,80642,9243
MF0236,Pambagama ,2017,11,16270,49565.5,15275,81110.5,7048
MF0236,Pambagama ,2017,12,15389,49891,15017,80297,9006
MF0262,Upper Balangoda,2017,1,794,32516,0,33310,2997
MF0262,Upper Balangoda,2017,2,525,25197,0,25722,2313
MF0262,Upper Balangoda,2017,3,941,42823,0,43764,3937
MF0262,Upper Balangoda,2017,4,788,49931,0,50719,4563
MF0262,Upper Balangoda,2017,5,890,55840,0,56730,5106
MF0262,Upper Balangoda,2017,6,919,43512,0,44431,4133
MF0262,Upper Balangoda,2017,7,628,39308,0,39936,3594
MF0262,Upper Balangoda,2017,8,628,29279,0,29907,2690
MF0262,Upper Balangoda,2017,9,8044,40924,0,48968,3755
MF0262,Upper Balangoda,2017,10,680,40555,0,41235,3710
MF0262,Upper Balangoda,2017,11,528,36777,0,37305,3741
MF0262,Upper Balangoda,2017,12,529,35819,0,36348,3271
MF0263,Wewawatte,2017,1,2720,20310,0,23030,1770
MF0263,Wewawatte,2017,2,2845,15355,0,18200,1550
MF0263,Wewawatte,2017,3,2990,24205,0,27195,2230
MF0263,Wewawatte,2017,4,3240,25550,0,28790,2010
MF0263,Wewawatte,2017,5,2616,33390,0,36006,2814
MF0263,Wewawatte,2017,6,2550,26144,0,28694,2296
MF0263,Wewawatte,2017,7,2100,17475,0,19575,1602
MF0263,Wewawatte,2017,8,1760,11619,0,13379,1070
MF0263,Wewawatte,2017,9,2535,21225,0,23760,1901
MF0263,Wewawatte,2017,10,2605,21703,0,24308,1944
MF0263,Wewawatte,2017,11,2230,22745,0,24975,1995
MF0263,Wewawatte,2017,12,2242,21350,0,23592,1883
MF0285,Hunuwella ,2017,1,4094,8842,2453,15389,1251
MF0285,Hunuwella ,2017,2,3678.5,9625,2019,15322.5,1893
MF0285,Hunuwella ,2017,3,5296,11934,4139.5,21369.5,2236
MF0285,Hunuwella ,2017,4,4943.5,16895,3654,25492.5,2835
MF0285,Hunuwella ,2017,5,4626,17314,2330.5,24270.5,2574
MF0285,Hunuwella ,2017,6,3907,17728,2291,23926,3223
MF0285,Hunuwella ,2017,7,3630,13405,2394,19429,2285
MF0285,Hunuwella ,2017,8,4688,13429,2191.5,20308.5,2503
MF0285,Hunuwella ,2017,9,5519,15753,0,21272,2938
MF0285,Hunuwella ,2017,10,5425,9873.5,0,15298.5,2657
MF0285,Hunuwella ,2017,11,5036,6390,0,11426,1892
MF0285,Hunuwella ,2017,12,5910,7381,0,13291,1819
MF0289,Watapota ,2017,1,0.5,0,0,0.5,21
MF0289,Watapota ,2017,2,2,0,0,2,0
MF0289,Watapota ,2017,3,10.5,0,0,10.5,0
MF0289,Watapota ,2017,4,0,0,0,0,0
MF0289,Watapota ,2017,8,1.5,0,0,1.5,0
MF0289,Watapota ,2017,9,0,0,0,0,0
MF0289,Watapota ,2017,10,1,0,0,1,0
MF0289,Watapota ,2017,11,0,0,0,0,0
MF0289,Watapota ,2017,12,0,0,0,0,0
MF0293,Kelani ,2017,1,1918.5,12146,5865,19929.5,1722
MF0293,Kelani ,2017,2,1294.5,9812,5033,16139.5,1297
MF0293,Kelani ,2017,3,2036,16019.5,7021,25076.5,2219
MF0293,Kelani ,2017,4,3365.5,21696,9153,34214.5,3626
MF0293,Kelani ,2017,5,2611,18171,7941,28723,2154
MF0293,Kelani ,2017,6,2933,18515,8363,29811,1771
MF0293,Kelani ,2017,7,3131,20671,8115,31917,2498
MF0293,Kelani ,2017,8,3262.5,21190,7704,32156.5,2157
MF0293,Kelani ,2017,9,3640,20690,8117,32447,1730
MF0293,Kelani ,2017,10,3993,24991.5,8489,37473.5,1745
MF0293,Kelani ,2017,11,3251.5,27075,8495,38821.5,2353
MF0293,Kelani ,2017,12,3094.25,24548,8243,35885.25,2566
MF0295,Kuttapitiya ,2017,1,0,65050,0,65050,3285
MF0295,Kuttapitiya ,2017,2,900,56055,0,56955,3350
MF0295,Kuttapitiya ,2017,3,480,80473.5,0,80953.5,5070
MF0295,Kuttapitiya ,2017,4,0,84275,0,84275,5495
MF0295,Kuttapitiya ,2017,5,0,79105,0,79105,5285
MF0295,Kuttapitiya ,2017,6,0,78625,0,78625,5275
MF0295,Kuttapitiya ,2017,7,0,75787,0,75787,5040
MF0295,Kuttapitiya ,2017,8,0,77789,0,77789,5275
MF0295,Kuttapitiya ,2017,9,1770,79388,0,81158,5406
MF0295,Kuttapitiya ,2017,10,850,76973,0,77823,5240
MF0295,Kuttapitiya ,2017,11,0,73243,0,73243,8410
MF0295,Kuttapitiya ,2017,12,0,65406,0,65406,5212
MF0296,DOLOSWELLA,2017,1,3682,0,5439,9121,987
MF0296,DOLOSWELLA,2017,2,4269,0,4902,9171,1083
MF0296,DOLOSWELLA,2017,3,5844,0,715,6559,1541
MF0296,DOLOSWELLA,2017,4,5794,0,7443,13237,2190
MF0296,DOLOSWELLA,2017,5,4951,0,6014,10965,1323
MF0296,DOLOSWELLA,2017,6,6369,2234,6997,15600,2150
MF0296,DOLOSWELLA,2017,7,5309,24228,5413,34950,3412
MF0296,DOLOSWELLA,2017,8,7051,30553,7052,44656,4659
MF0296,DOLOSWELLA,2017,9,7411,30331,8598,46340,4819
MF0296,DOLOSWELLA,2017,10,6755,26358,8777,41890,4359
MF0296,DOLOSWELLA,2017,11,5481,37214,7848,50543,6817
MF0296,DOLOSWELLA,2017,12,6209,35539,7579,49327,7097
MF0319,NON PAREIL,2017,1,5303,0,0,5303,336
MF0319,NON PAREIL,2017,2,2505,0,0,2505,161
MF0319,NON PAREIL,2017,3,0,0,0,0,0
MF0319,NON PAREIL,2017,4,0,0,0,0,0
MF0319,NON PAREIL,2017,5,0,0,0,0,0
MF0319,NON PAREIL,2017,6,0,0,0,0,0
MF0353,YATIDERIYA,2017,1,8134,15322.5,1538,24994.5,3498
MF0353,YATIDERIYA,2017,2,6717,10209,1345,18271,2708
MF0353,YATIDERIYA,2017,3,7510,16149.5,1177,24836.5,4292.5
MF0353,YATIDERIYA,2017,4,11958,26903,2589,41450,4168
MF0353,YATIDERIYA,2017,5,8404.5,22979,1375,32758.5,4695
MF0353,YATIDERIYA,2017,6,9979,23297,2043,35319,5162
MF0353,YATIDERIYA,2017,7,9502,24686,1793,35981,5894
MF0353,YATIDERIYA,2017,8,10239,24156,2312,36707,4693
MF0353,YATIDERIYA,2017,9,10982,22811,2071,35864,3926
MF0353,YATIDERIYA,2017,10,12428,20915,2518,35861,5341
MF0353,YATIDERIYA,2017,11,10925,16387,1853,29165,6850
MF0353,YATIDERIYA,2017,12,10372,13688,2231,26291,3714
MF0367,Cecilton ,2017,1,12965,7779,7096,27840,2300
MF0367,Cecilton ,2017,2,13951,6887,7324,28162,2354
MF0367,Cecilton ,2017,3,14552,8940,8058,31550,2667
MF0367,Cecilton ,2017,4,20637,13046,10547,44230,3813
MF0367,Cecilton ,2017,5,19232,16136,9732,45100,4145
MF0367,Cecilton ,2017,6,17496,10509,8430,36435,3487
MF0367,Cecilton ,2017,7,12980,6840,7520,27340,2540
MF0367,Cecilton ,2017,8,8370,3780,8250,20400,1933
MF0367,Cecilton ,2017,9,13195,1970,10685,25850,2453
MF0367,Cecilton ,2017,10,13882,3420,9848,27150,2571
MF0367,Cecilton ,2017,11,12648,3935,14042,30625,2877
MF0367,Cecilton ,2017,12,11880,2730,11802,26412,2508
MF0369,MARATENNE,2017,1,26095,6705,0,32800,2349
MF0369,MARATENNE,2017,2,37303,6837,0,44140,3161
MF0369,MARATENNE,2017,3,40001,6879,0,46880,4388
MF0369,MARATENNE,2017,4,47947,12343,0,60290,6604
MF0369,MARATENNE,2017,5,50291,15782,0,66073,7537
MF0369,MARATENNE,2017,6,41115,14382,0,55497,6503
MF0369,MARATENNE,2017,7,32793,9610,0,42403,5058
MF0369,MARATENNE,2017,8,21467,5382,0,26849,3740
MF0369,MARATENNE,2017,9,32722,6512,0,39234,4930
MF0369,MARATENNE,2017,10,33759,6005,0,39764,4890
MF0369,MARATENNE,2017,11,31503,4712,0,36215,4088
MF0369,MARATENNE,2017,12,29191.5,0,0,29191.5,3787
MF0413,Horamulla ,2017,1,1900,72921,0,74821,8001
MF0413,Horamulla ,2017,2,1440,59860,0,61300,6581
MF0413,Horamulla ,2017,3,2065,78114,0,80179,8574
MF0413,Horamulla ,2017,4,2383,88009,0,90392,9651
MF0413,Horamulla ,2017,5,1668,71822,0,73490,7843
MF0413,Horamulla ,2017,6,2214,95880,0,98094,10499
MF0413,Horamulla ,2017,7,1810,92080,0,93890,10066
MF0413,Horamulla ,2017,8,2118,92859,0,94977,10170
MF0413,Horamulla ,2017,9,2664,93086,0,95750,10235
MF0413,Horamulla ,2017,10,2557,88228,0,90785,9678
MF0413,Horamulla ,2017,11,2264,73620,0,75884,8430
MF0413,Horamulla ,2017,12,2444,67136,0,69580,7731
MF0428,Randola ,2017,1,0,16123,0,16123,831
MF0428,Randola ,2017,2,0,11690,0,11690,605
MF0428,Randola ,2017,3,0,29735,0,29735,1549
MF0428,Randola ,2017,4,0,43605,0,43605,2283
MF0428,Randola ,2017,5,0,60682.6,0,60682.6,5268
MF0428,Randola ,2017,6,0,43208,0,43208,2260
MF0428,Randola ,2017,7,0,29306,0,29306,1527
MF0428,Randola ,2017,8,0,19843,0,19843,1031
MF0428,Randola ,2017,9,0,24936,0,24936,1303
MF0428,Randola ,2017,10,0,33540,0,33540,1754
MF0428,Randola ,2017,11,0,28414,0,28414,1484
MF0428,Randola ,2017,12,0,22635,0,22635,1176
MF0449,Aennen,2017,1,0,33174,0,33174,1026
MF0449,Aennen,2017,2,0,26969,0,26969,834
MF0449,Aennen,2017,3,0,32523,0,32523,2438
MF0449,Aennen,2017,4,0,34864,0,34864,2495
MF0449,Aennen,2017,5,0,29579,0,29579,2217
MF0449,Aennen,2017,6,0,37772,0,37772,2831
MF0449,Aennen,2017,7,0,32800,0,32800,2463
MF0449,Aennen,2017,8,0,37247,0,37247,2803
MF0449,Aennen,2017,9,0,36745,0,36745,2755
MF0449,Aennen,2017,10,0,36500,0,36500,2747
MF0449,Aennen,2017,11,0,35542,0,35542,2658
MF0449,Aennen,2017,12,0,33278,0,33278,2502
MF0472,Ederapolla,2017,1,807,9093.5,3640,13540.5,1219
MF0472,Ederapolla,2017,2,716.5,5538,3567,9821.5,823
MF0472,Ederapolla,2017,3,1002,11180.5,5474,17656.5,1641
MF0472,Ederapolla,2017,4,2062,20720,8014,30796,2415
MF0472,Ederapolla,2017,5,1662.5,17156,6952,25770.5,2220
MF0472,Ederapolla,2017,6,2109,19248,6913,28270,2455
MF0472,Ederapolla,2017,7,1865,20511,7284,29660,2581
MF0472,Ederapolla,2017,8,1920,22698,7284.5,31902.5,2619
MF0472,Ederapolla,2017,9,1568.5,22771,7384,31723.5,2367
MF0472,Ederapolla,2017,10,1957,23681,6027,31665,3897
MF0472,Ederapolla,2017,11,1667,21788,5427,28882,3270
MF0472,Ederapolla,2017,12,2050.5,19627,4584,26261.5,2813
MF0481,Aigburth ,2017,1,8646,19012,0,27658,2775
MF0481,Aigburth ,2017,2,6351,16491,0,22842,1845
MF0481,Aigburth ,2017,3,9437,20139,0,29576,3171
MF0481,Aigburth ,2017,4,12150,41960,0,54110,5223
MF0481,Aigburth ,2017,5,9533,33985,0,43518,5873
MF0481,Aigburth ,2017,6,7266,27647,0,34913,4651
MF0481,Aigburth ,2017,7,5048,15720,0,20768,2707
MF0481,Aigburth ,2017,8,4869,4959,0,9828,1439
MF0481,Aigburth ,2017,9,5823,2967,0,8790,1216
MF0481,Aigburth ,2017,10,6797,5280,0,12077,1750
MF0481,Aigburth ,2017,11,5922,14972,0,20894,15801
MF0481,Aigburth ,2017,12,6552,25149,0,31701,2792
MF0490,Hatherleigh ,2017,1,16965,8711,19972,45648,6822
MF0490,Hatherleigh ,2017,2,13654,6750,18634,39038,6606
MF0490,Hatherleigh ,2017,3,18902,10170,20935,50007,7260
MF0490,Hatherleigh ,2017,4,19845,15223,31397,66465,8995
MF0490,Hatherleigh ,2017,5,15869,13504,27256,56629,7458
MF0490,Hatherleigh ,2017,6,18909,14576,42192,75677,10738
MF0490,Hatherleigh ,2017,7,16045,13158,25284,54487,7385
MF0490,Hatherleigh ,2017,8,16971,11621,19390,47982,6833
MF0490,Hatherleigh ,2017,9,17866,9011,16669,43546,3813
MF0490,Hatherleigh ,2017,10,16858,5254,7530,29642,3973
MF0490,Hatherleigh ,2017,11,15521,656,8169,24346,2972
MF0490,Hatherleigh ,2017,12,15788,3927,9281,28996,3279
MF0546,Springwood,2017,1,604.5,19250,0,19854.5,698
MF0546,Springwood,2017,2,0,12776,0,12776,462
MF0546,Springwood,2017,3,0,27597,0,27597,1452
MF0546,Springwood,2017,4,0,25041,0,25041,1309
MF0546,Springwood,2017,5,0,28180,0,28180,1482
MF0546,Springwood,2017,6,0,26593,0,26593,1448
MF0546,Springwood,2017,7,0,8209,0,8209,432
MF0546,Springwood,2017,8,0,0,0,0,0
MF0546,Springwood,2017,9,0,2943,0,2943,255
MF0546,Springwood,2017,10,0,25194,0,25194,1511
MF0546,Springwood,2017,11,0,31292,0,31292,2503
MF0546,Springwood,2017,12,0,34970,0,34970,2797
MF0574,Sapumalkande ,2017,1,0,56508,0,56508,3124
MF0574,Sapumalkande ,2017,2,0,40735,0,40735,2136
MF0574,Sapumalkande ,2017,3,0,69617,0,69617,2981
MF0574,Sapumalkande ,2017,4,0,86490,0,86490,7213
MF0574,Sapumalkande ,2017,5,0,79643,0,79643,5169
MF0574,Sapumalkande ,2017,6,0,85385,0,85385,4779
MF0574,Sapumalkande ,2017,7,0,85528,0,85528,6223
MF0574,Sapumalkande ,2017,8,0,78131,0,78131,5472
MF0574,Sapumalkande ,2017,9,0,66738,0,66738,5067
MF0574,Sapumalkande ,2017,10,0,67960,0,67960,3965
MF0574,Sapumalkande ,2017,11,0,64809,0,64809,4711
MF0574,Sapumalkande ,2017,12,0,68140,0,68140,5874
MF0594,Boscombe ,2017,1,0,56725,0,56725,5676
MF0594,Boscombe ,2017,2,0,42866,0,42866,4380
MF0594,Boscombe ,2017,3,0,64883,0,64883,6507
MF0594,Boscombe ,2017,4,0,62772,0,62772,6443
MF0594,Boscombe ,2017,5,0,65669,0,65669,6631
MF0594,Boscombe ,2017,6,0,58844,0,58844,6082
MF0594,Boscombe ,2017,7,0,47754,0,47754,4999
MF0594,Boscombe ,2017,8,0,37038,0,37038,4086
MF0594,Boscombe ,2017,9,0,58701,0,58701,6530
MF0594,Boscombe ,2017,10,0,50519,0,50519,5582
MF0594,Boscombe ,2017,11,0,51233,0,51233,5571
MF0594,Boscombe ,2017,12,0,47509,0,47509,5278
MF0600,Alupola ,2017,1,13215,10781,0,23996,3475
MF0600,Alupola ,2017,2,12308,11540,0,23848,2376
MF0600,Alupola ,2017,3,19168,16907,0,36075,2905
MF0600,Alupola ,2017,4,15232,24975,0,40207,3969
MF0600,Alupola ,2017,5,16339,25903,0,42242,2777
MF0600,Alupola ,2017,6,14224,17909,0,32133,1667
MF0600,Alupola ,2017,7,14924,17741,0,32665,1951
MF0600,Alupola ,2017,8,13882,15420,0,29302,1544
MF0600,Alupola ,2017,9,12667,18156,0,30823,3482
MF0600,Alupola ,2017,10,13174,19696,0,32870,1935
MF0600,Alupola ,2017,11,12546,8736,0,21282,1810
MF0600,Alupola ,2017,12,14148,10106,0,24254,4355
MF0619,GALABODDA,2017,1,5860,20083,1248,27191,901
MF0619,GALABODDA,2017,2,5013,18341,1079,24433,704
MF0619,GALABODDA,2017,3,8324,18367,1390,28081,868
MF0619,GALABODDA,2017,4,8354,24608,9744,42706,1624
MF0619,GALABODDA,2017,5,8555,23916,7609,40080,2714
MF0619,GALABODDA,2017,6,9208,8449,1480,19137,1657
MF0619,GALABODDA,2017,7,10385,14767,10251,35403,1455
MF0619,GALABODDA,2017,8,9997,20964,18289,49250,2064
MF0619,GALABODDA,2017,9,10079,20042,16678,46799,2212
MF0619,GALABODDA,2017,10,23835,25734,0,49569,5854.5
MF0619,GALABODDA,2017,10,10500,19749,16425,46674,2261
MF0619,GALABODDA,2017,11,9550,19873,14961,44384,2433
MF0619,GALABODDA,2017,12,10511,22542,15218,48271,2201
MF0623,MEDDAKANDE,2017,1,16064,2572,0,18636,1453
MF0623,MEDDAKANDE,2017,2,14040,1781,0,15821,1370
MF0623,MEDDAKANDE,2017,3,20280,4554,216,25050,2217
MF0623,MEDDAKANDE,2017,4,21225,10407,0,31632,3172
MF0623,MEDDAKANDE,2017,5,18745,14828,537,34110,3512
MF0623,MEDDAKANDE,2017,6,16045,10657,0,26702,2485
MF0623,MEDDAKANDE,2017,7,14102,3182,360,17644,1859
MF0623,MEDDAKANDE,2017,8,14926,3116,291,18333,1805
MF0623,MEDDAKANDE,2017,9,17336,2865,4523,24724,2399
MF0623,MEDDAKANDE,2017,10,10921,2453,1145,14519,1320
MF0623,MEDDAKANDE,2017,11,0,0,0,0,0
MF0623,MEDDAKANDE,2017,12,0,0,0,0,0
MF0624,Wikiliya,2017,1,0,138308,0,138308,5823
MF0624,Wikiliya,2017,2,0,106744,0,106744,4488
MF0624,Wikiliya,2017,3,0,157036,0,157036,6561
MF0624,Wikiliya,2017,4,0,187274,0,187274,7882
MF0624,Wikiliya,2017,5,0,184737,0,184737,7746
MF0624,Wikiliya,2017,6,0,179415,0,179415,7501
MF0624,Wikiliya,2017,7,0,176843,0,176843,7458
MF0624,Wikiliya,2017,8,0,167967,0,167967,7009
MF0624,Wikiliya,2017,9,0,139985,0,139985,5879
MF0624,Wikiliya,2017,10,0,137409,0,137409,5780
MF0624,Wikiliya,2017,11,0,144437,0,144437,6060
MF0624,Wikiliya,2017,12,0,139033,0,139033,5821
MF0625,NEW RASAGALLA,2017,1,26680,2561,0,29241,3728
MF0625,NEW RASAGALLA,2017,2,20343,1433,0,21776,2729
MF0625,NEW RASAGALLA,2017,3,28917,2515,0,31432,3764
MF0625,NEW RASAGALLA,2017,4,30369,7822,0,38191,4917
MF0625,NEW RASAGALLA,2017,5,26794,12524,299,39617,5390
MF0625,NEW RASAGALLA,2017,6,17453,7669,0,25122,3379
MF0625,NEW RASAGALLA,2017,7,19903,1763,349,22015,2860
MF0625,NEW RASAGALLA,2017,8,18700,919,0,19619,2291
MF0625,NEW RASAGALLA,2017,9,18792,1847,1381,22020,2737
MF0625,NEW RASAGALLA,2017,10,13443,1210,0,14653,1631
MF0625,NEW RASAGALLA,2017,11,18838,4316,1590,24744,2366
MF0625,NEW RASAGALLA,2017,12,15866,2995,839,19700,3462.5
MF0626,HALGOLLE,2017,1,17336,19134,0,36470,4758
MF0626,HALGOLLE,2017,2,14043,15150,0,29193,3812
MF0626,HALGOLLE,2017,3,26713,27010,0,53723,7723
MF0626,HALGOLLE,2017,4,35282,40196,0,75478,12950
MF0626,HALGOLLE,2017,5,31343,32078,0,63421,8900
MF0626,HALGOLLE,2017,6,24406,27776,0,52182,5300
MF0626,HALGOLLE,2017,7,27245,29511,0,56756,7297
MF0626,HALGOLLE,2017,8,21710,26997,0,48707,6418
MF0626,HALGOLLE,2017,9,25960,27135,0,53095,6184
MF0626,HALGOLLE,2017,10,20359,25186,1349,46894,4358
MF0626,HALGOLLE,2017,11,24553,31168,1706,57427,7114
MF0626,HALGOLLE,2017,12,19865,30411,1611,51887,5851
MF0659,RYE,2017,1,0,34911,0,34911,2644
MF0659,RYE,2017,2,0,29617,0,29617,2249
MF0659,RYE,2017,3,0,45396,0,45396,3440
MF0659,RYE,2017,4,0,51282,0,51282,3881
MF0659,RYE,2017,5,0,48175,0,48175,3641
MF0659,RYE,2017,6,0,36070,0,36070,2740
MF0659,RYE,2017,7,0,22411,0,22411,1699
MF0659,RYE,2017,8,0,21811,0,21811,2986
MF0659,RYE,2017,9,0,24609,0,24609,3365
MF0659,RYE,2017,10,0,25987,0,25987,3557
MF0659,RYE,2017,11,0,24313,0,24313,3327
MF0659,RYE,2017,12,0,27120,0,27120,3716
MF0686,Keragala,2017,1,0,25568,0,25568,1842
MF0686,Keragala,2017,2,0,18601,0,18601,1321
MF0686,Keragala,2017,3,0,43094,0,43094,3049
MF0686,Keragala,2017,4,0,44913,0,44913,2359
MF0686,Keragala,2017,5,0,32908,0,32908,2109
MF0686,Keragala,2017,6,18380,24556,0,42936,1610
MF0686,Keragala,2017,7,0,8433,0,8433,555
MF0686,Keragala,2017,8,0,27332,0,27332,1744
MF0686,Keragala,2017,9,0,28291,0,28291,1694
MF0686,Keragala,2017,10,0,25347,0,25347,1507
MF0686,Keragala,2017,11,0,15051,0,15051,896
MF0686,Keragala,2017,12,0,10167,0,10167,604
MF0780,HOUPE ,2017,1,9714.5,32827,0,42541.5,5925
MF0780,HOUPE ,2017,2,8001.5,24889,0,32890.5,4475
MF0780,HOUPE ,2017,3,12797,32158,0,44955,6315
MF0780,HOUPE ,2017,4,19582,46421,0,66003,8885
MF0780,HOUPE ,2017,5,13850,34924.5,0,48774.5,9102
MF0780,HOUPE ,2017,6,16212,43688,0,59900,8796
MF0780,HOUPE ,2017,7,16061,34888,0,50949,5416
MF0780,HOUPE ,2017,8,16865,40351.5,0,57216.5,5550
MF0780,HOUPE ,2017,9,16080,42393,0,58473,5097
MF0780,HOUPE ,2017,10,0,45160,0,45160,4957
MF0780,HOUPE ,2017,11,0,36988,0,36988,7281
MF0780,HOUPE ,2017,12,0,39458,0,39458,4838
MF0801,HAPUGASTENNE ,2017,1,9338,1869,0,11207,5267.5
MF0801,HAPUGASTENNE ,2017,2,8287,783,0,9070,4184
MF0801,HAPUGASTENNE ,2017,3,37424,9264,0,46688,6491.5
MF0801,HAPUGASTENNE ,2017,3,9796,2480,0,12276,6491.5
MF0801,HAPUGASTENNE ,2017,4,36232,11649,1750,49631,8864
MF0801,HAPUGASTENNE ,2017,4,12785,7745,0,20530,8864
MF0801,HAPUGASTENNE ,2017,5,39748,32689,0,72437,7989
MF0801,HAPUGASTENNE ,2017,5,0,0,0,0,0
MF0801,HAPUGASTENNE ,2017,6,35569,19292,852,55713,0
MF0801,HAPUGASTENNE ,2017,6,0,0,0,0,6971
MF0801,HAPUGASTENNE ,2017,7,27789,7800,0,35589,5773
MF0801,HAPUGASTENNE ,2017,7,6203,785,0,6988,5773
MF0801,HAPUGASTENNE ,2017,8,13916,6609,0,20525,5803.5
MF0801,HAPUGASTENNE ,2017,8,19207,7315,0,26522,5803.5
MF0801,HAPUGASTENNE ,2017,9,17825,18485,0,36310,0
MF0801,HAPUGASTENNE ,2017,9,12928,11386,0,24314,6190
MF0801,HAPUGASTENNE ,2017,10,2303,4475,0,6778,0
MF0801,HAPUGASTENNE ,2017,11,26963,23439,0,50402,6247
MF0801,HAPUGASTENNE ,2017,11,3711,1932,0,5643,6247
MF0801,HAPUGASTENNE ,2017,12,19290,19907,0,39197,4406
MF0801,HAPUGASTENNE ,2017,12,6705,6829,0,13534,0
MF0903,Maliboda,2017,1,207,2275,0,2482,295
MF0903,Maliboda,2017,2,0,0,0,0,0
MF0903,Maliboda,2017,4,362,25453,0,25815,2756
MF0903,Maliboda,2017,5,381,19989,0,20370,1790
MF0903,Maliboda,2017,6,350,23300,0,23650,2325
MF0903,Maliboda,2017,7,794,31196,0,31990,2973
MF0903,Maliboda,2017,8,804,40101,0,40905,3136
MF0903,Maliboda,2017,9,1193,36197,0,37390,2312
MF0903,Maliboda,2017,10,0,33929,1525,35454,2167
MF0903,Maliboda,2017,11,1504,45001,0,46505,2309
MF0903,Maliboda,2017,12,2026,46172,0,48198,2735
MF0905,Millavitiya ,2017,1,0,18872,0,18872,788
MF0905,Millavitiya ,2017,2,0,21627.5,0,21627.5,902
MF0905,Millavitiya ,2017,3,0,27576,0,27576,1151
MF0905,Millavitiya ,2017,4,0,27403,0,27403,1142
MF0905,Millavitiya ,2017,5,0,29928,0,29928,1250
MF0905,Millavitiya ,2017,6,0,41110,0,41110,1803
MF0905,Millavitiya ,2017,7,0,37634,0,37634,1566
MF0905,Millavitiya ,2017,8,0,35246,0,35246,1505
MF0905,Millavitiya ,2017,9,0,29327,0,29327,1223
MF0905,Millavitiya ,2017,10,0,35411,0,35411,1776
MF0905,Millavitiya ,2017,11,0,41814,0,41814,3577
MF0905,Millavitiya ,2017,12,0,38304,0,38304,3331
MF0906,Palm Garden,2017,1,304,6363,147,6814,706
MF0906,Palm Garden,2017,2,246,4610,105,4961,0
MF0906,Palm Garden,2017,3,250,13357,185,13792,1548
MF0906,Palm Garden,2017,4,400,24473,206,25079,3289
MF0906,Palm Garden,2017,5,448,34763,228,35439,3818
MF0906,Palm Garden,2017,6,433,36100,236,36769,3575
MF0906,Palm Garden,2017,7,142,18267,206,18615,3717
MF0906,Palm Garden,2017,8,122,2724,188,3034,588
MF0906,Palm Garden,2017,9,249,1833,221,2303,252
MF0906,Palm Garden,2017,10,339,6143,154,6636,940
MF0906,Palm Garden,2017,11,344,8769,161,9274,969
MF0906,Palm Garden,2017,12,333,13291,163,13787,1962
MF0909,Allerton,2017,1,316,28521,0,28837,1035
MF0909,Allerton,2017,2,0,20801,0,20801,758
MF0909,Allerton,2017,3,0,25740,0,25740,1168
MF0909,Allerton,2017,4,0,33561,0,33561,1826
MF0909,Allerton,2017,5,0,30310,0,30310,1744
MF0909,Allerton,2017,6,0,31931,0,31931,1595
MF0909,Allerton,2017,7,0,25244,0,25244,1329
MF0909,Allerton,2017,8,829,26513,0,27342,1396
MF0909,Allerton,2017,9,0,23862,0,23862,1472
MF0909,Allerton,2017,10,0,20178,0,20178,1276
MF0909,Allerton,2017,11,0,16602,0,16602,1062
MF0909,Allerton,2017,12,0,9854,0,9854,2113
MF0912,Vardhana,2017,1,0,62484,0,62484,4505
MF0912,Vardhana,2017,2,0,47412,0,47412,4040
MF0912,Vardhana,2017,3,0,49194,0,49194,4734
MF0912,Vardhana,2017,4,0,63391,0,63391,5135
MF0912,Vardhana,2017,5,0,63527,0,63527,5086
MF0912,Vardhana,2017,6,0,65313,0,65313,4961
MF0912,Vardhana,2017,7,0,64214,0,64214,5026
MF0912,Vardhana,2017,8,0,56275,0,56275,4997
MF0912,Vardhana,2017,9,0,60185,0,60185,4888
MF0912,Vardhana,2017,10,0,63332,0,63332,6248
MF0912,Vardhana,2017,11,0,57637,0,57637,5315
MF0912,Vardhana,2017,12,0,49236,0,49236,4346
MF0946,Rajjuruwatta,2017,1,0,30662,0,30662,1842
MF0946,Rajjuruwatta,2017,2,0,25532,0,25532,1532
MF0946,Rajjuruwatta,2017,3,0,29744,0,29744,1788
MF0946,Rajjuruwatta,2017,4,0,38005,0,38005,2279
MF0946,Rajjuruwatta,2017,5,0,33385,0,33385,1668
MF0946,Rajjuruwatta,2017,6,0,37273,0,37273,2049
MF0946,Rajjuruwatta,2017,7,0,39485,0,39485,2367
MF0946,Rajjuruwatta,2017,8,0,47161,0,47161,3157
MF0946,Rajjuruwatta,2017,9,0,37837,0,37837,3088
MF0946,Rajjuruwatta,2017,10,0,35500,0,35500,3089
MF0946,Rajjuruwatta,2017,11,0,31941,0,31941,2772
MF0946,Rajjuruwatta,2017,12,0,30552,0,30552,2654
MF1057,Dedugala,2017,1,0,18440,0,18440,1738
MF1057,Dedugala,2017,2,0,13746,0,13746,1287
MF1057,Dedugala,2017,3,0,22213,0,22213,2144
MF1057,Dedugala,2017,4,0,29161,0,29161,2794
MF1057,Dedugala,2017,5,0,24382,0,24382,2367
MF1057,Dedugala,2017,6,0,26009,0,26009,2127
MF1057,Dedugala,2017,7,0,27658,0,27658,2376
MF1057,Dedugala,2017,8,0,27571,0,27571,2294
MF1057,Dedugala,2017,9,0,24986,0,24986,2244
MF1057,Dedugala,2017,10,0,26538,0,26538,2424
MF1057,Dedugala,2017,11,0,24230,0,24230,2258
MF1057,Dedugala,2017,12,0,22426,0,22426,2040
MF1075,Kadigalahena,2017,1,0,27015,0,27015,3082
MF1075,Kadigalahena,2017,2,0,19283,0,19283,2132
MF1075,Kadigalahena,2017,3,501,34581,0,35082,3845
MF1075,Kadigalahena,2017,4,0,34525,0,34525,3886
MF1075,Kadigalahena,2017,5,0,37012,0,37012,4052
MF1075,Kadigalahena,2017,6,0,40151,0,40151,4430
MF1075,Kadigalahena,2017,7,0,32784,0,32784,3678
MF1075,Kadigalahena,2017,8,0,22184,0,22184,2510
MF1075,Kadigalahena,2017,9,0,24027,0,24027,2683
MF1075,Kadigalahena,2017,10,0,0,0,0,0
MF1075,Kadigalahena,2017,11,0,0,0,0,0
MF1110,Gilimale Tea Shakthi ,2017,4,0,2234,0,2234,199
MF1110,Gilimale Tea Shakthi ,2017,5,0,6521,0,6521,482
MF1110,Gilimale Tea Shakthi ,2017,6,0,4254,0,4254,372
MF1110,Gilimale Tea Shakthi ,2017,7,0,7145,0,7145,362
MF1110,Gilimale Tea Shakthi ,2017,8,0,7626,0,7626,393
MF1110,Gilimale Tea Shakthi ,2017,9,0,0,0,0,0
MF1110,Gilimale Tea Shakthi ,2017,12,0,0,0,0,0
MF1172,New Vithanakanda,2017,1,474,142947,0,143421,14716
MF1172,New Vithanakanda,2017,2,435,125463.5,0,125898.5,15803
MF1172,New Vithanakanda,2017,3,582,151491,800,152873,16534
MF1172,New Vithanakanda,2017,4,718,149915,0,150633,16517
MF1172,New Vithanakanda,2017,5,584,138647.5,0,139231.5,18922
MF1172,New Vithanakanda,2017,6,642,154299.5,0,154941.5,18617
MF1172,New Vithanakanda,2017,7,577,158107.5,0,158684.5,20161
MF1172,New Vithanakanda,2017,8,691,158984,0,159675,20972
MF1172,New Vithanakanda,2017,9,820,151730,0,152550,22228
MF1172,New Vithanakanda,2017,10,758,150774,420,151952,17307
MF1172,New Vithanakanda,2017,11,714,149071,0,149785,20836
MF1172,New Vithanakanda,2017,12,746,143564,0,144310,20410
MF1188,Green Mount,2017,1,0,75575,0,75575,4742
MF1188,Green Mount,2017,2,0,70385,0,70385,4384
MF1188,Green Mount,2017,3,0,108663,0,108663,6676
MF1188,Green Mount,2017,6,0,0,0,0,0
MF1188,Green Mount,2017,7,0,0,0,0,0
MF1188,Green Mount,2017,9,0,6497,0,6497,371
MF1188,Green Mount,2017,10,0,71666,0,71666,4573
MF1188,Green Mount,2017,11,0,58363,0,58363,3932
MF1188,Green Mount,2017,12,0,53176,0,53176,3994
MF1217,GALPADITENNE ,2017,1,0,92036,0,92036,14782
MF1217,GALPADITENNE ,2017,2,0,86595,0,86595,15086
MF1217,GALPADITENNE ,2017,3,2600,230523.5,0,233123.5,23873
MF1217,GALPADITENNE ,2017,3,0,116182.5,0,116182.5,0
MF1217,GALPADITENNE ,2017,4,0,251694,0,251694,21983
MF1217,GALPADITENNE ,2017,4,0,93468,0,93468,0
MF1217,GALPADITENNE ,2017,5,0,249269,0,249269,0
MF1217,GALPADITENNE ,2017,5,0,70026,0,70026,21840
MF1217,GALPADITENNE ,2017,6,0,262774,0,262774,23830
MF1217,GALPADITENNE ,2017,6,0,83716,0,83716,23830
MF1217,GALPADITENNE ,2017,7,0,228832,0,228832,22595
MF1217,GALPADITENNE ,2017,7,0,89727,0,89727,22595
MF1217,GALPADITENNE ,2017,8,0,228305,0,228305,23115
MF1217,GALPADITENNE ,2017,8,0,113250,0,113250,23115
MF1217,GALPADITENNE ,2017,9,2260,213957,0,216217,21886
MF1217,GALPADITENNE ,2017,9,0,106923,0,106923,21886
MF1217,GALPADITENNE ,2017,10,0,115662,0,115662,21490
MF1217,GALPADITENNE ,2017,11,0,198043,0,198043,20740
MF1217,GALPADITENNE ,2017,11,0,105141,0,105141,20740
MF1217,GALPADITENNE ,2017,12,0,215722,0,215722,17050
MF1217,GALPADITENNE ,2017,12,0,90717,0,90717,17050
MF1264,AVISSAWELLA,2017,1,0,0,37733,37733,859
MF1264,AVISSAWELLA,2017,2,0,35896,0,35896,775
MF1264,AVISSAWELLA,2017,3,0,58952,0,58952,1251
MF1264,AVISSAWELLA,2017,4,0,72906,0,72906,1544
MF1264,AVISSAWELLA,2017,5,0,62208,0,62208,1343
MF1264,AVISSAWELLA,2017,6,0,69172,0,69172,1461
MF1264,AVISSAWELLA,2017,7,0,73975,0,73975,1600
MF1264,AVISSAWELLA,2017,8,0,76065,0,76065,1686
MF1264,AVISSAWELLA,2017,9,0,72057,0,72057,1495
MF1264,AVISSAWELLA,2017,10,0,78229,0,78229,1667
MF1264,AVISSAWELLA,2017,11,0,78457,0,78457,1691
MF1264,AVISSAWELLA,2017,12,0,68894,0,68894,1556
MF1266,KENDALANDA,2017,1,592,52703,0,53295,2282
MF1266,KENDALANDA,2017,2,544,40819,0,41363,1848
MF1266,KENDALANDA,2017,3,919,56375,0,57294,2578
MF1266,KENDALANDA,2017,4,834,79151,0,79985,2738
MF1266,KENDALANDA,2017,5,801,75419,0,76220,2657
MF1266,KENDALANDA,2017,6,868,87549,0,88417,2652
MF1266,KENDALANDA,2017,7,697,90423,0,91120,2733
MF1266,KENDALANDA,2017,8,712,91252,0,91964,2758
MF1266,KENDALANDA,2017,9,772,81544,0,82316,2469
MF1266,KENDALANDA,2017,10,598,80942,0,81540,2446
MF1266,KENDALANDA,2017,11,689,83168,0,83857,2515
MF1266,KENDALANDA,2017,12,762,75033,0,75795,2273
MF1281,ST.JOACHIM ,2017,1,1508,10852,0,12360,1248
MF1281,ST.JOACHIM ,2017,2,898,8345,0,9243,706
MF1281,ST.JOACHIM ,2017,3,1464,15379,0,16843,1459
MF1281,ST.JOACHIM ,2017,4,1770,19955,0,21725,2203
MF1281,ST.JOACHIM ,2017,5,1476,19158,0,20634,1766
MF1281,ST.JOACHIM ,2017,6,2096,21506,0,23602,1836
MF1281,ST.JOACHIM ,2017,7,1968,24756,0,26724,1970
MF1281,ST.JOACHIM ,2017,8,2021,22809,0,24830,1860
MF1281,ST.JOACHIM ,2017,9,2043,22698,0,24741,1955
MF1281,ST.JOACHIM ,2017,10,1583,25007,0,26590,2094
MF1281,ST.JOACHIM ,2017,11,1643,27313,0,28956,2062
MF1281,ST.JOACHIM ,2017,12,1583,22157,0,23740,1517
MF1284,NEW PANAWENNA ,2017,1,0,40016,0,40016,4227
MF1284,NEW PANAWENNA ,2017,2,0,31201,0,31201,3136
MF1284,NEW PANAWENNA ,2017,3,0,0,0,0,4245.07
MF1284,NEW PANAWENNA ,2017,4,0,54398,0,54398,3416
MF1284,NEW PANAWENNA ,2017,5,0,45642,0,45642,5470
MF1284,NEW PANAWENNA ,2017,6,0,41400,0,41400,8954
MF1284,NEW PANAWENNA ,2017,7,0,44567,0,44567,4910
MF1284,NEW PANAWENNA ,2017,8,0,53135,0,53135,5868
MF1284,NEW PANAWENNA ,2017,9,0,60625,0,60625,6462
MF1284,NEW PANAWENNA ,2017,10,0,63675,0,63675,6189
MF1284,NEW PANAWENNA ,2017,11,0,61739,0,61739,6710
MF1284,NEW PANAWENNA ,2017,12,0,54833,0,54833,6467
MF1286,SAMARAKANDA TEA PROCESSING CENTRE,2017,1,16965.5,0,0,16965.5,62066
MF1286,SAMARAKANDA TEA PROCESSING CENTRE,2017,2,13594,0,0,13594,31796
MF1286,SAMARAKANDA TEA PROCESSING CENTRE,2017,3,16328,0,0,16328,54996
MF1286,SAMARAKANDA TEA PROCESSING CENTRE,2017,4,19414,0,0,19414,59188
MF1286,SAMARAKANDA TEA PROCESSING CENTRE,2017,5,25109.5,0,0,25109.5,79649
MF1286,SAMARAKANDA TEA PROCESSING CENTRE,2017,6,21659.5,0,0,21659.5,129651
MF1286,SAMARAKANDA TEA PROCESSING CENTRE,2017,7,30312,0,0,30312,97804
MF1286,SAMARAKANDA TEA PROCESSING CENTRE,2017,8,35312.5,0,0,35312.5,80306
MF1286,SAMARAKANDA TEA PROCESSING CENTRE,2017,9,20600.5,0,0,20600.5,75443.5
MF1286,SAMARAKANDA TEA PROCESSING CENTRE,2017,10,22990,0,0,22990,73992
MF1286,SAMARAKANDA TEA PROCESSING CENTRE,2017,11,18747,0,0,18747,60841
MF1286,SAMARAKANDA TEA PROCESSING CENTRE,2017,12,12730,0,0,12730,58235
MF1297,ILLUKTENNE,2017,1,608.5,14132.5,0,14741,2460
MF1297,ILLUKTENNE,2017,2,291,9739.5,0,10030.5,1674
MF1297,ILLUKTENNE,2017,3,655,18491.5,0,19146.5,2289
MF1297,ILLUKTENNE,2017,4,1660,28518,0,30178,1952
MF1297,ILLUKTENNE,2017,5,1183,20457,0,21640,3613
MF1297,ILLUKTENNE,2017,6,1481,23093,0,24574,3434
MF1297,ILLUKTENNE,2017,7,1594,14598,0,16192,1893
MF1297,ILLUKTENNE,2017,8,1514,14575,0,16089,3315
MF1297,ILLUKTENNE,2017,9,1699,27312,0,29011,2756
MF1297,ILLUKTENNE,2017,10,1814,28944,0,30758,3394
MF1297,ILLUKTENNE,2017,11,1851,32923,0,34774,2570
MF1297,ILLUKTENNE,2017,12,1731,30244,0,31975,3044
MF1304,KEHELWALA ,2017,1,1664,19269,0,20933,3211
MF1304,KEHELWALA ,2017,2,938,12608,0,13546,1850
MF1304,KEHELWALA ,2017,3,937,20589,0,21526,1816
MF1304,KEHELWALA ,2017,4,2326,41912,0,44238,2278
MF1304,KEHELWALA ,2017,5,1444,33548,0,34992,2113
MF1304,KEHELWALA ,2017,6,2372,44704,0,47076,4418
MF1304,KEHELWALA ,2017,7,1973,40847,0,42820,4635
MF1304,KEHELWALA ,2017,8,1859,41337,0,43196,4763
MF1304,KEHELWALA ,2017,9,2229,36597,0,38826,4884
MF1304,KEHELWALA ,2017,10,1892,37175,0,39067,4340
MF1304,KEHELWALA ,2017,11,2677,38229,0,40906,2977
MF1304,KEHELWALA ,2017,12,1976,40131,0,42107,4416
MF1308,New Udakada,2017,1,0,20932,0,20932,1513
MF1308,New Udakada,2017,2,0,17642,0,17642,1424
MF1308,New Udakada,2017,3,0,22710,0,22710,1811
MF1308,New Udakada,2017,4,0,27694,0,27694,2221
MF1308,New Udakada,2017,5,0,25656,0,25656,2074
MF1308,New Udakada,2017,6,0,24261,0,24261,1940
MF1308,New Udakada,2017,7,0,22286,0,22286,1783
MF1308,New Udakada,2017,8,0,22541,0,22541,1803
MF1308,New Udakada,2017,9,0,25282,0,25282,2023
MF1308,New Udakada,2017,10,0,26336,0,26336,2107
MF1308,New Udakada,2017,11,0,25720,0,25720,2058
MF1308,New Udakada,2017,12,0,22416,0,22416,1793
MF1316,Kolonna,2017,1,0,43494,0,43494,3677
MF1316,Kolonna,2017,2,0,44436,0,44436,3658
MF1316,Kolonna,2017,3,0,71812,0,71812,6472
MF1316,Kolonna,2017,4,0,97529,0,97529,9564
MF1316,Kolonna,2017,5,0,67612,0,67612,6666
MF1316,Kolonna,2017,6,0,60875,0,60875,5154
MF1316,Kolonna,2017,7,0,58730,0,58730,5360
MF1316,Kolonna,2017,8,0,52954,0,52954,4953
MF1316,Kolonna,2017,9,0,50861,0,50861,4953
MF1316,Kolonna,2017,10,0,58601,0,58601,5786
MF1316,Kolonna,2017,11,0,54723,0,54723,5132
MF1316,Kolonna,2017,12,0,54912,0,54912,5449
MF1317,Deshika,2017,1,0,84118,0,84118,4268
MF1317,Deshika,2017,2,0,73906,0,73906,3670
MF1317,Deshika,2017,3,0,85384,0,85384,4137
MF1317,Deshika,2017,4,0,88130,0,88130,4346
MF1317,Deshika,2017,5,0,85386,0,85386,4346
MF1317,Deshika,2017,6,0,84374,0,84374,4178
MF1317,Deshika,2017,7,0,81307,0,81307,10375
MF1317,Deshika,2017,8,0,75317,0,75317,9875
MF1317,Deshika,2017,9,0,84556,0,84556,8454
MF1317,Deshika,2017,10,0,88974,0,88974,6722
MF1317,Deshika,2017,11,0,72022,0,72022,5577
MF1317,Deshika,2017,12,0,67754,0,67754,5652
MF1325,Bandarahena,2017,1,1039,20157,0,21196,2452
MF1325,Bandarahena,2017,2,1823,17940,0,19763,1641
MF1325,Bandarahena,2017,3,3660,23210,0,26870,3282
MF1325,Bandarahena,2017,4,1732,24794,0,26526,2375
MF1325,Bandarahena,2017,5,1043,10188,0,11231,1430
MF1325,Bandarahena,2017,6,1271,3179,0,4450,532
MF1343,Kongahawatte,2017,1,0,70383,0,70383,2913
MF1343,Kongahawatte,2017,2,0,63719,0,63719,2640
MF1343,Kongahawatte,2017,3,0,83439,0,83439,3462
MF1343,Kongahawatte,2017,4,0,78065,0,78065,3233
MF1343,Kongahawatte,2017,5,0,71644,0,71644,7081
MF1343,Kongahawatte,2017,6,0,64900,0,64900,6965
MF1343,Kongahawatte,2017,7,0,69797,0,69797,7747
MF1343,Kongahawatte,2017,8,0,73532,0,73532,8168
MF1343,Kongahawatte,2017,9,0,73405,0,73405,7806
MF1343,Kongahawatte,2017,10,0,81730,0,81730,8906
MF1343,Kongahawatte,2017,11,0,79826,0,79826,8565
MF1343,Kongahawatte,2017,12,0,64387,0,64387,6707
MF1354,Peak Paradise,2017,1,0,38604,0,38604,1544
MF1354,Peak Paradise,2017,2,0,31088,0,31088,1244
MF1354,Peak Paradise,2017,3,0,54642,0,54642,2186
MF1354,Peak Paradise,2017,4,0,58281,0,58281,2331
MF1354,Peak Paradise,2017,5,0,61651,0,61651,2466
MF1354,Peak Paradise,2017,6,0,66296,0,66296,2652
MF1354,Peak Paradise,2017,7,0,58711,0,58711,2348
MF1354,Peak Paradise,2017,8,0,57010,0,57010,2280
MF1354,Peak Paradise,2017,9,0,53798,0,53798,2152
MF1354,Peak Paradise,2017,10,0,52877,0,52877,2115
MF1354,Peak Paradise,2017,11,0,49802,0,49802,1992
MF1354,Peak Paradise,2017,12,0,44735,0,44735,1780
MF1363,New Nawalakanda,2017,1,0,157206,0,157206,22281
MF1363,New Nawalakanda,2017,2,0,135197,0,135197,16814
MF1363,New Nawalakanda,2017,3,0,167435,0,167435,23919
MF1363,New Nawalakanda,2017,4,0,183716,0,183716,26821
MF1363,New Nawalakanda,2017,5,0,167004,0,167004,23856
MF1363,New Nawalakanda,2017,6,0,201609,0,201609,27550
MF1363,New Nawalakanda,2017,7,0,165162,0,165162,22625
MF1363,New Nawalakanda,2017,8,0,169447,0,169447,21635
MF1363,New Nawalakanda,2017,9,0,167262,0,167262,22260
MF1363,New Nawalakanda,2017,10,0,177871,0,177871,23415
MF1363,New Nawalakanda,2017,11,0,155017,0,155017,21184
MF1363,New Nawalakanda,2017,12,0,146963,0,146963,20066
MF1365,Nawagamuwahena,2017,1,0,62666,0,62666,4243
MF1365,Nawagamuwahena,2017,2,0,54048,0,54048,2830
MF1365,Nawagamuwahena,2017,3,0,77057,0,77057,4939
MF1365,Nawagamuwahena,2017,4,0,81290,0,81290,5581
MF1365,Nawagamuwahena,2017,5,0,81380,0,81380,5591
MF1365,Nawagamuwahena,2017,6,0,77707,0,77707,5343
MF1365,Nawagamuwahena,2017,7,0,74486,0,74486,5120
MF1365,Nawagamuwahena,2017,8,0,54580,0,54580,3752
MF1365,Nawagamuwahena,2017,9,0,77626,0,77626,5334
MF1365,Nawagamuwahena,2017,10,0,72601,0,72601,4991
MF1365,Nawagamuwahena,2017,11,0,75567,0,75567,5195
MF1365,Nawagamuwahena,2017,12,0,69873,0,69873,4808
MF1368,New Temple View,2017,1,0,48278,0,48278,5052
MF1368,New Temple View,2017,2,0,43809,0,43809,4585
MF1368,New Temple View,2017,3,0,46215,0,46215,4837
MF1368,New Temple View,2017,4,0,46297,0,46297,4846
MF1368,New Temple View,2017,5,0,41146,0,41146,4306
MF1368,New Temple View,2017,6,0,46422,0,46422,4858
MF1368,New Temple View,2017,7,0,42444,0,42444,4442
MF1368,New Temple View,2017,8,0,42548,0,42548,4454
MF1368,New Temple View,2017,9,0,46565,0,46565,4872
MF1368,New Temple View,2017,10,0,45830,0,45830,4797
MF1368,New Temple View,2017,11,0,40603,0,40603,4250
MF1368,New Temple View,2017,12,0,43180,0,43180,4519
MF1381,Sannasgama,2017,1,0,28850,0,28850,3070
MF1381,Sannasgama,2017,2,0,17982,0,17982,1976
MF1381,Sannasgama,2017,3,0,24271,0,24271,2484
MF1381,Sannasgama,2017,4,0,26980,0,26980,2997
MF1381,Sannasgama,2017,5,0,25365,0,25365,2818
MF1381,Sannasgama,2017,6,0,27085,0,27085,2930
MF1381,Sannasgama,2017,7,0,30959,0,30959,3239
MF1381,Sannasgama,2017,8,0,32222,0,32222,3529
MF1381,Sannasgama,2017,9,0,21495,0,21495,2273
MF1381,Sannasgama,2017,10,0,26568,0,26568,2873
MF1381,Sannasgama,2017,11,0,20877,0,20877,3074
MF1381,Sannasgama,2017,12,0,19602,0,19602,2283
MF1387,A.C.U.,2017,1,0,27282,0,27282,1904
MF1387,A.C.U.,2017,2,0,21106,0,21106,1473
MF1387,A.C.U.,2017,3,0,21550,0,21550,1503
MF1387,A.C.U.,2017,4,0,24888,0,24888,1736
MF1387,A.C.U.,2017,5,0,21558,0,21558,1504
MF1387,A.C.U.,2017,6,0,19871,0,19871,1387
MF1387,A.C.U.,2017,7,0,22206,0,22206,1549
MF1387,A.C.U.,2017,8,0,24883,0,24883,1736
MF1387,A.C.U.,2017,9,0,25518,0,25518,1780
MF1387,A.C.U.,2017,10,0,25406,0,25406,1773
MF1387,A.C.U.,2017,11,0,27227,0,27227,1899
MF1387,A.C.U.,2017,12,0,23668,0,23668,1652
MF1392,Hidellana,2017,1,0,68511,0,68511,9767
MF1392,Hidellana,2017,2,0,55587,0,55587,6792
MF1392,Hidellana,2017,3,0,82480,0,82480,10591
MF1392,Hidellana,2017,4,0,94498,0,94498,8582
MF1392,Hidellana,2017,5,0,91171,0,91171,2301
MF1392,Hidellana,2017,6,0,92662,0,92662,2301
MF1392,Hidellana,2017,7,0,93048,0,93048,3035
MF1392,Hidellana,2017,8,0,96051,0,96051,6795
MF1392,Hidellana,2017,9,0,87718,0,87718,6768
MF1392,Hidellana,2017,10,0,85922,0,85922,4733
MF1392,Hidellana,2017,11,0,82509,0,82509,3550
MF1392,Hidellana,2017,12,0,75387,0,75387,4440
MF1397,New Ferndale,2017,1,0,32731,0,32731,2484
MF1397,New Ferndale,2017,2,0,32582,0,32582,2473
MF1397,New Ferndale,2017,3,0,45211,0,45211,3417
MF1397,New Ferndale,2017,4,0,49455,0,49455,3739
MF1397,New Ferndale,2017,5,0,39890,0,39890,3015
MF1397,New Ferndale,2017,6,0,45126,0,45126,3434
MF1397,New Ferndale,2017,7,0,39818,0,39818,3014
MF1397,New Ferndale,2017,8,0,37918,0,37918,5187
MF1397,New Ferndale,2017,9,0,35378,0,35378,4844
MF1397,New Ferndale,2017,10,0,34987,0,34987,4788
MF1397,New Ferndale,2017,11,0,32843,0,32843,4498
MF1397,New Ferndale,2017,12,0,34532,0,34532,4733
MF1418,Doralawitiyahena,2017,1,0,38670,0,38670,3075
MF1418,Doralawitiyahena,2017,2,0,33047,0,33047,3021
MF1418,Doralawitiyahena,2017,3,0,47924,0,47924,3849
MF1418,Doralawitiyahena,2017,4,0,49879,0,49879,3861
MF1418,Doralawitiyahena,2017,5,0,34835,0,34835,5500
MF1418,Doralawitiyahena,2017,6,0,7959,7209,15168,1368
MF1418,Doralawitiyahena,2017,7,0,42572,0,42572,3376
MF1418,Doralawitiyahena,2017,8,0,39400,0,39400,3887
MF1418,Doralawitiyahena,2017,9,0,51057,0,51057,3887
MF1418,Doralawitiyahena,2017,10,0,50466,0,50466,5300
MF1418,Doralawitiyahena,2017,11,0,48472,0,48472,3936
MF1418,Doralawitiyahena,2017,12,0,45012,0,45012,3642
MF1432, Sri Samaneliya,2017,1,0,0,62593,62593,5459
MF1432, Sri Samaneliya,2017,2,0,49609,1200,50809,4257
MF1432, Sri Samaneliya,2017,3,0,70309,1200,71509,6083
MF1432, Sri Samaneliya,2017,4,0,69108,350,69458,5555
MF1432, Sri Samaneliya,2017,5,0,60806,720,61526,5248
MF1432, Sri Samaneliya,2017,6,0,66984,0,66984,5838
MF1432, Sri Samaneliya,2017,7,0,62472,3250,65722,5353
MF1432, Sri Samaneliya,2017,8,0,56740,960,57700,4843
MF1432, Sri Samaneliya,2017,9,0,68869,1410,70279,4723
MF1432, Sri Samaneliya,2017,10,0,64335,1251,65586,5437
MF1432, Sri Samaneliya,2017,11,820,65815,0,66635,5605
MF1432, Sri Samaneliya,2017,12,0,58530,0,58530,5034
MF1436,New Wewelkandura,2017,1,0,74049,0,74049,10855
MF1436,New Wewelkandura,2017,2,0,67113,0,67113,8162
MF1436,New Wewelkandura,2017,3,0,75201,0,75201,9404
MF1436,New Wewelkandura,2017,4,0,94183,0,94183,13581
MF1436,New Wewelkandura,2017,5,0,70468,0,70468,8718
MF1436,New Wewelkandura,2017,6,0,93366,0,93366,13622
MF1436,New Wewelkandura,2017,7,0,92144,0,92144,12043
MF1436,New Wewelkandura,2017,8,0,88420,0,88420,12679
MF1436,New Wewelkandura,2017,9,0,64356,0,64356,9233
MF1436,New Wewelkandura,2017,10,0,54175,0,54175,7630
MF1436,New Wewelkandura,2017,11,0,60726,0,60726,8037
MF1436,New Wewelkandura,2017,12,0,67752,0,67752,9307
MF1440,Nivithigala,2017,1,0,62920,0,62920,2971
MF1440,Nivithigala,2017,2,0,53776,0,53776,3987
MF1440,Nivithigala,2017,3,0,76958,0,76958,5525
MF1440,Nivithigala,2017,4,0,75095,0,75095,5654
MF1440,Nivithigala,2017,5,0,66404,0,66404,4998
MF1440,Nivithigala,2017,6,0,83808,0,83808,6301
MF1440,Nivithigala,2017,7,0,62000,0,62000,4653
MF1440,Nivithigala,2017,8,0,65560,0,65560,4924
MF1440,Nivithigala,2017,9,0,60935,0,60935,4746
MF1440,Nivithigala,2017,10,0,63157,0,63157,7499
MF1440,Nivithigala,2017,11,0,56353,0,56353,4376
MF1440,Nivithigala,2017,12,0,58185,0,58185,4605
MF1441,Falcon,2017,1,0,91080,0,91080,5800
MF1441,Falcon,2017,2,0,76780,0,76780,4700
MF1441,Falcon,2017,3,0,106586,0,106586,6800
MF1441,Falcon,2017,4,0,111010,0,111010,7406
MF1441,Falcon,2017,5,0,98550,0,98550,6350
MF1441,Falcon,2017,6,0,109000,0,109000,7050
MF1441,Falcon,2017,7,0,107010,0,107010,7050
MF1441,Falcon,2017,8,0,98505,0,98505,6320
MF1441,Falcon,2017,9,0,96335,0,96335,5900
MF1441,Falcon,2017,10,0,91898,0,91898,8010
MF1441,Falcon,2017,11,0,84271,0,84271,7369
MF1441,Falcon,2017,12,0,86266,0,86266,7495
MF1442,Veddagala,2017,1,0,53151,0,53151,3899
MF1442,Veddagala,2017,2,0,38965,0,38965,2926
MF1442,Veddagala,2017,3,0,62037,0,62037,1445
MF1442,Veddagala,2017,4,0,50726,0,50726,3818
MF1442,Veddagala,2017,5,0,40980,0,40980,2900
MF1442,Veddagala,2017,6,0,46438,0,46438,1478
MF1442,Veddagala,2017,7,0,30406,0,30406,2300
MF1442,Veddagala,2017,8,0,39995,0,39995,3026
MF1442,Veddagala,2017,9,0,55231,0,55231,3997
MF1442,Veddagala,2017,10,0,65939.5,0,65939.5,4508
MF1442,Veddagala,2017,11,0,55363,0,55363,4157
MF1442,Veddagala,2017,12,0,46763,0,46763,3504
MF1445,Menik Valley,2017,5,0,49063,0,49063,3124
MF1445,Menik Valley,2017,6,0,56401,0,56401,3590
MF1445,Menik Valley,2017,7,0,54338,0,54338,3487
MF1445,Menik Valley,2017,8,0,75478,0,75478,4725
MF1445,Menik Valley,2017,9,0,69162,0,69162,4134
MF1445,Menik Valley,2017,10,0,59410,0,59410,3784
MF1445,Menik Valley,2017,11,0,54583,0,54583,3486
MF1445,Menik Valley,2017,12,0,46832,0,46832,2981
MF1453,Kalawana,2017,1,0,86299,0,86299,8531
MF1453,Kalawana,2017,2,0,77398,0,77398,7655
MF1453,Kalawana,2017,3,0,106375,0,106375,10520
MF1453,Kalawana,2017,4,0,126600,0,126600,12515
MF1453,Kalawana,2017,5,0,102860,0,102860,10166
MF1453,Kalawana,2017,6,0,116530,0,116530,11522
MF1453,Kalawana,2017,7,0,68680,0,68680,6795
MF1453,Kalawana,2017,8,0,47159,0,47159,4663
MF1453,Kalawana,2017,9,5540,32062,0,37602,1698
MF1453,Kalawana,2017,10,0,29438,0,29438,1698
MF1453,Kalawana,2017,11,5080,22828,0,27908,1200
MF1453,Kalawana,2017,12,0,17270,0,17270,915
MF1456,Deerwood,2017,1,0,54295,0,54295,2172
MF1456,Deerwood,2017,2,0,43019,0,43019,1720
MF1456,Deerwood,2017,3,0,63697,0,63697,2549
MF1456,Deerwood,2017,4,0,75472,0,75472,3108
MF1456,Deerwood,2017,5,0,72012,0,72012,2881
MF1456,Deerwood,2017,6,0,74604,0,74604,2985
MF1456,Deerwood,2017,7,0,72476,0,72476,2898
MF1456,Deerwood,2017,8,0,75130,0,75130,3006
MF1456,Deerwood,2017,9,0,70459,0,70459,2818
MF1456,Deerwood,2017,10,0,68101,0,68101,2724
MF1456,Deerwood,2017,11,0,67012,0,67012,2683
MF1456,Deerwood,2017,12,0,63151,0,63151,2526
MF1458,Seron,2017,1,0,31817,0,31817,2395
MF1458,Seron,2017,2,0,30252,0,30252,2278
MF1458,Seron,2017,3,0,37402,0,37402,2156
MF1458,Seron,2017,4,0,34082,0,34082,2567
MF1458,Seron,2017,5,0,29334,0,29334,2208
MF1458,Seron,2017,6,0,22576,0,22576,1699
MF1458,Seron,2017,7,0,19660,0,19660,1479
MF1458,Seron,2017,8,0,19457,0,19457,1353
MF1458,Seron,2017,9,0,21607,0,21607,1505
MF1458,Seron,2017,10,0,21550,0,21550,1504
MF1458,Seron,2017,11,0,22890,0,22890,1595
MF1458,Seron,2017,12,0,22725,0,22725,1703
MF1459,New Laksakanda,2017,1,0,50383,0,50383,3512
MF1459,New Laksakanda,2017,2,0,41187,0,41187,3085
MF1459,New Laksakanda,2017,3,0,66131,0,66131,4614
MF1459,New Laksakanda,2017,4,0,70874,0,70874,4950
MF1459,New Laksakanda,2017,5,0,67210,0,67210,4686
MF1459,New Laksakanda,2017,6,0,77393,0,77393,5373
MF1459,New Laksakanda,2017,7,0,64032,0,64032,4467
MF1459,New Laksakanda,2017,8,1544,60786,0,62330,4240
MF1459,New Laksakanda,2017,9,2380,55465,0,57845,3868
MF1459,New Laksakanda,2017,10,0,65304,0,65304,3249
MF1459,New Laksakanda,2017,11,0,62512,0,62512,3110
MF1459,New Laksakanda,2017,12,0,41519,0,41519,3506
MF1463,Peekview,2017,1,0,96050,500,96550,3419
MF1463,Peekview,2017,2,0,85639,213,85852,3180
MF1463,Peekview,2017,3,0,109961,0,109961,4220
MF1463,Peekview,2017,4,0,113314,0,113314,4321
MF1463,Peekview,2017,5,0,107771,0,107771,4224
MF1463,Peekview,2017,6,0,110947,0,110947,4614
MF1463,Peekview,2017,7,0,103394,1070,104464,3724
MF1463,Peekview,2017,8,0,103438,550,103988,3807
MF1463,Peekview,2017,9,0,95146,1100,96246,11067
MF1463,Peekview,2017,10,0,91976,1100,93076,9567
MF1463,Peekview,2017,11,0,101972,0,101972,9316
MF1463,Peekview,2017,12,0,89005,0,89005,7965
MF1466,Tea Lanka,2017,1,0,26110,0,26110,1357
MF1466,Tea Lanka,2017,2,0,19551,0,19551,1021
MF1466,Tea Lanka,2017,3,0,33518,0,33518,1750
MF1466,Tea Lanka,2017,4,1270.5,40055,0,41325.5,2092
MF1466,Tea Lanka,2017,5,0,35488,0,35488,1854
MF1466,Tea Lanka,2017,6,553.5,36593,0,37146.5,1966
MF1466,Tea Lanka,2017,7,0,30341,0,30341,1588
MF1466,Tea Lanka,2017,8,0,34299,538,34837,1719
MF1466,Tea Lanka,2017,9,0,48236,0,48236,2523
MF1466,Tea Lanka,2017,10,0,46532,0,46532,2434
MF1466,Tea Lanka,2017,11,0,34313,0,34313,1795
MF1466,Tea Lanka,2017,12,0,24409,0,24409,1277
MF1467,Daduwangala Watte,2017,1,0,61550,0,61550,3239
MF1467,Daduwangala Watte,2017,2,0,41256,0,41256,1718
MF1467,Daduwangala Watte,2017,3,0,60336,0,60336,2514
MF1467,Daduwangala Watte,2017,4,0,75003,0,75003,3125
MF1467,Daduwangala Watte,2017,5,0,73793,0,73793,2975
MF1467,Daduwangala Watte,2017,6,0,77426,0,77426,4075
MF1467,Daduwangala Watte,2017,7,0,73536,0,73536,3064
MF1467,Daduwangala Watte,2017,8,0,80599,0,80599,3358
MF1467,Daduwangala Watte,2017,9,0,74542,0,74542,3106
MF1467,Daduwangala Watte,2017,10,0,75394,0,75394,3141
MF1467,Daduwangala Watte,2017,11,0,71134,0,71134,2963
MF1467,Daduwangala Watte,2017,12,0,72511,0,72511,3021
MF1470,Karawita,2017,1,0,38913,0,38913,5709
MF1470,Karawita,2017,2,0,32598,0,32598,3975
MF1470,Karawita,2017,3,0,46215,0,46215,6775
MF1470,Karawita,2017,4,0,49264,0,49264,4813
MF1470,Karawita,2017,5,0,49118,0,49118,6336
MF1470,Karawita,2017,6,0,55124,0,55124,8044
MF1470,Karawita,2017,7,0,45363,0,45363,7148
MF1470,Karawita,2017,8,0,41049,0,41049,4289
MF1470,Karawita,2017,9,0,60054,0,60054,5979
MF1470,Karawita,2017,10,0,66771,0,66771,7950
MF1470,Karawita,2017,11,0,57031,0,57031,7098
MF1470,Karawita,2017,12,0,52528,0,52528,7330
MF1478,Sanora,2017,1,0,44686,0,44686,2869
MF1478,Sanora,2017,2,0,37468,0,37468,2960
MF1478,Sanora,2017,3,0,56042,0,56042,3598
MF1478,Sanora,2017,4,0,63291,0,63291,4152
MF1478,Sanora,2017,5,0,68600,0,68600,4563
MF1478,Sanora,2017,6,0,64814,0,64814,4341
MF1478,Sanora,2017,7,0,64386,0,64386,4282
MF1478,Sanora,2017,8,0,63083,0,63083,4289
MF1478,Sanora,2017,9,0,61936,0,61936,4370
MF1478,Sanora,2017,10,0,58983,0,58983,4500
MF1478,Sanora,2017,11,0,57310,0,57310,5954
MF1478,Sanora,2017,12,0,53999,0,53999,4690
MF1480,New Hopewell,2017,1,0,145720,0,145720,6786
MF1480,New Hopewell,2017,2,0,42060,0,42060,4829
MF1480,New Hopewell,2017,3,0,145899,0,145899,6504
MF1480,New Hopewell,2017,3,0,64311,0,64311,0
MF1480,New Hopewell,2017,4,0,157492,0,157492,7007
MF1480,New Hopewell,2017,4,0,68344,0,68344,7007
MF1480,New Hopewell,2017,5,0,190607,0,190607,8032
MF1480,New Hopewell,2017,5,0,68000,0,68000,0
MF1480,New Hopewell,2017,6,0,163731,0,163731,7406
MF1480,New Hopewell,2017,6,0,77000,0,77000,0
MF1480,New Hopewell,2017,7,0,137414,0,137414,6487
MF1480,New Hopewell,2017,7,0,70312,0,70312,0
MF1480,New Hopewell,2017,8,0,110800,0,110800,4062
MF1480,New Hopewell,2017,8,0,20444,0,20444,4062
MF1480,New Hopewell,2017,9,0,172409,0,172409,6704
MF1480,New Hopewell,2017,9,0,41564,0,41564,6704
MF1480,New Hopewell,2017,10,0,161717,0,161717,0
MF1480,New Hopewell,2017,10,0,36751,0,36751,6200
MF1480,New Hopewell,2017,11,0,142650,0,142650,5826
MF1480,New Hopewell,2017,11,0,45884,0,45884,5826
MF1480,New Hopewell,2017,12,0,122799,0,122799,5139
MF1480,New Hopewell,2017,12,0,42675,0,42675,0
MF1483,Galaxy ,2017,1,0,52963,0,52963,3867
MF1483,Galaxy ,2017,2,0,51045,1020,52065,3309
MF1483,Galaxy ,2017,3,0,61525,0,61525,4202
MF1483,Galaxy ,2017,4,0,62567,42,62609,4705
MF1483,Galaxy ,2017,5,0,49228,1500,50728,3707
MF1483,Galaxy ,2017,6,0,48019,0,48019,3613
MF1483,Galaxy ,2017,7,0,65783,0,65783,4874
MF1483,Galaxy ,2017,8,0,54967,0,54967,4137
MF1483,Galaxy ,2017,9,0,52862,5838,58700,3924
MF1483,Galaxy ,2017,10,0,55045,3857,58902,5457
MF1483,Galaxy ,2017,11,0,55954,0,55954,4112
MF1483,Galaxy ,2017,12,0,59744,0,59744,4314
MF1487,Adams View,2017,1,0,45746,0,45746,1414
MF1487,Adams View,2017,2,0,36539,0,36539,1130
MF1487,Adams View,2017,3,0,52251,0,52251,1618
MF1487,Adams View,2017,4,0,57256,0,57256,1772
MF1487,Adams View,2017,5,0,53880,0,53880,1667
MF1487,Adams View,2017,6,0,61863,0,61863,1915
MF1487,Adams View,2017,7,0,57073,0,57073,1767
MF1487,Adams View,2017,8,0,58566,0,58566,1803
MF1487,Adams View,2017,9,0,56126,0,56126,1801
MF1487,Adams View,2017,10,0,80806,0,80806,2507
MF1487,Adams View,2017,11,0,74171,0,74171,2292
MF1487,Adams View,2017,12,0,73865,0,73865,2283
MF1488,Kukuleganga,2017,1,0,29569,0,29569,1887
MF1488,Kukuleganga,2017,2,0,24958,0,24958,3107
MF1488,Kukuleganga,2017,3,0,32049,0,32049,3035
MF1488,Kukuleganga,2017,4,0,42767,0,42767,3772
MF1488,Kukuleganga,2017,5,0,33148,0,33148,2235
MF1488,Kukuleganga,2017,6,0,42599,0,42599,2719
MF1488,Kukuleganga,2017,7,0,35440,0,35440,2719
MF1488,Kukuleganga,2017,8,0,35047,0,35047,2237
MF1488,Kukuleganga,2017,9,0,34041,0,34041,2077
MF1488,Kukuleganga,2017,10,0,49627,0,49627,3497
MF1488,Kukuleganga,2017,11,0,44077,0,44077,2813
MF1488,Kukuleganga,2017,12,0,40165,0,40165,2564
MF1489,BLUE MOUNT,2017,1,0,81669,0,81669,6779
MF1489,BLUE MOUNT,2017,2,0,71204,0,71204,5188
MF1489,BLUE MOUNT,2017,3,0,114298,0,114298,7918
MF1489,BLUE MOUNT,2017,4,0,122045,0,122045,7890
MF1489,BLUE MOUNT,2017,5,0,158923,0,158923,10577
MF1489,BLUE MOUNT,2017,6,0,147180,0,147180,10267
MF1489,BLUE MOUNT,2017,7,0,134650,0,134650,9799
MF1489,BLUE MOUNT,2017,8,0,97361,0,97361,7256
MF1489,BLUE MOUNT,2017,9,0,133567,0,133567,10212
MF1489,BLUE MOUNT,2017,10,0,107698,0,107698,7934
MF1489,BLUE MOUNT,2017,11,0,98867,0,98867,6845
MF1489,BLUE MOUNT,2017,12,0,84540,0,84540,5982
MF1491,New Doralavitiyahena,2017,1,0,0,0,0,6001
MF1491,New Doralavitiyahena,2017,2,0,0,0,0,3761
MF1491,New Doralavitiyahena,2017,3,0,64622,0,64622,4142
MF1491,New Doralavitiyahena,2017,3,0,5940,0,5940,4142
MF1491,New Doralavitiyahena,2017,4,0,70224,0,70224,0
MF1491,New Doralavitiyahena,2017,4,0,19451,0,19451,3554
MF1491,New Doralavitiyahena,2017,5,0,68652,0,68652,0
MF1491,New Doralavitiyahena,2017,5,0,5721,0,5721,5350
MF1491,New Doralavitiyahena,2017,6,0,94885,0,94885,6546
MF1491,New Doralavitiyahena,2017,6,0,1317,0,1317,6546
MF1491,New Doralavitiyahena,2017,7,0,72398,0,72398,4201
MF1491,New Doralavitiyahena,2017,7,0,1265,0,1265,4201
MF1491,New Doralavitiyahena,2017,8,0,71311,0,71311,3019
MF1491,New Doralavitiyahena,2017,8,0,8192,0,8192,3019
MF1491,New Doralavitiyahena,2017,9,0,69279,0,69279,0
MF1491,New Doralavitiyahena,2017,9,0,11263,0,11263,3836
MF1491,New Doralavitiyahena,2017,10,0,69408,0,69408,4925
MF1491,New Doralavitiyahena,2017,10,0,2617,0,2617,4925
MF1491,New Doralavitiyahena,2017,11,0,61867,0,61867,2850
MF1491,New Doralavitiyahena,2017,11,0,6311,0,6311,2850
MF1491,New Doralavitiyahena,2017,12,0,60599,0,60599,4175
MF1491,New Doralavitiyahena,2017,12,0,2143,0,2143,4175
MF1493,Golden Valley,2017,2,0,44244,0,44244,2885
MF1493,Golden Valley,2017,3,0,78506,0,78506,5023
MF1493,Golden Valley,2017,4,0,80058,0,80058,5099
MF1493,Golden Valley,2017,5,0,38200,0,38200,2427
MF1493,Golden Valley,2017,6,0,42664,0,42664,2710
MF1493,Golden Valley,2017,7,0,45387,0,45387,2882
MF1493,Golden Valley,2017,8,0,63367,0,63367,4044
MF1493,Golden Valley,2017,9,0,45964,0,45964,2938
MF1493,Golden Valley,2017,10,0,50401,0,50401,2206
MF1493,Golden Valley,2017,11,0,51108,0,51108,3553
MF1493,Golden Valley,2017,12,0,51345,0,51345,3135
MF1495,Nilvin View,2017,1,0,74177,0,74177,2949
MF1495,Nilvin View,2017,2,0,57736,0,57736,2309
MF1495,Nilvin View,2017,3,0,73776,0,73776,2952
MF1495,Nilvin View,2017,4,0,98845,0,98845,3954
MF1495,Nilvin View,2017,5,0,87542,0,87542,3502
MF1495,Nilvin View,2017,6,0,117290,0,117290,4692
MF1495,Nilvin View,2017,7,0,96631,0,96631,3866
MF1495,Nilvin View,2017,8,0,105071,0,105071,4202
MF1495,Nilvin View,2017,9,0,105993.5,0,105993.5,4240
MF1495,Nilvin View,2017,10,0,93252,0,93252,3730
MF1495,Nilvin View,2017,11,0,76294,0,76294,3052
MF1495,Nilvin View,2017,12,0,72135,0,72135,2885
MF1496,CO-OP TEA,2017,1,0,3203,0,3203,236
MF1496,CO-OP TEA,2017,2,0,0,0,0,0
MF1496,CO-OP TEA,2017,3,16073,0,0,16073,1718
MF1496,CO-OP TEA,2017,4,25336,0,0,25336,2805
MF1496,CO-OP TEA,2017,5,19440,0,0,19440,2144
MF1496,CO-OP TEA,2017,6,24459,0,0,24459,2701
MF1496,CO-OP TEA,2017,7,22419,0,0,22419,2476
MF1496,CO-OP TEA,2017,8,23197,0,0,23197,2563
MF1496,CO-OP TEA,2017,9,26612,0,0,26612,2941
MF1496,CO-OP TEA,2017,10,23152,0,0,23152,2554
MF1496,CO-OP TEA,2017,11,20683,0,0,20683,2285
MF1496,CO-OP TEA,2017,12,22386,0,0,22386,2472
MF1515,Geekiyanahena ,2017,1,0,75247,0,75247,6528
MF1515,Geekiyanahena ,2017,2,0,61555,0,61555,5339
MF1515,Geekiyanahena ,2017,3,0,84575,0,84575,7928
MF1515,Geekiyanahena ,2017,4,0,84910,0,84910,7846
MF1515,Geekiyanahena ,2017,5,0,83818,0,83818,7704
MF1515,Geekiyanahena ,2017,6,0,82173,0,82173,7572
MF1515,Geekiyanahena ,2017,7,0,77222,0,77222,7142
MF1515,Geekiyanahena ,2017,8,0,97999,0,97999,9062
MF1515,Geekiyanahena ,2017,9,0,78931,0,78931,7301
MF1515,Geekiyanahena ,2017,10,0,79502,0,79502,7354
MF1515,Geekiyanahena ,2017,11,0,74260,0,74260,6869
MF1515,Geekiyanahena ,2017,12,0,70942,0,70942,6558
MF1519,Parakaduwa,2017,1,0,48623,0,48623,3103
MF1519,Parakaduwa,2017,2,0,41616,0,41616,3132
MF1519,Parakaduwa,2017,3,0,57732,0,57732,3685
MF1519,Parakaduwa,2017,4,0,92956,0,92956,4892
MF1519,Parakaduwa,2017,5,0,79761,0,79761,5091
MF1519,Parakaduwa,2017,6,0,85825,0,85825,4517
MF1519,Parakaduwa,2017,7,0,78052,0,78052,4108
MF1519,Parakaduwa,2017,8,0,83345,0,83345,4386
MF1519,Parakaduwa,2017,9,0,83266,0,83266,4382
MF1519,Parakaduwa,2017,10,0,88114,0,88114,4637
MF1519,Parakaduwa,2017,11,0,80834,0,80834,5159
MF1519,Parakaduwa,2017,12,0,76031,0,76031,4001
MF1528,MISA,2017,1,0,89680,0,89680,6705
MF1528,MISA,2017,2,0,62530,0,62530,4697
MF1528,MISA,2017,3,0,104248,0,104248,7895
MF1528,MISA,2017,4,0,153921,0,153921,11579
MF1528,MISA,2017,5,0,133102,0,133102,10007
MF1528,MISA,2017,6,0,171780,0,171780,12745
MF1528,MISA,2017,7,0,156177,0,156177,11719
MF1528,MISA,2017,8,0,150122,0,150122,11238
MF1528,MISA,2017,9,0,131284,0,131284,9505
MF1528,MISA,2017,10,0,112619,0,112619,15994
MF1528,MISA,2017,11,0,116005,0,116005,8467
MF1528,MISA,2017,12,0,104941,0,104941,7914
MF1531,Kolonne Panapitiya,2017,1,0,75999,0,75999,5154
MF1531,Kolonne Panapitiya,2017,2,0,52270,0,52270,3539
MF1531,Kolonne Panapitiya,2017,3,0,105260,0,105260,7172
MF1531,Kolonne Panapitiya,2017,4,0,141542,0,141542,9633
MF1531,Kolonne Panapitiya,2017,5,0,129716,0,129716,8828
MF1531,Kolonne Panapitiya,2017,6,0,131919,0,131919,8992
MF1531,Kolonne Panapitiya,2017,7,0,137423,0,137423,9380
MF1531,Kolonne Panapitiya,2017,8,0,133821,0,133821,9119
MF1531,Kolonne Panapitiya,2017,9,0,130604,0,130604,17795
MF1531,Kolonne Panapitiya,2017,10,0,136257,0,136257,18575
MF1531,Kolonne Panapitiya,2017,11,0,125309,0,125309,17087
MF1531,Kolonne Panapitiya,2017,12,0,117029,0,117029,15947
MF1550,PARADISE,2017,1,0,0,0,0,0
MF1550,PARADISE,2017,2,0,0,0,0,0
MF1550,PARADISE,2017,3,0,0,0,0,0
MF1550,PARADISE,2017,4,0,0,0,0,0
MF1550,PARADISE,2017,5,0,0,0,0,0
MF1550,PARADISE,2017,6,0,0,0,0,0
MF1550,PARADISE,2017,7,0,0,0,0,0
MF1550,PARADISE,2017,8,0,0,0,0,0
MF1550,PARADISE,2017,9,0,0,0,0,0
MF1550,PARADISE,2017,10,0,0,0,0,0
MF1550,PARADISE,2017,11,0,0,0,0,0
MF1551,Galahitiya,2017,1,0,40429,0,40429,3516
MF1551,Galahitiya,2017,2,0,32130,0,32130,2794
MF1551,Galahitiya,2017,3,0,49929,0,49929,4081
MF1551,Galahitiya,2017,4,0,66655,0,66655,5588
MF1551,Galahitiya,2017,5,0,60411,0,60411,4227
MF1551,Galahitiya,2017,6,0,77094,0,77094,4908
MF1551,Galahitiya,2017,7,0,67111,0,67111,4267
MF1551,Galahitiya,2017,8,0,70053,0,70053,4456
MF1551,Galahitiya,2017,9,0,61205,0,61205,3890
MF1551,Galahitiya,2017,10,0,60708,0,60708,3859
MF1551,Galahitiya,2017,11,0,61254,0,61254,3910
MF1551,Galahitiya,2017,12,0,55178,0,55178,5107
MF1553,New Spring View,2017,1,0,52611,0,52611,3141
MF1553,New Spring View,2017,2,0,44386,0,44386,1765
MF1553,New Spring View,2017,3,0,62516,0,62516,2411
MF1553,New Spring View,2017,4,0,66107,0,66107,4219
MF1553,New Spring View,2017,5,0,61161,0,61161,5903
MF1553,New Spring View,2017,6,0,64228,0,64228,6451
MF1553,New Spring View,2017,7,0,72999,0,72999,4380
MF1553,New Spring View,2017,8,0,84627,0,84627,5077
MF1553,New Spring View,2017,9,0,79787,0,79787,5093
MF1553,New Spring View,2017,10,0,72840,0,72840,4370
MF1553,New Spring View,2017,11,0,75985,0,75985,4850
MF1553,New Spring View,2017,12,0,77172,0,77172,4635
MF1554,Daduwangala CTC,2017,1,140,47030,0,47170,3011
MF1554,Daduwangala CTC,2017,2,120,35288,0,35408,2260
MF1554,Daduwangala CTC,2017,3,134,63225,0,63359,3335
MF1554,Daduwangala CTC,2017,4,145,69724,0,69869,3678
MF1554,Daduwangala CTC,2017,5,206,71952,0,72158,3960
MF1554,Daduwangala CTC,2017,6,189,69238,0,69427,3654
MF1554,Daduwangala CTC,2017,7,0,0,0,0,3858
MF1554,Daduwangala CTC,2017,7,96,71700,0,71796,3858
MF1554,Daduwangala CTC,2017,8,160,76998,0,77158,4061
MF1554,Daduwangala CTC,2017,9,0,0,0,0,3663
MF1554,Daduwangala CTC,2017,9,195,69395,0,69590,3663
MF1554,Daduwangala CTC,2017,10,150,64935,0,65085,3425
MF1554,Daduwangala CTC,2017,11,103,69940,0,70043,3687
MF1554,Daduwangala CTC,2017,12,105,70588,0,70693,6442
MF1567,Chamwin Speciality Tea Processing Centre,2017,1,33,0,0,33,2
MF1567,Chamwin Speciality Tea Processing Centre,2017,2,29,0,0,29,2
MF1567,Chamwin Speciality Tea Processing Centre,2017,3,36,0,0,36,2
MF1567,Chamwin Speciality Tea Processing Centre,2017,4,23,0,0,23,1
MF1567,Chamwin Speciality Tea Processing Centre,2017,5,48,0,0,48,3
MF1567,Chamwin Speciality Tea Processing Centre,2017,6,33,0,0,33,2
MF1567,Chamwin Speciality Tea Processing Centre,2017,7,27,0,0,27,2
MF1567,Chamwin Speciality Tea Processing Centre,2017,8,21,0,0,21,2
MF1567,Chamwin Speciality Tea Processing Centre,2017,9,36,0,0,36,2
MF1567,Chamwin Speciality Tea Processing Centre,2017,10,33,0,0,33,2
MF1567,Chamwin Speciality Tea Processing Centre,2017,11,54,0,0,54,5
MF1567,Chamwin Speciality Tea Processing Centre,2017,12,31,0,0,31,2
MF1571,Kamarangapitiya,2017,1,0,65148,0,65148,2843
MF1571,Kamarangapitiya,2017,2,0,43434,0,43434,1702
MF1571,Kamarangapitiya,2017,3,0,58572,0,58572,2385
MF1571,Kamarangapitiya,2017,4,0,67446,0,67446,3054
MF1571,Kamarangapitiya,2017,5,0,67853,0,67853,3107
MF1571,Kamarangapitiya,2017,6,0,77295,0,77295,3755
MF1571,Kamarangapitiya,2017,7,0,78358,0,78358,3658
MF1571,Kamarangapitiya,2017,8,0,61583,0,61583,2771
MF1571,Kamarangapitiya,2017,9,0,73476,0,73476,3376
MF1571,Kamarangapitiya,2017,10,0,73350,0,73350,3374
MF1571,Kamarangapitiya,2017,11,0,81583,0,81583,3701
MF1571,Kamarangapitiya,2017,12,0,75965,0,75965,3391
MF1575,Elapatha,2017,1,0,37529,0,37529,1600
MF1575,Elapatha,2017,2,0,29377,0,29377,1253
MF1575,Elapatha,2017,3,0,56573,0,56573,2435
MF1575,Elapatha,2017,4,0,65426,0,65426,2782
MF1575,Elapatha,2017,5,0,58999,0,58999,2546
MF1575,Elapatha,2017,6,0,60268,0,60268,2578
MF1575,Elapatha,2017,7,0,56061,0,56061,2429
MF1575,Elapatha,2017,8,0,59466,0,59466,2547
MF1575,Elapatha,2017,10,0,0,0,0,0
MF1575,Elapatha,2017,12,0,0,0,0,0
MF1579,Deraniyagala Tea Shakthi,2017,3,0,7317,0,7317,550
MF1579,Deraniyagala Tea Shakthi,2017,4,0,14381,0,14381,1243
MF1579,Deraniyagala Tea Shakthi,2017,5,0,15137,0,15137,1311
MF1579,Deraniyagala Tea Shakthi,2017,6,0,8893,0,8893,771
MF1579,Deraniyagala Tea Shakthi,2017,7,0,8076,0,8076,532
MF1579,Deraniyagala Tea Shakthi,2017,8,0,12213,0,12213,805
MF1579,Deraniyagala Tea Shakthi,2017,9,0,15023,0,15023,1130
MF1579,Deraniyagala Tea Shakthi,2017,10,0,14478,0,14478,1080
MF1579,Deraniyagala Tea Shakthi,2017,11,0,18833,0,18833,1417
MF1579,Deraniyagala Tea Shakthi,2017,12,0,17254,0,17254,1299
MF1580,Kolonne Kithulgala,2017,1,0,30488.14,0,30488.14,2623.86
MF1580,Kolonne Kithulgala,2017,2,0,22348.64,0,22348.64,1943.36
MF1580,Kolonne Kithulgala,2017,3,0,42326.52,0,42326.52,3680.48
MF1580,Kolonne Kithulgala,2017,4,0,59840.64,0,59840.64,5151.36
MF1580,Kolonne Kithulgala,2017,5,0,56589.2,0,56589.2,4920.8
MF1580,Kolonne Kithulgala,2017,6,0,54560,0,54560,4744.4
MF1580,Kolonne Kithulgala,2017,7,0,57758.52,0,57758.52,5022.48
MF1580,Kolonne Kithulgala,2017,8,0,54051.84,0,54051.84,4700.16
MF1580,Kolonne Kithulgala,2017,9,0,47605.4,0,47605.4,4139.6
MF1580,Kolonne Kithulgala,2017,10,0,51614.76,0,51614.76,4488.24
MF1580,Kolonne Kithulgala,2017,11,0,52750.96,0,52750.96,4587.04
MF1580,Kolonne Kithulgala,2017,12,0,50129.88,0,50129.88,4359.12
MF1591,Ethoya Waththa,2017,1,17692,797,0,18489,1610
MF1591,Ethoya Waththa,2017,2,14833,635,0,15468,1345
MF1591,Ethoya Waththa,2017,3,20646,1949,0,22595,1962
MF1591,Ethoya Waththa,2017,4,24777,2736,0,27513,2388
MF1591,Ethoya Waththa,2017,5,22667,2313,0,24980,2169
MF1591,Ethoya Waththa,2017,6,26417,3317,0,29734,2570
MF1591,Ethoya Waththa,2017,7,22819,3259,0,26078,2261
MF1591,Ethoya Waththa,2017,8,27862,3149,0,31011,2685
MF1591,Ethoya Waththa,2017,9,27461,3047,0,30508,2646
MF1591,Ethoya Waththa,2017,10,30065,3425,0,33490,2904
MF1591,Ethoya Waththa,2017,11,26753,3524,0,30277,2619
MF1591,Ethoya Waththa,2017,12,26338,3494,0,29832,2582
MF1592,Super Leaf ,2017,2,7220,0,0,7220,596
MF1592,Super Leaf ,2017,3,8988,0,0,8988,992
MF1592,Super Leaf ,2017,5,14603,0,0,14603,2337
MF1592,Super Leaf ,2017,7,19219,0,0,19219,2607
MF1592,Super Leaf ,2017,8,16470,0,0,16470,1791
MF1592,Super Leaf ,2017,9,11943,0,0,11943,1101
MF1592,Super Leaf ,2017,10,7800,0,0,7800,786
MF1592,Super Leaf ,2017,11,14123,0,0,14123,1153
MF1592,Super Leaf ,2017,12,16533,0,467,17000,1478
RT0507,JAYA LAND,2017,12,0,0,0,0,14400
BF0143,Templevally,2016,1,0,28757,0,28757,1355
BF0143,Templevally,2016,2,0,21967,0,21967,2721
BF0143,Templevally,2016,3,0,23985,0,23985,2078
BF0143,Templevally,2016,4,0,26751,0,26751,1822
BF0143,Templevally,2016,5,0,32163,0,32163,2336
BF0143,Templevally,2016,6,0,29514,0,29514,2065
BF0143,Templevally,2016,7,0,23259,0,23259,1619
BF0143,Templevally,2016,8,0,36593,0,36593,2472
BF0143,Templevally,2016,9,0,25276,0,25276,1763
BF0143,Templevally,2016,10,0,33412,0,33412,2276
BF0143,Templevally,2016,11,0,34931,0,34931,2450
BF0143,Templevally,2016,12,0,28614,0,28614,3126
BF0150,Sherwood ,2016,1,0,88174,0,88174,7269
BF0150,Sherwood ,2016,2,0,84981,0,84981,7048
BF0150,Sherwood ,2016,3,0,83398,0,83398,6822
BF0150,Sherwood ,2016,4,0,92529,0,92529,7380
BF0150,Sherwood ,2016,5,0,114829,0,114829,8814
BF0150,Sherwood ,2016,6,0,86784,0,86784,6813
BF0150,Sherwood ,2016,7,0,69647,0,69647,5359
BF0150,Sherwood ,2016,8,0,49970,0,49970,3857
BF0150,Sherwood ,2016,9,0,29451,0,29451,2893
BF0150,Sherwood ,2016,10,0,20374,0,20374,2020
BF0150,Sherwood ,2016,11,0,67033,0,67033,6686
BF0150,Sherwood ,2016,12,0,75644,0,75644,5747
BF0155,GANGALAGAMUWA,2016,1,0,45076,0,45076,2822
BF0155,GANGALAGAMUWA,2016,2,0,41438,0,41438,1730
BF0155,GANGALAGAMUWA,2016,3,0,42076,0,42076,2622
BF0155,GANGALAGAMUWA,2016,4,0,42784,0,42784,1885
BF0155,GANGALAGAMUWA,2016,5,0,47008,0,47008,2519
BF0155,GANGALAGAMUWA,2016,6,0,42459,0,42459,2280
BF0155,GANGALAGAMUWA,2016,7,0,34693,0,34693,2213
BF0155,GANGALAGAMUWA,2016,8,0,46316,0,46316,2954
BF0155,GANGALAGAMUWA,2016,9,0,47697,0,47697,2785
BF0155,GANGALAGAMUWA,2016,10,0,46345,0,46345,0
BF0155,GANGALAGAMUWA,2016,11,0,49346,0,49346,2883
BF0155,GANGALAGAMUWA,2016,12,0,45896,0,45896,2691
BF0163,Delgoda ,2016,12,0,0,0,0,0
MF0030,Noragalla ,2016,1,4561,691,897,6149,653
MF0030,Noragalla ,2016,2,4348,531,491,5370,558
MF0030,Noragalla ,2016,3,3356,0,434,3790,397
MF0030,Noragalla ,2016,4,3452,250,353,4055,415
MF0030,Noragalla ,2016,5,5172,0,833,6005,636
MF0030,Noragalla ,2016,6,3623,0,362,3985,426
MF0030,Noragalla ,2016,7,3869,0,3109,6978,814
MF0030,Noragalla ,2016,8,3503,0,6935,10438,1745
MF0030,Noragalla ,2016,9,3273,0,8226,11499,1246
MF0030,Noragalla ,2016,10,2825,0,5915,8740,1035
MF0030,Noragalla ,2016,11,2846,0,5008,7854,929
MF0030,Noragalla ,2016,12,0,0,0,0,305
MF0083,Rilhena ,2016,1,7198,22016,106,29320,1963
MF0083,Rilhena ,2016,2,6459,27330,0,33789,4312
MF0083,Rilhena ,2016,3,7545,18122,325,25992,2695
MF0083,Rilhena ,2016,4,7364,22119,1448,30931,3468
MF0083,Rilhena ,2016,5,7730,24278,0,32008,3815
MF0083,Rilhena ,2016,6,7540,30660,0,38200,4243
MF0083,Rilhena ,2016,7,4784,25689,143,30616,4159
MF0083,Rilhena ,2016,8,6180,19473,0,25653,2957
MF0083,Rilhena ,2016,9,6428,11445,0,17873,2444
MF0083,Rilhena ,2016,10,5030,11874.5,0,16904.5,1663
MF0083,Rilhena ,2016,11,7850,33387.5,0,41237.5,5505
MF0083,Rilhena ,2016,12,5741,28656,0,34397,4595
MF0085,Noori ,2016,1,1329,32347,0,33676,3652
MF0085,Noori ,2016,2,543,27100,0,27643,1981
MF0085,Noori ,2016,3,562,35263,0,35825,3601
MF0085,Noori ,2016,4,724,50381,0,51105,4259
MF0085,Noori ,2016,5,1107,52000,0,53107,4103
MF0085,Noori ,2016,6,856,46756,0,47612,4013
MF0085,Noori ,2016,7,915,39419,0,40334,4076
MF0085,Noori ,2016,8,814,55034,0,55848,4634
MF0085,Noori ,2016,9,727,38651,0,39378,3376
MF0085,Noori ,2016,10,571,41053,0,41624,3925
MF0085,Noori ,2016,11,768,43483,0,44251,3897
MF0085,Noori ,2016,12,602,38855,0,39457,4025
MF0103,Opatha ,2016,1,8071,8516,17235,33822,4504
MF0103,Opatha ,2016,2,6013,7583,14445,28041,3790
MF0103,Opatha ,2016,3,6828,6161,13038,26027,3533
MF0103,Opatha ,2016,4,8985,7574,17743,34302,4467
MF0103,Opatha ,2016,5,7288,6263,13345,26896,3093
MF0103,Opatha ,2016,6,8220,10004,13956,32180,3394
MF0103,Opatha ,2016,7,5163,9811,9494,24468,2456
MF0103,Opatha ,2016,8,6146,12720,7587,26453,3085
MF0103,Opatha ,2016,9,4331,10364,5575,20270,2344
MF0103,Opatha ,2016,10,3484,11453,4650,19587,2205
MF0103,Opatha ,2016,11,9362,17226,7178,33766,3930
MF0103,Opatha ,2016,12,6215,16360,5586,28161,3378
MF0104,Wellandura ,2016,1,0,37274,0,37274,4069
MF0104,Wellandura ,2016,2,0,28709,0,28709,4430.5
MF0104,Wellandura ,2016,3,0,24742.5,0,24742.5,3661
MF0104,Wellandura ,2016,4,0,32304,0,32304,3147
MF0104,Wellandura ,2016,5,0,30454,0,30454,4476
MF0104,Wellandura ,2016,6,0,31833.5,0,31833.5,3893
MF0104,Wellandura ,2016,7,0,33177.5,0,33177.5,4560
MF0104,Wellandura ,2016,8,0,25272,0,25272,4350
MF0104,Wellandura ,2016,9,0,18714,0,18714,2578
MF0104,Wellandura ,2016,10,0,21235,0,21235,2717
MF0104,Wellandura ,2016,11,0,47021,0,47021,5372
MF0104,Wellandura ,2016,12,0,36385.5,0,36385.5,5450
MF0106,Mahawale ,2016,2,12471,0,0,12471,40890
MF0106,Mahawale ,2016,3,13799,0,0,13799,45466
MF0106,Mahawale ,2016,4,16132,0,0,16132,53416
MF0106,Mahawale ,2016,5,12541,0,0,12541,69964
MF0106,Mahawale ,2016,6,10502,0,0,10502,68109
MF0106,Mahawale ,2016,7,10820,0,0,10820,53883
MF0106,Mahawale ,2016,8,14701,0,0,14701,22123
MF0106,Mahawale ,2016,9,14271,0,0,14271,41492
MF0106,Mahawale ,2016,10,13479,0,547,14026,30791
MF0106,Mahawale ,2016,11,11252,0,0,11252,20460
MF0106,Mahawale ,2016,12,12358,0,0,12358,34764
MF0107,Nilagama ,2016,1,5824,31449,0,37273,3687
MF0107,Nilagama ,2016,2,5404,27865,0,33269,4624
MF0107,Nilagama ,2016,3,6162,20437,0,26599,3043
MF0107,Nilagama ,2016,4,7522,24860,88,32470,5111
MF0107,Nilagama ,2016,5,7086,36606,0,43692,6856
MF0107,Nilagama ,2016,6,7123,30007,0,37130,5402
MF0107,Nilagama ,2016,7,5104,31270,0,36374,5730
MF0107,Nilagama ,2016,8,5005,17440,0,22445,3613
MF0107,Nilagama ,2016,9,3315,12971,0,16286,3705
MF0107,Nilagama ,2016,10,3782,19893,0,23675,2857
MF0107,Nilagama ,2016,11,7003,36501.5,0,43504.5,10345
MF0107,Nilagama ,2016,12,6074.5,76621,0,82695.5,4513
MF0108,Poronuwa,2016,1,2476,20097,0,22573,3549
MF0108,Poronuwa,2016,2,2955,18262,0,21217,2483
MF0108,Poronuwa,2016,3,2373,14277,0,16650,2183
MF0108,Poronuwa,2016,4,3470,19233,136,22839,2605
MF0108,Poronuwa,2016,5,3301,20182,0,23483,2751
MF0108,Poronuwa,2016,6,4040,20720,0,24760,2694
MF0108,Poronuwa,2016,7,1988,4539,0,6527,383
MF0108,Poronuwa,2016,8,2529,10723,2960,16212,1479
MF0108,Poronuwa,2016,9,2213,14668,1678,18559,1293
MF0108,Poronuwa,2016,10,1650,21128,1410,24188,2472
MF0108,Poronuwa,2016,11,3144,21160,0,24304,2204
MF0108,Poronuwa,2016,12,1689,16124,0,17813,1600
MF0168,ENDANE,2016,1,27020,11140,0,38160,4357
MF0168,ENDANE,2016,2,24684,12247,0,36931,5570
MF0168,ENDANE,2016,3,17176,7357,0,24533,4044
MF0168,ENDANE,2016,4,30130,11377,0,41507,6082
MF0168,ENDANE,2016,5,22859,9627,0,32486,5911
MF0168,ENDANE,2016,6,29308,14215,0,43523,7280
MF0168,ENDANE,2016,7,22213,13892,0,36105,4807
MF0168,ENDANE,2016,8,26832,17876,0,44708,6205
MF0168,ENDANE,2016,9,23875,18894,0,42769,6420
MF0168,ENDANE,2016,10,19624,16739,0,36363,5957
MF0168,ENDANE,2016,11,25786,17793,0,43579,7124
MF0168,ENDANE,2016,12,21274,15058,0,36332,6151
MF0181,Ceciliyan ,2016,1,0,140976,0,140976,5052
MF0181,Ceciliyan ,2016,1,0,181936,0,181936,6368
MF0181,Ceciliyan ,2016,2,2491,115169,0,117660,4119
MF0181,Ceciliyan ,2016,2,0,160355,0,160355,5612
MF0181,Ceciliyan ,2016,3,1739,112938,0,114677,4013
MF0181,Ceciliyan ,2016,3,0,150159,0,150159,5256
MF0181,Ceciliyan ,2016,4,0,180521,0,180521,6318
MF0181,Ceciliyan ,2016,5,3521,119132,0,122653,4293
MF0181,Ceciliyan ,2016,5,0,179946,0,179946,4293
MF0181,Ceciliyan ,2016,6,4033,96781,0,100814,3528
MF0181,Ceciliyan ,2016,6,0,185540,0,185540,6494
MF0181,Ceciliyan ,2016,7,2711,113878,0,116589,4564
MF0181,Ceciliyan ,2016,7,0,130406,0,130406,4081
MF0181,Ceciliyan ,2016,8,3449,138145,0,141594,4955
MF0181,Ceciliyan ,2016,8,0,178475,0,178475,6247
MF0181,Ceciliyan ,2016,9,3494,115742,0,119236,10390
MF0181,Ceciliyan ,2016,10,2662,123815,0,126477,5957
MF0181,Ceciliyan ,2016,10,0,170186,0,170186,4426
MF0181,Ceciliyan ,2016,11,3960,144442,0,148402,11719
MF0181,Ceciliyan ,2016,12,0,189022,0,189022,10617
MF0183,New Kandagastenne ,2016,1,0,132562,0,132562,5970
MF0183,New Kandagastenne ,2016,2,0,123926,0,123926,5575
MF0183,New Kandagastenne ,2016,3,0,122791,0,122791,5517
MF0183,New Kandagastenne ,2016,4,0,137712,0,137712,6205
MF0183,New Kandagastenne ,2016,5,0,142732,0,142732,8623
MF0183,New Kandagastenne ,2016,6,0,132009,0,132009,8622
MF0183,New Kandagastenne ,2016,7,0,99075,0,99075,6443
MF0183,New Kandagastenne ,2016,8,0,108330,0,108330,7032
MF0183,New Kandagastenne ,2016,9,0,91017,0,91017,5786
MF0183,New Kandagastenne ,2016,10,0,104519,0,104519,6143
MF0183,New Kandagastenne ,2016,11,0,139693,0,139693,8521
MF0183,New Kandagastenne ,2016,12,0,134435,0,134435,8014
MF0191,Avondale,2016,1,0,31477,0,31477,1308
MF0191,Avondale,2016,2,0,25282,0,25282,1052
MF0191,Avondale,2016,3,0,26624,0,26624,1105
MF0191,Avondale,2016,4,0,13072,0,13072,833
MF0191,Avondale,2016,5,0,25158,0,25158,1608
MF0191,Avondale,2016,6,0,27063,0,27063,1720
MF0191,Avondale,2016,7,0,26297,0,26297,1659
MF0191,Avondale,2016,8,0,29146,0,29146,1505
MF0191,Avondale,2016,9,0,22654,0,22654,1261
MF0191,Avondale,2016,10,0,24959,0,24959,1436
MF0191,Avondale,2016,11,0,33987,0,33987,2316
MF0191,Avondale,2016,12,0,32591,0,32591,2485
MF0200,Pettiyagalla ,2016,1,17735,13938,8503,40176,3644
MF0200,Pettiyagalla ,2016,2,15556,13055,7242,35853,2938
MF0200,Pettiyagalla ,2016,3,21747,10155.5,7973,39875.5,4039
MF0200,Pettiyagalla ,2016,4,22276,9562,8644,40482,3908
MF0200,Pettiyagalla ,2016,5,22637,13196,9762,45595,4507
MF0200,Pettiyagalla ,2016,6,15557,9770,7443,32770,3157
MF0200,Pettiyagalla ,2016,7,14298,4078,5106,23482,2108
MF0200,Pettiyagalla ,2016,8,14030.5,1427,5261,20718.5,1559
MF0200,Pettiyagalla ,2016,9,11052,3249,4894,19195,1533
MF0200,Pettiyagalla ,2016,10,9270,291,1610,11171,761
MF0200,Pettiyagalla ,2016,11,19682,4154,9876,33712,2517
MF0200,Pettiyagalla ,2016,12,22481,978,8424,31883,2318
MF0210,Haughton ,2016,1,4834,50063,0,54897,4769
MF0210,Haughton ,2016,2,3607,57424,0,61031,5252
MF0210,Haughton ,2016,3,3256,46945.5,0,50201.5,4267
MF0210,Haughton ,2016,4,5589,62578,0,68167,5925
MF0210,Haughton ,2016,5,6265,55862,0,62127,5381
MF0210,Haughton ,2016,6,6308,34986.5,0,41294.5,3343
MF0210,Haughton ,2016,7,2696,15863.5,0,18559.5,1595
MF0210,Haughton ,2016,8,5663,28231.5,0,33894.5,2940
MF0210,Haughton ,2016,9,5370,29418,0,34788,2980
MF0210,Haughton ,2016,10,5125,28310,0,33435,4017
MF0210,Haughton ,2016,11,6028,0,42677,48705,4263
MF0210,Haughton ,2016,12,4491,24811,0,29302,6129
MF0236,Pambagama ,2016,1,18113,35375,17764,71252,8842
MF0236,Pambagama ,2016,2,12830,27351,12627,52808,7385
MF0236,Pambagama ,2016,3,15293,27857,13510,56660,6994
MF0236,Pambagama ,2016,4,16793,34869,7144,58806,5116
MF0236,Pambagama ,2016,5,15719,32414,9387,57520,6345
MF0236,Pambagama ,2016,6,13615,32233,10327,56175,7001
MF0236,Pambagama ,2016,7,13042,31784,9320,54146,5837
MF0236,Pambagama ,2016,8,15397,32949,9714,58060,7083
MF0236,Pambagama ,2016,9,15193,29490,7956,52639,4502
MF0236,Pambagama ,2016,10,14149,28208,7177,49534,3874
MF0236,Pambagama ,2016,11,19074,39291,104.75,58469.75,5850
MF0236,Pambagama ,2016,12,17518,26944,9389,53851,6588
MF0262,Upper Balangoda,2016,1,940,35389,0,36329,2906
MF0262,Upper Balangoda,2016,2,694,26578,26578,53850,2264
MF0262,Upper Balangoda,2016,3,64,2462.5,0,2526.5,2200
MF0262,Upper Balangoda,2016,4,1025,31114,0,32139,2892
MF0262,Upper Balangoda,2016,5,1542,42895,0,44437,4103
MF0262,Upper Balangoda,2016,6,1356,38353,0,39709,3573
MF0262,Upper Balangoda,2016,7,638,28587,0,29225,2338
MF0262,Upper Balangoda,2016,8,508,17970,0,18478,1478
MF0262,Upper Balangoda,2016,9,393,8755,0,9148,741
MF0262,Upper Balangoda,2016,10,140,9701,0,9841,811
MF0262,Upper Balangoda,2016,11,1189,45975,0,47164,3773
MF0262,Upper Balangoda,2016,12,701,29753,0,30454,2435
MF0263,Wewawatte,2016,1,2115,16335,0,18450,1290
MF0263,Wewawatte,2016,2,2064,16694,0,18758,2060
MF0263,Wewawatte,2016,3,2932,18878,0,21810,1745
MF0263,Wewawatte,2016,4,3380,22621,0,26001,2009
MF0263,Wewawatte,2016,5,3606,23187,0,26793,1850
MF0263,Wewawatte,2016,6,2884,19300,0,22184,1500
MF0263,Wewawatte,2016,7,3086,12965,0,16051,1364
MF0263,Wewawatte,2016,8,2174,6522,0,8696,703
MF0263,Wewawatte,2016,9,1025,4337,0,5362,408
MF0263,Wewawatte,2016,10,955,2695,0,3650,330
MF0263,Wewawatte,2016,11,3510,22390,0,25900,2070
MF0263,Wewawatte,2016,12,3610,15230,0,18840,1510
MF0285,Hunuwella ,2016,10,556,9,145,710,60
MF0285,Hunuwella ,2016,11,5537,2416,2090,10043,651
MF0285,Hunuwella ,2016,12,4184,7699,1774.5,13657.5,1099
MF0289,Watapota ,2016,1,1443,6898,0,8341,596
MF0289,Watapota ,2016,2,1530,0,0,1530,112
MF0289,Watapota ,2016,3,1176,0,0,1176,86
MF0289,Watapota ,2016,4,1942,0,0,1942,137
MF0289,Watapota ,2016,5,1760,0,0,1760,126
MF0289,Watapota ,2016,6,1614,0,0,1614,118
MF0289,Watapota ,2016,7,3290,0,0,3290,97
MF0289,Watapota ,2016,8,676,0,0,676,52
MF0289,Watapota ,2016,9,0,0,0,0,373
MF0289,Watapota ,2016,10,0,0,0,0,0
MF0289,Watapota ,2016,11,0,0,0,0,0
MF0289,Watapota ,2016,12,2.5,0,0,2.5,0
MF0293,Kelani ,2016,1,2437,18439,9379,30255,2721
MF0293,Kelani ,2016,2,1305,13365,7122,21792,3566
MF0293,Kelani ,2016,3,2316,19742,8615,30673,3951
MF0293,Kelani ,2016,4,3267,21429,10639,35335,4226
MF0293,Kelani ,2016,5,2658,19234,9664,31556,3420
MF0293,Kelani ,2016,6,2743,20266,9289,32298,3413
MF0293,Kelani ,2016,7,2179.5,18537,0,20716.5,3485
MF0293,Kelani ,2016,8,2921,17676,9451,30048,3742
MF0293,Kelani ,2016,9,2753,16308,9752,28813,2226
MF0293,Kelani ,2016,10,1447,9073,3012,13532,658
MF0293,Kelani ,2016,11,2045,20443,6410,28898,1907
MF0293,Kelani ,2016,12,2548,16748,7677,26973,2449
MF0295,Kuttapitiya ,2016,1,0,74134,0,74134,3645
MF0295,Kuttapitiya ,2016,2,270,71780,0,72050,3125
MF0295,Kuttapitiya ,2016,3,0,37723,0,37723,3215
MF0295,Kuttapitiya ,2016,4,0,78591,0,78591,3136
MF0295,Kuttapitiya ,2016,5,0,78113,0,78113,3171
MF0295,Kuttapitiya ,2016,6,0,76878,0,76878,3173
MF0295,Kuttapitiya ,2016,7,960,63432,0,64392,2635
MF0295,Kuttapitiya ,2016,8,0,76820,0,76820,3258
MF0295,Kuttapitiya ,2016,9,0,69138,0,69138,2994
MF0295,Kuttapitiya ,2016,10,0,69879,0,69879,2962
MF0295,Kuttapitiya ,2016,11,0,94354,0,94354,4170
MF0295,Kuttapitiya ,2016,12,0,78695,0,78695,3368
MF0296,DOLOSWELLA,2016,1,4704,0,0,4704,489
MF0296,DOLOSWELLA,2016,2,4050,0,0,4050,431
MF0296,DOLOSWELLA,2016,3,3267,0,0,3267,350
MF0296,DOLOSWELLA,2016,4,3936,0,104,4040,424
MF0296,DOLOSWELLA,2016,5,4752,0,0,4752,509
MF0296,DOLOSWELLA,2016,6,3581,0,0,3581,396
MF0296,DOLOSWELLA,2016,7,8.5,0,0,8.5,29
MF0296,DOLOSWELLA,2016,8,26,0,0,26,0
MF0296,DOLOSWELLA,2016,9,0,0,0,0,0
MF0296,DOLOSWELLA,2016,10,0,0,0,0,0
MF0296,DOLOSWELLA,2016,11,1632,2357,2879,6868,902
MF0296,DOLOSWELLA,2016,12,5692,3277,6974,15943,2316
MF0319,NON PAREIL,2016,1,9911,2864,0,12775,737
MF0319,NON PAREIL,2016,2,11018,1952,0,12970,739
MF0319,NON PAREIL,2016,3,13530,4037,0,17567,1520
MF0319,NON PAREIL,2016,4,14773,1546,0,16319,1972
MF0319,NON PAREIL,2016,5,12132,3167,0,15299,1753
MF0319,NON PAREIL,2016,6,8836,1541,0,10377,1209
MF0319,NON PAREIL,2016,7,3528,1393,0,4921,530
MF0319,NON PAREIL,2016,8,2251,808,0,3059,368
MF0319,NON PAREIL,2016,9,0,0,0,0,0
MF0319,NON PAREIL,2016,10,0,0,0,0,0
MF0319,NON PAREIL,2016,11,0,0,0,0,0
MF0319,NON PAREIL,2016,12,10102,0,0,10102,690
MF0353,YATIDERIYA,2016,1,12631,27707,2350,42688,4531
MF0353,YATIDERIYA,2016,2,7474,19048,1410.5,27932.5,3880
MF0353,YATIDERIYA,2016,3,8979.5,22047,1130,32156.5,5317
MF0353,YATIDERIYA,2016,4,11635,30944.5,1840,44419.5,3693
MF0353,YATIDERIYA,2016,5,10125,29384,1677,41186,4527
MF0353,YATIDERIYA,2016,6,12622,31797,2019,46438,5538
MF0353,YATIDERIYA,2016,7,9403,25953,1758,37114,5498
MF0353,YATIDERIYA,2016,8,13003,31549.5,2449,47001.5,4283
MF0353,YATIDERIYA,2016,9,12251,25688,1970,39909,4392
MF0353,YATIDERIYA,2016,10,9177,20052,1571,30800,3949
MF0353,YATIDERIYA,2016,11,12175,25341,2332,39848,4699
MF0353,YATIDERIYA,2016,12,12634,21533,2844,37011,4742
MF0367,Cecilton ,2016,1,0,0,0,0,0
MF0367,Cecilton ,2016,2,0,0,0,0,0
MF0367,Cecilton ,2016,3,0,0,0,0,0
MF0367,Cecilton ,2016,4,0,0,0,0,0
MF0367,Cecilton ,2016,5,5536,0,834,6370,572
MF0367,Cecilton ,2016,6,11471,0,4604,16075,1556
MF0367,Cecilton ,2016,7,8747,6483,5070,20300,1808
MF0367,Cecilton ,2016,8,7593,13225,5084,25902,2289
MF0367,Cecilton ,2016,9,3984,12019,3997,20000,1737
MF0367,Cecilton ,2016,10,1405,8410,2432,12247,1038
MF0367,Cecilton ,2016,11,10133,12807,5082,28022,2248
MF0367,Cecilton ,2016,12,18478,6544,10172,35194,2911
MF0369,MARATENNE,2016,1,31452,17477,22766,71695,6413
MF0369,MARATENNE,2016,2,46511,18654,23572,88737,8630
MF0369,MARATENNE,2016,3,46521,17846,25368,89735,9563
MF0369,MARATENNE,2016,4,46761,16405,22701,85867,9749
MF0369,MARATENNE,2016,5,35969,13389,15151,64509,7424
MF0369,MARATENNE,2016,6,38815,12305,0,51120,5401
MF0369,MARATENNE,2016,7,29588,8112,0,37700,3934
MF0369,MARATENNE,2016,8,21772,3950,0,25722,2159
MF0369,MARATENNE,2016,9,13864,2138,0,16002,1145
MF0369,MARATENNE,2016,10,4733,281,0,5014,355
MF0369,MARATENNE,2016,11,17282,6945,0,24227,1689
MF0369,MARATENNE,2016,12,67230,13126,974,81330,6238
MF0413,Horamulla ,2016,1,2378,67379,0,69757,7445
MF0413,Horamulla ,2016,2,2048,58064,0,60112,6414
MF0413,Horamulla ,2016,3,1503,51420.5,0,52923.5,5264
MF0413,Horamulla ,2016,4,2024,77118,0,79142,8749
MF0413,Horamulla ,2016,5,2018,81708,0,83726,8949
MF0413,Horamulla ,2016,6,2254,91936,0,94190,10057
MF0413,Horamulla ,2016,7,1215,60125,0,61340,6562
MF0413,Horamulla ,2016,8,2060,59462,0,61522,6586
MF0413,Horamulla ,2016,9,1491,47726,0,49217,5279
MF0413,Horamulla ,2016,10,1205,51698,0,52903,6668
MF0413,Horamulla ,2016,11,2063,86872,0,88935,9469
MF0413,Horamulla ,2016,12,2550,81841,0,84391,9034
MF0428,Randola ,2016,1,0,32862,0,32862,1715
MF0428,Randola ,2016,2,0,24359,0,24359,1270
MF0428,Randola ,2016,3,0,27492,0,27492,1434
MF0428,Randola ,2016,4,0,36357,0,36357,1902
MF0428,Randola ,2016,5,0,39631,0,39631,2076
MF0428,Randola ,2016,6,0,26855,0,26855,1401
MF0428,Randola ,2016,7,0,17921,0,17921,927
MF0428,Randola ,2016,8,0,14445,0,14445,745
MF0428,Randola ,2016,9,0,10629,0,10629,545
MF0428,Randola ,2016,10,0,7544,0,7544,382
MF0428,Randola ,2016,11,0,32024,0,32024,1668
MF0428,Randola ,2016,12,0,22804,0,22804,1185
MF0449,Aennen,2016,1,0,31009,0,31009,2352
MF0449,Aennen,2016,2,0,23784,0,23784,1787
MF0449,Aennen,2016,3,0,20610,0,20610,1551
MF0449,Aennen,2016,4,0,33169,0,33169,2513
MF0449,Aennen,2016,5,0,34157,0,34157,2571
MF0449,Aennen,2016,6,0,36561,0,36561,2747
MF0449,Aennen,2016,7,0,29662,0,29662,2226
MF0449,Aennen,2016,8,0,39151,0,39151,2934
MF0449,Aennen,2016,9,0,30518,0,30518,2286
MF0449,Aennen,2016,10,0,31520,0,31520,2361
MF0449,Aennen,2016,11,0,39068,0,39068,2928
MF0449,Aennen,2016,12,0,37844,0,37844,1150
MF0472,Ederapolla,2016,1,1605,24608,5974,32187,2325
MF0472,Ederapolla,2016,2,988,15606,4186,20780,1739
MF0472,Ederapolla,2016,3,1693.5,18552,5423,25668.5,2330
MF0472,Ederapolla,2016,4,2008.5,18501,6773,27282.5,2320
MF0472,Ederapolla,2016,5,1649.5,14229,5698,21576.5,1822
MF0472,Ederapolla,2016,6,1847,16352,6821,25020,2116
MF0472,Ederapolla,2016,7,1524,17445,4581,23550,1929
MF0472,Ederapolla,2016,8,2035.5,21386,5205,28626.5,1900
MF0472,Ederapolla,2016,9,1543.5,16977.5,5823,24344,1626
MF0472,Ederapolla,2016,10,883,6702,3402,10987,734
MF0472,Ederapolla,2016,11,1001,20438.5,5014,26453.5,1643
MF0472,Ederapolla,2016,12,1991,15987,6548.5,24526.5,1815
MF0481,Aigburth ,2016,1,9841,9857,0,19698,2142
MF0481,Aigburth ,2016,2,10018,8619.25,0,18637.25,2877
MF0481,Aigburth ,2016,3,9523,16325,0,25848,4451
MF0481,Aigburth ,2016,4,11222,21475,0,32697,5428
MF0481,Aigburth ,2016,5,11581,25019,0,36600,4122
MF0481,Aigburth ,2016,6,10389,17772,0,28161,3745
MF0481,Aigburth ,2016,7,7239,20474,0,27713,4340
MF0481,Aigburth ,2016,8,5159,18297,0,23456,3057
MF0481,Aigburth ,2016,9,3288,6668,0,9956,1897
MF0481,Aigburth ,2016,10,2756,7992,0,10748,1758
MF0481,Aigburth ,2016,11,9482,29021,0,38503,3424
MF0481,Aigburth ,2016,12,9242,14358,0,23600,2531
MF0490,Hatherleigh ,2016,1,15900,7774,13040,36714,4046
MF0490,Hatherleigh ,2016,2,12402,7121,9999,29522,3973
MF0490,Hatherleigh ,2016,3,9014,12680,7864,29558,4119
MF0490,Hatherleigh ,2016,4,16323,23540,11426,51289,7919
MF0490,Hatherleigh ,2016,5,16559,12359,13093,42011,6420
MF0490,Hatherleigh ,2016,6,16489,10521,13057,40067,6288
MF0490,Hatherleigh ,2016,7,10950,6395,8017,25362,3971
MF0490,Hatherleigh ,2016,8,14182,6161,31489,51832,8275
MF0490,Hatherleigh ,2016,9,9258,6527,21417,37202,5778
MF0490,Hatherleigh ,2016,10,7439,6589,15634,29662,5077
MF0490,Hatherleigh ,2016,11,20438,12652,28170,61260,9376
MF0490,Hatherleigh ,2016,12,16801,11656,22461,50918,5571
MF0546,Springwood,2016,3,0,30347,0,30347,1317
MF0546,Springwood,2016,4,0,39530,0,39530,1731
MF0546,Springwood,2016,5,0,41029,0,41029,1798
MF0546,Springwood,2016,6,0,33876,0,33876,1229
MF0546,Springwood,2016,7,562.5,22707,0,23269.5,820
MF0546,Springwood,2016,8,4512.5,21616,0,26128.5,783
MF0546,Springwood,2016,9,0,14834,0,14834,539
MF0546,Springwood,2016,10,0,12477,0,12477,456
MF0546,Springwood,2016,11,0,36450,0,36450,1320
MF0546,Springwood,2016,12,0,26976,0,26976,980
MF0574,Sapumalkande ,2016,4,0,42822,0,42822,4719
MF0574,Sapumalkande ,2016,5,0,47575,0,47575,5286
MF0574,Sapumalkande ,2016,6,0,66353,0,66353,7375
MF0574,Sapumalkande ,2016,7,0,52115,0,52115,2895
MF0574,Sapumalkande ,2016,8,0,80455,0,80455,4273
MF0574,Sapumalkande ,2016,9,0,68817,0,68817,3609
MF0574,Sapumalkande ,2016,10,0,65043,0,65043,3423
MF0574,Sapumalkande ,2016,11,0,94088,0,94088,3920
MF0574,Sapumalkande ,2016,12,0,87057,0,87057,4227
MF0594,Boscombe ,2016,1,0,46119,0,46119,2952
MF0594,Boscombe ,2016,2,0,37138,550,37688,2374
MF0594,Boscombe ,2016,3,0,33843,0,33843,2161
MF0594,Boscombe ,2016,4,0,46926,0,46926,2996
MF0594,Boscombe ,2016,5,0,63952,0,63952,4083
MF0594,Boscombe ,2016,6,0,42630,0,42630,2723
MF0594,Boscombe ,2016,7,0,14553,0,14553,930
MF0594,Boscombe ,2016,8,0,7960,0,7960,436
MF0594,Boscombe ,2016,9,0,7451,0,7451,339
MF0594,Boscombe ,2016,10,0,3490,0,3490,238
MF0594,Boscombe ,2016,11,0,26240,0,26240,2082
MF0594,Boscombe ,2016,12,0,42866,0,42866,4231
MF0600,Alupola ,2016,1,20004,25636,0,45640,5839
MF0600,Alupola ,2016,2,17064,16117,0,33181,4927
MF0600,Alupola ,2016,3,16975,20145,0,37120,4672
MF0600,Alupola ,2016,4,20259,27646,0,47905,8557
MF0600,Alupola ,2016,5,17766,28597,0,46363,5774
MF0600,Alupola ,2016,6,18857,27932,6232,53021,2557
MF0600,Alupola ,2016,7,15094,26447,4919,46460,2274
MF0600,Alupola ,2016,8,16753,15797,0,32550,4807
MF0600,Alupola ,2016,9,15287,14579,0,29866,4649
MF0600,Alupola ,2016,10,11505,14068,0,25573,4159
MF0600,Alupola ,2016,11,15998,17962,0,33960,5509
MF0600,Alupola ,2016,12,14339,12475,0,26814,5222
MF0614,MADAMPE,2016,1,15289,309,10482,26080,4462
MF0614,MADAMPE,2016,2,11000.5,69,8766,19835.5,3132
MF0614,MADAMPE,2016,3,7458.5,5491,6696,19645.5,3120
MF0614,MADAMPE,2016,4,13562,13964,9190,36716,6220
MF0614,MADAMPE,2016,5,12687,11587,9683,33957,5289
MF0614,MADAMPE,2016,6,20599,4824,10074,35497,5918
MF0614,MADAMPE,2016,7,11804.5,2374,5254,19432.5,3520
MF0614,MADAMPE,2016,8,0,0,0,0,2810
MF0619,GALABODDA,2016,1,8921,43176,1674,53771,2419
MF0619,GALABODDA,2016,2,5807,50974,1249,58030,3256
MF0619,GALABODDA,2016,3,3322,64536,1639,69497,4594
MF0619,GALABODDA,2016,4,7927,63698,1231,72856,4794
MF0619,GALABODDA,2016,5,8682,57398,1543,67623,4922
MF0619,GALABODDA,2016,6,10697,32256,22476,65429,4283
MF0619,GALABODDA,2016,7,7296,25252,9288,41836,2257
MF0619,GALABODDA,2016,8,8463,15226,1474,25163,1687
MF0619,GALABODDA,2016,9,7358,9246,1343,17947,1349
MF0619,GALABODDA,2016,10,6431,7359,1135,14925,522
MF0619,GALABODDA,2016,11,9570,18240,1400,29210,734
MF0619,GALABODDA,2016,12,7989,17118,1126,26233,810
MF0623,MEDDAKANDE,2016,1,18860,18890,0,37750,3132
MF0623,MEDDAKANDE,2016,2,15817,16454,0,32271,2708
MF0623,MEDDAKANDE,2016,3,17316,15019,0,32335,2682
MF0623,MEDDAKANDE,2016,4,19175,23565,0,42740,3724
MF0623,MEDDAKANDE,2016,5,22732,23418,0,46150,4399
MF0623,MEDDAKANDE,2016,6,11361,13609,0,24970,2392
MF0623,MEDDAKANDE,2016,7,12065,5658,0,17723,1602
MF0623,MEDDAKANDE,2016,8,11050,3750,0,14800,1218
MF0623,MEDDAKANDE,2016,9,7890,7546,0,15436,1226
MF0623,MEDDAKANDE,2016,10,5379,1103,0,6482,504
MF0623,MEDDAKANDE,2016,11,15585,4377,0,19962,1500
MF0623,MEDDAKANDE,2016,12,19561,7910,365,27836,2309
MF0624,Wikiliya,2016,1,0,122212,0,122212,8460
MF0624,Wikiliya,2016,2,0,127064,0,127064,7402
MF0624,Wikiliya,2016,3,0,138197,0,138197,9819
MF0624,Wikiliya,2016,4,0,154136,0,154136,9680
MF0624,Wikiliya,2016,5,0,170585,0,170585,9171
MF0624,Wikiliya,2016,6,0,147957,0,147957,7507
MF0624,Wikiliya,2016,7,0,119524,0,119524,5043
MF0624,Wikiliya,2016,8,0,83364,0,83364,3651
MF0624,Wikiliya,2016,9,0,46796,0,46796,1994
MF0624,Wikiliya,2016,10,0,40866,0,40866,1722
MF0624,Wikiliya,2016,11,0,139649,0,139649,5913
MF0624,Wikiliya,2016,12,0,129804,0,129804,5430
MF0625,NEW RASAGALLA,2016,1,26364,20131,0,46495,4752
MF0625,NEW RASAGALLA,2016,2,20022,17196,0,37218,3932
MF0625,NEW RASAGALLA,2016,3,25657,10563,0,36220,3920
MF0625,NEW RASAGALLA,2016,4,23480,15516,0,38996,4418
MF0625,NEW RASAGALLA,2016,5,23124,19881,0,43005,6545
MF0625,NEW RASAGALLA,2016,6,14086,12503,0,26589,3448
MF0625,NEW RASAGALLA,2016,7,18496,8904,0,27400,3521
MF0625,NEW RASAGALLA,2016,8,18056,5254,0,23310,2725
MF0625,NEW RASAGALLA,2016,9,13306,4261,439,18006,2155
MF0625,NEW RASAGALLA,2016,10,13161,3091,163,16415,2003
MF0625,NEW RASAGALLA,2016,11,23748,5102,0,28850,3577
MF0625,NEW RASAGALLA,2016,12,24324,3678,941,28943,3808
MF0626,HALGOLLE,2016,1,35052,0,23447.5,58499.5,4805
MF0626,HALGOLLE,2016,2,23072,20138.5,0,43210.5,3770
MF0626,HALGOLLE,2016,3,25048,23106,0,48154,4220
MF0626,HALGOLLE,2016,4,30345,30134,0,60479,5212
MF0626,HALGOLLE,2016,5,23950,32416,0,56366,4811
MF0626,HALGOLLE,2016,6,23666,31087,0,54753,4784
MF0626,HALGOLLE,2016,7,25419,29160,0,54579,5249
MF0626,HALGOLLE,2016,8,23946,31112,0,55058,6240
MF0626,HALGOLLE,2016,9,21244,27578,0,48822,6562
MF0626,HALGOLLE,2016,10,16788,10443,37,27268,4549
MF0626,HALGOLLE,2016,11,24186,34534,0,58720,9447
MF0626,HALGOLLE,2016,12,24878,2808,0,27686,5393
MF0659,RYE,2016,1,0,41082,0,41082,3369
MF0659,RYE,2016,2,0,45301,0,45301,3904
MF0659,RYE,2016,3,0,42316,0,42316,3442
MF0659,RYE,2016,4,0,50539,0,50539,4053
MF0659,RYE,2016,5,0,57941,0,57941,4460
MF0659,RYE,2016,6,0,42019,0,42019,3213
MF0659,RYE,2016,7,0,33473,0,33473,2558
MF0659,RYE,2016,8,0,24465,0,24465,1900
MF0659,RYE,2016,9,0,15407,0,15407,1524
MF0659,RYE,2016,10,0,15508,0,15508,1551
MF0659,RYE,2016,11,0,32854,0,32854,3274
MF0659,RYE,2016,12,0,38269,0,38269,2899
MF0686,Keragala,2016,7,0,2903,0,2903,186
MF0686,Keragala,2016,8,0,23980,0,23980,1530
MF0686,Keragala,2016,9,0,23497,0,23497,1516
MF0686,Keragala,2016,10,0,18906,0,18906,1209
MF0686,Keragala,2016,11,0,30488,0,30488,1921
MF0686,Keragala,2016,12,0,21308,0,21308,1504
MF0780,HOUPE ,2016,1,17560,29642,0,47202,4420
MF0780,HOUPE ,2016,2,14367,30008.5,0,44375.5,4357
MF0780,HOUPE ,2016,3,14202,29455,0,43657,5164
MF0780,HOUPE ,2016,4,17657,41020,520,59197,9537
MF0780,HOUPE ,2016,5,14820.5,34960,0,49780.5,7203
MF0780,HOUPE ,2016,6,22002,42259,0,64261,8074
MF0780,HOUPE ,2016,7,13332,26669,0,40001,5633
MF0780,HOUPE ,2016,8,18206,32006,0,50212,6973
MF0780,HOUPE ,2016,9,17846,27579,0,45425,6442
MF0780,HOUPE ,2016,10,14003,26981,0,40984,5571
MF0780,HOUPE ,2016,11,18795,34109,0,52904,7074
MF0780,HOUPE ,2016,12,13993,35589,0,49582,8626
MF0801,HAPUGASTENNE ,2016,1,25255,5586,0,30841,5408
MF0801,HAPUGASTENNE ,2016,1,23751,5633,0,29384,5408
MF0801,HAPUGASTENNE ,2016,2,16954,6976,0,23930,6189
MF0801,HAPUGASTENNE ,2016,2,27260,13630,0,40890,6189
MF0801,HAPUGASTENNE ,2016,3,31383,27327,0,58710,8400
MF0801,HAPUGASTENNE ,2016,3,16632,12739,0,29371,8400
MF0801,HAPUGASTENNE ,2016,4,39767,33898,0,73665,10849
MF0801,HAPUGASTENNE ,2016,4,18298,15495,0,33793,10849
MF0801,HAPUGASTENNE ,2016,5,32538,43257,0,75795,0
MF0801,HAPUGASTENNE ,2016,5,11797,15319,0,27116,0
MF0801,HAPUGASTENNE ,2016,6,3376,2167,0,5543,9478.5
MF0801,HAPUGASTENNE ,2016,6,0,0,0,0,9478.5
MF0801,HAPUGASTENNE ,2016,8,49034,12629,0,61663,6127
MF0801,HAPUGASTENNE ,2016,8,403,0,0,403,6127
MF0801,HAPUGASTENNE ,2016,9,36882,18547,0,55429,5804
MF0801,HAPUGASTENNE ,2016,10,0,0,0,0,4145
MF0801,HAPUGASTENNE ,2016,11,40147,18928,0,59075,6008
MF0801,HAPUGASTENNE ,2016,12,0,0,0,0,4658
MF0903,Maliboda,2016,1,2504,36266,0,38770,3065
MF0903,Maliboda,2016,2,1278,34237,0,35515,2386
MF0903,Maliboda,2016,3,1309,49476,0,50785,3248
MF0903,Maliboda,2016,4,2405,50195,0,52600,4805
MF0903,Maliboda,2016,5,2110,57645,0,59755,6393
MF0903,Maliboda,2016,6,1916,53184,0,55100,4745
MF0903,Maliboda,2016,7,2012,43828,0,45840,2736
MF0903,Maliboda,2016,8,2135,0,44165,46300,3416
MF0903,Maliboda,2016,9,1757,37213,0,38970,3441
MF0903,Maliboda,2016,10,773,25178,0,25951,3632
MF0903,Maliboda,2016,11,1229,18131,0,19360,1966
MF0903,Maliboda,2016,12,910,20705,0,21615,2515
MF0905,Millavitiya ,2016,1,0,41637,0,41637,3617
MF0905,Millavitiya ,2016,2,0,32728,0,32728,2841
MF0905,Millavitiya ,2016,3,0,27054,0,27054,2347
MF0905,Millavitiya ,2016,4,0,31423,0,31423,2727
MF0905,Millavitiya ,2016,5,0,0,0,0,0
MF0905,Millavitiya ,2016,6,0,0,0,0,0
MF0905,Millavitiya ,2016,8,0,9715,0,9715,620
MF0905,Millavitiya ,2016,9,0,16530,0,16530,688
MF0905,Millavitiya ,2016,10,0,19352,0,19352,806
MF0905,Millavitiya ,2016,11,0,31677,0,31677,1314
MF0905,Millavitiya ,2016,12,0,22408,0,22408,936
MF0906,Palm Garden,2016,1,554,41000,448,42002,3176
MF0906,Palm Garden,2016,2,443,35452,292,36187,4634
MF0906,Palm Garden,2016,3,332,31792,371,32495,3665
MF0906,Palm Garden,2016,4,412,30504,345,31261,2833
MF0906,Palm Garden,2016,5,398,28000,349,28747,2490
MF0906,Palm Garden,2016,6,389,23020,298,23707,4206
MF0906,Palm Garden,2016,7,234,18570,214,19018,4575
MF0906,Palm Garden,2016,8,394,13146,265,13805,2359
MF0906,Palm Garden,2016,9,342,18503,313,19158,2661
MF0906,Palm Garden,2016,10,243,15005,0,15248,3126
MF0906,Palm Garden,2016,11,309,11719,240,12268,1556
MF0906,Palm Garden,2016,12,441,8375,288,9104,831
MF0909,Allerton,2016,1,0,36389,0,36389,1558
MF0909,Allerton,2016,2,0,28290,0,28290,1208
MF0909,Allerton,2016,3,2368.5,23817,0,26185.5,1019
MF0909,Allerton,2016,4,0,36385,0,36385,1553
MF0909,Allerton,2016,5,34,34319,0,34353,1465
MF0909,Allerton,2016,6,0,37685,0,37685,1611
MF0909,Allerton,2016,7,887,37026,0,37913,1385
MF0909,Allerton,2016,8,3026.5,45394,0,48420.5,1648
MF0909,Allerton,2016,9,343,32742,0,33085,1186
MF0909,Allerton,2016,10,0,16449,0,16449,595
MF0909,Allerton,2016,11,1207,27767,0,28974,1008
MF0909,Allerton,2016,12,0,25733,0,25733,934
MF0912,Vardhana,2016,1,0,73341,0,73341,4221
MF0912,Vardhana,2016,2,0,65815,0,65815,3896
MF0912,Vardhana,2016,3,0,71389,0,71389,5050
MF0912,Vardhana,2016,4,0,78367,0,78367,6752
MF0912,Vardhana,2016,5,0,92219,0,92219,7294
MF0912,Vardhana,2016,6,0,91795,0,91795,7344
MF0912,Vardhana,2016,7,0,75111,0,75111,6060
MF0912,Vardhana,2016,8,0,81551,0,81551,6984
MF0912,Vardhana,2016,9,0,55027,0,55027,4012
MF0912,Vardhana,2016,10,0,52984,0,52984,4405
MF0912,Vardhana,2016,11,0,88506,0,88506,6654
MF0912,Vardhana,2016,12,0,72467,0,72467,5016
MF0946,Rajjuruwatta,2016,2,0,21862,0,21862,2415
MF0946,Rajjuruwatta,2016,3,0,21263,0,21263,2341
MF0946,Rajjuruwatta,2016,4,0,29685,0,29685,3287
MF0946,Rajjuruwatta,2016,5,0,19898,0,19898,2196
MF0946,Rajjuruwatta,2016,6,0,13729,0,13729,1514
MF0946,Rajjuruwatta,2016,7,0,17843,0,17843,1087
MF0946,Rajjuruwatta,2016,8,0,23477,0,23477,1428
MF0946,Rajjuruwatta,2016,9,0,21991,0,21991,1314
MF0946,Rajjuruwatta,2016,10,0,27376,0,27376,1636
MF0946,Rajjuruwatta,2016,11,0,32870,0,32870,2163
MF0946,Rajjuruwatta,2016,12,0,29069,0,29069,1744
MF1057,Dedugala,2016,2,0,847,0,847,75
MF1057,Dedugala,2016,4,0,5589,0,5589,484
MF1057,Dedugala,2016,5,0,15583,0,15583,1473
MF1057,Dedugala,2016,6,0,19833,0,19833,1941
MF1057,Dedugala,2016,7,0,18347,0,18347,1906
MF1057,Dedugala,2016,8,0,20545,0,20545,1978
MF1057,Dedugala,2016,9,0,20225,0,20225,1913
MF1057,Dedugala,2016,10,0,26579,0,26579,2528
MF1057,Dedugala,2016,11,0,32075,0,32075,3274
MF1057,Dedugala,2016,12,0,25921,0,25921,2529
MF1075,Kadigalahena,2016,1,0,18717,0,18717,2123
MF1075,Kadigalahena,2016,2,0,17114,0,17114,1993
MF1075,Kadigalahena,2016,3,0,14908,0,14908,1724
MF1075,Kadigalahena,2016,4,0,19825,0,19825,2249
MF1075,Kadigalahena,2016,5,0,25147,0,25147,2626
MF1075,Kadigalahena,2016,6,0,14734,0,14734,1575
MF1075,Kadigalahena,2016,7,0,13329,0,13329,1445
MF1075,Kadigalahena,2016,8,0,17782,0,17782,2016
MF1075,Kadigalahena,2016,9,0,15101,0,15101,1718
MF1075,Kadigalahena,2016,10,0,13499,0,13499,1568
MF1075,Kadigalahena,2016,11,0,30122,0,30122,3441
MF1075,Kadigalahena,2016,12,0,26414,0,26414,3025
MF1172,New Vithanakanda,2016,1,724,137794,0,138518,13660
MF1172,New Vithanakanda,2016,2,619,121052.5,0,121671.5,12505
MF1172,New Vithanakanda,2016,3,518,113003.5,0,113521.5,11037
MF1172,New Vithanakanda,2016,4,823,136934,0,137757,11980
MF1172,New Vithanakanda,2016,5,630,122785.5,0,123415.5,10007
MF1172,New Vithanakanda,2016,6,809,134455.5,0,135264.5,14858
MF1172,New Vithanakanda,2016,7,562,124413,0,124975,18091
MF1172,New Vithanakanda,2016,8,795,154442,0,155237,14847
MF1172,New Vithanakanda,2016,9,870,141866.5,0,142736.5,16566
MF1172,New Vithanakanda,2016,10,497,150173.5,0,150670.5,16869
MF1172,New Vithanakanda,2016,11,925,172341,0,173266,18738
MF1172,New Vithanakanda,2016,12,820,164702.5,0,165522.5,25128
MF1188,Green Mount,2016,1,0,66840,0,66840,4668
MF1188,Green Mount,2016,2,0,58395,0,58395,4017
MF1188,Green Mount,2016,3,0,60218,0,60218,3256
MF1188,Green Mount,2016,4,0,61132,0,61132,3857
MF1188,Green Mount,2016,5,0,68671,0,68671,4408
MF1188,Green Mount,2016,6,0,64551,0,64551,3982
MF1188,Green Mount,2016,7,0,57839,0,57839,3230
MF1188,Green Mount,2016,8,0,53860,0,53860,3114
MF1188,Green Mount,2016,9,0,28741,0,28741,1681
MF1188,Green Mount,2016,10,0,37607,0,37607,2308
MF1188,Green Mount,2016,11,0,75867,0,75867,4654
MF1188,Green Mount,2016,12,0,74596,0,74596,4577
MF1217,GALPADITENNE ,2016,1,4060,244465,0,248525,12409
MF1217,GALPADITENNE ,2016,1,1300,26284,0,27584,12409
MF1217,GALPADITENNE ,2016,2,0,203023,0,203023,12774
MF1217,GALPADITENNE ,2016,2,0,80470,0,80470,12774
MF1217,GALPADITENNE ,2016,3,960,229754,0,230714,11885
MF1217,GALPADITENNE ,2016,3,0,65898.5,0,65898.5,11885
MF1217,GALPADITENNE ,2016,4,1020,238080,0,239100,14296
MF1217,GALPADITENNE ,2016,4,1300,84803,0,86103,14296
MF1217,GALPADITENNE ,2016,5,0,242228,0,242228,0
MF1217,GALPADITENNE ,2016,6,0,234994,0,234994,14035
MF1217,GALPADITENNE ,2016,6,0,85976,0,85976,14035
MF1217,GALPADITENNE ,2016,7,0,168162,0,168162,10150
MF1217,GALPADITENNE ,2016,7,0,90755,0,90755,10150
MF1217,GALPADITENNE ,2016,8,0,236466,0,236466,14424
MF1217,GALPADITENNE ,2016,8,0,102926,0,102926,14424
MF1217,GALPADITENNE ,2016,10,0,224240,0,224240,13668
MF1217,GALPADITENNE ,2016,11,0,101752,0,101752,17261
MF1217,GALPADITENNE ,2016,12,0,237608,0,237608,16853
MF1264,AVISSAWELLA,2016,1,0,63290,0,63290,1651
MF1264,AVISSAWELLA,2016,2,0,38719,0,38719,931
MF1264,AVISSAWELLA,2016,3,0,41426,0,41426,1068
MF1264,AVISSAWELLA,2016,4,0,58680,0,58680,1477
MF1264,AVISSAWELLA,2016,5,0,46478,0,46478,1182
MF1264,AVISSAWELLA,2016,6,0,55962,0,55962,1347
MF1264,AVISSAWELLA,2016,7,0,52741,0,52741,1247
MF1264,AVISSAWELLA,2016,8,0,55722,0,55722,1330
MF1264,AVISSAWELLA,2016,10,0,44492,0,44492,973
MF1264,AVISSAWELLA,2016,11,0,81998,0,81998,2024
MF1264,AVISSAWELLA,2016,12,0,63770,0,63770,1535
MF1265,NELUNKANDA,2016,1,0,0,0,0,0
MF1265,NELUNKANDA,2016,2,0,0,0,0,0
MF1265,NELUNKANDA,2016,3,0,0,0,0,0
MF1265,NELUNKANDA,2016,4,0,0,0,0,0
MF1265,NELUNKANDA,2016,5,0,0,0,0,0
MF1265,NELUNKANDA,2016,6,0,0,0,0,0
MF1265,NELUNKANDA,2016,8,0,0,0,0,0
MF1265,NELUNKANDA,2016,9,0,0,0,0,0
MF1266,KENDALANDA,2016,1,935,63963,0,64898,4201
MF1266,KENDALANDA,2016,2,725,50337,0,51062,3319
MF1266,KENDALANDA,2016,3,766,55508,0,56274,3643
MF1266,KENDALANDA,2016,4,960,64829,0,65789,4282
MF1266,KENDALANDA,2016,5,881,65032,0,65913,4284
MF1266,KENDALANDA,2016,6,924,0,65703,66627,4307
MF1266,KENDALANDA,2016,7,766,56943,0,57709,2772
MF1266,KENDALANDA,2016,8,1054,65947,0,67001,3015
MF1266,KENDALANDA,2016,9,734,65138,0,65872,2964
MF1266,KENDALANDA,2016,10,1377,78053,0,79430,3557
MF1266,KENDALANDA,2016,11,1790,91991,0,93781,4220
MF1266,KENDALANDA,2016,12,1182,75572,0,76754,3453
MF1281,ST.JOACHIM ,2016,1,2821,20971,0,23792,1876
MF1281,ST.JOACHIM ,2016,2,2022,17584,0,19606,1511
MF1281,ST.JOACHIM ,2016,3,1959,17906,0,19865,1515
MF1281,ST.JOACHIM ,2016,4,1540,17472,0,19012,1475
MF1281,ST.JOACHIM ,2016,5,1549,14730,0,16279,1517
MF1281,ST.JOACHIM ,2016,6,2018,11760,0,13778,1182
MF1281,ST.JOACHIM ,2016,7,1279,11263,0,12542,1280
MF1281,ST.JOACHIM ,2016,8,2086,13118,0,15204,1294
MF1281,ST.JOACHIM ,2016,9,1877,12113,0,13990,1333
MF1281,ST.JOACHIM ,2016,10,1596,12636,0,14232,1188
MF1281,ST.JOACHIM ,2016,11,2310,15217,0,17527,1628
MF1281,ST.JOACHIM ,2016,12,2001,14473,0,16474,2360
MF1284,NEW PANAWENNA ,2016,1,0,54549,0,54549,5027
MF1284,NEW PANAWENNA ,2016,2,0,41634,0,41634,3729
MF1284,NEW PANAWENNA ,2016,3,0,43270,0,43270,4677
MF1284,NEW PANAWENNA ,2016,4,0,63374,0,63374,3276
MF1284,NEW PANAWENNA ,2016,5,0,57429,0,57429,5417
MF1284,NEW PANAWENNA ,2016,6,0,58970,0,58970,5711
MF1284,NEW PANAWENNA ,2016,7,0,38304,0,38304,4007
MF1284,NEW PANAWENNA ,2016,8,0,44957,0,44957,4208
MF1284,NEW PANAWENNA ,2016,9,0,35875,0,35875,5010
MF1284,NEW PANAWENNA ,2016,10,0,38449,0,38449,3668
MF1284,NEW PANAWENNA ,2016,11,0,63442,0,63442,4249
MF1284,NEW PANAWENNA ,2016,12,0,48402,0,48402,4320
MF1286,SAMARAKANDA TEA PROCESSING CENTRE,2016,1,9932,0,0,9932,16190
MF1286,SAMARAKANDA TEA PROCESSING CENTRE,2016,2,25932,0,0,25932,87170
MF1286,SAMARAKANDA TEA PROCESSING CENTRE,2016,3,24215.5,0,0,24215.5,63508
MF1286,SAMARAKANDA TEA PROCESSING CENTRE,2016,4,13374.5,0,0,13374.5,52955
MF1286,SAMARAKANDA TEA PROCESSING CENTRE,2016,5,21504,0,0,21504,69639
MF1286,SAMARAKANDA TEA PROCESSING CENTRE,2016,6,19731.5,0,0,19731.5,62062
MF1286,SAMARAKANDA TEA PROCESSING CENTRE,2016,7,14787,0,0,14787,57595
MF1286,SAMARAKANDA TEA PROCESSING CENTRE,2016,8,18136,0,0,18136,45019.5
MF1286,SAMARAKANDA TEA PROCESSING CENTRE,2016,9,12324,0,0,12324,42347
MF1286,SAMARAKANDA TEA PROCESSING CENTRE,2016,10,13255,0,0,13255,44894
MF1286,SAMARAKANDA TEA PROCESSING CENTRE,2016,11,13600,0,0,13600,38183
MF1286,SAMARAKANDA TEA PROCESSING CENTRE,2016,12,15905.5,0,0,15905.5,52835
MF1297,ILLUKTENNE,2016,1,1843,34623,0,36466,2316
MF1297,ILLUKTENNE,2016,2,626,20609,0,21235,2178
MF1297,ILLUKTENNE,2016,3,650,24247,0,24897,1754
MF1297,ILLUKTENNE,2016,4,1184,27591,0,28775,2049
MF1297,ILLUKTENNE,2016,5,1507,27545,0,29052,5031
MF1297,ILLUKTENNE,2016,6,2148,29139,0,31287,2002
MF1297,ILLUKTENNE,2016,7,1547,26900,0,28447,2282
MF1297,ILLUKTENNE,2016,8,2194,31194,0,33388,2641
MF1297,ILLUKTENNE,2016,9,1941,24985,0,26926,2921
MF1297,ILLUKTENNE,2016,10,1816,26665,0,28481,2422
MF1297,ILLUKTENNE,2016,11,2518,29567,0,32085,2631
MF1297,ILLUKTENNE,2016,12,1778,14494.5,0,16272.5,2224
MF1304,KEHELWALA ,2016,1,3620,48591,0,52211,4205
MF1304,KEHELWALA ,2016,2,2197,30827,0,33024,2788
MF1304,KEHELWALA ,2016,3,2218,28952,0,31170,2220
MF1304,KEHELWALA ,2016,4,3131,31904,0,35035,2501
MF1304,KEHELWALA ,2016,5,3844,38764,0,42608,3213
MF1304,KEHELWALA ,2016,6,3637,37394,0,41031,3397
MF1304,KEHELWALA ,2016,7,3200,35203,0,38403,3965
MF1304,KEHELWALA ,2016,8,3684,35726,0,39410,3853
MF1304,KEHELWALA ,2016,9,2958,34340,0,37298,3459
MF1304,KEHELWALA ,2016,10,2956,31175,0,34131,3441
MF1304,KEHELWALA ,2016,11,4221,35128,0,39349,4256
MF1304,KEHELWALA ,2016,12,2482,28575,0,31057,3850
MF1308,New Udakada,2016,1,0,25713,0,25713,1122
MF1308,New Udakada,2016,2,0,20325,0,20325,817
MF1308,New Udakada,2016,3,0,21229,0,21229,820
MF1308,New Udakada,2016,4,0,26884,0,26884,1022
MF1308,New Udakada,2016,5,0,27632,0,27632,1065
MF1308,New Udakada,2016,6,0,27233,0,27233,1010
MF1308,New Udakada,2016,7,0,21840,0,21840,1246
MF1308,New Udakada,2016,8,0,21814,0,21814,1522
MF1308,New Udakada,2016,9,0,15332,0,15332,1260
MF1308,New Udakada,2016,10,0,17716,0,17716,1415
MF1308,New Udakada,2016,11,0,30585,0,30585,2255
MF1308,New Udakada,2016,12,0,23409,0,23409,1755
MF1316,Kolonna,2016,1,0,33369,0,33369,2471
MF1316,Kolonna,2016,2,0,21305,0,21305,2008
MF1316,Kolonna,2016,3,0,23682,0,23682,2023
MF1316,Kolonna,2016,4,0,34637,0,34637,2858
MF1316,Kolonna,2016,5,0,28079,0,28079,2680
MF1316,Kolonna,2016,6,0,26864,0,26864,2579
MF1316,Kolonna,2016,7,0,28544,0,28544,2769
MF1316,Kolonna,2016,8,0,32706,0,32706,3164
MF1316,Kolonna,2016,9,0,27765,0,27765,2585
MF1316,Kolonna,2016,10,0,30815,3218,34033,2774
MF1316,Kolonna,2016,11,0,51327,0,51327,5003
MF1316,Kolonna,2016,12,0,49554,0,49554,4027
MF1317,Deshika,2016,1,0,48479,0,48479,2101
MF1317,Deshika,2016,2,0,36313,0,36313,1885
MF1317,Deshika,2016,3,0,35078,0,35078,1763
MF1317,Deshika,2016,4,0,44806,0,44806,2269
MF1317,Deshika,2016,5,0,62423,0,62423,3237
MF1317,Deshika,2016,6,0,59777,0,59777,3003
MF1317,Deshika,2016,7,0,54566,0,54566,2749
MF1317,Deshika,2016,8,0,72149,0,72149,3657
MF1317,Deshika,2016,9,0,60414,0,60414,3072
MF1317,Deshika,2016,10,0,64980,0,64980,3318
MF1317,Deshika,2016,11,0,92027,0,92027,4627
MF1317,Deshika,2016,12,0,77863,0,77863,3963
MF1325,Bandarahena,2016,1,1732,25684,0,27416,2517
MF1325,Bandarahena,2016,2,1616,23211,0,24827,2705
MF1325,Bandarahena,2016,3,1203,19170,0,20373,4462
MF1325,Bandarahena,2016,4,1920,31253,0,33173,2082
MF1325,Bandarahena,2016,5,1451,31010,0,32461,4162
MF1325,Bandarahena,2016,6,1723,32222,0,33945,4636
MF1325,Bandarahena,2016,7,1209,21555,0,22764,3296
MF1325,Bandarahena,2016,8,1414,19558,0,20972,3087
MF1325,Bandarahena,2016,9,1097,18261,0,19358,3260
MF1325,Bandarahena,2016,10,989,16359,0,17348,4081
MF1325,Bandarahena,2016,11,1506,20939,0,22445,2374
MF1325,Bandarahena,2016,12,1058,25384,0,26442,2374
MF1343,Kongahawatte,2016,1,0,87226,0,87226,9680
MF1343,Kongahawatte,2016,2,0,76969,0,76969,8588
MF1343,Kongahawatte,2016,3,0,77515,0,77515,8365
MF1343,Kongahawatte,2016,4,0,77857,0,77857,8643
MF1343,Kongahawatte,2016,5,0,84301,0,84301,9356
MF1343,Kongahawatte,2016,6,0,85675,0,85675,9068
MF1343,Kongahawatte,2016,7,0,73201,0,73201,4067
MF1343,Kongahawatte,2016,8,0,99821,0,99821,4140
MF1343,Kongahawatte,2016,9,0,80377,0,80377,3332
MF1343,Kongahawatte,2016,10,0,86824,0,86824,3604
MF1343,Kongahawatte,2016,11,0,99575,0,99575,4121
MF1343,Kongahawatte,2016,12,0,78118,0,78118,3243
MF1354,Peak Paradise,2016,1,0,65030,0,65030,2601
MF1354,Peak Paradise,2016,2,0,53243,0,53243,2130
MF1354,Peak Paradise,2016,3,0,54649,0,54649,2186
MF1354,Peak Paradise,2016,4,0,61525,0,61525,2461
MF1354,Peak Paradise,2016,5,0,63650,0,63650,3184
MF1354,Peak Paradise,2016,6,0,61095,0,61095,2444
MF1354,Peak Paradise,2016,7,0,55618,0,55618,2225
MF1354,Peak Paradise,2016,8,0,66653,0,66653,2666
MF1354,Peak Paradise,2016,9,0,55795,0,55795,2232
MF1354,Peak Paradise,2016,10,0,48500,0,48500,1940
MF1354,Peak Paradise,2016,11,0,52249,0,52249,2090
MF1354,Peak Paradise,2016,12,0,56547,0,56547,2262
MF1363,New Nawalakanda,2016,1,0,157330,0,157330,17873
MF1363,New Nawalakanda,2016,2,0,151053,0,151053,14930
MF1363,New Nawalakanda,2016,3,0,142431,0,142431,12624
MF1363,New Nawalakanda,2016,4,0,174872,0,174872,17345
MF1363,New Nawalakanda,2016,5,0,174629,0,174629,21694
MF1363,New Nawalakanda,2016,6,0,200690,0,200690,22341
MF1363,New Nawalakanda,2016,7,0,178078,0,178078,15824
MF1363,New Nawalakanda,2016,8,0,214311,0,214311,22117
MF1363,New Nawalakanda,2016,9,0,172378,0,172378,18878
MF1363,New Nawalakanda,2016,10,0,164336,0,164336,20345
MF1363,New Nawalakanda,2016,11,0,212497,0,212497,26330
MF1363,New Nawalakanda,2016,12,0,48402,0,48402,4320
MF1365,Nawagamuwahena,2016,1,0,65115,0,65115,5647
MF1365,Nawagamuwahena,2016,2,0,58109,0,58109,5036
MF1365,Nawagamuwahena,2016,3,0,66066,0,66066,6431
MF1365,Nawagamuwahena,2016,4,0,74256,0,74256,6445
MF1365,Nawagamuwahena,2016,5,0,76521,0,76521,6640
MF1365,Nawagamuwahena,2016,6,0,70442,0,70442,6111
MF1365,Nawagamuwahena,2016,7,0,37451,0,37451,3027
MF1365,Nawagamuwahena,2016,8,0,72577,0,72577,6141
MF1365,Nawagamuwahena,2016,9,0,66895,0,66895,5799
MF1365,Nawagamuwahena,2016,10,0,67583,0,67583,5861
MF1365,Nawagamuwahena,2016,11,0,86187,0,86187,8059
MF1365,Nawagamuwahena,2016,12,0,73191,0,73191,7220
MF1368,New Temple View,2016,1,0,36061,0,36061,3774
MF1368,New Temple View,2016,2,0,35546,0,35546,3720
MF1368,New Temple View,2016,3,0,31572,0,31572,3304
MF1368,New Temple View,2016,4,0,40812,0,40812,4271
MF1368,New Temple View,2016,5,0,43132,0,43132,4514
MF1368,New Temple View,2016,6,0,46658,0,46658,4883
MF1368,New Temple View,2016,7,0,29667,0,29667,3105
MF1368,New Temple View,2016,8,0,39613,0,39613,4146
MF1368,New Temple View,2016,9,0,31321,0,31321,3277
MF1368,New Temple View,2016,10,0,34362,0,34362,3596
MF1368,New Temple View,2016,11,0,60712,0,60712,6354
MF1368,New Temple View,2016,12,0,49264,0,49264,5155
MF1381,Sannasgama,2016,1,0,28204,0,28204,3309
MF1381,Sannasgama,2016,2,0,24019.5,0,24019.5,2711
MF1381,Sannasgama,2016,3,0,25517.5,0,25517.5,2161
MF1381,Sannasgama,2016,4,0,24838,0,24838,2208
MF1381,Sannasgama,2016,5,0,24176,0,24176,3517
MF1381,Sannasgama,2016,6,0,24378.5,0,24378.5,2628
MF1381,Sannasgama,2016,7,0,21014,0,21014,2503
MF1381,Sannasgama,2016,8,0,20823,0,20823,2056
MF1381,Sannasgama,2016,9,0,18976.5,0,18976.5,1950
MF1381,Sannasgama,2016,10,0,24383.5,0,24383.5,2465
MF1381,Sannasgama,2016,11,0,31040,0,31040,3417
MF1381,Sannasgama,2016,12,0,31473,0,31473,3395
MF1387,A.C.U.,2016,1,0,13750,0,13750,955
MF1387,A.C.U.,2016,2,0,10122,0,10122,706
MF1387,A.C.U.,2016,3,0,7504,0,7504,524
MF1387,A.C.U.,2016,4,0,20636,0,20636,1440
MF1387,A.C.U.,2016,5,0,13981,0,13981,975
MF1387,A.C.U.,2016,6,0,21282,0,21282,1485
MF1387,A.C.U.,2016,7,0,26057,0,26057,1819
MF1387,A.C.U.,2016,8,0,24782,0,24782,1729
MF1387,A.C.U.,2016,9,0,20925,0,20925,1460
MF1387,A.C.U.,2016,10,0,25296,0,25296,1765
MF1387,A.C.U.,2016,11,0,39539,0,39539,2759
MF1387,A.C.U.,2016,12,0,39192,0,39192,2734
MF1392,Hidellana,2016,1,0,77702,0,77702,7658
MF1392,Hidellana,2016,2,0,68783,0,68783,7743
MF1392,Hidellana,2016,3,0,73540,0,73540,10402
MF1392,Hidellana,2016,4,0,79586,0,79586,6555
MF1392,Hidellana,2016,5,0,76573,0,76573,3198
MF1392,Hidellana,2016,6,0,80407,0,80407,6335
MF1392,Hidellana,2016,7,0,74122,0,74122,3639
MF1392,Hidellana,2016,8,0,96251,0,96251,5996
MF1392,Hidellana,2016,9,0,85049,0,85049,6407
MF1392,Hidellana,2016,10,0,91356,0,91356,5442
MF1392,Hidellana,2016,11,0,102904,0,102904,5266
MF1392,Hidellana,2016,12,0,90425,0,90425,11336
MF1397,New Ferndale,2016,1,0,38268,0,38268,3130
MF1397,New Ferndale,2016,2,0,33162,0,33162,2713
MF1397,New Ferndale,2016,3,0,31529,0,31529,5574
MF1397,New Ferndale,2016,4,0,38495,0,38495,3098
MF1397,New Ferndale,2016,5,0,57311,0,57311,4898
MF1397,New Ferndale,2016,6,0,37197,0,37197,2991
MF1397,New Ferndale,2016,7,0,36671,0,36671,2803
MF1397,New Ferndale,2016,8,0,40593,0,40593,3116
MF1397,New Ferndale,2016,9,0,34666,0,34666,2645
MF1397,New Ferndale,2016,10,0,33363,0,33363,2545
MF1397,New Ferndale,2016,11,0,41514,0,41514,4143
MF1397,New Ferndale,2016,12,0,38103,0,38103,2896
MF1418,Doralawitiyahena,2016,1,0,45266,0,45266,4300
MF1418,Doralawitiyahena,2016,2,0,35647,0,35647,2725
MF1418,Doralawitiyahena,2016,3,0,35325,0,35325,4200
MF1418,Doralawitiyahena,2016,4,0,46308,0,46308,4300
MF1418,Doralawitiyahena,2016,5,0,48183,0,48183,4150
MF1418,Doralawitiyahena,2016,6,0,49707,0,49707,4300
MF1418,Doralawitiyahena,2016,7,0,42431,0,42431,3500
MF1418,Doralawitiyahena,2016,8,0,46859,0,46859,4625
MF1418,Doralawitiyahena,2016,9,0,39870,0,39870,2800
MF1418,Doralawitiyahena,2016,10,0,39878,0,39878,4200
MF1418,Doralawitiyahena,2016,11,0,53513,0,53513,4725
MF1418,Doralawitiyahena,2016,12,0,46643,0,46643,4325
MF1432, Sri Samaneliya,2016,1,0,75588,0,75588,6599
MF1432, Sri Samaneliya,2016,2,0,69225,0,69225,6018
MF1432, Sri Samaneliya,2016,3,0,70825,0,70825,6095
MF1432, Sri Samaneliya,2016,4,0,72060,0,72060,6116
MF1432, Sri Samaneliya,2016,5,0,80131,0,80131,6702
MF1432, Sri Samaneliya,2016,6,0,71648,0,71648,6158
MF1432, Sri Samaneliya,2016,7,0,70242,0,70242,6070
MF1432, Sri Samaneliya,2016,8,0,91625,0,91625,7392
MF1432, Sri Samaneliya,2016,9,0,74495,0,74495,6364
MF1432, Sri Samaneliya,2016,10,0,80669,0,80669,6988
MF1432, Sri Samaneliya,2016,11,0,87148,0,87148,7422
MF1432, Sri Samaneliya,2016,12,0,66459,0,66459,5564
MF1436,New Wewelkandura,2016,1,0,52081,0,52081,6442
MF1436,New Wewelkandura,2016,2,0,58158,0,58158,7190
MF1436,New Wewelkandura,2016,3,0,56261,0,56261,6589
MF1436,New Wewelkandura,2016,4,0,72717,0,72717,8092
MF1436,New Wewelkandura,2016,5,0,81834,0,81834,8184
MF1436,New Wewelkandura,2016,6,0,71239,0,71239,8359
MF1436,New Wewelkandura,2016,7,0,65539,0,65539,6676
MF1436,New Wewelkandura,2016,8,0,112345,0,112345,10155
MF1436,New Wewelkandura,2016,9,0,89951,0,89951,9477
MF1436,New Wewelkandura,2016,10,0,89706,0,89706,11205
MF1436,New Wewelkandura,2016,11,0,99422,0,99422,12300
MF1436,New Wewelkandura,2016,12,0,80614,0,80614,9510
MF1440,Nivithigala,2016,1,0,60592,0,60592,4466
MF1440,Nivithigala,2016,2,0,61543,0,61543,4622
MF1440,Nivithigala,2016,3,0,58376,0,58376,4008
MF1440,Nivithigala,2016,4,0,63430,0,63430,4772
MF1440,Nivithigala,2016,5,0,60349,0,60349,4541
MF1440,Nivithigala,2016,6,0,72346,0,72346,5183
MF1440,Nivithigala,2016,7,0,60068,0,60068,4520
MF1440,Nivithigala,2016,8,0,93911,0,93911,6904
MF1440,Nivithigala,2016,9,0,73201,0,73201,5521
MF1440,Nivithigala,2016,10,0,70111,0,70111,5223
MF1440,Nivithigala,2016,11,0,68525,0,68525,5156
MF1440,Nivithigala,2016,12,0,68401,0,68401,5339
MF1441,Falcon,2016,1,0,76680,0,76680,5300
MF1441,Falcon,2016,2,0,69790,0,69790,4730
MF1441,Falcon,2016,3,0,66296,0,66296,4520
MF1441,Falcon,2016,4,0,73715,0,73715,5200
MF1441,Falcon,2016,5,0,103430,0,103430,6500
MF1441,Falcon,2016,6,0,102160,0,102160,6300
MF1441,Falcon,2016,7,0,85700,0,85700,5800
MF1441,Falcon,2016,8,0,114190,0,114190,7300
MF1441,Falcon,2016,9,0,102875,0,102875,6600
MF1441,Falcon,2016,10,0,100020,0,100020,6400
MF1441,Falcon,2016,11,0,123230,0,123230,7800
MF1441,Falcon,2016,12,0,105070,0,105070,6770
MF1442,Veddagala,2016,1,0,37314,0,37314,2808
MF1442,Veddagala,2016,2,0,33026,0,33026,2488
MF1442,Veddagala,2016,3,0,38294,0,38294,2884
MF1442,Veddagala,2016,4,0,47126,0,47126,3538
MF1442,Veddagala,2016,5,0,50280,0,50280,3767
MF1442,Veddagala,2016,6,0,45690,0,45690,3427
MF1442,Veddagala,2016,7,0,46853,0,46853,3519
MF1442,Veddagala,2016,8,0,0,61804,61804,4462
MF1442,Veddagala,2016,9,0,53660,0,53660,4033
MF1442,Veddagala,2016,10,0,51226,0,51226,3848
MF1442,Veddagala,2016,11,0,55414,0,55414,3891
MF1442,Veddagala,2016,12,0,54599,0,54599,4103
MF1445,Menik Valley,2016,3,0,20716,0,20716,2785
MF1453,Kalawana,2016,1,0,85596,0,85596,8238
MF1453,Kalawana,2016,2,0,89310,0,89310,7725
MF1453,Kalawana,2016,3,0,87593,0,87593,9955
MF1453,Kalawana,2016,4,0,94854,0,94854,8239
MF1453,Kalawana,2016,5,0,95145,0,95145,9404
MF1453,Kalawana,2016,6,0,97252,0,97252,9611
MF1453,Kalawana,2016,7,0,88978,0,88978,8801
MF1453,Kalawana,2016,8,0,106728,0,106728,10550
MF1453,Kalawana,2016,9,0,90198,0,90198,8919
MF1453,Kalawana,2016,10,0,84196,0,84196,8320
MF1453,Kalawana,2016,11,0,95282,0,95282,9421
MF1453,Kalawana,2016,12,0,93935,0,93935,9290
MF1456,Deerwood,2016,1,0,75384,0,75384,3013
MF1456,Deerwood,2016,2,0,65696,0,65696,2628
MF1456,Deerwood,2016,3,0,76393,0,76393,3054
MF1456,Deerwood,2016,4,0,81115,0,81115,3243
MF1456,Deerwood,2016,5,0,79772,0,79772,3192
MF1456,Deerwood,2016,6,0,78926,0,78926,3156
MF1456,Deerwood,2016,7,0,70086,0,70086,2804
MF1456,Deerwood,2016,8,0,80696,0,80696,3228
MF1456,Deerwood,2016,9,0,67920,0,67920,2717
MF1456,Deerwood,2016,10,0,73287,0,73287,2976
MF1456,Deerwood,2016,11,0,84723,0,84723,3384
MF1456,Deerwood,2016,12,0,70729,0,70729,2828
MF1458,Seron,2016,1,0,27683,0,27683,2098
MF1458,Seron,2016,2,0,22073,0,22073,1662
MF1458,Seron,2016,3,0,22531,0,22531,1703
MF1458,Seron,2016,4,0,23374,0,23374,0
MF1458,Seron,2016,5,0,26643,0,26643,2007
MF1458,Seron,2016,6,0,25112,0,25112,3651
MF1458,Seron,2016,7,0,24591,0,24591,1851
MF1458,Seron,2016,8,0,26123,0,26123,1966
MF1458,Seron,2016,9,0,19774,0,19774,1489
MF1458,Seron,2016,10,0,21100,0,21100,1588
MF1458,Seron,2016,11,0,24443,0,24443,1840
MF1458,Seron,2016,12,0,27142,0,27142,2044
MF1459,New Laksakanda,2016,1,0,74805,0,74805,5236
MF1459,New Laksakanda,2016,2,0,64488,0,64488,4514
MF1459,New Laksakanda,2016,3,0,61631,0,61631,4314
MF1459,New Laksakanda,2016,4,0,92516,0,92516,6476
MF1459,New Laksakanda,2016,5,0,73121,0,73121,5119
MF1459,New Laksakanda,2016,6,0,65880,0,65880,4596
MF1459,New Laksakanda,2016,7,0,55205,0,55205,3850
MF1459,New Laksakanda,2016,8,0,75007,0,75007,5236
MF1459,New Laksakanda,2016,9,0,59505,0,59505,4151
MF1459,New Laksakanda,2016,10,0,61122,0,61122,4261
MF1459,New Laksakanda,2016,11,0,73180,0,73180,5598
MF1459,New Laksakanda,2016,12,0,66865,0,66865,5002
MF1463,Peekview,2016,1,0,99696,3000,102696,3783
MF1463,Peekview,2016,2,0,96391,0,96391,3676
MF1463,Peekview,2016,3,0,93074.5,0,93074.5,3612
MF1463,Peekview,2016,4,0,103750,0,103750,3830
MF1463,Peekview,2016,5,0,110796,0,110796,8106
MF1463,Peekview,2016,6,0,109933,1730,111663,3866
MF1463,Peekview,2016,7,0,92637,600,93237,3630
MF1463,Peekview,2016,8,0,110571,0,110571,3938
MF1463,Peekview,2016,9,0,95664,0,95664,3692
MF1463,Peekview,2016,10,0,95081,0,95081,3669
MF1463,Peekview,2016,11,0,109664,0,109664,4104
MF1463,Peekview,2016,12,0,99821,0,99821,3813
MF1466,Tea Lanka,2016,1,0,20253,0,20253,1819
MF1466,Tea Lanka,2016,2,0,13242,0,13242,1309
MF1466,Tea Lanka,2016,3,0,11692,0,11692,1049
MF1466,Tea Lanka,2016,4,0,21411,0,21411,1921
MF1466,Tea Lanka,2016,5,0,19012,0,19012,1704
MF1466,Tea Lanka,2016,6,0,21799,0,21799,1956
MF1466,Tea Lanka,2016,7,0,16677,0,16677,1494
MF1466,Tea Lanka,2016,8,0,20455,0,20455,1835
MF1466,Tea Lanka,2016,9,0,11733,0,11733,1048
MF1466,Tea Lanka,2016,10,0,17227,0,17227,889
MF1466,Tea Lanka,2016,11,0,35856,0,35856,1839
MF1466,Tea Lanka,2016,12,0,24862,0,24862,1307
MF1467,Daduwangala Watte,2016,1,0,100085,0,100085,3630
MF1467,Daduwangala Watte,2016,2,0,74373,0,74373,2833
MF1467,Daduwangala Watte,2016,3,0,91285,0,91285,2738
MF1467,Daduwangala Watte,2016,4,0,91077,0,91077,3303
MF1467,Daduwangala Watte,2016,5,0,101447,0,101447,3679
MF1467,Daduwangala Watte,2016,8,0,0,0,0,0
MF1467,Daduwangala Watte,2016,9,0,79121,0,79121,2870
MF1467,Daduwangala Watte,2016,10,0,79966,0,79966,2900
MF1467,Daduwangala Watte,2016,11,0,86070,0,86070,5493
MF1467,Daduwangala Watte,2016,12,0,70725,0,70725,3722
MF1470,Karawita,2016,1,0,45997,0,45997,5188
MF1470,Karawita,2016,2,0,37446,0,37446,3913
MF1470,Karawita,2016,3,0,33673,0,33673,3127
MF1470,Karawita,2016,4,0,41938,0,41938,4043
MF1470,Karawita,2016,5,0,51732,0,51732,4839
MF1470,Karawita,2016,6,0,57334.5,0,57334.5,6595
MF1470,Karawita,2016,7,0,53365,0,53365,4097
MF1470,Karawita,2016,8,0,57594,0,57594,4600
MF1470,Karawita,2016,9,0,48739,0,48739,4459
MF1470,Karawita,2016,10,0,47990,0,47990,4189
MF1470,Karawita,2016,11,0,57775,0,57775,6337
MF1470,Karawita,2016,12,0,47612,0,47612,4302
MF1478,Sanora,2016,1,0,67403,0,67403,4296
MF1478,Sanora,2016,2,0,57904,0,57904,3529
MF1478,Sanora,2016,3,0,62200,0,62200,3992
MF1478,Sanora,2016,4,0,64780,0,64780,4158
MF1478,Sanora,2016,5,0,75987,0,75987,4489
MF1478,Sanora,2016,6,0,60238,0,60238,3559
MF1478,Sanora,2016,7,0,53850,0,53850,3457
MF1478,Sanora,2016,8,0,68830,0,68830,4418
MF1478,Sanora,2016,9,0,62045,0,62045,3982
MF1478,Sanora,2016,10,0,60804,0,60804,3903
MF1478,Sanora,2016,11,0,74624,0,74624,4789
MF1478,Sanora,2016,12,0,54361,0,54361,3489
MF1480,New Hopewell,2016,1,0,257641,0,257641,14688
MF1480,New Hopewell,2016,2,0,175848,0,175848,11547
MF1480,New Hopewell,2016,2,0,48735,0,48735,1125
MF1480,New Hopewell,2016,3,0,209165,0,209165,9930
MF1480,New Hopewell,2016,3,0,46427,0,46427,1395
MF1480,New Hopewell,2016,4,0,183808,0,183808,6653
MF1480,New Hopewell,2016,4,0,65000,0,65000,0
MF1480,New Hopewell,2016,5,0,189191.5,0,189191.5,2589
MF1480,New Hopewell,2016,5,0,66704.5,0,66704.5,0
MF1480,New Hopewell,2016,6,0,148290,0,148290,2595
MF1480,New Hopewell,2016,6,0,60855,0,60855,0
MF1480,New Hopewell,2016,7,0,140434,0,140434,6439
MF1480,New Hopewell,2016,7,0,62366,0,62366,0
MF1480,New Hopewell,2016,8,0,111080,0,111080,4882
MF1480,New Hopewell,2016,8,0,40414,0,40414,0
MF1480,New Hopewell,2016,9,0,30871,0,30871,3363
MF1480,New Hopewell,2016,10,0,37995,0,37995,1951
MF1480,New Hopewell,2016,10,0,25024,0,25024,1951
MF1480,New Hopewell,2016,11,0,49265,0,49265,7143
MF1480,New Hopewell,2016,12,0,99983,0,99983,5587
MF1480,New Hopewell,2016,12,0,79440,0,79440,5587
MF1483,Galaxy ,2016,1,0,56432,0,56432,4845
MF1483,Galaxy ,2016,2,0,47610,0,47610,4075
MF1483,Galaxy ,2016,3,0,47111,0,47111,3853
MF1483,Galaxy ,2016,4,0,50266,0,50266,4371
MF1483,Galaxy ,2016,5,0,52822,0,52822,4588
MF1483,Galaxy ,2016,6,0,51270,0,51270,4456
MF1483,Galaxy ,2016,7,0,46255,0,46255,3863
MF1483,Galaxy ,2016,8,0,63083,260,63343,5372
MF1483,Galaxy ,2016,9,0,53665,3870,57535,4510
MF1483,Galaxy ,2016,10,0,51674,880,52554,4445
MF1483,Galaxy ,2016,11,0,58080,0,58080,4912
MF1483,Galaxy ,2016,12,0,57660,0,57660,4394
MF1487,Adams View,2016,1,0,55769,0,55769,1723
MF1487,Adams View,2016,2,0,48029,0,48029,1485
MF1487,Adams View,2016,3,0,46926,0,46926,1449
MF1487,Adams View,2016,4,0,49472,0,49472,1498
MF1487,Adams View,2016,5,0,52897,0,52897,1604
MF1487,Adams View,2016,6,0,55066,0,55066,1701
MF1487,Adams View,2016,7,0,45099,0,45099,1426
MF1487,Adams View,2016,8,0,57721,0,57721,1787
MF1487,Adams View,2016,9,0,52436,0,52436,1621
MF1487,Adams View,2016,10,0,49676,0,49676,1538
MF1487,Adams View,2016,11,0,63170,0,63170,1951
MF1487,Adams View,2016,12,0,51914,0,51914,1600
MF1488,Kukuleganga,2016,1,0,59039,0,59039,3768
MF1488,Kukuleganga,2016,2,0,42089,0,42089,2819
MF1488,Kukuleganga,2016,3,0,42617,0,42617,2720
MF1488,Kukuleganga,2016,4,0,45119,0,45119,2880
MF1488,Kukuleganga,2016,5,0,43225,0,43225,2759
MF1488,Kukuleganga,2016,6,0,44848,0,44848,2863
MF1488,Kukuleganga,2016,7,0,35305,0,35305,2254
MF1488,Kukuleganga,2016,8,0,45362,0,45362,2895
MF1488,Kukuleganga,2016,9,0,29924,0,29924,1910
MF1488,Kukuleganga,2016,10,0,28698,0,28698,1832
MF1488,Kukuleganga,2016,11,0,37578,0,37578,2399
MF1488,Kukuleganga,2016,12,0,34744,0,34744,2218
MF1489,BLUE MOUNT,2016,1,0,95852,0,95852,7093
MF1489,BLUE MOUNT,2016,2,0,93478,0,93478,7540
MF1489,BLUE MOUNT,2016,3,0,101823,0,101823,5651
MF1489,BLUE MOUNT,2016,4,0,116329,0,116329,6794
MF1489,BLUE MOUNT,2016,5,0,128410,0,128410,10356
MF1489,BLUE MOUNT,2016,6,0,96411,0,96411,6726
MF1489,BLUE MOUNT,2016,7,0,78497,0,78497,6008
MF1489,BLUE MOUNT,2016,8,0,58683,0,58683,4217
MF1489,BLUE MOUNT,2016,9,0,36341,0,36341,3109
MF1489,BLUE MOUNT,2016,10,0,22949,0,22949,2168
MF1489,BLUE MOUNT,2016,11,0,102541,0,102541,9816
MF1489,BLUE MOUNT,2016,12,0,97785,0,97785,9139
MF1491,New Doralavitiyahena,2016,1,0,69246,0,69246,6493
MF1491,New Doralavitiyahena,2016,1,0,8190,0,8190,6493
MF1491,New Doralavitiyahena,2016,2,0,57230,0,57230,1802
MF1491,New Doralavitiyahena,2016,2,0,6672,0,6672,1802
MF1491,New Doralavitiyahena,2016,3,0,47939,0,47939,2175
MF1491,New Doralavitiyahena,2016,3,0,13549,0,13549,2175
MF1491,New Doralavitiyahena,2016,4,0,63609,0,63609,2509
MF1491,New Doralavitiyahena,2016,4,0,16379,0,16379,2509
MF1491,New Doralavitiyahena,2016,5,0,64762,0,64762,5540
MF1491,New Doralavitiyahena,2016,5,0,12950,0,12950,5540
MF1491,New Doralavitiyahena,2016,6,0,17866,0,17866,0
MF1491,New Doralavitiyahena,2016,7,0,53951,0,53951,2250
MF1491,New Doralavitiyahena,2016,7,0,9137,0,9137,2250
MF1491,New Doralavitiyahena,2016,8,0,56365,0,56365,4319
MF1491,New Doralavitiyahena,2016,8,0,15447,0,15447,4319
MF1491,New Doralavitiyahena,2016,9,0,12949,0,12949,4085
MF1491,New Doralavitiyahena,2016,10,0,1216,0,1216,3128
MF1491,New Doralavitiyahena,2016,11,0,0,0,0,5228
MF1491,New Doralavitiyahena,2016,12,0,71838,0,71838,5884
MF1495,Nilvin View,2016,1,0,92267,0,92267,3691
MF1495,Nilvin View,2016,2,0,81109,0,81109,3500
MF1495,Nilvin View,2016,3,0,69664,0,69664,2886
MF1495,Nilvin View,2016,4,0,96318,0,96318,3962
MF1495,Nilvin View,2016,5,0,103433,0,103433,4354
MF1495,Nilvin View,2016,6,0,106766,0,106766,4442
MF1495,Nilvin View,2016,7,0,79271,0,79271,3490
MF1495,Nilvin View,2016,8,0,93451,0,93451,3884
MF1495,Nilvin View,2016,9,0,65169,0,65169,2752
MF1495,Nilvin View,2016,10,0,65169,0,65169,2483
MF1495,Nilvin View,2016,11,0,101143,0,101143,3952
MF1495,Nilvin View,2016,12,0,76814,0,76814,3213
MF1496,CO-OP TEA,2016,1,0,14404,0,14404,1181
MF1496,CO-OP TEA,2016,2,0,12460,0,12460,1000
MF1496,CO-OP TEA,2016,3,0,0,12082.5,12082.5,1083
MF1496,CO-OP TEA,2016,4,0,15808,0,15808,1242
MF1496,CO-OP TEA,2016,5,0,14923,0,14923,1186
MF1496,CO-OP TEA,2016,6,0,9909,0,9909,843
MF1496,CO-OP TEA,2016,7,0,8586,0,8586,692
MF1496,CO-OP TEA,2016,8,0,8684,0,8684,697
MF1496,CO-OP TEA,2016,9,0,6847.5,0,6847.5,540
MF1496,CO-OP TEA,2016,10,0,4850,0,4850,382
MF1496,CO-OP TEA,2016,11,0,6736.5,0,6736.5,473
MF1496,CO-OP TEA,2016,12,0,4424,0,4424,316
MF1515,Geekiyanahena ,2016,1,0,79469,0,79469,6894
MF1515,Geekiyanahena ,2016,2,0,66965,0,66965,5806
MF1515,Geekiyanahena ,2016,3,0,68147,0,68147,5913
MF1515,Geekiyanahena ,2016,4,0,81227,0,81227,7052
MF1515,Geekiyanahena ,2016,5,0,92785,0,92785,8052
MF1515,Geekiyanahena ,2016,6,0,82753,0,82753,7181
MF1515,Geekiyanahena ,2016,7,0,97021,0,97021,8421
MF1515,Geekiyanahena ,2016,8,0,84125,0,84125,7302
MF1515,Geekiyanahena ,2016,9,0,70776,0,70776,6136
MF1515,Geekiyanahena ,2016,10,0,72518,0,72518,6290
MF1515,Geekiyanahena ,2016,11,0,102736,0,102736,8919
MF1515,Geekiyanahena ,2016,12,0,86018,0,86018,7465
MF1519,Parakaduwa,2016,1,0,120688,0,120688,3732
MF1519,Parakaduwa,2016,2,0,91804,0,91804,2834
MF1519,Parakaduwa,2016,3,0,83891,0,83891,2594
MF1519,Parakaduwa,2016,4,0,114289,0,114289,3534
MF1519,Parakaduwa,2016,5,0,108787,0,108787,2789
MF1519,Parakaduwa,2016,6,0,140980,0,140980,4360
MF1519,Parakaduwa,2016,7,0,138299,0,138299,4277
MF1519,Parakaduwa,2016,8,0,141845,0,141845,4386
MF1519,Parakaduwa,2016,9,0,77298,0,77298,4068
MF1519,Parakaduwa,2016,10,0,98231,0,98231,7968
MF1519,Parakaduwa,2016,11,0,102045,0,102045,8873
MF1519,Parakaduwa,2016,12,0,101492,0,101492,5000
MF1528,MISA,2016,1,0,131615,0,131615,9976
MF1528,MISA,2016,2,0,95748,0,95748,7173
MF1528,MISA,2016,3,0,101630,0,101630,7613
MF1528,MISA,2016,4,0,121759,0,121759,9103
MF1528,MISA,2016,5,0,129559,0,129559,9703
MF1528,MISA,2016,6,0,111817,0,111817,8362
MF1528,MISA,2016,7,0,103266,0,103266,7760
MF1528,MISA,2016,8,0,125571,0,125571,9418
MF1528,MISA,2016,9,0,117808,0,117808,8759
MF1528,MISA,2016,10,0,143670,0,143670,10790
MF1528,MISA,2016,11,0,163206,0,163206,12230
MF1528,MISA,2016,12,0,131500,0,131500,9883
MF1531,Kolonne Panapitiya,2016,1,0,102770,0,102770,11434
MF1531,Kolonne Panapitiya,2016,2,0,68630,0,68630,7632
MF1531,Kolonne Panapitiya,2016,3,0,93530,0,93530,10401
MF1531,Kolonne Panapitiya,2016,4,0,113814,0,113814,12648
MF1531,Kolonne Panapitiya,2016,5,0,103323,0,103323,11484
MF1531,Kolonne Panapitiya,2016,6,0,107041,0,107041,7134
MF1531,Kolonne Panapitiya,2016,7,0,96971,0,96971,6432
MF1531,Kolonne Panapitiya,2016,8,0,110023,0,110023,7494
MF1531,Kolonne Panapitiya,2016,9,0,93763,0,93763,6391
MF1531,Kolonne Panapitiya,2016,10,0,101021,0,101021,6825
MF1531,Kolonne Panapitiya,2016,11,0,150683,0,150683,10236
MF1531,Kolonne Panapitiya,2016,12,0,116884,0,116884,7965
MF1550,PARADISE,2016,1,0,0,0,0,0
MF1550,PARADISE,2016,2,0,0,0,0,0
MF1550,PARADISE,2016,4,0,0,0,0,0
MF1550,PARADISE,2016,6,0,0,0,0,0
MF1550,PARADISE,2016,8,0,0,0,0,0
MF1550,PARADISE,2016,9,0,0,0,0,0
MF1550,PARADISE,2016,11,0,0,0,0,0
MF1550,PARADISE,2016,12,0,0,0,0,0
MF1551,Galahitiya,2016,1,0,72042,0,72042,4583
MF1551,Galahitiya,2016,2,0,58352,0,58352,3709
MF1551,Galahitiya,2016,3,0,63783,0,63783,4053
MF1551,Galahitiya,2016,4,0,69294,0,69294,4412
MF1551,Galahitiya,2016,5,0,66535,0,66535,4234
MF1551,Galahitiya,2016,6,0,67075,0,67075,4268
MF1551,Galahitiya,2016,7,0,59712,0,59712,3793
MF1551,Galahitiya,2016,8,0,77839,0,77839,4949
MF1551,Galahitiya,2016,9,0,65867,0,65867,4571
MF1551,Galahitiya,2016,10,0,63937,0,63937,5430
MF1551,Galahitiya,2016,11,0,79929,0,79929,6884
MF1551,Galahitiya,2016,12,0,68443,0,68443,5883
MF1553,New Spring View,2016,1,0,77620,0,77620,5158
MF1553,New Spring View,2016,2,0,65344,0,65344,4163
MF1553,New Spring View,2016,3,0,70936,0,70936,4520
MF1553,New Spring View,2016,4,0,74125,0,74125,4720
MF1553,New Spring View,2016,5,0,68911,0,68911,4309
MF1553,New Spring View,2016,6,0,67810,0,67810,4314
MF1553,New Spring View,2016,7,0,67208,0,67208,4038
MF1553,New Spring View,2016,8,0,76258,0,76258,4855
MF1553,New Spring View,2016,9,0,59882,0,59882,3574
MF1553,New Spring View,2016,10,0,61135,0,61135,3647
MF1553,New Spring View,2016,11,0,76688,0,76688,4652
MF1553,New Spring View,2016,12,0,61535,0,61535,3678
MF1554,Daduwangala CTC,2016,1,185,48395,0,48580,1943
MF1554,Daduwangala CTC,2016,2,113,60002,0,60115,2405
MF1554,Daduwangala CTC,2016,3,130,62830,0,62960,1888
MF1554,Daduwangala CTC,2016,4,110,61165,0,61275,1838
MF1554,Daduwangala CTC,2016,5,110,62465,0,62575,0
MF1554,Daduwangala CTC,2016,6,84,139929,0,140013,3587
MF1554,Daduwangala CTC,2016,7,47,0,96596,96643,2858
MF1554,Daduwangala CTC,2016,8,47,0,107660,107707,3087
MF1554,Daduwangala CTC,2016,9,78,63474,0,63552,1965
MF1554,Daduwangala CTC,2016,10,73,31492,0,31565,1661
MF1554,Daduwangala CTC,2016,11,166,65102,0,65268,4166
MF1554,Daduwangala CTC,2016,12,166,61873,0,62039,3960
MF1567,Chamwin Speciality Tea Processing Centre,2016,1,23,0,0,23,2
MF1567,Chamwin Speciality Tea Processing Centre,2016,2,27,0,0,27,2
MF1567,Chamwin Speciality Tea Processing Centre,2016,3,19,0,0,19,1
MF1567,Chamwin Speciality Tea Processing Centre,2016,4,27,0,0,27,2
MF1567,Chamwin Speciality Tea Processing Centre,2016,5,32,0,0,32,2
MF1567,Chamwin Speciality Tea Processing Centre,2016,6,26,0,0,26,2
MF1567,Chamwin Speciality Tea Processing Centre,2016,7,34,0,0,34,3
MF1567,Chamwin Speciality Tea Processing Centre,2016,8,22,0,0,22,1
MF1567,Chamwin Speciality Tea Processing Centre,2016,9,35,0,0,35,2
MF1567,Chamwin Speciality Tea Processing Centre,2016,10,17,0,28,45,2
MF1567,Chamwin Speciality Tea Processing Centre,2016,11,21,0,0,21,1
MF1567,Chamwin Speciality Tea Processing Centre,2016,12,28,0,0,28,2
MF1571,Kamarangapitiya,2016,1,0,71560,0,71560,3559
MF1571,Kamarangapitiya,2016,2,0,58273,0,58273,3768
MF1571,Kamarangapitiya,2016,3,0,58400,0,58400,3948
MF1571,Kamarangapitiya,2016,4,0,74834,0,74834,3802
MF1571,Kamarangapitiya,2016,5,0,71818,0,71818,4031
MF1571,Kamarangapitiya,2016,6,0,70959,0,70959,4480
MF1571,Kamarangapitiya,2016,7,0,60737,0,60737,2537
MF1571,Kamarangapitiya,2016,8,0,59524,0,59524,3090
MF1571,Kamarangapitiya,2016,9,0,49561,0,49561,2477
MF1571,Kamarangapitiya,2016,10,0,59003,0,59003,3083
MF1571,Kamarangapitiya,2016,11,0,100636,0,100636,4917
MF1571,Kamarangapitiya,2016,12,0,83960,0,83960,3827
MF1575,Elapatha,2016,1,0,47651,0,47651,2038
MF1575,Elapatha,2016,2,0,33887,0,33887,1479
MF1575,Elapatha,2016,3,0,25540,0,25540,1107
MF1575,Elapatha,2016,4,0,32834,0,32834,1362
MF1575,Elapatha,2016,5,0,33546,0,33546,1438
MF1575,Elapatha,2016,6,0,33635,0,33635,1446
MF1575,Elapatha,2016,7,0,29215,0,29215,1254
MF1575,Elapatha,2016,8,0,42098,0,42098,1830
MF1575,Elapatha,2016,9,0,40139,0,40139,1716
MF1575,Elapatha,2016,10,0,38972,0,38972,1674
MF1575,Elapatha,2016,11,0,55483,0,55483,2380
MF1575,Elapatha,2016,12,0,49755,0,49755,2150
MF1579,Deraniyagala Tea Shakthi,2016,1,0,0,0,0,462
MF1579,Deraniyagala Tea Shakthi,2016,2,0,0,0,0,0
MF1579,Deraniyagala Tea Shakthi,2016,3,0,0,0,0,0
MF1579,Deraniyagala Tea Shakthi,2016,5,0,0,0,0,3990
MF1580,Kolonne Kithulgala,2016,1,0,47845.48,0,47845.48,3053.84
MF1580,Kolonne Kithulgala,2016,2,0,35292.1,0,35292.1,2252.68
MF1580,Kolonne Kithulgala,2016,3,0,40379.8,0,40379.8,2577.43
MF1580,Kolonne Kithulgala,2016,4,0,51107.32,0,51107.32,3262.1
MF1580,Kolonne Kithulgala,2016,5,0,46029.71,0,46029.71,2938.19
MF1580,Kolonne Kithulgala,2016,6,0,50397.59,0,50397.59,3216.87
MF1580,Kolonne Kithulgala,2016,7,0,42572.6,0,42572.6,2717.4
MF1580,Kolonne Kithulgala,2016,8,0,52328.86,0,52328.86,3340.14
MF1580,Kolonne Kithulgala,2016,9,0,43218.29,0,43218.29,2758.61
MF1580,Kolonne Kithulgala,2016,10,0,45624.78,0,45624.78,2912.22
MF1580,Kolonne Kithulgala,2016,11,0,64834.1,0,64834.1,4138.06
MF1580,Kolonne Kithulgala,2016,12,0,50776.86,0,50776.86,3241.04
MF1591,Ethoya Waththa,2016,9,12908,603,0,13511,1167
MF1591,Ethoya Waththa,2016,10,16899,781,0,17680,1524
MF1591,Ethoya Waththa,2016,11,21511,919,0,22430,1928
MF1592,Super Leaf ,2016,9,0,0,0,0,0
MF1592,Super Leaf ,2016,10,7610,0,0,7610,960
MF1592,Super Leaf ,2016,11,9025,0,0,9025,973
MF1592,Super Leaf ,2016,12,7940,0,0,7940,1041
BF0143,Templevally,2015,1,0,27186,0,27186,1892
BF0143,Templevally,2015,2,0,27002,0,27002,1452
BF0143,Templevally,2015,3,0,47058,0,47058,2812
BF0143,Templevally,2015,4,0,35281,0,35281,1970
BF0143,Templevally,2015,5,0,34228,0,34228,2553
BF0143,Templevally,2015,6,0,28075,0,28075,1454
BF0143,Templevally,2015,7,0,34749,0,34749,1914
BF0143,Templevally,2015,8,0,39133,0,39133,1943
BF0143,Templevally,2015,9,0,36818,0,36818,1759
BF0143,Templevally,2015,10,0,26646,0,26646,1307
BF0143,Templevally,2015,11,0,27544,0,27544,1154
BF0143,Templevally,2015,12,0,24992,0,24992,1104
BF0146,Ovinrich ,2015,1,0,18985,0,18985,1706
BF0146,Ovinrich ,2015,2,0,15584,0,15584,1744
BF0146,Ovinrich ,2015,3,0,29626,0,29626,2020
BF0146,Ovinrich ,2015,4,0,18679,0,18679,1911
BF0146,Ovinrich ,2015,5,0,23166,0,23166,2438
BF0146,Ovinrich ,2015,6,0,24549,0,24549,2440
BF0146,Ovinrich ,2015,7,0,24240,0,24240,2381
BF0146,Ovinrich ,2015,8,0,24739,0,24739,2432
BF0146,Ovinrich ,2015,9,0,23399,0,23399,2298
BF0146,Ovinrich ,2015,10,0,18930,0,18930,1991
BF0146,Ovinrich ,2015,11,0,15994,0,15994,1690
BF0146,Ovinrich ,2015,12,0,7342,0,7342,776
BF0150,Sherwood ,2015,1,0,45080,0,45080,6147
BF0150,Sherwood ,2015,2,0,57086,0,57086,7094
BF0150,Sherwood ,2015,3,0,73559,0,73559,10029
BF0150,Sherwood ,2015,4,0,85854,0,85854,11706
BF0150,Sherwood ,2015,5,0,77420,0,77420,11619
BF0150,Sherwood ,2015,6,0,70686,0,70686,9637
BF0150,Sherwood ,2015,7,0,79268,0,79268,10800
BF0150,Sherwood ,2015,8,0,92034,0,92034,12662
BF0150,Sherwood ,2015,9,0,87512,0,87512,11934
BF0150,Sherwood ,2015,10,0,91350,0,91350,12626
BF0150,Sherwood ,2015,11,0,71778,0,71778,9788
BF0150,Sherwood ,2015,12,0,67783,0,67783,9242
BF0155,GANGALAGAMUWA,2015,1,0,45125,0,45125,2869
BF0155,GANGALAGAMUWA,2015,2,0,39094,0,39094,2482
BF0155,GANGALAGAMUWA,2015,3,0,52150,0,52150,3317
BF0155,GANGALAGAMUWA,2015,4,0,41216,0,41216,2623
BF0155,GANGALAGAMUWA,2015,5,0,41960,0,41960,2667
BF0155,GANGALAGAMUWA,2015,6,0,42175,0,42175,2682
BF0155,GANGALAGAMUWA,2015,7,0,39937,0,39937,2539
BF0155,GANGALAGAMUWA,2015,8,0,43670,0,43670,2773
BF0155,GANGALAGAMUWA,2015,9,0,39495,0,39495,2509
BF0155,GANGALAGAMUWA,2015,10,0,36118,0,36118,2305
BF0155,GANGALAGAMUWA,2015,11,0,31242,0,31242,1993
BF0155,GANGALAGAMUWA,2015,12,0,37839,0,37839,2385
BF0163,Delgoda ,2015,2,0,0,0,0,0
BF0163,Delgoda ,2015,3,0,0,0,0,0
BF0163,Delgoda ,2015,4,0,0,0,0,0
BF0163,Delgoda ,2015,8,0,0,0,0,0
BF0163,Delgoda ,2015,9,0,0,0,0,0
MF0030,Noragalla ,2015,1,5582,0,598,6180,635
MF0030,Noragalla ,2015,2,5070,19,466,5555,582
MF0030,Noragalla ,2015,3,5556,1398,693,7647,823
MF0030,Noragalla ,2015,4,6260,2009,636,8905,944
MF0030,Noragalla ,2015,5,6511,1425,774,8710,907
MF0030,Noragalla ,2015,6,6172,589,625,7386,765
MF0030,Noragalla ,2015,7,6476,0,440,6916,729
MF0030,Noragalla ,2015,8,4983,0,424,5407,573
MF0030,Noragalla ,2015,9,5571,695,446,6712,717
MF0030,Noragalla ,2015,10,2552,207,2265,5024,544
MF0030,Noragalla ,2015,11,0,0,0,0,0
MF0030,Noragalla ,2015,12,2832,256,226,3314,346
MF0083,Rilhena ,2015,1,8355,42236,0,50591,4259
MF0083,Rilhena ,2015,2,0,38582,0,38582,4553
MF0083,Rilhena ,2015,3,0,51144,0,51144,4967
MF0083,Rilhena ,2015,4,0,42602,0,42602,5108
MF0083,Rilhena ,2015,5,0,50428,0,50428,4596
MF0083,Rilhena ,2015,6,0,43033,0,43033,3738
MF0083,Rilhena ,2015,7,5730,45423,0,51153,4978
MF0083,Rilhena ,2015,8,7167,47545,0,54712,6506
MF0083,Rilhena ,2015,9,8491,46435,0,54926,5893
MF0083,Rilhena ,2015,10,7193,20846,12158,40197,4102
MF0083,Rilhena ,2015,11,7392,20794,18056,46242,3671
MF0083,Rilhena ,2015,12,5956,16148,14476,36580,3031
MF0085,Noori ,2015,1,1323,35273,0,36596,4262
MF0085,Noori ,2015,2,986,30033,0,31019,3215
MF0085,Noori ,2015,3,1140,43850,0,44990,3776
MF0085,Noori ,2015,4,1217,35170,0,36387,2960
MF0085,Noori ,2015,5,1534,38678,0,40212,3271
MF0085,Noori ,2015,6,1955,34671,0,36626,3574
MF0085,Noori ,2015,7,1726,40730,0,42456,3514
MF0085,Noori ,2015,8,1398,38721,0,40119,3107
MF0085,Noori ,2015,9,1717,34821,0,36538,2719
MF0085,Noori ,2015,10,1574,23809,0,25383,2235
MF0085,Noori ,2015,11,1467,22324,0,23791,2126
MF0085,Noori ,2015,12,1069,26586,0,27655,2623
MF0103,Opatha ,2015,1,8069,1898.5,14242,24209.5,2389
MF0103,Opatha ,2015,2,8266,244,19096,27606,2389
MF0103,Opatha ,2015,3,10866,184.5,26822,37872.5,4685
MF0103,Opatha ,2015,4,9043,119,24621.5,33783.5,3739
MF0103,Opatha ,2015,5,9630,290,27974,37894,4738
MF0103,Opatha ,2015,6,8745,166.5,23803,32714.5,4363
MF0103,Opatha ,2015,7,9021,202,25529,34752,4961
MF0103,Opatha ,2015,8,8484,7395,9203,25082,3311
MF0103,Opatha ,2015,9,9592,11868,13153,34613,4136
MF0103,Opatha ,2015,10,9050,10854,16234,36138,4580
MF0103,Opatha ,2015,11,8321,6597,15574,30492,4096
MF0103,Opatha ,2015,12,6696,6132,13318,26146,3488
MF0104,Wellandura ,2015,1,89,43002,0,43091,3544
MF0104,Wellandura ,2015,2,0,40016,0,40016,4663
MF0104,Wellandura ,2015,3,0,48925,0,48925,4615
MF0104,Wellandura ,2015,4,0,35450,0,35450,3817
MF0104,Wellandura ,2015,5,0,40138,0,40138,3647
MF0104,Wellandura ,2015,6,0,36962.5,0,36962.5,3406
MF0104,Wellandura ,2015,7,0,38369,0,38369,5107
MF0104,Wellandura ,2015,8,0,36326,0,36326,3343
MF0104,Wellandura ,2015,9,0,42768,0,42768,4414
MF0104,Wellandura ,2015,10,0,37481.5,0,37481.5,3860
MF0104,Wellandura ,2015,11,0,43024,0,43024,3738
MF0104,Wellandura ,2015,12,0,28361.5,0,28361.5,3585
MF0106,Mahawale ,2015,1,10548,0,0,10548,36005
MF0106,Mahawale ,2015,2,11100,0,0,11100,35953
MF0106,Mahawale ,2015,3,9373,0,0,9373,29138
MF0106,Mahawale ,2015,4,10025,0,0,10025,29317
MF0106,Mahawale ,2015,5,13123,0,0,13123,43023
MF0106,Mahawale ,2015,6,15025,0,0,15025,112731
MF0106,Mahawale ,2015,7,15125,0,0,15125,53739
MF0106,Mahawale ,2015,8,15525,0,0,15525,75061
MF0106,Mahawale ,2015,9,16510,0,0,16510,42479
MF0106,Mahawale ,2015,10,16525,0,0,16525,47868
MF0106,Mahawale ,2015,11,16510,0,0,16510,60065
MF0106,Mahawale ,2015,12,16040,0,0,16040,53502
MF0107,Nilagama ,2015,1,0,30609,0,30609,3499
MF0107,Nilagama ,2015,2,0,36286,0,36286,4326
MF0107,Nilagama ,2015,3,0,32536.5,0,32536.5,6874
MF0107,Nilagama ,2015,4,0,36585,0,36585,3938
MF0107,Nilagama ,2015,5,92,50309,0,50401,6491
MF0107,Nilagama ,2015,6,0,42051,0,42051,5053
MF0107,Nilagama ,2015,7,21,30501,0,30522,4748
MF0107,Nilagama ,2015,8,4588,28057,2775,35420,4785
MF0107,Nilagama ,2015,9,6737,41309,4443,52489,4480
MF0107,Nilagama ,2015,10,6282,35482,1414,43178,4100
MF0107,Nilagama ,2015,11,6248,34136,555,40939,4295
MF0107,Nilagama ,2015,12,4806,22803.5,46,27655.5,6159
MF0108,Poronuwa,2015,1,3224.5,23827,2456,29507.5,3253
MF0108,Poronuwa,2015,2,3094,19627,8736,31457,3627
MF0108,Poronuwa,2015,3,4017,14418,9202,27637,3010
MF0108,Poronuwa,2015,4,3777,13630,8356.5,25763.5,2669
MF0108,Poronuwa,2015,5,4908,17075.5,9719,31702.5,2983
MF0108,Poronuwa,2015,6,4901,17155,8954.5,31010.5,3319
MF0108,Poronuwa,2015,7,4606,21234,3406,29246,2323
MF0108,Poronuwa,2015,8,4580,23066,0,27646,2557
MF0108,Poronuwa,2015,9,4556,24242,1873,30671,3313
MF0108,Poronuwa,2015,10,3603,20716,2687,27006,3041
MF0108,Poronuwa,2015,11,2910,19718,0,22628,2390
MF0108,Poronuwa,2015,12,2873.5,17239,0,20112.5,2979
MF0168,ENDANE,2015,1,25119,6701.5,4773,36593.5,5675
MF0168,ENDANE,2015,2,23068,260,14124,37452,6683
MF0168,ENDANE,2015,3,25648,0,17542,43190,9153
MF0168,ENDANE,2015,4,24716,0,16292.5,41008.5,6239
MF0168,ENDANE,2015,5,32478,3092,23300,58870,7284
MF0168,ENDANE,2015,6,30634,2525,18681,51840,6690
MF0168,ENDANE,2015,7,28568,3231,6971,38770,5163
MF0168,ENDANE,2015,8,24757,8732,0,33489,3848
MF0168,ENDANE,2015,9,30540,13494,1610,45644,5459
MF0168,ENDANE,2015,10,23574,13848,2004,39426,5108
MF0168,ENDANE,2015,11,22110,11968,0,34078,4056
MF0168,ENDANE,2015,12,20317,7307,0,27624,3512
MF0181,Ceciliyan ,2015,1,4679,145635,0,150314,5493
MF0181,Ceciliyan ,2015,1,0,156955,0,156955,5261
MF0181,Ceciliyan ,2015,2,3466,118176,0,121642,9240
MF0181,Ceciliyan ,2015,2,0,142346,0,142346,0
MF0181,Ceciliyan ,2015,3,4551,152219,0,156770,5487
MF0181,Ceciliyan ,2015,3,0,177013,0,177013,6195
MF0181,Ceciliyan ,2015,4,3942,130669,0,134611,4711
MF0181,Ceciliyan ,2015,4,0,162828,0,162828,5699
MF0181,Ceciliyan ,2015,5,4564,119915,0,124479,4357
MF0181,Ceciliyan ,2015,5,0,205481,0,205481,7192
MF0181,Ceciliyan ,2015,6,4517,145062,0,149579,5236
MF0181,Ceciliyan ,2015,6,0,137295,0,137295,4805
MF0181,Ceciliyan ,2015,7,3601,105139,0,108740,3806
MF0181,Ceciliyan ,2015,7,0,176891,0,176891,6191
MF0181,Ceciliyan ,2015,8,4000,104843,0,108843,3809
MF0181,Ceciliyan ,2015,8,0,198109,0,198109,6934
MF0181,Ceciliyan ,2015,9,3515,111868,0,115383,4039
MF0181,Ceciliyan ,2015,9,0,180668,0,180668,6323
MF0181,Ceciliyan ,2015,10,3118,124693,0,127811,4474
MF0181,Ceciliyan ,2015,10,0,158319,0,158319,5541
MF0181,Ceciliyan ,2015,11,3279,116955,0,120234,4208
MF0181,Ceciliyan ,2015,11,0,153343,0,153343,5367
MF0181,Ceciliyan ,2015,12,2619,123007,0,125626,4397
MF0181,Ceciliyan ,2015,12,0,162580,0,162580,5690
MF0183,New Kandagastenne ,2015,1,0,105197,0,105197,4900
MF0183,New Kandagastenne ,2015,2,0,101870,0,101870,4547
MF0183,New Kandagastenne ,2015,3,0,149063,0,149063,6675
MF0183,New Kandagastenne ,2015,4,0,132467,0,132467,5920
MF0183,New Kandagastenne ,2015,5,0,147310,0,147310,6520
MF0183,New Kandagastenne ,2015,6,0,128163,0,128163,5740
MF0183,New Kandagastenne ,2015,7,0,165636,0,165636,7426
MF0183,New Kandagastenne ,2015,8,0,169547,0,169547,7595
MF0183,New Kandagastenne ,2015,9,0,157689,0,157689,7092
MF0183,New Kandagastenne ,2015,10,0,122589,0,122589,5515
MF0183,New Kandagastenne ,2015,11,0,113779,0,113779,5080
MF0183,New Kandagastenne ,2015,12,0,108218,0,108218,4868
MF0191,Avondale,2015,1,0,29958,0,29958,1242
MF0191,Avondale,2015,2,0,28255,0,28255,1776
MF0191,Avondale,2015,3,0,35928,0,35928,1492
MF0191,Avondale,2015,4,0,29570,0,29570,1233
MF0191,Avondale,2015,5,0,34143,0,34143,1424
MF0191,Avondale,2015,6,0,29413,0,29413,1218
MF0191,Avondale,2015,7,0,33976,0,33976,1407
MF0191,Avondale,2015,8,0,30865,0,30865,1288
MF0191,Avondale,2015,9,0,31531,0,31531,1300
MF0191,Avondale,2015,10,0,32770,0,32770,1373
MF0191,Avondale,2015,11,0,27874,0,27874,1163
MF0191,Avondale,2015,12,0,30970,0,30970,1280
MF0200,Pettiyagalla ,2015,1,11929,5951,0,17880,1283
MF0200,Pettiyagalla ,2015,2,13521,3113,0,16634,1218
MF0200,Pettiyagalla ,2015,3,18391,5852.5,0,24243.5,1839
MF0200,Pettiyagalla ,2015,4,22552,10114,0,32666,2487
MF0200,Pettiyagalla ,2015,5,18628,27413,0,46041,3486
MF0200,Pettiyagalla ,2015,6,17882,10920,0,28802,2308
MF0200,Pettiyagalla ,2015,7,14300,4928.5,0,19228.5,1525
MF0200,Pettiyagalla ,2015,8,16574,9034,0,25608,2012
MF0200,Pettiyagalla ,2015,9,18708,21739,0,40447,3181
MF0200,Pettiyagalla ,2015,10,17817,27081,0,44898,3997
MF0200,Pettiyagalla ,2015,11,14124,19135,6408,39667,3931
MF0200,Pettiyagalla ,2015,12,11764,7817,7239,26820,2341
MF0210,Haughton ,2015,1,5062,18159,0,23221,2610
MF0210,Haughton ,2015,2,4764,13044,0,17808,2315
MF0210,Haughton ,2015,3,6464,19696,0,26160,3111
MF0210,Haughton ,2015,4,5238,24953,0,30191,4104
MF0210,Haughton ,2015,5,4343,31189,0,35532,4008
MF0210,Haughton ,2015,6,4192,22022,0,26214,2299
MF0210,Haughton ,2015,7,5498,38404,0,43902,3798
MF0210,Haughton ,2015,8,4615,37712,0,42327,3630
MF0210,Haughton ,2015,9,4611,34801,0,39412,3411
MF0210,Haughton ,2015,10,4206,35980,0,40186,3422
MF0210,Haughton ,2015,11,3796,30666,0,34462,7547
MF0210,Haughton ,2015,12,3898,39049,0,42947,3592
MF0236,Pambagama ,2015,1,15706,41881,4407,61994,6927
MF0236,Pambagama ,2015,2,12438.5,40338,11226,64002.5,10041
MF0236,Pambagama ,2015,3,17120,49612,0,66732,10430
MF0236,Pambagama ,2015,4,15654,48162,334,64150,4934
MF0236,Pambagama ,2015,5,17309,40028,0,57337,5130
MF0236,Pambagama ,2015,6,16275,35824,0,52099,2919
MF0236,Pambagama ,2015,7,17139.5,42269,0,59408.5,6370
MF0236,Pambagama ,2015,8,13810.5,43582,2511,59903.5,4542
MF0236,Pambagama ,2015,9,18002,47177,0,65179,5852
MF0236,Pambagama ,2015,11,12655,28406,13189,54250,4201
MF0236,Pambagama ,2015,12,14847.5,30486,14816,60149.5,5511
MF0262,Upper Balangoda,2015,1,686,27451,0,28137,2630
MF0262,Upper Balangoda,2015,2,652,23306,0,23958,2156
MF0262,Upper Balangoda,2015,3,797,28442,0,29239,2781
MF0262,Upper Balangoda,2015,4,929,36780,0,37709,3394
MF0262,Upper Balangoda,2015,5,994,50342,0,51336,4620
MF0262,Upper Balangoda,2015,6,683,30370,0,31053,2174
MF0262,Upper Balangoda,2015,7,864,34539,0,35403,1650
MF0262,Upper Balangoda,2015,8,863,23901,0,24764,1717
MF0262,Upper Balangoda,2015,9,0,32698,0,32698,2297
MF0262,Upper Balangoda,2015,10,557,41976,0,42533,2677
MF0262,Upper Balangoda,2015,11,562,39582,0,40144,2809
MF0262,Upper Balangoda,2015,12,0,28321,0,28321,2264
MF0263,Wewawatte,2015,1,1460,15030,0,16490,1460
MF0263,Wewawatte,2015,2,2470,20600,0,23070,2040
MF0263,Wewawatte,2015,3,3370,22060,0,25430,2395
MF0263,Wewawatte,2015,4,1370,25000,0,26370,2280
MF0263,Wewawatte,2015,5,2790,24350,0,27140,2150
MF0263,Wewawatte,2015,6,1750,17890,0,19640,1500
MF0263,Wewawatte,2015,7,1620,15690,0,17310,1120
MF0263,Wewawatte,2015,8,1740,14190,0,15930,950
MF0263,Wewawatte,2015,9,1785,19195,0,20980,1260
MF0263,Wewawatte,2015,10,2740,15085,0,17825,1150
MF0263,Wewawatte,2015,11,1930,13760,0,15690,1104
MF0263,Wewawatte,2015,12,2670,13110,0,15780,1120
MF0285,Hunuwella ,2015,1,3283,21812,0,25095,2986
MF0285,Hunuwella ,2015,2,0,27834,0,27834,4449
MF0285,Hunuwella ,2015,3,0,34857,0,34857,4247
MF0285,Hunuwella ,2015,4,377,24539,0,24916,3231
MF0285,Hunuwella ,2015,5,94,35019,77,35190,3651
MF0285,Hunuwella ,2015,6,219,29292,0,29511,2978
MF0285,Hunuwella ,2015,7,1525,27670,0,29195,3850
MF0285,Hunuwella ,2015,8,7177,28160,0,35337,4518
MF0285,Hunuwella ,2015,9,3346,11853,0,15199,1663
MF0285,Hunuwella ,2015,10,0,0,0,0,5210
MF0285,Hunuwella ,2015,11,0,0,0,0,0
MF0285,Hunuwella ,2015,12,0,0,0,0,0
MF0289,Watapota ,2015,1,2408,117,0,2525,170
MF0289,Watapota ,2015,2,2043,966,0,3009,208
MF0289,Watapota ,2015,3,2080,11572,0,13652,1006
MF0289,Watapota ,2015,4,2366,14088,0,16454,1227
MF0289,Watapota ,2015,5,2461,13083,0,15544,1196
MF0289,Watapota ,2015,6,2349,1569,0,3918,295
MF0289,Watapota ,2015,7,2583,77,70,2730,202
MF0289,Watapota ,2015,8,2586,5,157,2748,203
MF0289,Watapota ,2015,9,2584,5017,0,7601,582
MF0289,Watapota ,2015,10,2150,5993,0,8143,588
MF0289,Watapota ,2015,11,1077,5075,0,6152,435
MF0289,Watapota ,2015,12,1258,8408,0,9666,687
MF0293,Kelani ,2015,1,2850,15132,11964,29946,1977
MF0293,Kelani ,2015,2,2932,14682.5,12199,29813.5,1940
MF0293,Kelani ,2015,3,3766,20805,14967,39538,2442
MF0293,Kelani ,2015,4,3174,20231,13571,36976,2283
MF0293,Kelani ,2015,5,3584,22860,14188,40632,2366
MF0293,Kelani ,2015,6,3744,19779,13185,36708,2434
MF0293,Kelani ,2015,7,2780,21020,6995,30795,2066
MF0293,Kelani ,2015,8,1716,19837,5324,26877,1615
MF0293,Kelani ,2015,9,3651,21745,7287,32683,2329
MF0293,Kelani ,2015,10,2983,20902,7099,30984,2809
MF0293,Kelani ,2015,11,2987,19157,10012,32156,2350
MF0293,Kelani ,2015,12,2585,17493,9072,29150,1570
MF0295,Kuttapitiya ,2015,1,320,71472,0,71792,3180
MF0295,Kuttapitiya ,2015,2,0,68536,0,68536,2920
MF0295,Kuttapitiya ,2015,3,460,89278,0,89738,5715
MF0295,Kuttapitiya ,2015,4,0,77650,0,77650,5043
MF0295,Kuttapitiya ,2015,5,0,7354,0,7354,4206
MF0295,Kuttapitiya ,2015,6,0,70739,0,70739,4322
MF0295,Kuttapitiya ,2015,7,0,74780,0,74780,4622
MF0295,Kuttapitiya ,2015,8,0,84855,0,84855,4360
MF0295,Kuttapitiya ,2015,9,0,80442,0,80442,4062
MF0295,Kuttapitiya ,2015,10,0,70325,0,70325,3101
MF0295,Kuttapitiya ,2015,11,360,67159,0,67519,2855
MF0295,Kuttapitiya ,2015,12,240,62884,0,63124,2875
MF0296,DOLOSWELLA,2015,1,5316,17,0,5333,1667
MF0296,DOLOSWELLA,2015,2,6332,0,0,6332,664
MF0296,DOLOSWELLA,2015,3,7005,4670,0,11675,1184
MF0296,DOLOSWELLA,2015,4,6829,13971,0,20800,1835
MF0296,DOLOSWELLA,2015,5,7404,11085,0,18489,1698
MF0296,DOLOSWELLA,2015,6,7566,134,0,7700,841
MF0296,DOLOSWELLA,2015,7,6859,0,0,6859,873
MF0296,DOLOSWELLA,2015,8,5844,0,40,5884,706
MF0296,DOLOSWELLA,2015,9,9345,73,107,9525,832
MF0296,DOLOSWELLA,2015,10,3914,0,2698,6612,636
MF0296,DOLOSWELLA,2015,11,4975,0,4013,8988,1071
MF0296,DOLOSWELLA,2015,12,4301,0,2044,6345,682
MF0319,NON PAREIL,2015,1,6490,0,0,6490,455
MF0319,NON PAREIL,2015,2,9347,0,0,9347,532
MF0319,NON PAREIL,2015,3,11530,0,0,11530,709
MF0319,NON PAREIL,2015,4,14634,5567,299,20500,1282
MF0319,NON PAREIL,2015,5,13705,6845,0,20550,1360
MF0319,NON PAREIL,2015,6,14132,0,5648,19780,1239
MF0319,NON PAREIL,2015,7,7423,5877,0,13300,821
MF0319,NON PAREIL,2015,8,7269,2441,0,9710,585
MF0319,NON PAREIL,2015,9,11566,5484,0,17050,1026
MF0319,NON PAREIL,2015,10,11135,1615,0,12750,796
MF0319,NON PAREIL,2015,11,7803,2097,0,9900,593
MF0319,NON PAREIL,2015,12,8612,1104,0,9716,585
MF0353,YATIDERIYA,2015,1,10326.5,17653,1984,29963.5,5019
MF0353,YATIDERIYA,2015,2,11364,19935,1980,33279,4604
MF0353,YATIDERIYA,2015,3,11310,28562,2317,42189,6217
MF0353,YATIDERIYA,2015,4,13841,32925.5,2294,49060.5,5770
MF0353,YATIDERIYA,2015,5,11425,36393.5,2605,50423.5,6412
MF0353,YATIDERIYA,2015,6,14922,39205,2448,56575,6353
MF0353,YATIDERIYA,2015,7,14255.5,40682,2552,57489.5,5993
MF0353,YATIDERIYA,2015,8,11760.5,31053,1899,44712.5,5246
MF0353,YATIDERIYA,2015,9,10652,27807,1560.5,40019.5,4114
MF0353,YATIDERIYA,2015,10,10805,25528,1895,38228,3294
MF0353,YATIDERIYA,2015,11,9530,22375.5,1733,33638.5,3147
MF0353,YATIDERIYA,2015,12,10388,20108,1758,32254,3495
MF0367,Cecilton ,2015,1,11546,11406,524,23476,1906
MF0367,Cecilton ,2015,2,12717,11068,0,23785,2356
MF0367,Cecilton ,2015,3,17978,16918,0,34896,3921
MF0367,Cecilton ,2015,4,19594,18975,171,38740,2373
MF0367,Cecilton ,2015,5,18492,19008,0,37500,3518
MF0367,Cecilton ,2015,6,15060,14561,7679,37300,3501
MF0367,Cecilton ,2015,7,11261,4917,5578,21756,2089
MF0367,Cecilton ,2015,8,10457,7008,5922,23387,2107
MF0367,Cecilton ,2015,9,12565,12852,7665,33082,3090
MF0367,Cecilton ,2015,10,12585,13777,6397,32759,2940
MF0367,Cecilton ,2015,11,10189,7821,1039,19049,1816
MF0367,Cecilton ,2015,12,0,0,0,0,0
MF0369,MARATENNE,2015,1,32636,13967,4453,51056,4918
MF0369,MARATENNE,2015,2,36220,16251,7562,60033,6056
MF0369,MARATENNE,2015,3,44794,23892,7784,76470,7701
MF0369,MARATENNE,2015,4,53433,21731,10936,86100,8947
MF0369,MARATENNE,2015,5,39577,20754,8166,68497,7119
MF0369,MARATENNE,2015,6,53395,21698,2206,77299,8202
MF0369,MARATENNE,2015,7,31476,7213,0,38689,4251
MF0369,MARATENNE,2015,8,22201,10064,0,32265,3221
MF0369,MARATENNE,2015,9,40273,18674,0,58947,5980
MF0369,MARATENNE,2015,10,36626,22110,0,58736,6642
MF0369,MARATENNE,2015,11,26550,16533,6432,49515,4896
MF0369,MARATENNE,2015,12,29844,12828,17038,59710,5843
MF0413,Horamulla ,2015,1,1929,65142,0,67071,7153
MF0413,Horamulla ,2015,2,2131,72267,0,74398,7813
MF0413,Horamulla ,2015,3,2103,106718,0,108821,11458
MF0413,Horamulla ,2015,4,2298,87622,0,89920,9474
MF0413,Horamulla ,2015,5,2321,108830,0,111151,11697
MF0413,Horamulla ,2015,6,1618,95010,0,96628,10170
MF0413,Horamulla ,2015,7,2603,99057,0,101660,10705
MF0413,Horamulla ,2015,8,2840,99297,0,102137,10773
MF0413,Horamulla ,2015,9,3714,96649,0,100363,10544
MF0413,Horamulla ,2015,10,3115,70857,0,73972,7876
MF0413,Horamulla ,2015,11,2887,78590,0,81477,8675
MF0413,Horamulla ,2015,12,2192,65408,0,67600,7205
MF0428,Randola ,2015,1,0,20608,0,20608,1216
MF0428,Randola ,2015,2,0,25933,0,25933,1482
MF0428,Randola ,2015,3,0,32790,0,32790,2593
MF0428,Randola ,2015,4,0,43699,0,43699,2305
MF0428,Randola ,2015,5,0,44205,0,44205,2506
MF0428,Randola ,2015,6,0,24181,0,24181,1247
MF0428,Randola ,2015,7,0,28508,0,28508,1517
MF0428,Randola ,2015,8,0,32131,0,32131,1819
MF0428,Randola ,2015,9,0,47238,0,47238,2598
MF0428,Randola ,2015,10,0,39273,0,39273,2033
MF0428,Randola ,2015,11,0,33317,0,33317,1715
MF0428,Randola ,2015,12,0,25470,0,25470,1326
MF0449,Aennen,2015,5,0,9089.84,0,9089.84,583
MF0449,Aennen,2015,6,0,33940,0,33940,0
MF0449,Aennen,2015,7,0,27114.4,0,27114.4,583
MF0449,Aennen,2015,8,0,18925,0,18925,1315
MF0449,Aennen,2015,9,0,24233,0,24233,1837
MF0449,Aennen,2015,10,0,32666,0,32666,2460
MF0449,Aennen,2015,11,0,26254,0,26254,1976
MF0449,Aennen,2015,12,0,26340,0,26340,1978
MF0472,Ederapolla,2015,1,1776,19420,4314,25510,2154
MF0472,Ederapolla,2015,2,1534,22437,2825,26796,2338
MF0472,Ederapolla,2015,3,2393,30537.5,0,32930.5,2842
MF0472,Ederapolla,2015,4,2076.5,20778,0,22854.5,1866
MF0472,Ederapolla,2015,5,2435,18873,114,21422,1884
MF0472,Ederapolla,2015,6,2471,18939,0,21410,1745
MF0472,Ederapolla,2015,7,2575,20548,4398,27521,2001
MF0472,Ederapolla,2015,8,1790,21419,5225,28434,1917
MF0472,Ederapolla,2015,9,2008,23948,8451,34407,1916
MF0472,Ederapolla,2015,10,2184,25720,6826,34730,1565
MF0472,Ederapolla,2015,11,1838.5,20891,4752,27481.5,1313
MF0472,Ederapolla,2015,12,1669,20792.5,4279,26740.5,1707
MF0481,Aigburth ,2015,1,3972,731,0,4703,765
MF0481,Aigburth ,2015,2,5864,76.5,0,5940.5,907
MF0481,Aigburth ,2015,3,1004,768,0,1772,154
MF0481,Aigburth ,2015,4,2849,2437,0,5286,560
MF0481,Aigburth ,2015,5,3443,9179,0,12622,1051
MF0481,Aigburth ,2015,6,6886,8976,0,15862,1454
MF0481,Aigburth ,2015,7,5255,12417,0,17672,1649
MF0481,Aigburth ,2015,8,8652,19970,0,28622,2788
MF0481,Aigburth ,2015,9,10602,40715,0,51317,4453
MF0481,Aigburth ,2015,10,9596,36116,0,45712,4352
MF0481,Aigburth ,2015,11,11102.5,18833,0,29935.5,2502
MF0490,Hatherleigh ,2015,1,16777,5224,0,22001,2784
MF0490,Hatherleigh ,2015,2,13612,7321,224,21157,2256
MF0490,Hatherleigh ,2015,3,20467,11918,0,32385,3467
MF0490,Hatherleigh ,2015,4,11744,20621,0,32365,4009
MF0490,Hatherleigh ,2015,5,17478,34938,0,52416,5510
MF0490,Hatherleigh ,2015,6,9706,18366,0,28072,3458
MF0490,Hatherleigh ,2015,7,9039,15105,6433,30577,3132
MF0490,Hatherleigh ,2015,8,9032,18173,13225,40430,6845
MF0490,Hatherleigh ,2015,9,14206,22004,18768,54978,4893
MF0490,Hatherleigh ,2015,10,18186,5212,12441,35839,4816
MF0490,Hatherleigh ,2015,11,17104,5490,10970,33564,4090
MF0490,Hatherleigh ,2015,12,13372,5231,10917,29520,2653
MF0540,Ranmudhu Ella,2015,1,0,16320,0,16320,1526
MF0540,Ranmudhu Ella,2015,2,0,15091,0,15091,1389
MF0540,Ranmudhu Ella,2015,3,0,19434,0,19434,1729
MF0540,Ranmudhu Ella,2015,4,0,15753,0,15753,1401
MF0540,Ranmudhu Ella,2015,5,0,6335,0,6335,553
MF0540,Ranmudhu Ella,2015,6,0,5492,0,5492,0
MF0540,Ranmudhu Ella,2015,7,0,7070,0,7070,892
MF0546,Springwood,2015,1,10856,10931,0,21787,2025
MF0546,Springwood,2015,2,8451.5,18314,0,26765.5,2463
MF0546,Springwood,2015,3,15641,29611,0,45252,4446
MF0546,Springwood,2015,4,13279,31435,0,44714,2923
MF0546,Springwood,2015,5,18383,33023,0,51406,6082
MF0546,Springwood,2015,6,11266,12457,0,23723,6943
MF0546,Springwood,2015,7,8247,3159,185,11591,7704
MF0546,Springwood,2015,8,0,0,0,0,3827
MF0574,Sapumalkande ,2015,1,0,95593,0,95593,7778
MF0574,Sapumalkande ,2015,2,0,96270,0,96270,8455
MF0574,Sapumalkande ,2015,3,0,108866,0,108866,9304
MF0574,Sapumalkande ,2015,4,0,80291,0,80291,6563
MF0574,Sapumalkande ,2015,5,0,72338,0,72338,5971
MF0574,Sapumalkande ,2015,6,0,60828,0,60828,4641
MF0574,Sapumalkande ,2015,7,0,86094,0,86094,6888
MF0574,Sapumalkande ,2015,8,0,93500,0,93500,7497
MF0574,Sapumalkande ,2015,9,0,89591,0,89591,6673
MF0574,Sapumalkande ,2015,10,0,58711,0,58711,3072
MF0574,Sapumalkande ,2015,11,0,23165,0,23165,1208
MF0574,Sapumalkande ,2015,12,0,0,0,0,0
MF0594,Boscombe ,2015,1,0,36908,0,36908,2964
MF0594,Boscombe ,2015,2,0,52015,0,52015,5158
MF0594,Boscombe ,2015,3,0,53320,0,53320,3877
MF0594,Boscombe ,2015,4,0,57695,0,57695,4742
MF0594,Boscombe ,2015,5,0,66185,0,66185,4250
MF0594,Boscombe ,2015,6,0,40467,0,40467,3951
MF0594,Boscombe ,2015,7,0,25485,0,25485,2217
MF0594,Boscombe ,2015,8,0,29123,0,29123,2274
MF0594,Boscombe ,2015,9,0,39393,0,39393,4730
MF0594,Boscombe ,2015,10,0,22473,0,22473,1349
MF0594,Boscombe ,2015,11,0,39686,0,39686,2521
MF0594,Boscombe ,2015,12,0,32849,0,32849,2087
MF0600,Alupola ,2015,1,21490,27287,0,48777,2932
MF0600,Alupola ,2015,2,20327,22206,0,42533,3452
MF0600,Alupola ,2015,3,23129,26420,0,49549,3532
MF0600,Alupola ,2015,4,19417,23901,0,43318,4203
MF0600,Alupola ,2015,5,21236,32205,0,53441,3880
MF0600,Alupola ,2015,6,21016,22091,0,43107,3285
MF0600,Alupola ,2015,7,18912,23131,288,42331,5321
MF0600,Alupola ,2015,8,19059,28613,0,47672,6570
MF0600,Alupola ,2015,9,17890,23588,0,41478,4065
MF0600,Alupola ,2015,10,18520,18444,694,37658,4184
MF0600,Alupola ,2015,11,13974,19196,0,33170,5506
MF0600,Alupola ,2015,12,15085,18339,0,33424,4869
MF0614,MADAMPE,2015,1,14552.5,2004,10424,26980.5,4329
MF0614,MADAMPE,2015,2,14848.5,5478,9930,30256.5,4584
MF0614,MADAMPE,2015,3,17359.5,16610,13011,46980.5,6637
MF0614,MADAMPE,2015,4,14933,18996,10063,43992,8278
MF0614,MADAMPE,2015,5,21819,20392,11540,53751,9901
MF0614,MADAMPE,2015,6,16223,10052,9943,36218,4081
MF0614,MADAMPE,2015,7,16239,758,3565,20562,3801
MF0614,MADAMPE,2015,8,15258,1461,9804.5,26523.5,5157
MF0614,MADAMPE,2015,9,20579,379,10253,31211,5223
MF0614,MADAMPE,2015,10,18425,3337,10827,32589,5410
MF0614,MADAMPE,2015,11,15004,600,8670,24274,4005
MF0614,MADAMPE,2015,12,12630.5,1169,8135,21934.5,3862
MF0619,GALABODDA,2015,1,5830,48400,0,54230,3902
MF0619,GALABODDA,2015,1,5830,45400,0,51230,2702
MF0619,GALABODDA,2015,2,5720,49459,1983,57162,3503
MF0619,GALABODDA,2015,3,8842,48173,1403,58418,3687
MF0619,GALABODDA,2015,4,7310,42320,0,49630,2370
MF0619,GALABODDA,2015,5,12215,42785,0,55000,2785
MF0619,GALABODDA,2015,6,9036,25536,0,34572,1742
MF0619,GALABODDA,2015,7,9366,29036,1339,39741,1973
MF0619,GALABODDA,2015,8,8640,57084,2092,67816,3333
MF0619,GALABODDA,2015,9,8391,66258,1983,76632,3891
MF0619,GALABODDA,2015,10,8328,64673,2623,75624,3604
MF0619,GALABODDA,2015,11,9037,46455,1649,57141,3337
MF0619,GALABODDA,2015,12,7726,28491,1381,37598,2425
MF0623,MEDDAKANDE,2015,1,14493,11658,0,26151,2082
MF0623,MEDDAKANDE,2015,2,12368,11735,0,24103,3339
MF0623,MEDDAKANDE,2015,3,17734,12591,0,30325,3155
MF0623,MEDDAKANDE,2015,4,19974,20944,0,40918,4782
MF0623,MEDDAKANDE,2015,5,19610,35830,487,55927,5172
MF0623,MEDDAKANDE,2015,6,17190,21574,0,38764,3679
MF0623,MEDDAKANDE,2015,7,15575,10028,0,25603,2327
MF0623,MEDDAKANDE,2015,8,15700,18123,350,34173,2937
MF0623,MEDDAKANDE,2015,9,19430,27907,0,47337,3689
MF0623,MEDDAKANDE,2015,10,17008,28240,0,45248,3925
MF0623,MEDDAKANDE,2015,11,12980,20188,0,33168,3145
MF0623,MEDDAKANDE,2015,12,10770,14444,0,25214,2307
MF0624,Wikiliya,2015,1,0,94598,0,94598,8389
MF0624,Wikiliya,2015,2,0,118995,0,118995,10295
MF0624,Wikiliya,2015,3,0,169538,0,169538,13390
MF0624,Wikiliya,2015,4,0,150332,0,150332,14034
MF0624,Wikiliya,2015,5,0,124209,0,124209,11112
MF0624,Wikiliya,2015,6,0,117059,0,117059,7517
MF0624,Wikiliya,2015,7,0,119200,0,119200,7976
MF0624,Wikiliya,2015,8,0,131447,0,131447,9004
MF0624,Wikiliya,2015,9,0,112415,0,112415,12496
MF0624,Wikiliya,2015,10,0,122048,0,122048,12205
MF0624,Wikiliya,2015,11,0,121129,0,121129,11531
MF0624,Wikiliya,2015,12,0,116289,0,116289,8082
MF0625,NEW RASAGALLA,2015,1,22280,6572,2862,31714,5416
MF0625,NEW RASAGALLA,2015,2,23599,7377,2759,33735,2980
MF0625,NEW RASAGALLA,2015,3,26589,11101,2837,40527,4319
MF0625,NEW RASAGALLA,2015,4,25888,20791,4093,50772,4884
MF0625,NEW RASAGALLA,2015,5,20020,35010,3158,58188,5647
MF0625,NEW RASAGALLA,2015,6,15324,28781,3468,47573,4588
MF0625,NEW RASAGALLA,2015,7,16799,19409,9778,45986,4898
MF0625,NEW RASAGALLA,2015,8,16175,29185,10822,56182,6231
MF0625,NEW RASAGALLA,2015,9,18696,11336,30434,60466,6182
MF0625,NEW RASAGALLA,2015,10,17885,31992,10829,60706,6485
MF0625,NEW RASAGALLA,2015,11,15165,21824,3061,40050,4428
MF0625,NEW RASAGALLA,2015,12,13290,17668,2465,33423,4337
MF0626,HALGOLLE,2015,1,28864,18961,458,48283,4639
MF0626,HALGOLLE,2015,2,31572,16215.5,2356,50143.5,4441
MF0626,HALGOLLE,2015,3,34484,22860.5,4431,61775.5,5187
MF0626,HALGOLLE,2015,4,37492,22816,4057,64365,5480
MF0626,HALGOLLE,2015,5,29433,23430,4739,57602,4828
MF0626,HALGOLLE,2015,6,26314,17899.5,4687,48900.5,4152
MF0626,HALGOLLE,2015,7,28782,17767.5,4704,51253.5,4943
MF0626,HALGOLLE,2015,8,25519,19519,4300,49338,4486
MF0626,HALGOLLE,2015,9,26595,22360,4548,53503,4705
MF0626,HALGOLLE,2015,10,25680,19116,3101,47897,3902
MF0626,HALGOLLE,2015,11,27652,16734.5,23,44409.5,3784
MF0626,HALGOLLE,2015,12,23853,17426,0,41279,3566
MF0659,RYE,2015,1,0,35110,0,35110,3053
MF0659,RYE,2015,2,0,52745,0,52745,4585
MF0659,RYE,2015,3,0,62460,0,62460,5428
MF0659,RYE,2015,4,0,56157,0,56157,4882
MF0659,RYE,2015,5,0,55625,0,55625,9053
MF0659,RYE,2015,6,0,46193,0,46193,7521
MF0659,RYE,2015,7,0,44389,0,44389,7215
MF0659,RYE,2015,8,0,54164,0,54164,8818
MF0659,RYE,2015,9,0,57078,0,57078,9291
MF0659,RYE,2015,10,0,51945,0,51945,8445
MF0659,RYE,2015,11,0,36209,0,36209,5895
MF0659,RYE,2015,12,0,33488,0,33488,5449
MF0686,Keragala,2015,1,4202,4698,3716,12616,4283
MF0686,Keragala,2015,2,54.5,0,0,54.5,0
MF0686,Keragala,2015,3,0,0,0,0,0
MF0686,Keragala,2015,4,0,0,0,0,763
MF0686,Keragala,2015,5,0,46955,0,46955,3856
MF0686,Keragala,2015,6,0,43486,0,43486,3697
MF0686,Keragala,2015,7,0,27641,0,27641,2053
MF0686,Keragala,2015,8,0,10662,0,10662,667
MF0686,Keragala,2015,9,0,34109,0,34109,3062
MF0686,Keragala,2015,10,0,32147,0,32147,2188
MF0780,HOUPE ,2015,1,10879,24154,0,35033,4156
MF0780,HOUPE ,2015,2,55,33194.5,0,33249.5,4864
MF0780,HOUPE ,2015,3,63,49096.5,0,49159.5,6097
MF0780,HOUPE ,2015,4,0,37385,0,37385,6057
MF0780,HOUPE ,2015,5,52675,52675,0,105350,6233
MF0780,HOUPE ,2015,6,1364,39856.5,603,41823.5,4890
MF0780,HOUPE ,2015,7,8703,45284,0,53987,6177
MF0780,HOUPE ,2015,8,17455,33613.5,0,51068.5,5414
MF0780,HOUPE ,2015,9,16045,21872,0,37917,5114
MF0780,HOUPE ,2015,10,0,0,0,0,1641
MF0780,HOUPE ,2015,11,0,0,0,0,1938
MF0780,HOUPE ,2015,12,548,10699,0,11247,1531
MF0801,HAPUGASTENNE ,2015,1,7328,9613,258,17199,11407
MF0801,HAPUGASTENNE ,2015,2,37598,31462,148,69208,0
MF0801,HAPUGASTENNE ,2015,2,10721,12096,72,22889,11052
MF0801,HAPUGASTENNE ,2015,3,49054,61935,946,111935,15885
MF0801,HAPUGASTENNE ,2015,3,10332,9678,0,20010,0
MF0801,HAPUGASTENNE ,2015,4,55585,57712,2072,115369,0
MF0801,HAPUGASTENNE ,2015,4,2075,1400,0,3475,15350
MF0801,HAPUGASTENNE ,2015,5,56993,65457,2300,124750,15943
MF0801,HAPUGASTENNE ,2015,5,6545,0,0,6545,0
MF0801,HAPUGASTENNE ,2015,6,54263,26783,1975,83021,107321
MF0801,HAPUGASTENNE ,2015,6,0,7317,0,7317,0
MF0801,HAPUGASTENNE ,2015,7,40344.5,7189,124,47657.5,7988
MF0801,HAPUGASTENNE ,2015,7,7506,5547,0,13053,0
MF0801,HAPUGASTENNE ,2015,8,28081,16665,0,44746,0
MF0801,HAPUGASTENNE ,2015,8,19659,11486,0,31145,29164
MF0801,HAPUGASTENNE ,2015,9,1858,777,0,2635,0
MF0801,HAPUGASTENNE ,2015,9,49847,39529,0,89376,11797
MF0801,HAPUGASTENNE ,2015,10,0,0,0,0,8247
MF0801,HAPUGASTENNE ,2015,10,47577,37138,0,84715,8247
MF0801,HAPUGASTENNE ,2015,11,0,0,0,0,5350
MF0801,HAPUGASTENNE ,2015,11,38119,20473,0,58592,5350
MF0801,HAPUGASTENNE ,2015,12,39236,13705,0,52941,4558
MF0903,Maliboda,2015,1,3126,37620,0,40746,3504
MF0903,Maliboda,2015,2,3024,49358,0,52382,5868
MF0903,Maliboda,2015,3,4870,54256,0,59126,6485
MF0903,Maliboda,2015,4,3949,43616,0,47565,4508
MF0903,Maliboda,2015,5,5522,54078,0,59600,4448
MF0903,Maliboda,2015,6,6183,44168,1635,51986,3503
MF0903,Maliboda,2015,7,6460,53650,0,60110,4229
MF0903,Maliboda,2015,8,6330,57660,0,63990,4205
MF0903,Maliboda,2015,9,4996,35329,0,40325,2920
MF0903,Maliboda,2015,10,5307,29053,0,34360,3716
MF0903,Maliboda,2015,11,3876,25414,0,29290,2527
MF0903,Maliboda,2015,12,2912,31773,0,34685,2060
MF0905,Millavitiya ,2015,1,0,35257,0,35257,3062
MF0905,Millavitiya ,2015,2,0,34733,0,34733,3022
MF0905,Millavitiya ,2015,3,0,44764,0,44764,3892
MF0905,Millavitiya ,2015,4,0,35020,0,35020,3044
MF0905,Millavitiya ,2015,5,0,47056,0,47056,4085
MF0905,Millavitiya ,2015,6,0,38155,0,38155,3313
MF0905,Millavitiya ,2015,7,0,40868,0,40868,3558
MF0905,Millavitiya ,2015,8,0,39292,0,39292,3421
MF0905,Millavitiya ,2015,9,0,48127,0,48127,4182
MF0905,Millavitiya ,2015,10,0,42846,0,42846,3721
MF0905,Millavitiya ,2015,11,0,36915,0,36915,3205
MF0905,Millavitiya ,2015,12,0,37149,0,37149,3221
MF0906,Palm Garden,2015,1,386,37564,1017,38967,4798
MF0906,Palm Garden,2015,2,503,42532,1031,44066,6152
MF0906,Palm Garden,2015,3,528,62485,1252,64265,7512
MF0906,Palm Garden,2015,4,488,40918,1065,42471,3858
MF0906,Palm Garden,2015,5,677,37951,995,39623,3987
MF0906,Palm Garden,2015,6,470,40250,1019,41739,3322
MF0906,Palm Garden,2015,7,429,44245,775,45449,4388
MF0906,Palm Garden,2015,8,375,39946,774,41095,4479
MF0906,Palm Garden,2015,9,512,46783,513,47808,3413
MF0906,Palm Garden,2015,10,453,49118,602,50173,9174
MF0906,Palm Garden,2015,11,386,50009,386,50781,3177
MF0906,Palm Garden,2015,12,468,51191,341,52000,3023
MF0909,Allerton,2015,1,0,27639,0,27639,1197
MF0909,Allerton,2015,2,0,26601,0,26601,1156
MF0909,Allerton,2015,3,342.5,33338,0,33680.5,1450
MF0909,Allerton,2015,4,0,38258,0,38258,1674
MF0909,Allerton,2015,5,0,46767,0,46767,2000
MF0909,Allerton,2015,6,0,32986,0,32986,1411
MF0909,Allerton,2015,7,0,35686,0,35686,1528
MF0909,Allerton,2015,8,0,36740,0,36740,1569
MF0909,Allerton,2015,9,0,41277,0,41277,1765
MF0909,Allerton,2015,10,2233,34478,0,36711,2706
MF0909,Allerton,2015,11,0,35528,0,35528,1519
MF0909,Allerton,2015,12,1109,30262,0,31371,1296
MF0912,Vardhana,2015,1,0,60347,0,60347,5023
MF0912,Vardhana,2015,2,0,63269,0,63269,5492
MF0912,Vardhana,2015,3,0,77570,0,77570,7793
MF0912,Vardhana,2015,4,0,61785,0,61785,5389
MF0912,Vardhana,2015,5,0,77830,0,77830,6155
MF0912,Vardhana,2015,6,0,68028,0,68028,4013
MF0912,Vardhana,2015,7,0,71442,0,71442,4147
MF0912,Vardhana,2015,8,0,76901,0,76901,4304
MF0912,Vardhana,2015,9,0,75990,0,75990,4253
MF0912,Vardhana,2015,10,0,51948,0,51948,2901
MF0912,Vardhana,2015,11,0,53005,0,53005,2946
MF0912,Vardhana,2015,12,0,59192,0,59192,3398
MF0946,Rajjuruwatta,2015,1,0,7500,0,7500,827
MF0946,Rajjuruwatta,2015,9,0,21051,0,21051,2323
MF0946,Rajjuruwatta,2015,10,0,32875,0,32875,3640
MF0946,Rajjuruwatta,2015,11,0,22805,0,22805,2522
MF0946,Rajjuruwatta,2015,12,0,28229,0,28229,3123
MF0997,HarVEST,2015,1,0,15387,0,15387,1455
MF0997,HarVEST,2015,2,0,17079,0,17079,926
MF0997,HarVEST,2015,3,0,22955,0,22955,1539
MF1057,Dedugala,2015,4,0,1002,0,1002,74
MF1057,Dedugala,2015,5,0,22638,0,22638,1253
MF1057,Dedugala,2015,6,0,31914,0,31914,1912
MF1057,Dedugala,2015,7,0,29447,0,29447,1925
MF1057,Dedugala,2015,8,0,30862,0,30862,2192
MF1057,Dedugala,2015,9,0,19951,0,19951,2697
MF1057,Dedugala,2015,10,0,13407,0,13407,1542
MF1057,Dedugala,2015,11,0,15446,0,15446,1628
MF1075,Kadigalahena,2015,1,0,31726,0,31726,3496
MF1075,Kadigalahena,2015,2,0,36974,0,36974,4184
MF1075,Kadigalahena,2015,3,0,40300,0,40300,4124
MF1075,Kadigalahena,2015,4,0,38839,0,38839,3823
MF1075,Kadigalahena,2015,5,0,29314,0,29314,2765
MF1075,Kadigalahena,2015,6,0,26569,0,26569,2067
MF1075,Kadigalahena,2015,7,0,24238,0,24238,1640
MF1075,Kadigalahena,2015,8,0,23178,0,23178,1529
MF1075,Kadigalahena,2015,9,0,24501,0,24501,1609
MF1075,Kadigalahena,2015,10,0,21150,0,21150,1292
MF1075,Kadigalahena,2015,11,0,19662,0,19662,1253
MF1075,Kadigalahena,2015,12,0,15128,0,15128,964
MF1172,New Vithanakanda,2015,1,1023,142495.5,0,143518.5,12430
MF1172,New Vithanakanda,2015,2,682,133257.5,2500,136439.5,14064
MF1172,New Vithanakanda,2015,3,1029,170898,2000,173927,18623
MF1172,New Vithanakanda,2015,4,721,150485,0,151206,13500
MF1172,New Vithanakanda,2015,5,876,163968,0,164844,14934
MF1172,New Vithanakanda,2015,6,0,156848,763,157611,19544
MF1172,New Vithanakanda,2015,7,592,152684.5,0,153276.5,15935
MF1172,New Vithanakanda,2015,8,707,151576.5,0,152283.5,14778
MF1172,New Vithanakanda,2015,9,697,141903,500,143100,15768
MF1172,New Vithanakanda,2015,10,778,140215.5,550,141543.5,9923
MF1172,New Vithanakanda,2015,11,609,133212,0,133821,10610
MF1172,New Vithanakanda,2015,12,696,131876.5,0,132572.5,10568
MF1188,Green Mount,2015,1,93,36741,0,36834,2027
MF1188,Green Mount,2015,2,220,48059,0,48279,2408
MF1188,Green Mount,2015,3,313,94170,0,94483,3936
MF1188,Green Mount,2015,4,337,141838,0,142175,5155
MF1188,Green Mount,2015,5,0,109378,0,109378,3939
MF1188,Green Mount,2015,6,0,74892,0,74892,3100
MF1188,Green Mount,2015,7,0,62387,0,62387,4991
MF1188,Green Mount,2015,8,0,72585,0,72585,5852
MF1188,Green Mount,2015,9,0,87572,0,87572,6369
MF1188,Green Mount,2015,10,0,48866,0,48866,3701
MF1188,Green Mount,2015,11,0,52542,0,52542,4083
MF1188,Green Mount,2015,12,0,42060,0,42060,2960
MF1217,GALPADITENNE ,2015,1,1180,85868,0,87048,10171
MF1217,GALPADITENNE ,2015,2,0,209979,0,209979,10741
MF1217,GALPADITENNE ,2015,2,0,85895,0,85895,10741
MF1217,GALPADITENNE ,2015,3,4176,297560,0,301736,21820
MF1217,GALPADITENNE ,2015,3,1180,113610,0,114790,0
MF1217,GALPADITENNE ,2015,4,0,244365,0,244365,0
MF1217,GALPADITENNE ,2015,4,0,74164,0,74164,17873
MF1217,GALPADITENNE ,2015,5,0,262485.5,0,262485.5,0
MF1217,GALPADITENNE ,2015,5,0,71620,0,71620,19121
MF1217,GALPADITENNE ,2015,6,0,213304,0,213304,15971
MF1217,GALPADITENNE ,2015,6,0,82950,0,82950,0
MF1217,GALPADITENNE ,2015,7,0,109585,0,109585,0
MF1217,GALPADITENNE ,2015,7,0,218998,0,218998,16438
MF1217,GALPADITENNE ,2015,8,0,250790,0,250790,15214
MF1217,GALPADITENNE ,2015,8,0,99286,0,99286,15214
MF1217,GALPADITENNE ,2015,9,0,234277,0,234277,0
MF1217,GALPADITENNE ,2015,9,0,104750,0,104750,13825
MF1217,GALPADITENNE ,2015,10,0,215203,0,215203,12351
MF1217,GALPADITENNE ,2015,10,0,108985,0,108985,12351
MF1217,GALPADITENNE ,2015,11,580,229902,0,230482,13119
MF1217,GALPADITENNE ,2015,11,0,88551,0,88551,13119
MF1217,GALPADITENNE ,2015,12,1800,221062,0,222862,12302
MF1217,GALPADITENNE ,2015,12,0,81585,0,81585,12302
MF1264,AVISSAWELLA,2015,1,0,54029,0,54029,2050
MF1264,AVISSAWELLA,2015,2,0,46768,0,46768,1788
MF1264,AVISSAWELLA,2015,3,0,73266,0,73266,2775
MF1264,AVISSAWELLA,2015,4,0,66609,0,66609,2513
MF1264,AVISSAWELLA,2015,5,0,75689,0,75689,2889
MF1264,AVISSAWELLA,2015,6,0,71564,0,71564,2861
MF1264,AVISSAWELLA,2015,7,0,77278,0,77278,2934
MF1264,AVISSAWELLA,2015,8,0,70218,0,70218,1793
MF1264,AVISSAWELLA,2015,9,0,74341,0,74341,1863
MF1264,AVISSAWELLA,2015,10,0,74178,0,74178,1895
MF1264,AVISSAWELLA,2015,11,0,76051,0,76051,1963
MF1264,AVISSAWELLA,2015,12,0,64979,0,64979,1679
MF1265,NELUNKANDA,2015,1,0,0,0,0,0
MF1265,NELUNKANDA,2015,2,0,0,0,0,0
MF1265,NELUNKANDA,2015,3,0,0,0,0,0
MF1265,NELUNKANDA,2015,4,0,0,0,0,0
MF1265,NELUNKANDA,2015,6,0,0,0,0,0
MF1265,NELUNKANDA,2015,8,0,0,0,0,0
MF1265,NELUNKANDA,2015,9,0,0,0,0,0
MF1265,NELUNKANDA,2015,11,0,0,0,0,0
MF1265,NELUNKANDA,2015,12,0,0,0,0,0
MF1266,KENDALANDA,2015,1,1170,55842,0,57012,3688
MF1266,KENDALANDA,2015,2,1036,55558,0,56594,3678
MF1266,KENDALANDA,2015,3,1357,77266,0,78623,4874
MF1266,KENDALANDA,2015,4,1155,65048,0,66203,4266
MF1266,KENDALANDA,2015,5,876,67723,0,68599,4428
MF1266,KENDALANDA,2015,6,939,56889,0,57828,3746
MF1266,KENDALANDA,2015,7,1006,65329,0,66335,4079
MF1266,KENDALANDA,2015,8,1145,62743,0,63888,4124
MF1266,KENDALANDA,2015,9,972,61876,0,62848,3770
MF1266,KENDALANDA,2015,10,973,55426,0,56399,3650
MF1266,KENDALANDA,2015,11,819,52996,0,53815,3486
MF1266,KENDALANDA,2015,12,876,53899,0,54775,3317
MF1281,ST.JOACHIM ,2015,1,2282,16600,0,18882,1465
MF1281,ST.JOACHIM ,2015,2,1620,10896,0,12516,1040
MF1281,ST.JOACHIM ,2015,3,2111,12259,0,14370,1100
MF1281,ST.JOACHIM ,2015,4,2395,12471,0,14866,1162
MF1281,ST.JOACHIM ,2015,5,2817,13589,0,16406,1095
MF1281,ST.JOACHIM ,2015,6,2925,12008,0,14933,1053
MF1281,ST.JOACHIM ,2015,7,2987,13733,0,16720,1220
MF1281,ST.JOACHIM ,2015,8,2665,14863,0,17528,1325
MF1281,ST.JOACHIM ,2015,9,3057,13921,0,16978,1235
MF1281,ST.JOACHIM ,2015,10,2715,18459,0,21174,1502
MF1281,ST.JOACHIM ,2015,11,2912,17840,0,20752,1561
MF1281,ST.JOACHIM ,2015,12,2560,15488,0,18048,1690
MF1284,NEW PANAWENNA ,2015,1,0,49255,0,49255,4088
MF1284,NEW PANAWENNA ,2015,2,0,57191,0,57191,8070
MF1284,NEW PANAWENNA ,2015,3,0,76179,0,76179,8962
MF1284,NEW PANAWENNA ,2015,4,0,64726,0,64726,4827
MF1284,NEW PANAWENNA ,2015,5,0,55309,0,55309,4676
MF1284,NEW PANAWENNA ,2015,6,0,60973,0,60973,4713
MF1284,NEW PANAWENNA ,2015,7,0,59536,0,59536,5669
MF1284,NEW PANAWENNA ,2015,8,0,48267,0,48267,3807
MF1284,NEW PANAWENNA ,2015,9,0,47446,0,47446,4681
MF1284,NEW PANAWENNA ,2015,10,0,40944,0,40944,3689
MF1284,NEW PANAWENNA ,2015,11,0,58384,0,58384,3495
MF1284,NEW PANAWENNA ,2015,12,0,51167,0,51167,4139
MF1286,SAMARAKANDA TEA PROCESSING CENTRE,2015,1,14442,0,0,14442,63391
MF1286,SAMARAKANDA TEA PROCESSING CENTRE,2015,2,22966,0,0,22966,48620
MF1286,SAMARAKANDA TEA PROCESSING CENTRE,2015,3,22171.5,0,0,22171.5,53322
MF1286,SAMARAKANDA TEA PROCESSING CENTRE,2015,4,12190,0,0,12190,58546
MF1286,SAMARAKANDA TEA PROCESSING CENTRE,2015,5,22429,0,0,22429,85031
MF1286,SAMARAKANDA TEA PROCESSING CENTRE,2015,6,23141,0,0,23141,27451
MF1286,SAMARAKANDA TEA PROCESSING CENTRE,2015,7,26567,0,0,26567,70182
MF1286,SAMARAKANDA TEA PROCESSING CENTRE,2015,8,16275,0,0,16275,43778
MF1286,SAMARAKANDA TEA PROCESSING CENTRE,2015,9,17593,0,0,17593,35376
MF1286,SAMARAKANDA TEA PROCESSING CENTRE,2015,10,15926,0,0,15926,42048
MF1286,SAMARAKANDA TEA PROCESSING CENTRE,2015,11,16274,0,0,16274,32250
MF1286,SAMARAKANDA TEA PROCESSING CENTRE,2015,12,10210,0,0,10210,33090
MF1297,ILLUKTENNE,2015,1,0,16007,0,16007,1451
MF1297,ILLUKTENNE,2015,2,0,22027.5,0,22027.5,2038
MF1297,ILLUKTENNE,2015,3,0,32721,0,32721,3962
MF1297,ILLUKTENNE,2015,4,0,25763,0,25763,2736
MF1297,ILLUKTENNE,2015,5,1673,28372,0,30045,2873
MF1297,ILLUKTENNE,2015,6,1625,24567,0,26192,2834
MF1297,ILLUKTENNE,2015,7,2024,26483,0,28507,2139
MF1297,ILLUKTENNE,2015,8,1911,27275,0,29186,2443
MF1297,ILLUKTENNE,2015,9,1790,23795,0,25585,3050
MF1297,ILLUKTENNE,2015,10,1924.5,23801,0,25725.5,2611
MF1297,ILLUKTENNE,2015,11,1797,25168,0,26965,2460
MF1297,ILLUKTENNE,2015,12,1848,28157.5,0,30005.5,2483
MF1304,KEHELWALA ,2015,1,3408,23418,0,26826,1933
MF1304,KEHELWALA ,2015,2,3644,22721,0,26365,2086
MF1304,KEHELWALA ,2015,3,3695,35301,0,38996,2940
MF1304,KEHELWALA ,2015,4,3957,27851,0,31808,2319
MF1304,KEHELWALA ,2015,5,4491,32561,0,37052,2369
MF1304,KEHELWALA ,2015,6,4288,36789,0,41077,2968
MF1304,KEHELWALA ,2015,7,4303,42501,0,46804,1670
MF1304,KEHELWALA ,2015,8,4154,38195,0,42349,2813
MF1304,KEHELWALA ,2015,9,4022,45054,0,49076,3544
MF1304,KEHELWALA ,2015,10,3430,45101,0,48531,4135
MF1304,KEHELWALA ,2015,11,3546,45406,0,48952,4236
MF1304,KEHELWALA ,2015,12,3391,41754,0,45145,3734
MF1308,New Udakada,2015,1,0,19132,0,19132,743
MF1308,New Udakada,2015,2,0,19867,0,19867,778
MF1308,New Udakada,2015,3,0,28145,0,28145,1690
MF1308,New Udakada,2015,4,0,24528,0,24528,1385
MF1308,New Udakada,2015,5,0,30664,0,30664,1637
MF1308,New Udakada,2015,6,0,22428,0,22428,1135
MF1308,New Udakada,2015,7,0,22065,0,22065,1065
MF1308,New Udakada,2015,8,0,25253,0,25253,1136
MF1308,New Udakada,2015,9,0,22641,0,22641,1089
MF1308,New Udakada,2015,10,0,21152,0,21152,968
MF1308,New Udakada,2015,11,0,22565,0,22565,1036
MF1308,New Udakada,2015,12,0,19655,0,19655,893
MF1316,Kolonna,2015,1,0,21170,0,21170,1756
MF1316,Kolonna,2015,2,0,21675,0,21675,1643
MF1316,Kolonna,2015,3,0,39590,0,39590,3530
MF1316,Kolonna,2015,4,0,38294,0,38294,3492
MF1316,Kolonna,2015,5,0,29577,0,29577,2212
MF1316,Kolonna,2015,6,0,28779,0,28779,1924
MF1316,Kolonna,2015,7,0,31157,0,31157,2052
MF1316,Kolonna,2015,8,0,28287,0,28287,1963
MF1316,Kolonna,2015,9,0,33758,0,33758,2284
MF1316,Kolonna,2015,10,0,35180,0,35180,2412
MF1316,Kolonna,2015,11,0,35013,0,35013,2511
MF1316,Kolonna,2015,12,0,32780,0,32780,2465
MF1317,Deshika,2015,1,0,39879,0,39879,3204
MF1317,Deshika,2015,2,0,48198,0,48198,3629
MF1317,Deshika,2015,3,0,68986,0,68986,4663
MF1317,Deshika,2015,4,0,66227,0,66227,4090
MF1317,Deshika,2015,5,0,67414,0,67414,4350
MF1317,Deshika,2015,6,0,49213,0,49213,2594
MF1317,Deshika,2015,7,0,63512,0,63512,3392
MF1317,Deshika,2015,8,0,70847,0,70847,3741
MF1317,Deshika,2015,9,0,74943,0,74943,3919
MF1317,Deshika,2015,10,0,39644,0,39644,1996
MF1317,Deshika,2015,11,0,31654,0,31654,1637
MF1317,Deshika,2015,12,0,34444,0,34444,1790
MF1325,Bandarahena,2015,1,2392,49710,0,52102,4123
MF1325,Bandarahena,2015,2,2439,39295,0,41734,4160
MF1325,Bandarahena,2015,3,2175,51216,0,53391,5060
MF1325,Bandarahena,2015,4,2311,49820,0,52131,4125
MF1325,Bandarahena,2015,5,3593,67362,0,70955,5658
MF1325,Bandarahena,2015,6,2733,60984,0,63717,5306
MF1325,Bandarahena,2015,7,2636,59351,0,61987,5278
MF1325,Bandarahena,2015,8,2378,62622,0,65000,5460
MF1325,Bandarahena,2015,9,2408,53207,0,55615,4577
MF1325,Bandarahena,2015,10,2070,34836,0,36906,2899
MF1325,Bandarahena,2015,11,1517,21892,0,23409,1840
MF1325,Bandarahena,2015,12,1433,23481,0,24914,1220
MF1343,Kongahawatte,2015,1,0,75101,0,75101,3027
MF1343,Kongahawatte,2015,2,0,76685,0,76685,3173
MF1343,Kongahawatte,2015,3,0,106167,0,106167,11821
MF1343,Kongahawatte,2015,4,0,74589,0,74589,8209
MF1343,Kongahawatte,2015,5,0,79660,0,79660,3538
MF1343,Kongahawatte,2015,6,0,74013,0,74013,3058
MF1343,Kongahawatte,2015,7,0,89763,0,89763,3714
MF1343,Kongahawatte,2015,8,0,77079,0,77079,4870
MF1343,Kongahawatte,2015,9,0,82490,0,82490,3432
MF1343,Kongahawatte,2015,10,0,74160,0,74160,8225
MF1343,Kongahawatte,2015,11,0,75720,0,75720,8399
MF1343,Kongahawatte,2015,12,0,77796,0,77796,8622
MF1354,Peak Paradise,2015,1,0,32069,0,32069,1283
MF1354,Peak Paradise,2015,2,0,35060,0,35060,1402
MF1354,Peak Paradise,2015,3,0,48638,0,48638,1947
MF1354,Peak Paradise,2015,4,0,46911,0,46911,1876
MF1354,Peak Paradise,2015,5,0,46997,0,46997,1879
MF1354,Peak Paradise,2015,6,0,45006,0,45006,1800
MF1354,Peak Paradise,2015,7,0,54209,0,54209,2169
MF1354,Peak Paradise,2015,8,0,39704,0,39704,1580
MF1354,Peak Paradise,2015,9,0,38588,0,38588,1543
MF1354,Peak Paradise,2015,10,0,58585,0,58585,2343
MF1354,Peak Paradise,2015,11,0,52801,0,52801,2112
MF1354,Peak Paradise,2015,12,0,51347,0,51347,2054
MF1363,New Nawalakanda,2015,1,0,167246,0,167246,18547
MF1363,New Nawalakanda,2015,2,0,165131,0,165131,18908
MF1363,New Nawalakanda,2015,3,0,211969,0,211969,22431
MF1363,New Nawalakanda,2015,4,0,174608,0,174608,20127
MF1363,New Nawalakanda,2015,5,0,205273,0,205273,21321
MF1363,New Nawalakanda,2015,6,0,183913,0,183913,20818
MF1363,New Nawalakanda,2015,7,0,208577,0,208577,22460
MF1363,New Nawalakanda,2015,8,0,206567,0,206567,25100
MF1363,New Nawalakanda,2015,9,0,205777,0,205777,25589
MF1363,New Nawalakanda,2015,10,0,127893,0,127893,13332
MF1363,New Nawalakanda,2015,11,0,130625,0,130625,14533
MF1363,New Nawalakanda,2015,12,0,133927,0,133927,14915
MF1365,Nawagamuwahena,2015,1,0,64889,0,64889,3401
MF1365,Nawagamuwahena,2015,2,0,64293,0,64293,3371
MF1365,Nawagamuwahena,2015,3,0,88586,0,88586,4647
MF1365,Nawagamuwahena,2015,4,0,69547,0,69547,3649
MF1365,Nawagamuwahena,2015,5,0,72187,0,72187,3784
MF1365,Nawagamuwahena,2015,6,0,51425,0,51425,2689
MF1365,Nawagamuwahena,2015,7,0,50561,0,50561,3214
MF1365,Nawagamuwahena,2015,8,0,56473,0,56473,3590
MF1365,Nawagamuwahena,2015,9,0,56943,0,56943,3619
MF1365,Nawagamuwahena,2015,10,0,54707,0,54707,3474
MF1365,Nawagamuwahena,2015,11,0,52299,0,52299,4389
MF1365,Nawagamuwahena,2015,12,0,54864,0,54864,4757
MF1368,New Temple View,2015,1,0,37054,0,37054,3878
MF1368,New Temple View,2015,2,0,37184,0,37184,3891
MF1368,New Temple View,2015,3,0,49859,0,49859,5218
MF1368,New Temple View,2015,4,0,36755,0,36755,3847
MF1368,New Temple View,2015,5,0,38262,0,38262,4004
MF1368,New Temple View,2015,6,0,29083,0,29083,3045
MF1368,New Temple View,2015,7,0,33446,0,33446,3500
MF1368,New Temple View,2015,8,0,37201,0,37201,3893
MF1368,New Temple View,2015,9,0,40051,0,40051,4192
MF1368,New Temple View,2015,10,0,32509,0,32509,3402
MF1368,New Temple View,2015,11,0,34190,0,34190,3577
MF1368,New Temple View,2015,12,0,28530,0,28530,2986
MF1381,Sannasgama,2015,1,0,25086,0,25086,2181
MF1381,Sannasgama,2015,2,0,24199,0,24199,2129
MF1381,Sannasgama,2015,3,0,30473,0,30473,2661
MF1381,Sannasgama,2015,4,0,24063,0,24063,2075
MF1381,Sannasgama,2015,5,0,29222,0,29222,2515
MF1381,Sannasgama,2015,6,0,26623,0,26623,1951
MF1381,Sannasgama,2015,7,0,26275,0,26275,2160
MF1381,Sannasgama,2015,8,0,31845,0,31845,2731
MF1381,Sannasgama,2015,9,0,32138,0,32138,2930
MF1381,Sannasgama,2015,10,0,29688,0,29688,2680
MF1381,Sannasgama,2015,11,0,25762,0,25762,2183
MF1381,Sannasgama,2015,12,0,22815,0,22815,2026
MF1387,A.C.U.,2015,1,0,20977,0,20977,1459
MF1387,A.C.U.,2015,2,0,16234,0,16234,1127
MF1387,A.C.U.,2015,3,0,23480,0,23480,1634
MF1387,A.C.U.,2015,4,0,19693,0,19693,1372
MF1387,A.C.U.,2015,5,0,21784,0,21784,1509
MF1387,A.C.U.,2015,6,0,18926,0,18926,1312
MF1387,A.C.U.,2015,7,0,21087,0,21087,1458
MF1387,A.C.U.,2015,8,0,23430,0,23430,1625
MF1387,A.C.U.,2015,9,0,25835,0,25835,1789
MF1387,A.C.U.,2015,10,0,27920,0,27920,1936
MF1387,A.C.U.,2015,11,0,21770,0,21770,1518
MF1387,A.C.U.,2015,12,0,16255,0,16255,1135
MF1392,Hidellana,2015,1,0,89979,0,89979,8326
MF1392,Hidellana,2015,2,0,88192,0,88192,6735
MF1392,Hidellana,2015,3,0,113710,0,113710,9189
MF1392,Hidellana,2015,4,0,97403,0,97403,4561
MF1392,Hidellana,2015,5,0,72957,0,72957,4065
MF1392,Hidellana,2015,6,0,54599,0,54599,3315
MF1392,Hidellana,2015,7,0,64033,0,64033,2397
MF1392,Hidellana,2015,8,0,67027,0,67027,4444
MF1392,Hidellana,2015,9,0,67259,0,67259,6047
MF1392,Hidellana,2015,10,0,65624,0,65624,8306
MF1392,Hidellana,2015,11,0,67175,0,67175,5374
MF1392,Hidellana,2015,12,0,66244,0,66244,8732
MF1397,New Ferndale,2015,1,0,31054,0,31054,3690
MF1397,New Ferndale,2015,2,0,39866,0,39866,3466
MF1397,New Ferndale,2015,3,0,47263,0,47263,4109
MF1397,New Ferndale,2015,4,0,55746,0,55746,6193
MF1397,New Ferndale,2015,5,0,58128,0,58128,9462
MF1397,New Ferndale,2015,6,0,44799,0,44799,7278
MF1397,New Ferndale,2015,7,0,50009,0,50009,8143
MF1397,New Ferndale,2015,8,0,53699,0,53699,8741
MF1397,New Ferndale,2015,9,0,50776,0,50776,8252
MF1397,New Ferndale,2015,10,0,48926,0,48926,7947
MF1397,New Ferndale,2015,11,0,27995,0,27995,4550
MF1397,New Ferndale,2015,12,0,24479,0,24479,3968
MF1418,Doralawitiyahena,2015,1,0,35626,0,35626,2775
MF1418,Doralawitiyahena,2015,2,0,35868,0,35868,2850
MF1418,Doralawitiyahena,2015,3,0,48293,0,48293,4320
MF1418,Doralawitiyahena,2015,4,0,46153,0,46153,2882
MF1418,Doralawitiyahena,2015,5,0,53655,0,53655,4351
MF1418,Doralawitiyahena,2015,6,0,40543,0,40543,3600
MF1418,Doralawitiyahena,2015,7,0,42425,0,42425,3500
MF1418,Doralawitiyahena,2015,8,0,47372,0,47372,3514
MF1418,Doralawitiyahena,2015,9,0,46083,0,46083,3450
MF1418,Doralawitiyahena,2015,10,0,42290,0,42290,3143
MF1418,Doralawitiyahena,2015,11,0,39077,0,39077,3354
MF1418,Doralawitiyahena,2015,12,0,38087,0,38087,3400
MF1432, Sri Samaneliya,2015,1,0,53161,0,53161,4612
MF1432, Sri Samaneliya,2015,2,0,49072,0,49072,4229
MF1432, Sri Samaneliya,2015,3,0,59437,0,59437,4910
MF1432, Sri Samaneliya,2015,4,0,47569,0,47569,4192
MF1432, Sri Samaneliya,2015,5,0,65330,0,65330,5680
MF1432, Sri Samaneliya,2015,6,0,58571,0,58571,5093
MF1432, Sri Samaneliya,2015,8,0,76251,0,76251,6552
MF1432, Sri Samaneliya,2015,9,0,77129,0,77129,6703
MF1432, Sri Samaneliya,2015,10,0,83581.5,0,83581.5,7090
MF1432, Sri Samaneliya,2015,11,0,68326,0,68326,5785
MF1432, Sri Samaneliya,2015,12,0,68915,0,68915,5918
MF1436,New Wewelkandura,2015,1,0,55700,0,55700,5247
MF1436,New Wewelkandura,2015,2,0,52246,0,52246,5056
MF1436,New Wewelkandura,2015,3,0,73028,0,73028,6329
MF1436,New Wewelkandura,2015,4,0,63113,0,63113,6096
MF1436,New Wewelkandura,2015,5,0,53610,0,53610,7092
MF1436,New Wewelkandura,2015,6,0,45100,0,45100,5481
MF1436,New Wewelkandura,2015,7,0,71986,0,71986,8685
MF1436,New Wewelkandura,2015,8,0,84676,0,84676,10856
MF1436,New Wewelkandura,2015,9,0,68164,0,68164,9296
MF1436,New Wewelkandura,2015,10,0,34389,0,34389,3841
MF1436,New Wewelkandura,2015,11,0,35558,0,35558,3971
MF1436,New Wewelkandura,2015,12,0,44793,0,44793,4978
MF1440,Nivithigala,2015,1,0,78199,0,78199,11259
MF1440,Nivithigala,2015,2,0,96219,0,96219,10691
MF1440,Nivithigala,2015,3,0,77538,0,77538,8615
MF1440,Nivithigala,2015,4,0,63366,0,63366,4767
MF1440,Nivithigala,2015,5,0,78679,0,78679,5939
MF1440,Nivithigala,2015,6,0,64354,0,64354,4837
MF1440,Nivithigala,2015,7,0,75191,0,75191,5655
MF1440,Nivithigala,2015,8,0,80545,0,80545,5708
MF1440,Nivithigala,2015,9,0,80080,0,80080,5581
MF1440,Nivithigala,2015,10,0,52124,0,52124,3823
MF1440,Nivithigala,2015,11,0,60837,0,60837,4536
MF1440,Nivithigala,2015,12,0,57270,0,57270,4079
MF1441,Falcon,2015,1,0,68702,0,68702,5200
MF1441,Falcon,2015,2,0,71540,0,71540,5500
MF1441,Falcon,2015,3,0,84369,0,84369,5800
MF1441,Falcon,2015,4,0,75750,0,75750,4920
MF1441,Falcon,2015,5,0,92050,0,92050,5870
MF1441,Falcon,2015,6,0,86270,0,86270,5825
MF1441,Falcon,2015,7,0,78980,0,78980,5210
MF1441,Falcon,2015,8,0,85045,0,85045,5640
MF1441,Falcon,2015,9,0,76620,0,76620,5110
MF1441,Falcon,2015,10,0,65500,0,65500,4600
MF1441,Falcon,2015,11,0,65270,0,65270,4520
MF1441,Falcon,2015,12,0,62095,0,62095,4200
MF1442,Veddagala,2015,1,0,28977,0,28977,2174
MF1442,Veddagala,2015,2,0,26693,0,26693,1900
MF1442,Veddagala,2015,3,0,33519,0,33519,2517
MF1442,Veddagala,2015,4,0,26522,0,26522,1894
MF1442,Veddagala,2015,5,0,35226,0,35226,2538
MF1442,Veddagala,2015,6,0,0,28923,28923,2055
MF1442,Veddagala,2015,7,0,44874,0,44874,3196
MF1442,Veddagala,2015,8,0,34394,0,34394,2587
MF1442,Veddagala,2015,9,0,34529,0,34529,2599
MF1442,Veddagala,2015,10,0,31875,0,31875,2414
MF1442,Veddagala,2015,11,0,30553,0,30553,2299
MF1442,Veddagala,2015,12,0,34694,0,34694,2610
MF1453,Kalawana,2015,1,0,102786,0,102786,7200
MF1453,Kalawana,2015,2,0,83108,0,83108,5034
MF1453,Kalawana,2015,3,0,107422,0,107422,6280
MF1453,Kalawana,2015,4,0,84128,0,84128,7303
MF1453,Kalawana,2015,5,0,68462,0,68462,5458
MF1453,Kalawana,2015,6,0,72388,0,72388,4613
MF1453,Kalawana,2015,7,0,75731,0,75731,4821
MF1453,Kalawana,2015,8,0,80915,0,80915,5146
MF1453,Kalawana,2015,9,0,78780,0,78780,5016
MF1453,Kalawana,2015,10,0,65891,0,65891,4193
MF1453,Kalawana,2015,11,0,69000,0,69000,4390
MF1453,Kalawana,2015,12,0,67118,0,67118,4271
MF1454,Camellia,2015,1,0,18118,0,18118,1149
MF1454,Camellia,2015,2,0,5424,0,5424,378
MF1454,Camellia,2015,3,0,2360,0,2360,181
MF1456,Deerwood,2015,1,0,65060,0,65060,2600
MF1456,Deerwood,2015,2,0,58010,0,58010,2316
MF1456,Deerwood,2015,3,0,86168,0,86168,3446
MF1456,Deerwood,2015,4,0,69532,0,69532,2780
MF1456,Deerwood,2015,5,0,73462,0,73462,2939
MF1456,Deerwood,2015,6,0,63508,0,63508,2538
MF1456,Deerwood,2015,7,0,76544,0,76544,3062
MF1456,Deerwood,2015,8,0,68526,0,68526,2742
MF1456,Deerwood,2015,9,0,65015,0,65015,2601
MF1456,Deerwood,2015,10,0,67269,0,67269,2691
MF1456,Deerwood,2015,11,0,64761,0,64761,2590
MF1456,Deerwood,2015,12,0,65080,0,65080,2602
MF1458,Seron,2015,1,0,20316,0,20316,1531
MF1458,Seron,2015,2,0,22792,0,22792,1712
MF1458,Seron,2015,3,0,32874,0,32874,2475
MF1458,Seron,2015,4,0,32618,0,32618,2455
MF1458,Seron,2015,5,0,35767,0,35767,2692
MF1458,Seron,2015,6,0,31542,0,31542,2374
MF1458,Seron,2015,7,0,34787,0,34787,2618
MF1458,Seron,2015,8,0,33545,0,33545,2525
MF1458,Seron,2015,9,0,28012,0,28012,2183
MF1458,Seron,2015,10,0,22042,0,22042,1659
MF1458,Seron,2015,11,0,22840,0,22840,1720
MF1458,Seron,2015,12,0,24493,0,24493,1843
MF1459,New Laksakanda,2015,1,0,66101,0,66101,5036
MF1459,New Laksakanda,2015,2,0,43191,0,43191,3237
MF1459,New Laksakanda,2015,3,0,33720,0,33720,2528
MF1459,New Laksakanda,2015,4,0,27785,0,27785,2082
MF1459,New Laksakanda,2015,5,0,44465,0,44465,3277
MF1459,New Laksakanda,2015,6,0,55998,0,55998,3911
MF1459,New Laksakanda,2015,7,0,59083,0,59083,4101
MF1459,New Laksakanda,2015,8,0,67792,0,67792,4745
MF1459,New Laksakanda,2015,9,0,73019,0,73019,5111
MF1459,New Laksakanda,2015,10,0,65330,0,65330,4573
MF1459,New Laksakanda,2015,11,0,54041,0,54041,3785
MF1459,New Laksakanda,2015,12,0,59693,0,59693,4179
MF1463,Peekview,2015,1,0,92233.5,0,92233.5,3426
MF1463,Peekview,2015,2,0,96879,118,96997,3534
MF1463,Peekview,2015,3,0,124475,0,124475,4720
MF1463,Peekview,2015,4,0,109680,0,109680,3926
MF1463,Peekview,2015,5,0,119871,1168,121039,4165
MF1463,Peekview,2015,6,0,92576,0,92576,3396
MF1463,Peekview,2015,7,0,105029,0,105029,4270
MF1463,Peekview,2015,8,0,110944,0,110944,4544
MF1463,Peekview,2015,9,0,105316,0,105316,3949
MF1463,Peekview,2015,10,0,95133,0,95133,4637
MF1463,Peekview,2015,11,0,98615,480,99095,3680
MF1463,Peekview,2015,12,0,95134,0,95134,3602
MF1466,Tea Lanka,2015,1,0,17003,0,17003,1713
MF1466,Tea Lanka,2015,2,0,19917,0,19917,1982
MF1466,Tea Lanka,2015,3,0,23123,0,23123,2223
MF1466,Tea Lanka,2015,4,0,20460,0,20460,2397
MF1466,Tea Lanka,2015,5,0,22084,0,22084,1983
MF1466,Tea Lanka,2015,6,0,17326,0,17326,1556
MF1466,Tea Lanka,2015,7,0,15851,0,15851,1422
MF1466,Tea Lanka,2015,8,0,24353,0,24353,2188
MF1466,Tea Lanka,2015,9,0,23586,0,23586,2116
MF1466,Tea Lanka,2015,10,0,22936,0,22936,2056
MF1466,Tea Lanka,2015,11,0,21501,0,21501,1926
MF1466,Tea Lanka,2015,12,0,19576,0,19576,1763
MF1467,Daduwangala Watte,2015,1,0,56744,0,56744,1785
MF1467,Daduwangala Watte,2015,2,0,55813,0,55813,1878
MF1467,Daduwangala Watte,2015,3,0,90427,0,90427,3159
MF1467,Daduwangala Watte,2015,4,0,72021,0,72021,2498
MF1467,Daduwangala Watte,2015,5,0,86775,0,86775,3437
MF1467,Daduwangala Watte,2015,6,0,81051,0,81051,3630
MF1467,Daduwangala Watte,2015,7,0,81709,0,81709,3396
MF1467,Daduwangala Watte,2015,8,0,72367,0,72367,2936
MF1467,Daduwangala Watte,2015,9,0,93632,0,93632,3900
MF1467,Daduwangala Watte,2015,10,0,82192,0,82192,0
MF1467,Daduwangala Watte,2015,11,0,95606,0,95606,3646
MF1467,Daduwangala Watte,2015,12,0,87993,0,87993,3191
MF1470,Karawita,2015,1,0,51813,0,51813,5483
MF1470,Karawita,2015,2,0,54267,0,54267,5850
MF1470,Karawita,2015,3,0,68728,0,68728,9952
MF1470,Karawita,2015,4,0,67479,0,67479,8168
MF1470,Karawita,2015,5,0,50920,0,50920,6259
MF1470,Karawita,2015,6,0,49614,0,49614,3593
MF1470,Karawita,2015,7,0,56539,0,56539,5317
MF1470,Karawita,2015,8,0,57463,0,57463,6047
MF1470,Karawita,2015,9,0,59471,0,59471,6809
MF1470,Karawita,2015,10,0,53923.5,0,53923.5,5413
MF1470,Karawita,2015,11,0,46062,0,46062,4950
MF1470,Karawita,2015,12,0,44771,0,44771,5162
MF1478,Sanora,2015,1,0,48373,0,48373,2801
MF1478,Sanora,2015,2,0,52103,0,52103,3078
MF1478,Sanora,2015,3,0,67294,0,67294,4006
MF1478,Sanora,2015,4,0,54136,0,54136,3197
MF1478,Sanora,2015,5,0,78425,0,78425,4596
MF1478,Sanora,2015,6,0,62252,0,62252,3677
MF1478,Sanora,2015,7,0,71083,0,71083,4232
MF1478,Sanora,2015,8,0,74663,0,74663,3760
MF1478,Sanora,2015,9,0,76860,0,76860,4540
MF1478,Sanora,2015,10,0,64322,0,64322,3829
MF1478,Sanora,2015,11,0,51847,0,51847,3327
MF1478,Sanora,2015,12,0,57526,0,57526,3692
MF1480,New Hopewell,2015,1,0,161423,0,161423,9118
MF1480,New Hopewell,2015,2,0,189581,0,189581,10630
MF1480,New Hopewell,2015,3,0,255022,0,255022,20245
MF1480,New Hopewell,2015,4,0,228772,0,228772,20130
MF1480,New Hopewell,2015,5,0,214887,0,214887,16428
MF1480,New Hopewell,2015,6,0,182280,0,182280,11848
MF1480,New Hopewell,2015,7,0,177813,0,177813,11586
MF1480,New Hopewell,2015,8,0,209632,0,209632,14890
MF1480,New Hopewell,2015,9,0,185092,0,185092,19094
MF1480,New Hopewell,2015,10,0,200579,0,200579,19468
MF1480,New Hopewell,2015,11,0,231010,0,231010,21908
MF1480,New Hopewell,2015,12,0,197035,0,197035,13792
MF1483,Galaxy ,2015,1,1125,3600,0,4725,3014
MF1483,Galaxy ,2015,2,0,0,0,0,0
MF1483,Galaxy ,2015,3,0,35046,0,35046,3879
MF1483,Galaxy ,2015,4,0,37987,0,37987,4219
MF1483,Galaxy ,2015,5,0,43631,0,43631,4841
MF1483,Galaxy ,2015,6,0,34615,0,34615,3832
MF1483,Galaxy ,2015,7,0,45095,0,45095,4607
MF1483,Galaxy ,2015,8,0,51504,0,51504,5269
MF1483,Galaxy ,2015,9,0,44642,0,44642,4380
MF1483,Galaxy ,2015,10,0,27578,0,27578,2502
MF1483,Galaxy ,2015,11,0,35975,0,35975,3117
MF1483,Galaxy ,2015,12,0,45320,0,45320,3852
MF1487,Adams View,2015,1,0,50648,0,50648,1620
MF1487,Adams View,2015,2,0,49446,0,49446,1529
MF1487,Adams View,2015,3,0,64569,0,64569,1995
MF1487,Adams View,2015,4,0,53914,0,53914,1668
MF1487,Adams View,2015,5,0,60300,0,60300,1883
MF1487,Adams View,2015,6,0,50414,0,50414,1560
MF1487,Adams View,2015,7,0,54338,0,54338,1674
MF1487,Adams View,2015,8,0,54891,0,54891,1697
MF1487,Adams View,2015,9,0,53637,0,53637,1662
MF1487,Adams View,2015,10,0,53255,0,53255,1647
MF1487,Adams View,2015,11,0,52243,0,52243,1616
MF1487,Adams View,2015,12,0,50957,0,50957,1575
MF1488,Kukuleganga,2015,1,0,40310,0,40310,2122
MF1488,Kukuleganga,2015,2,0,33860,0,33860,1782
MF1488,Kukuleganga,2015,3,0,46848,0,46848,2466
MF1488,Kukuleganga,2015,4,0,38937,0,38937,2049
MF1488,Kukuleganga,2015,5,0,40344,0,40344,2123
MF1488,Kukuleganga,2015,6,0,35635,0,35635,2083
MF1488,Kukuleganga,2015,7,0,40331,0,40331,2575
MF1488,Kukuleganga,2015,8,0,43633,0,43633,2785
MF1488,Kukuleganga,2015,9,40856,0,0,40856,2608
MF1488,Kukuleganga,2015,10,0,44489,0,44489,2907
MF1488,Kukuleganga,2015,11,0,50008,0,50008,3186
MF1488,Kukuleganga,2015,12,0,51507,0,51507,3197
MF1489,BLUE MOUNT,2015,1,0,82896,0,82896,6551
MF1489,BLUE MOUNT,2015,2,0,102086,0,102086,6611
MF1489,BLUE MOUNT,2015,3,0,155708,0,155708,11296
MF1489,BLUE MOUNT,2015,4,0,159513,0,159513,7675
MF1489,BLUE MOUNT,2015,5,0,142840,0,142840,9089
MF1489,BLUE MOUNT,2015,6,0,112819,0,112819,8201
MF1489,BLUE MOUNT,2015,7,0,105919,0,105919,8939
MF1489,BLUE MOUNT,2015,8,0,119038,0,119038,9086
MF1489,BLUE MOUNT,2015,9,0,135911,0,135911,10272
MF1489,BLUE MOUNT,2015,10,0,90852,0,90852,8243
MF1489,BLUE MOUNT,2015,11,0,82774,0,82774,7028
MF1489,BLUE MOUNT,2015,12,0,70681,0,70681,5047
MF1491,New Doralavitiyahena,2015,1,0,47870,0,47870,0
MF1491,New Doralavitiyahena,2015,1,0,7584,0,7584,2845
MF1491,New Doralavitiyahena,2015,2,0,51796,0,51796,0
MF1491,New Doralavitiyahena,2015,2,0,10138,0,10138,2150
MF1491,New Doralavitiyahena,2015,3,0,71336,0,71336,3095
MF1491,New Doralavitiyahena,2015,3,0,14531,0,14531,0
MF1491,New Doralavitiyahena,2015,4,0,60709,0,60709,0
MF1491,New Doralavitiyahena,2015,4,0,12632,0,12632,2570
MF1491,New Doralavitiyahena,2015,5,0,86099,0,86099,0
MF1491,New Doralavitiyahena,2015,5,0,12702,0,12702,3715
MF1491,New Doralavitiyahena,2015,6,0,65230,0,65230,0
MF1491,New Doralavitiyahena,2015,6,0,9689,0,9689,2225
MF1491,New Doralavitiyahena,2015,7,0,73923,0,73923,3250
MF1491,New Doralavitiyahena,2015,7,0,12739,0,12739,3250
MF1491,New Doralavitiyahena,2015,8,0,67529,0,67529,3625
MF1491,New Doralavitiyahena,2015,8,0,22053,0,22053,3625
MF1491,New Doralavitiyahena,2015,9,0,67165,0,67165,0
MF1491,New Doralavitiyahena,2015,9,0,24203,0,24203,4400
MF1491,New Doralavitiyahena,2015,10,0,60220,0,60220,3971
MF1491,New Doralavitiyahena,2015,10,0,18325,0,18325,3971
MF1491,New Doralavitiyahena,2015,11,0,62643,0,62643,6545
MF1491,New Doralavitiyahena,2015,11,0,13883,0,13883,6545
MF1491,New Doralavitiyahena,2015,12,0,64575,0,64575,5645
MF1491,New Doralavitiyahena,2015,12,0,14957,0,14957,5645
MF1495,Nilvin View,2015,1,0,73016,0,73016,2920
MF1495,Nilvin View,2015,2,0,72650,0,72650,2910
MF1495,Nilvin View,2015,3,0,92644,0,92644,3706
MF1495,Nilvin View,2015,4,0,79168,0,79168,3167
MF1495,Nilvin View,2015,5,0,87210,0,87210,3489
MF1495,Nilvin View,2015,6,0,81662,0,81662,3267
MF1495,Nilvin View,2015,7,0,100817,0,100817,4033
MF1495,Nilvin View,2015,8,0,100972,0,100972,4039
MF1495,Nilvin View,2015,9,0,94904,0,94904,3796
MF1495,Nilvin View,2015,10,0,87928,0,87928,3517
MF1495,Nilvin View,2015,11,0,82240,0,82240,3289
MF1495,Nilvin View,2015,12,0,78407,0,78407,3137
MF1496,CO-OP TEA,2015,1,0,18444,0,18444,2011
MF1496,CO-OP TEA,2015,2,0,19549,0,19549,2051
MF1496,CO-OP TEA,2015,3,0,24950,0,24950,2698
MF1496,CO-OP TEA,2015,4,0,23021,0,23021,2476
MF1496,CO-OP TEA,2015,5,0,22880,0,22880,2350
MF1496,CO-OP TEA,2015,6,0,18474,0,18474,1907
MF1496,CO-OP TEA,2015,7,0,19714,0,19714,1818
MF1496,CO-OP TEA,2015,8,0,21971,0,21971,2209
MF1496,CO-OP TEA,2015,9,0,18699.5,0,18699.5,2001
MF1496,CO-OP TEA,2015,10,0,12275,0,12275,1197
MF1496,CO-OP TEA,2015,11,0,11364.5,0,11364.5,910
MF1496,CO-OP TEA,2015,12,0,11614.5,0,11614.5,823
MF1515,Geekiyanahena ,2015,1,0,94013,0,94013,4935
MF1515,Geekiyanahena ,2015,2,0,92047,0,92047,4832
MF1515,Geekiyanahena ,2015,3,0,118622,0,118622,6224
MF1515,Geekiyanahena ,2015,4,0,95106,0,95106,4996
MF1515,Geekiyanahena ,2015,5,0,92339,0,92339,4848
MF1515,Geekiyanahena ,2015,6,0,63291,0,63291,3316
MF1515,Geekiyanahena ,2015,7,0,88812,0,88812,5652
MF1515,Geekiyanahena ,2015,8,0,90087,0,90087,5734
MF1515,Geekiyanahena ,2015,9,0,89951,0,89951,5725
MF1515,Geekiyanahena ,2015,10,0,75306,0,75306,4790
MF1515,Geekiyanahena ,2015,11,0,73510,0,73510,6157
MF1515,Geekiyanahena ,2015,12,0,65447,0,65447,5672
MF1519,Parakaduwa,2015,1,0,62746,0,62746,2956
MF1519,Parakaduwa,2015,2,0,64054,0,64054,2668
MF1519,Parakaduwa,2015,3,0,101356,0,101356,3676
MF1519,Parakaduwa,2015,4,0,84440,0,84440,3062
MF1519,Parakaduwa,2015,5,0,106377,0,106377,3290
MF1519,Parakaduwa,2015,6,0,84952,0,84952,2627
MF1519,Parakaduwa,2015,7,0,89616,0,89616,2771
MF1519,Parakaduwa,2015,8,0,77197,0,77197,2799
MF1519,Parakaduwa,2015,9,0,99493,0,99493,3608
MF1519,Parakaduwa,2015,10,0,96820,0,96820,2994
MF1519,Parakaduwa,2015,11,0,106919,0,106919,3306
MF1519,Parakaduwa,2015,12,0,98666,0,98666,3051
MF1528,MISA,2015,1,608,77306,0,77914,4974
MF1528,MISA,2015,2,793,99321,0,100114,6426
MF1528,MISA,2015,3,503,139452,0,139955,8889
MF1528,MISA,2015,4,0,143951,0,143951,9059
MF1528,MISA,2015,5,0,101340,0,101340,6395
MF1528,MISA,2015,6,0,77069,0,77069,4987
MF1528,MISA,2015,7,0,98888,0,98888,6359
MF1528,MISA,2015,8,0,104457,0,104457,7405
MF1528,MISA,2015,9,0,110726,0,110726,8000
MF1528,MISA,2015,10,0,113950,0,113950,8506
MF1528,MISA,2015,11,0,100608,0,100608,7501
MF1528,MISA,2015,12,0,108282,0,108282,8282
MF1531,Kolonne Panapitiya,2015,1,0,85832,0,85832,7394
MF1531,Kolonne Panapitiya,2015,2,0,83865,0,83865,9304
MF1531,Kolonne Panapitiya,2015,3,0,125280,0,125280,13905
MF1531,Kolonne Panapitiya,2015,4,0,114695,0,114695,14732
MF1531,Kolonne Panapitiya,2015,5,0,108905,0,108905,8824
MF1531,Kolonne Panapitiya,2015,6,0,81562,0,81562,6990
MF1531,Kolonne Panapitiya,2015,7,0,95850,0,95850,9445
MF1531,Kolonne Panapitiya,2015,8,0,97657,0,97657,10838
MF1531,Kolonne Panapitiya,2015,9,0,102171,0,102171,11336
MF1531,Kolonne Panapitiya,2015,10,0,102946,0,102946,11430
MF1531,Kolonne Panapitiya,2015,11,0,99955,0,99955,11119
MF1531,Kolonne Panapitiya,2015,12,0,89492,0,89492,9962
MF1550,PARADISE,2015,1,0,0,0,0,0
MF1550,PARADISE,2015,2,0,0,0,0,0
MF1550,PARADISE,2015,3,0,0,0,0,0
MF1550,PARADISE,2015,4,0,0,0,0,0
MF1550,PARADISE,2015,5,0,0,0,0,0
MF1550,PARADISE,2015,8,0,0,0,0,0
MF1550,PARADISE,2015,9,0,0,0,0,0
MF1550,PARADISE,2015,10,0,0,0,0,0
MF1550,PARADISE,2015,11,0,0,0,0,0
MF1550,PARADISE,2015,12,0,0,0,0,0
MF1551,Galahitiya,2015,1,0,57229,0,57229,4127
MF1551,Galahitiya,2015,2,0,56832,0,56832,3614
MF1551,Galahitiya,2015,3,0,82117,0,82117,5235
MF1551,Galahitiya,2015,4,0,68021,0,68021,4327
MF1551,Galahitiya,2015,5,0,75120,0,75120,4782
MF1551,Galahitiya,2015,6,0,67438,0,67438,4290
MF1551,Galahitiya,2015,7,0,76274,0,76274,4850
MF1551,Galahitiya,2015,8,0,71058,0,71058,4517
MF1551,Galahitiya,2015,9,0,71600,0,71600,4554
MF1551,Galahitiya,2015,10,0,68927,0,68927,4386
MF1551,Galahitiya,2015,11,0,69942,0,69942,4451
MF1551,Galahitiya,2015,12,0,67338,0,67338,4282
MF1552,Sisiramba ,2015,6,0,7393,0,7393,644
MF1552,Sisiramba ,2015,7,0,16430,0,16430,1429
MF1553,New Spring View,2015,1,0,72975,0,72975,8099
MF1553,New Spring View,2015,2,0,66699,0,66699,7401
MF1553,New Spring View,2015,3,0,77868,0,77868,8635
MF1553,New Spring View,2015,4,0,66616,0,66616,7391
MF1553,New Spring View,2015,5,0,67336,0,67336,7464
MF1553,New Spring View,2015,6,0,56988,0,56988,6319
MF1553,New Spring View,2015,7,0,67577,0,67577,7496
MF1553,New Spring View,2015,8,0,71219,0,71219,7902
MF1553,New Spring View,2015,9,0,62839,0,62839,4186
MF1553,New Spring View,2015,10,0,62839,0,62839,2570
MF1553,New Spring View,2015,11,0,63976,0,63976,4071
MF1553,New Spring View,2015,12,0,62670,0,62670,3988
MF1554,Daduwangala CTC,2015,1,160,50588,0,50748,4060
MF1554,Daduwangala CTC,2015,2,178,48346,0,48524,1940
MF1554,Daduwangala CTC,2015,3,153,58116,0,58269,2330
MF1554,Daduwangala CTC,2015,4,177,60377,0,60554,2422
MF1554,Daduwangala CTC,2015,5,225,62209,0,62434,2497
MF1554,Daduwangala CTC,2015,6,200,65139,0,65339,2614
MF1554,Daduwangala CTC,2015,7,243,94604,0,94847,3793
MF1554,Daduwangala CTC,2015,8,240,131914,0,132154,5286
MF1554,Daduwangala CTC,2015,9,242,94860,0,95102,3804
MF1554,Daduwangala CTC,2015,10,188,87371,0,87559,0
MF1554,Daduwangala CTC,2015,11,180,78064,0,78244,3129
MF1554,Daduwangala CTC,2015,12,154,62360,0,62514,2188
MF1567,Chamwin Speciality Tea Processing Centre,2015,1,31,0,0,31,2
MF1567,Chamwin Speciality Tea Processing Centre,2015,2,24,0,0,24,1
MF1567,Chamwin Speciality Tea Processing Centre,2015,3,36,0,0,36,2
MF1567,Chamwin Speciality Tea Processing Centre,2015,4,28,0,0,28,2
MF1567,Chamwin Speciality Tea Processing Centre,2015,5,26,0,0,26,2
MF1567,Chamwin Speciality Tea Processing Centre,2015,6,36,0,0,36,3
MF1567,Chamwin Speciality Tea Processing Centre,2015,7,24,0,0,24,3
MF1567,Chamwin Speciality Tea Processing Centre,2015,8,21,0,0,21,1
MF1567,Chamwin Speciality Tea Processing Centre,2015,9,26,0,0,26,2
MF1567,Chamwin Speciality Tea Processing Centre,2015,10,21,0,0,21,1
MF1567,Chamwin Speciality Tea Processing Centre,2015,11,27,0,0,27,2
MF1567,Chamwin Speciality Tea Processing Centre,2015,12,18,0,0,18,1
MF1571,Kamarangapitiya,2015,1,0,65486,0,65486,2867
MF1571,Kamarangapitiya,2015,2,0,69247,0,69247,2870
MF1571,Kamarangapitiya,2015,3,0,87238,0,87238,4088
MF1571,Kamarangapitiya,2015,4,0,63437,0,63437,2631
MF1571,Kamarangapitiya,2015,5,0,64224,0,64224,2659
MF1571,Kamarangapitiya,2015,6,0,60473,0,60473,2501
MF1571,Kamarangapitiya,2015,7,0,61211,0,61211,2534
MF1571,Kamarangapitiya,2015,8,0,67952,0,67952,2818
MF1571,Kamarangapitiya,2015,9,0,63187,0,63187,2618
MF1571,Kamarangapitiya,2015,10,0,78148,0,78148,3726
MF1571,Kamarangapitiya,2015,11,0,61986,0,61986,1506
MF1571,Kamarangapitiya,2015,12,0,53622,0,53622,2873
MF1573,Sabaragamuwa,2015,5,0,23242,0,23242,2245
MF1573,Sabaragamuwa,2015,6,15997,21985,0,37982,2110
MF1573,Sabaragamuwa,2015,7,0,23961,0,23961,3258
MF1573,Sabaragamuwa,2015,8,0,22622,0,22622,2568
MF1573,Sabaragamuwa,2015,9,0,14504,0,14504,804
MF1573,Sabaragamuwa,2015,10,0,12526,0,12526,606
MF1573,Sabaragamuwa,2015,11,0,10163,0,10163,607
MF1575,Elapatha,2015,1,0,26379,0,26379,1149
MF1575,Elapatha,2015,2,0,30227,0,30227,1303
MF1575,Elapatha,2015,3,0,38609,0,38609,1724
MF1575,Elapatha,2015,4,0,41978,0,41978,1780
MF1575,Elapatha,2015,5,0,51024,0,51024,2215
MF1575,Elapatha,2015,6,0,41898,0,41898,1779
MF1575,Elapatha,2015,7,0,51026,0,51026,2194
MF1575,Elapatha,2015,8,0,45082,0,45082,1937
MF1575,Elapatha,2015,9,0,42258,0,42258,1826
MF1575,Elapatha,2015,10,0,43900,0,43900,1892
MF1575,Elapatha,2015,11,0,49653,0,49653,9828
MF1575,Elapatha,2015,12,0,41647,0,41647,1797
MF1579,Deraniyagala Tea Shakthi,2015,1,0,6277,0,6277,460
MF1579,Deraniyagala Tea Shakthi,2015,2,0,4640,0,4640,1102
MF1579,Deraniyagala Tea Shakthi,2015,3,0,6449,0,6449,2091
MF1579,Deraniyagala Tea Shakthi,2015,4,0,12696,0,12696,736
MF1579,Deraniyagala Tea Shakthi,2015,5,0,16466,0,16466,916
MF1579,Deraniyagala Tea Shakthi,2015,6,0,16399,0,16399,895
MF1579,Deraniyagala Tea Shakthi,2015,7,0,19095,0,19095,1048
MF1579,Deraniyagala Tea Shakthi,2015,8,0,19494,0,19494,1104
MF1579,Deraniyagala Tea Shakthi,2015,9,0,18786,0,18786,1081
MF1579,Deraniyagala Tea Shakthi,2015,10,0,21845,0,21845,1808
MF1579,Deraniyagala Tea Shakthi,2015,11,0,19006,0,19006,982
MF1579,Deraniyagala Tea Shakthi,2015,12,0,13759,0,13759,723
MF1580,Kolonne Kithulgala,2015,1,0,44771.75,0,44771.75,2858
MF1580,Kolonne Kithulgala,2015,2,0,37646.76,0,37646.76,2403
MF1580,Kolonne Kithulgala,2015,3,0,49661.84,0,49661.84,3170
MF1580,Kolonne Kithulgala,2015,4,0,44145.45,0,44145.45,2818
MF1580,Kolonne Kithulgala,2015,5,0,39379.83,0,39379.83,2514
MF1580,Kolonne Kithulgala,2015,6,0,36544.32,0,36544.32,2329
MF1580,Kolonne Kithulgala,2015,7,0,40263.82,0,40263.82,2569
MF1580,Kolonne Kithulgala,2015,8,0,44158.58,0,44158.58,2818.34
MF1580,Kolonne Kithulgala,2015,9,0,44836.36,0,44836.36,2861.74
MF1580,Kolonne Kithulgala,2015,10,0,44866.2,0,44866.2,2863.75
MF1580,Kolonne Kithulgala,2015,11,0,47806.08,0,47806.08,3051.43
MF1580,Kolonne Kithulgala,2015,12,0,43577.66,0,43577.66,2781.54
