year,reporter_code,reporter_iso,reporter_name,flow_code,flow_name,hs_code,hs_description,partner_code,partner_iso,partner_name,record_scope,net_weight_kg,reported_quantity,quantity_unit,export_value_usd,unit_value_usd_per_kg,net_weight_is_estimated,is_reported,is_aggregate_hs_record,classification_code,derivation_note,source_id,accessed_on,value_share_of_world,quantity_share_of_world
2015,144,LKA,Sri Lanka,X,Export,0902,Tea,0,W00,World,world_total,304835240,304835240,kg,1321898649,4.3364364599,false,true,false,H4,,UN_COMTRADE_HS0902_ANNUAL,2026-07-14,,
2015,144,LKA,Sri Lanka,X,Export,0902,Tea,643,RUS,Russian Federation,destination,36743777,36743777,kg,156490002,4.2589525296,false,true,false,H4,,UN_COMTRADE_HS0902_ANNUAL,2026-07-14,0.1183827536,0.1205365134
2015,144,LKA,Sri Lanka,X,Export,0902,Tea,792,TUR,Türkiye,destination,33705653,33705653,kg,137333245,4.0744870007,false,true,false,H4,,UN_COMTRADE_HS0902_ANNUAL,2026-07-14,0.1038909035,0.1105700673
2015,144,LKA,Sri Lanka,X,Export,0902,Tea,364,IRN,Iran,destination,30065558,30065558,kg,132020601,4.3910909952,false,true,false,H4,,UN_COMTRADE_HS0902_ANNUAL,2026-07-14,0.099871954,0.098628879
2015,144,LKA,Sri Lanka,X,Export,0902,Tea,368,IRQ,Iraq,destination,31364833,31364833,kg,98627956,3.1445394911,false,true,false,H4,,UN_COMTRADE_HS0902_ANNUAL,2026-07-14,0.0746108305,0.1028910995
2015,144,LKA,Sri Lanka,X,Export,0902,Tea,784,ARE,United Arab Emirates,destination,23438139,23438139,kg,96581375,4.1206929868,false,true,false,H4,,UN_COMTRADE_HS0902_ANNUAL,2026-07-14,0.0730626172,0.076887892
2015,144,LKA,Sri Lanka,X,Export,0902,Tea,760,SYR,Syria,destination,11091074,11091074,kg,46872980,4.2261894565,false,true,false,H4,,UN_COMTRADE_HS0902_ANNUAL,2026-07-14,0.0354588304,0.0363838315
2015,144,LKA,Sri Lanka,X,Export,0902,Tea,31,AZE,Azerbaijan,destination,11176815,11176815,kg,44961644,4.0227599723,false,true,false,H4,,UN_COMTRADE_HS0902_ANNUAL,2026-07-14,0.0340129283,0.0366651014
2015,144,LKA,Sri Lanka,X,Export,0902,Tea,392,JPN,Japan,destination,8462172,8462172,kg,42450430,5.0164934015,false,true,false,H4,,UN_COMTRADE_HS0902_ANNUAL,2026-07-14,0.032113226,0.027759822
2015,144,LKA,Sri Lanka,X,Export,0902,Tea,156,CHN,China,destination,7453656,7453656,kg,34359468,4.6097469483,false,true,false,H4,,UN_COMTRADE_HS0902_ANNUAL,2026-07-14,0.0259925131,0.024451425
2015,144,LKA,Sri Lanka,X,Export,0902,Tea,434,LBY,Libya,destination,9983880,9983880,kg,32518415,3.2570919322,false,true,false,H4,,UN_COMTRADE_HS0902_ANNUAL,2026-07-14,0.0245997793,0.0327517252
2015,144,LKA,Sri Lanka,X,Export,0902,Tea,414,KWT,Kuwait,destination,8729559,8729559,kg,29870397,3.4217532638,false,true,false,H4,,UN_COMTRADE_HS0902_ANNUAL,2026-07-14,0.0225965864,0.0286369745
2015,144,LKA,Sri Lanka,X,Export,0902,Tea,276,DEU,Germany,destination,6998396,6998396,kg,29197371,4.1720089861,false,true,false,H4,,UN_COMTRADE_HS0902_ANNUAL,2026-07-14,0.0220874505,0.0229579625
2015,144,LKA,Sri Lanka,X,Export,0902,Tea,400,JOR,Jordan,destination,5650057,5650057,kg,28869459,5.109587213,false,true,false,H4,,UN_COMTRADE_HS0902_ANNUAL,2026-07-14,0.0218393891,0.0185347895
2015,144,LKA,Sri Lanka,X,Export,0902,Tea,842,USA,USA,destination,4248571,4248571,kg,26040065,6.1291349491,false,true,false,H4,,UN_COMTRADE_HS0902_ANNUAL,2026-07-14,0.0196989875,0.0139372699
2015,144,LKA,Sri Lanka,X,Export,0902,Tea,682,SAU,Saudi Arabia,destination,4906654,4906654,kg,25713223,5.2404801724,false,true,false,H4,,UN_COMTRADE_HS0902_ANNUAL,2026-07-14,0.0194517356,0.0160960852
2015,144,LKA,Sri Lanka,X,Export,0902,Tea,152,CHL,Chile,destination,6962968,6962968,kg,25273599,3.6297163796,false,true,false,H4,,UN_COMTRADE_HS0902_ANNUAL,2026-07-14,0.0191191655,0.0228417423
2015,144,LKA,Sri Lanka,X,Export,0902,Tea,36,AUS,Australia,destination,2476015,2476015,kg,22729497,9.1798704774,false,true,false,H4,,UN_COMTRADE_HS0902_ANNUAL,2026-07-14,0.0171945837,0.0081224697
2015,144,LKA,Sri Lanka,X,Export,0902,Tea,804,UKR,Ukraine,destination,4208352,4208352,kg,19897100,4.7280027906,false,true,false,H4,,UN_COMTRADE_HS0902_ANNUAL,2026-07-14,0.0150519104,0.013805333
2015,144,LKA,Sri Lanka,X,Export,0902,Tea,344,HKG,"China, Hong Kong SAR",destination,4846475,4846475,kg,19460125,4.0153152549,false,true,false,H4,,UN_COMTRADE_HS0902_ANNUAL,2026-07-14,0.0147213442,0.0158986704
2015,144,LKA,Sri Lanka,X,Export,0902,Tea,699,IND,India,destination,3445845,3445845,kg,17385702,5.045410342,false,true,false,H4,,UN_COMTRADE_HS0902_ANNUAL,2026-07-14,0.0131520688,0.0113039588
2015,144,LKA,Sri Lanka,X,Export,0902,Tea,616,POL,Poland,destination,2573609,2573609,kg,15717032,6.1070007138,false,true,false,H4,,UN_COMTRADE_HS0902_ANNUAL,2026-07-14,0.0118897406,0.008442623
2015,144,LKA,Sri Lanka,X,Export,0902,Tea,818,EGY,Egypt,destination,4180435,4180435,kg,14598690,3.4921461523,false,true,false,H4,,UN_COMTRADE_HS0902_ANNUAL,2026-07-14,0.0110437287,0.0137137524
2015,144,LKA,Sri Lanka,X,Export,0902,Tea,528,NLD,Netherlands,destination,1865643,1865643,kg,14218580,7.6212758818,false,true,false,H4,,UN_COMTRADE_HS0902_ANNUAL,2026-07-14,0.0107561801,0.0061201684
2015,144,LKA,Sri Lanka,X,Export,0902,Tea,422,LBN,Lebanon,destination,2473187,2473187,kg,12767842,5.1625057062,false,true,false,H4,,UN_COMTRADE_HS0902_ANNUAL,2026-07-14,0.0096587148,0.0081131926
2015,144,LKA,Sri Lanka,X,Export,0902,Tea,586,PAK,Pakistan,destination,3315436,3315436,kg,12386761,3.7360881042,false,true,false,H4,,UN_COMTRADE_HS0902_ANNUAL,2026-07-14,0.0093704317,0.0108761572
2015,144,LKA,Sri Lanka,X,Export,0902,Tea,490,S19,"Other Asia, nes",destination,3600301,3600301,kg,12345479,3.4290130186,false,true,false,H4,,UN_COMTRADE_HS0902_ANNUAL,2026-07-14,0.0093392024,0.0118106456
2015,144,LKA,Sri Lanka,X,Export,0902,Tea,826,GBR,United Kingdom,destination,1414390,1414390,kg,11286043,7.9794420209,false,true,false,H4,,UN_COMTRADE_HS0902_ANNUAL,2026-07-14,0.0085377521,0.0046398507
2015,144,LKA,Sri Lanka,X,Export,0902,Tea,56,BEL,Belgium,destination,2452362,2452362,kg,9035241,3.684301502,false,true,false,H4,,UN_COMTRADE_HS0902_ANNUAL,2026-07-14,0.0068350482,0.008044877
2015,144,LKA,Sri Lanka,X,Export,0902,Tea,554,NZL,New Zealand,destination,1057107,1057107,kg,8788182,8.3134271176,false,true,false,H4,,UN_COMTRADE_HS0902_ANNUAL,2026-07-14,0.0066481511,0.0034677979
2015,144,LKA,Sri Lanka,X,Export,0902,Tea,8,ALB,Albania,destination,2389248,2389248,kg,8575449,3.5891832911,false,true,false,H4,,UN_COMTRADE_HS0902_ANNUAL,2026-07-14,0.0064872212,0.007837834
2015,144,LKA,Sri Lanka,X,Export,0902,Tea,376,ISR,Israel,destination,1689394,1689394,kg,8349472,4.9422881814,false,true,false,H4,,UN_COMTRADE_HS0902_ANNUAL,2026-07-14,0.0063162724,0.0055419905
2015,144,LKA,Sri Lanka,X,Export,0902,Tea,710,ZAF,South Africa,destination,2038581,2038581,kg,8323346,4.0829115939,false,true,false,H4,,UN_COMTRADE_HS0902_ANNUAL,2026-07-14,0.0062965084,0.0066874847
2015,144,LKA,Sri Lanka,X,Export,0902,Tea,380,ITA,Italy,destination,1516838,1516838,kg,7394927,4.8752253042,false,true,false,H4,,UN_COMTRADE_HS0902_ANNUAL,2026-07-14,0.0055941709,0.0049759273
2015,144,LKA,Sri Lanka,X,Export,0902,Tea,860,UZB,Uzbekistan,destination,1026718,1026718,kg,5635100,5.4884593433,false,true,false,H4,,UN_COMTRADE_HS0902_ANNUAL,2026-07-14,0.0042628835,0.003368108
2015,144,LKA,Sri Lanka,X,Export,0902,Tea,246,FIN,Finland,destination,1141537,1141537,kg,5500696,4.8186751722,false,true,false,H4,,UN_COMTRADE_HS0902_ANNUAL,2026-07-14,0.0041612086,0.0037447672
2015,144,LKA,Sri Lanka,X,Export,0902,Tea,251,FRA,France,destination,806454,806454,kg,4875679,6.0458240644,false,true,false,H4,,UN_COMTRADE_HS0902_ANNUAL,2026-07-14,0.0036883909,0.0026455406
2015,144,LKA,Sri Lanka,X,Export,0902,Tea,124,CAN,Canada,destination,630687,630687,kg,4768760,7.5612149925,false,true,false,H4,,UN_COMTRADE_HS0902_ANNUAL,2026-07-14,0.003607508,0.0020689439
2015,144,LKA,Sri Lanka,X,Export,0902,Tea,398,KAZ,Kazakhstan,destination,754476,754476,kg,4249027,5.6317589956,false,true,false,H4,,UN_COMTRADE_HS0902_ANNUAL,2026-07-14,0.0032143364,0.0024750288
2015,144,LKA,Sri Lanka,X,Export,0902,Tea,686,SEN,Senegal,destination,605825,605825,kg,3814524,6.2964123303,false,true,false,H4,,UN_COMTRADE_HS0902_ANNUAL,2026-07-14,0.0028856403,0.0019873851
2015,144,LKA,Sri Lanka,X,Export,0902,Tea,702,SGP,Singapore,destination,525716,525716,kg,3794104,7.2170221184,false,true,false,H4,,UN_COMTRADE_HS0902_ANNUAL,2026-07-14,0.0028701928,0.0017245906
2015,144,LKA,Sri Lanka,X,Export,0902,Tea,288,GHA,Ghana,destination,537122,537122,kg,3537439,6.5859134424,false,true,false,H4,,UN_COMTRADE_HS0902_ANNUAL,2026-07-14,0.0026760289,0.0017620076
2015,144,LKA,Sri Lanka,X,Export,0902,Tea,417,KGZ,Kyrgyzstan,destination,841078,841078,kg,3513255,4.1770858351,false,true,false,H4,,UN_COMTRADE_HS0902_ANNUAL,2026-07-14,0.002657734,0.0027591233
2015,144,LKA,Sri Lanka,X,Export,0902,Tea,458,MYS,Malaysia,destination,742410,742410,kg,3388822,4.5646233213,false,true,false,H4,,UN_COMTRADE_HS0902_ANNUAL,2026-07-14,0.002563602,0.0024354468
2015,144,LKA,Sri Lanka,X,Export,0902,Tea,566,NGA,Nigeria,destination,527299,527299,kg,3291332,6.241870362,false,true,false,H4,,UN_COMTRADE_HS0902_ANNUAL,2026-07-14,0.002489852,0.0017297836
2015,144,LKA,Sri Lanka,X,Export,0902,Tea,384,CIV,Côte d'Ivoire,destination,542790,542790,kg,3182731,5.8636507673,false,true,false,H4,,UN_COMTRADE_HS0902_ANNUAL,2026-07-14,0.0024076967,0.0017806012
2015,144,LKA,Sri Lanka,X,Export,0902,Tea,752,SWE,Sweden,destination,367503,367503,kg,3146202,8.5610239916,false,true,false,H4,,UN_COMTRADE_HS0902_ANNUAL,2026-07-14,0.002380063,0.0012055791
2015,144,LKA,Sri Lanka,X,Export,0902,Tea,112,BLR,Belarus,destination,365947,365947,kg,2925966,7.9956004558,false,true,false,H4,,UN_COMTRADE_HS0902_ANNUAL,2026-07-14,0.0022134571,0.0012004747
2015,144,LKA,Sri Lanka,X,Export,0902,Tea,178,COG,Congo,destination,490045,490045,kg,2858786,5.8337213929,false,true,false,H4,,UN_COMTRADE_HS0902_ANNUAL,2026-07-14,0.0021626363,0.0016075733
2015,144,LKA,Sri Lanka,X,Export,0902,Tea,704,VNM,Viet Nam,destination,332122,332122,kg,2739325,8.2479480432,false,true,false,H4,,UN_COMTRADE_HS0902_ANNUAL,2026-07-14,0.0020722655,0.0010895131
2015,144,LKA,Sri Lanka,X,Export,0902,Tea,440,LTU,Lithuania,destination,227653,227653,kg,2537773,11.1475491208,false,true,false,H4,,UN_COMTRADE_HS0902_ANNUAL,2026-07-14,0.0019197939,0.0007468067
2015,144,LKA,Sri Lanka,X,Export,0902,Tea,208,DNK,Denmark,destination,201582,201582,kg,2424979,12.0297397585,false,true,false,H4,,UN_COMTRADE_HS0902_ANNUAL,2026-07-14,0.0018344667,0.0006612818
2015,144,LKA,Sri Lanka,X,Export,0902,Tea,300,GRC,Greece,destination,580601,580601,kg,2362412,4.0689079075,false,true,false,H4,,UN_COMTRADE_HS0902_ANNUAL,2026-07-14,0.0017871355,0.0019046387
2015,144,LKA,Sri Lanka,X,Export,0902,Tea,768,TGO,Togo,destination,354996,354996,kg,2218617,6.2496957712,false,true,false,H4,,UN_COMTRADE_HS0902_ANNUAL,2026-07-14,0.0016783564,0.0011645504
2015,144,LKA,Sri Lanka,X,Export,0902,Tea,324,GIN,Guinea,destination,332760,332760,kg,2108645,6.3368343551,false,true,false,H4,,UN_COMTRADE_HS0902_ANNUAL,2026-07-14,0.0015951639,0.0010916061
2015,144,LKA,Sri Lanka,X,Export,0902,Tea,360,IDN,Indonesia,destination,409187,409187,kg,2077167,5.0763269605,false,true,false,H4,,UN_COMTRADE_HS0902_ANNUAL,2026-07-14,0.0015713512,0.0013423218
2015,144,LKA,Sri Lanka,X,Export,0902,Tea,40,AUT,Austria,destination,592889,592889,kg,1961098,3.3076984056,false,true,false,H4,,UN_COMTRADE_HS0902_ANNUAL,2026-07-14,0.0014835464,0.001944949
2015,144,LKA,Sri Lanka,X,Export,0902,Tea,242,FJI,Fiji,destination,382051,382051,kg,1855568,4.8568594245,false,true,false,H4,,UN_COMTRADE_HS0902_ANNUAL,2026-07-14,0.0014037143,0.0012533033
2015,144,LKA,Sri Lanka,X,Export,0902,Tea,203,CZE,Czechia,destination,91506,91506,kg,1809656,19.7763643914,false,true,false,H4,,UN_COMTRADE_HS0902_ANNUAL,2026-07-14,0.0013689824,0.0003001818
2015,144,LKA,Sri Lanka,X,Export,0902,Tea,498,MDA,Rep. of Moldova,destination,217950,217950,kg,1720055,7.8919706355,false,true,false,H4,,UN_COMTRADE_HS0902_ANNUAL,2026-07-14,0.0013012004,0.0007149764
2015,144,LKA,Sri Lanka,X,Export,0902,Tea,270,GMB,Gambia,destination,482929,482929,kg,1717329,3.5560693187,false,true,false,H4,,UN_COMTRADE_HS0902_ANNUAL,2026-07-14,0.0012991382,0.0015842296
2015,144,LKA,Sri Lanka,X,Export,0902,Tea,24,AGO,Angola,destination,258309,258309,kg,1552972,6.0120708144,false,true,false,H4,,UN_COMTRADE_HS0902_ANNUAL,2026-07-14,0.0011748041,0.0008473725
2015,144,LKA,Sri Lanka,X,Export,0902,Tea,428,LVA,Latvia,destination,168367,168367,kg,1541495,9.1555649266,false,true,false,H4,,UN_COMTRADE_HS0902_ANNUAL,2026-07-14,0.0011661219,0.0005523213
2015,144,LKA,Sri Lanka,X,Export,0902,Tea,462,MDV,Maldives,destination,184631,184631,kg,1499481,8.1215018063,false,true,false,H4,,UN_COMTRADE_HS0902_ANNUAL,2026-07-14,0.0011343389,0.0006056747
2015,144,LKA,Sri Lanka,X,Export,0902,Tea,268,GEO,Georgia,destination,252959,252959,kg,1388582,5.4893559826,false,true,false,H4,,UN_COMTRADE_HS0902_ANNUAL,2026-07-14,0.0010504451,0.000829822
2015,144,LKA,Sri Lanka,X,Export,0902,Tea,854,BFA,Burkina Faso,destination,184474,184474,kg,1380163,7.481612585,false,true,false,H4,,UN_COMTRADE_HS0902_ANNUAL,2026-07-14,0.0010440763,0.0006051597
2015,144,LKA,Sri Lanka,X,Export,0902,Tea,764,THA,Thailand,destination,77534,77534,kg,1182482,15.2511414347,false,true,false,H4,,UN_COMTRADE_HS0902_ANNUAL,2026-07-14,0.000894533,0.0002543472
2015,144,LKA,Sri Lanka,X,Export,0902,Tea,634,QAT,Qatar,destination,167730,167730,kg,1177783,7.0218982889,false,true,false,H4,,UN_COMTRADE_HS0902_ANNUAL,2026-07-14,0.0008909783,0.0005502317
2015,144,LKA,Sri Lanka,X,Export,0902,Tea,496,MNG,Mongolia,destination,109398,109398,kg,934567,8.5428161392,false,true,false,H4,,UN_COMTRADE_HS0902_ANNUAL,2026-07-14,0.0007069884,0.0003588758
2015,144,LKA,Sri Lanka,X,Export,0902,Tea,807,MKD,North Macedonia,destination,241458,241458,kg,875622,3.6263946525,false,true,false,H4,,UN_COMTRADE_HS0902_ANNUAL,2026-07-14,0.0006623972,0.0007920935
2015,144,LKA,Sri Lanka,X,Export,0902,Tea,48,BHR,Bahrain,destination,106619,106619,kg,782121,7.3356624992,false,true,false,H4,,UN_COMTRADE_HS0902_ANNUAL,2026-07-14,0.0005916649,0.0003497594
2015,144,LKA,Sri Lanka,X,Export,0902,Tea,410,KOR,Rep. of Korea,destination,104417,104417,kg,767072,7.3462367239,false,true,false,H4,,UN_COMTRADE_HS0902_ANNUAL,2026-07-14,0.0005802805,0.0003425359
2015,144,LKA,Sri Lanka,X,Export,0902,Tea,757,CHE,Switzerland,destination,170622,170622,kg,699290,4.0984749915,false,true,false,H4,,UN_COMTRADE_HS0902_ANNUAL,2026-07-14,0.0005290042,0.0005597188
2015,144,LKA,Sri Lanka,X,Export,0902,Tea,608,PHL,Philippines,destination,82515,82515,kg,672590,8.1511240381,false,true,false,H4,,UN_COMTRADE_HS0902_ANNUAL,2026-07-14,0.000508806,0.0002706872
2015,144,LKA,Sri Lanka,X,Export,0902,Tea,694,SLE,Sierra Leone,destination,178421,178421,kg,662671,3.7140863463,false,true,false,H4,,UN_COMTRADE_HS0902_ANNUAL,2026-07-14,0.0005013024,0.0005853031
2015,144,LKA,Sri Lanka,X,Export,0902,Tea,478,MRT,Mauritania,destination,92334,92334,kg,644031,6.9750146208,false,true,false,H4,,UN_COMTRADE_HS0902_ANNUAL,2026-07-14,0.0004872015,0.0003028981
2015,144,LKA,Sri Lanka,X,Export,0902,Tea,233,EST,Estonia,destination,87349,87349,kg,632785,7.2443302156,false,true,false,H4,,UN_COMTRADE_HS0902_ANNUAL,2026-07-14,0.000478694,0.000286545
2015,144,LKA,Sri Lanka,X,Export,0902,Tea,196,CYP,Cyprus,destination,53360,53360,kg,603480,11.3095952024,false,true,false,H4,,UN_COMTRADE_HS0902_ANNUAL,2026-07-14,0.0004565252,0.0001750454
2015,144,LKA,Sri Lanka,X,Export,0902,Tea,51,ARM,Armenia,destination,64074,64074,kg,597044,9.318038518,false,true,false,H4,,UN_COMTRADE_HS0902_ANNUAL,2026-07-14,0.0004516564,0.0002101922
2015,144,LKA,Sri Lanka,X,Export,0902,Tea,446,MAC,"China, Macao SAR",destination,158543,158543,kg,573665,3.6183559034,false,true,false,H4,,UN_COMTRADE_HS0902_ANNUAL,2026-07-14,0.0004339705,0.0005200941
2015,144,LKA,Sri Lanka,X,Export,0902,Tea,858,URY,Uruguay,destination,99514,99514,kg,527673,5.3025001507,false,true,false,H4,,UN_COMTRADE_HS0902_ANNUAL,2026-07-14,0.0003991781,0.0003264518
2015,144,LKA,Sri Lanka,X,Export,0902,Tea,430,LBR,Liberia,destination,87878,87878,kg,508967,5.7917453743,false,true,false,H4,,UN_COMTRADE_HS0902_ANNUAL,2026-07-14,0.0003850272,0.0002882803
2015,144,LKA,Sri Lanka,X,Export,0902,Tea,795,TKM,Turkmenistan,destination,58887,58887,kg,452133,7.6779764634,false,true,false,H4,,UN_COMTRADE_HS0902_ANNUAL,2026-07-14,0.000342033,0.0001931765
2015,144,LKA,Sri Lanka,X,Export,0902,Tea,100,BGR,Bulgaria,destination,124855,124855,kg,441725,3.5379039686,false,true,false,H4,,UN_COMTRADE_HS0902_ANNUAL,2026-07-14,0.0003341595,0.0004095819
2015,144,LKA,Sri Lanka,X,Export,0902,Tea,579,NOR,Norway,destination,79193,79193,kg,421758,5.3256979784,false,true,false,H4,,UN_COMTRADE_HS0902_ANNUAL,2026-07-14,0.0003190547,0.0002597895
2015,144,LKA,Sri Lanka,X,Export,0902,Tea,724,ESP,Spain,destination,44642,44642,kg,390490,8.7471439452,false,true,false,H4,,UN_COMTRADE_HS0902_ANNUAL,2026-07-14,0.0002954009,0.0001464463
2015,144,LKA,Sri Lanka,X,Export,0902,Tea,562,NER,Niger,destination,53919,53919,kg,358486,6.6486025334,false,true,false,H4,,UN_COMTRADE_HS0902_ANNUAL,2026-07-14,0.0002711902,0.0001768792
2015,144,LKA,Sri Lanka,X,Export,0902,Tea,204,BEN,Benin,destination,52634,52634,kg,347670,6.6054261504,false,true,false,H4,,UN_COMTRADE_HS0902_ANNUAL,2026-07-14,0.0002630081,0.0001726638
2015,144,LKA,Sri Lanka,X,Export,0902,Tea,484,MEX,Mexico,destination,24396,24396,kg,277816,11.3877684866,false,true,false,H4,,UN_COMTRADE_HS0902_ANNUAL,2026-07-14,0.0002101644,0.0000800301
2015,144,LKA,Sri Lanka,X,Export,0902,Tea,740,SUR,Suriname,destination,40022,40022,kg,276501,6.9087252011,false,true,false,H4,,UN_COMTRADE_HS0902_ANNUAL,2026-07-14,0.0002091696,0.0001312906
2015,144,LKA,Sri Lanka,X,Export,0902,Tea,348,HUN,Hungary,destination,16430,16430,kg,274650,16.7163724893,false,true,false,H4,,UN_COMTRADE_HS0902_ANNUAL,2026-07-14,0.0002077693,0.000053898
2015,144,LKA,Sri Lanka,X,Export,0902,Tea,466,MLI,Mali,destination,39865,39865,kg,272209,6.8282704126,false,true,false,H4,,UN_COMTRADE_HS0902_ANNUAL,2026-07-14,0.0002059227,0.0001307756
2015,144,LKA,Sri Lanka,X,Export,0902,Tea,690,SYC,Seychelles,destination,52824,52824,kg,251372,4.7586703014,false,true,false,H4,,UN_COMTRADE_HS0902_ANNUAL,2026-07-14,0.0001901598,0.0001732871
2015,144,LKA,Sri Lanka,X,Export,0902,Tea,887,YEM,Yemen,destination,54600,54600,kg,251320,4.6029304029,false,true,false,H4,,UN_COMTRADE_HS0902_ANNUAL,2026-07-14,0.0001901205,0.0001791131
2015,144,LKA,Sri Lanka,X,Export,0902,Tea,404,KEN,Kenya,destination,49444,49444,kg,247440,5.0044494782,false,true,false,H4,,UN_COMTRADE_HS0902_ANNUAL,2026-07-14,0.0001871853,0.0001621991
2015,144,LKA,Sri Lanka,X,Export,0902,Tea,591,PAN,Panama,destination,11442,11442,kg,239025,20.8901415836,false,true,false,H4,,UN_COMTRADE_HS0902_ANNUAL,2026-07-14,0.0001808195,0.000037535
2015,144,LKA,Sri Lanka,X,Export,0902,Tea,512,OMN,Oman,destination,36372,36372,kg,227437,6.2530792918,false,true,false,H4,,UN_COMTRADE_HS0902_ANNUAL,2026-07-14,0.0001720533,0.0001193169
2015,144,LKA,Sri Lanka,X,Export,0902,Tea,328,GUY,Guyana,destination,53811,53811,kg,219770,4.084109197,false,true,false,H4,,UN_COMTRADE_HS0902_ANNUAL,2026-07-14,0.0001662533,0.0001765249
2015,144,LKA,Sri Lanka,X,Export,0902,Tea,84,BLZ,Belize,destination,18388,18388,kg,200512,10.9045029367,false,true,false,H4,,UN_COMTRADE_HS0902_ANNUAL,2026-07-14,0.0001516849,0.0000603211
2015,144,LKA,Sri Lanka,X,Export,0902,Tea,780,TTO,Trinidad and Tobago,destination,8878,8878,kg,198786,22.3908537959,false,true,false,H4,,UN_COMTRADE_HS0902_ANNUAL,2026-07-14,0.0001503792,0.0000291239
2015,144,LKA,Sri Lanka,X,Export,0902,Tea,120,CMR,Cameroon,destination,62856,62856,kg,197092,3.1356115566,false,true,false,H4,,UN_COMTRADE_HS0902_ANNUAL,2026-07-14,0.0001490977,0.0002061966
2015,144,LKA,Sri Lanka,X,Export,0902,Tea,642,ROU,Romania,destination,9717,9717,kg,196012,20.1720695688,false,true,false,H4,,UN_COMTRADE_HS0902_ANNUAL,2026-07-14,0.0001482807,0.0000318762
2015,144,LKA,Sri Lanka,X,Export,0902,Tea,762,TJK,Tajikistan,destination,30932,30932,kg,193086,6.2422733739,false,true,false,H4,,UN_COMTRADE_HS0902_ANNUAL,2026-07-14,0.0001460672,0.0001014712
2015,144,LKA,Sri Lanka,X,Export,0902,Tea,68,BOL,Bolivia (Plurinational State of),destination,30381,30381,kg,192069,6.3220104671,false,true,false,H4,,UN_COMTRADE_HS0902_ANNUAL,2026-07-14,0.0001452978,0.0000996637
2015,144,LKA,Sri Lanka,X,Export,0902,Tea,12,DZA,Algeria,destination,42804,42804,kg,172020,4.0187832913,false,true,false,H4,,UN_COMTRADE_HS0902_ANNUAL,2026-07-14,0.000130131,0.0001404168
2015,144,LKA,Sri Lanka,X,Export,0902,Tea,729,SDN,Sudan,destination,32931,32931,kg,166978,5.0705414351,false,true,false,H4,,UN_COMTRADE_HS0902_ANNUAL,2026-07-14,0.0001263168,0.0001080288
2015,144,LKA,Sri Lanka,X,Export,0902,Tea,32,ARG,Argentina,destination,39200,39200,kg,159474,4.0682142857,false,true,false,H4,,UN_COMTRADE_HS0902_ANNUAL,2026-07-14,0.0001206401,0.0001285941
2015,144,LKA,Sri Lanka,X,Export,0902,Tea,188,CRI,Costa Rica,destination,6491,6491,kg,134198,20.6744723463,false,true,false,H4,,UN_COMTRADE_HS0902_ANNUAL,2026-07-14,0.0001015191,0.0000212935
2015,144,LKA,Sri Lanka,X,Export,0902,Tea,862,VEN,Venezuela,destination,36150,36150,kg,133160,3.6835408022,false,true,false,H4,,UN_COMTRADE_HS0902_ANNUAL,2026-07-14,0.0001007339,0.0001185887
2015,144,LKA,Sri Lanka,X,Export,0902,Tea,148,TCD,Chad,destination,22380,22380,kg,114181,5.1019213584,false,true,false,H4,,UN_COMTRADE_HS0902_ANNUAL,2026-07-14,0.0000863765,0.0000734167
2015,144,LKA,Sri Lanka,X,Export,0902,Tea,52,BRB,Barbados,destination,8086,8086,kg,111815,13.8282216176,false,true,false,H4,,UN_COMTRADE_HS0902_ANNUAL,2026-07-14,0.0000845867,0.0000265258
2015,144,LKA,Sri Lanka,X,Export,0902,Tea,504,MAR,Morocco,destination,20695,20695,kg,102192,4.9380043489,false,true,false,H4,,UN_COMTRADE_HS0902_ANNUAL,2026-07-14,0.000077307,0.0000678891
2015,144,LKA,Sri Lanka,X,Export,0902,Tea,598,PNG,Papua New Guinea,destination,19750,19750,kg,95235,4.8220253165,false,true,false,H4,,UN_COMTRADE_HS0902_ANNUAL,2026-07-14,0.0000720441,0.0000647891
2015,144,LKA,Sri Lanka,X,Export,0902,Tea,372,IRL,Ireland,destination,4728,4728,kg,94057,19.8936125212,false,true,false,H4,,UN_COMTRADE_HS0902_ANNUAL,2026-07-14,0.000071153,0.00001551
2015,144,LKA,Sri Lanka,X,Export,0902,Tea,96,BRN,Brunei Darussalam,destination,7344,7344,kg,82627,11.250953159,false,true,false,H4,,UN_COMTRADE_HS0902_ANNUAL,2026-07-14,0.0000625063,0.0000240917
2015,144,LKA,Sri Lanka,X,Export,0902,Tea,604,PER,Peru,destination,955,955,kg,68261,71.477486911,false,true,false,H4,,UN_COMTRADE_HS0902_ANNUAL,2026-07-14,0.0000516386,0.0000031328
2015,144,LKA,Sri Lanka,X,Export,0902,Tea,76,BRA,Brazil,destination,2105,2105,kg,61985,29.4465558195,false,true,false,H4,,UN_COMTRADE_HS0902_ANNUAL,2026-07-14,0.0000468909,0.0000069054
2015,144,LKA,Sri Lanka,X,Export,0902,Tea,480,MUS,Mauritius,destination,2139,2139,kg,60746,28.3992519869,false,true,false,H4,,UN_COMTRADE_HS0902_ANNUAL,2026-07-14,0.0000459536,0.0000070169
2015,144,LKA,Sri Lanka,X,Export,0902,Tea,524,NPL,Nepal,destination,4017,4017,kg,60135,14.9701269604,false,true,false,H4,,UN_COMTRADE_HS0902_ANNUAL,2026-07-14,0.0000454914,0.0000131776
2015,144,LKA,Sri Lanka,X,Export,0902,Tea,894,ZMB,Zambia,destination,3166,3166,kg,59821,18.8948199621,false,true,false,H4,,UN_COMTRADE_HS0902_ANNUAL,2026-07-14,0.0000452538,0.0000103859
2015,144,LKA,Sri Lanka,X,Export,0902,Tea,296,KIR,Kiribati,destination,6322,6322,kg,48528,7.6760518823,false,true,false,H4,,UN_COMTRADE_HS0902_ANNUAL,2026-07-14,0.0000367108,0.0000207391
2015,144,LKA,Sri Lanka,X,Export,0902,Tea,70,BIH,Bosnia Herzegovina,destination,11050,11050,kg,37937,3.4332126697,false,true,false,H4,,UN_COMTRADE_HS0902_ANNUAL,2026-07-14,0.0000286989,0.0000362491
2015,144,LKA,Sri Lanka,X,Export,0902,Tea,352,ISL,Iceland,destination,5274,5274,kg,36428,6.9070913917,false,true,false,H4,,UN_COMTRADE_HS0902_ANNUAL,2026-07-14,0.0000275573,0.0000173011
2015,144,LKA,Sri Lanka,X,Export,0902,Tea,44,BHS,Bahamas,destination,1078,1078,kg,31604,29.3172541744,false,true,false,H4,,UN_COMTRADE_HS0902_ANNUAL,2026-07-14,0.000023908,0.0000035363
2015,144,LKA,Sri Lanka,X,Export,0902,Tea,788,TUN,Tunisia,destination,3438,3438,kg,28805,8.3784176847,false,true,false,H4,,UN_COMTRADE_HS0902_ANNUAL,2026-07-14,0.0000217906,0.0000112782
2015,144,LKA,Sri Lanka,X,Export,0902,Tea,600,PRY,Paraguay,destination,5064,5064,kg,27328,5.3965244866,false,true,false,H4,,UN_COMTRADE_HS0902_ANNUAL,2026-07-14,0.0000206733,0.0000166123
2015,144,LKA,Sri Lanka,X,Export,0902,Tea,899,_X ,"Areas, nes",destination,4013,4013,kg,22516,5.6107650137,false,true,false,H4,,UN_COMTRADE_HS0902_ANNUAL,2026-07-14,0.0000170331,0.0000131645
2015,144,LKA,Sri Lanka,X,Export,0902,Tea,231,ETH,Ethiopia,destination,1469,1469,kg,21520,14.6494213751,false,true,false,H4,,UN_COMTRADE_HS0902_ANNUAL,2026-07-14,0.0000162796,0.000004819
2015,144,LKA,Sri Lanka,X,Export,0902,Tea,408,PRK,Dem. People's Rep. of Korea,destination,1317,1317,kg,18449,14.0083523159,false,true,false,H4,,UN_COMTRADE_HS0902_ANNUAL,2026-07-14,0.0000139564,0.0000043204
2015,144,LKA,Sri Lanka,X,Export,0902,Tea,226,GNQ,Equatorial Guinea,destination,2196,2196,kg,17811,8.1106557377,false,true,false,H4,,UN_COMTRADE_HS0902_ANNUAL,2026-07-14,0.0000134738,0.0000072039
2015,144,LKA,Sri Lanka,X,Export,0902,Tea,748,SWZ,Eswatini,destination,245,245,kg,17264,70.4653061224,false,true,false,H4,,UN_COMTRADE_HS0902_ANNUAL,2026-07-14,0.00001306,0.0000008037
2015,144,LKA,Sri Lanka,X,Export,0902,Tea,104,MMR,Myanmar,destination,2946,2946,kg,17198,5.8377460964,false,true,false,H4,,UN_COMTRADE_HS0902_ANNUAL,2026-07-14,0.0000130101,0.0000096642
2015,144,LKA,Sri Lanka,X,Export,0902,Tea,688,SRB,Serbia,destination,5700,5700,kg,16763,2.940877193,false,true,false,H4,,UN_COMTRADE_HS0902_ANNUAL,2026-07-14,0.000012681,0.0000186986
2015,144,LKA,Sri Lanka,X,Export,0902,Tea,470,MLT,Malta,destination,2305,2305,kg,14910,6.4685466377,false,true,false,H4,,UN_COMTRADE_HS0902_ANNUAL,2026-07-14,0.0000112792,0.0000075615
2015,144,LKA,Sri Lanka,X,Export,0902,Tea,508,MOZ,Mozambique,destination,3145,3145,kg,14216,4.520190779,false,true,false,H4,,UN_COMTRADE_HS0902_ANNUAL,2026-07-14,0.0000107542,0.000010317
2015,144,LKA,Sri Lanka,X,Export,0902,Tea,50,BGD,Bangladesh,destination,570,570,kg,13477,23.6438596491,false,true,false,H4,,UN_COMTRADE_HS0902_ANNUAL,2026-07-14,0.0000101952,0.0000018699
2015,144,LKA,Sri Lanka,X,Export,0902,Tea,4,AFG,Afghanistan,destination,2156,2156,kg,12905,5.9856215213,false,true,false,H4,,UN_COMTRADE_HS0902_ANNUAL,2026-07-14,0.0000097625,0.0000070727
2015,144,LKA,Sri Lanka,X,Export,0902,Tea,170,COL,Colombia,destination,235,235,kg,9411,40.0468085106,false,true,false,H4,,UN_COMTRADE_HS0902_ANNUAL,2026-07-14,0.0000071193,0.0000007709
2015,144,LKA,Sri Lanka,X,Export,0902,Tea,320,GTM,Guatemala,destination,165,165,kg,5520,33.4545454545,false,true,false,H4,,UN_COMTRADE_HS0902_ANNUAL,2026-07-14,0.0000041758,0.0000005413
2015,144,LKA,Sri Lanka,X,Export,0902,Tea,316,GUM,Guam,destination,506,506,kg,4696,9.2806324111,false,true,false,H4,,UN_COMTRADE_HS0902_ANNUAL,2026-07-14,0.0000035525,0.0000016599
2015,144,LKA,Sri Lanka,X,Export,0902,Tea,450,MDG,Madagascar,destination,164,164,kg,3722,22.6951219512,false,true,false,H4,,UN_COMTRADE_HS0902_ANNUAL,2026-07-14,0.0000028156,0.000000538
2015,144,LKA,Sri Lanka,X,Export,0902,Tea,620,PRT,Portugal,destination,54,54,kg,3687,68.2777777778,false,true,false,H4,,UN_COMTRADE_HS0902_ANNUAL,2026-07-14,0.0000027892,0.0000001771
2015,144,LKA,Sri Lanka,X,Export,0902,Tea,705,SVN,Slovenia,destination,498,498,kg,3680,7.3895582329,false,true,false,H4,,UN_COMTRADE_HS0902_ANNUAL,2026-07-14,0.0000027839,0.0000016337
2015,144,LKA,Sri Lanka,X,Export,0902,Tea,800,UGA,Uganda,destination,78,78,kg,2769,35.5,false,true,false,H4,,UN_COMTRADE_HS0902_ANNUAL,2026-07-14,0.0000020947,0.0000002559
2015,144,LKA,Sri Lanka,X,Export,0902,Tea,340,HND,Honduras,destination,480,480,kg,2485,5.1770833333,false,true,false,H4,,UN_COMTRADE_HS0902_ANNUAL,2026-07-14,0.0000018799,0.0000015746
2015,144,LKA,Sri Lanka,X,Export,0902,Tea,418,LAO,Lao People's Dem. Rep.,destination,19,19,kg,1473,77.5263157895,false,true,false,H4,,UN_COMTRADE_HS0902_ANNUAL,2026-07-14,0.0000011143,0.0000000623
2015,144,LKA,Sri Lanka,X,Export,0902,Tea,72,BWA,Botswana,destination,1,1,kg,15,15,false,true,false,H4,,UN_COMTRADE_HS0902_ANNUAL,2026-07-14,0.0000000113,0.0000000033
2015,144,LKA,Sri Lanka,X,Export,0902,Tea,834,TZA,United Rep. of Tanzania,destination,3,3,kg,6,2,false,true,false,H4,,UN_COMTRADE_HS0902_ANNUAL,2026-07-14,0.0000000045,0.0000000098
2016,144,LKA,Sri Lanka,X,Export,0902,Tea,0,W00,World,world_total,286760226,286760226,kg,1251729897,4.3650750122,true,true,false,H4,,UN_COMTRADE_HS0902_ANNUAL,2026-07-14,,
2016,144,LKA,Sri Lanka,X,Export,0902,Tea,364,IRN,Iran,destination,33928611,33928611,kg,154185821,4.5444188977,false,true,false,H4,,UN_COMTRADE_HS0902_ANNUAL,2026-07-14,0.1231781883,0.1183170047
2016,144,LKA,Sri Lanka,X,Export,0902,Tea,643,RUS,Russian Federation,destination,34432738,34432738,kg,142487437,4.1381384484,false,true,false,H4,,UN_COMTRADE_HS0902_ANNUAL,2026-07-14,0.1138324149,0.1200750135
2016,144,LKA,Sri Lanka,X,Export,0902,Tea,368,IRQ,Iraq,destination,32557218,32557218,kg,103741524,3.1864369984,false,true,false,H4,,UN_COMTRADE_HS0902_ANNUAL,2026-07-14,0.0828785222,0.1135346364
2016,144,LKA,Sri Lanka,X,Export,0902,Tea,792,TUR,Türkiye,destination,27068974,27068974,kg,99126669,3.6620031849,false,true,false,H4,,UN_COMTRADE_HS0902_ANNUAL,2026-07-14,0.0791917404,0.0943958455
2016,144,LKA,Sri Lanka,X,Export,0902,Tea,784,ARE,United Arab Emirates,destination,18381387,18381387,kg,73840250,4.0171206884,false,true,false,H4,,UN_COMTRADE_HS0902_ANNUAL,2026-07-14,0.0589905619,0.0641001971
2016,144,LKA,Sri Lanka,X,Export,0902,Tea,760,SYR,Syria,destination,12107279,12107279,kg,53945727,4.4556441625,false,true,false,H4,,UN_COMTRADE_HS0902_ANNUAL,2026-07-14,0.043096939,0.0422209146
2016,144,LKA,Sri Lanka,X,Export,0902,Tea,434,LBY,Libya,destination,12645055,12645055,kg,45479802,3.5966472269,false,true,false,H4,,UN_COMTRADE_HS0902_ANNUAL,2026-07-14,0.0363335589,0.0440962653
2016,144,LKA,Sri Lanka,X,Export,0902,Tea,31,AZE,Azerbaijan,destination,10556895,10556895,kg,44778992,4.2416820476,false,true,false,H4,,UN_COMTRADE_HS0902_ANNUAL,2026-07-14,0.0357736858,0.0368143628
2016,144,LKA,Sri Lanka,X,Export,0902,Tea,392,JPN,Japan,destination,7763533,7763533,kg,42680620,5.4975769408,false,true,false,H4,,UN_COMTRADE_HS0902_ANNUAL,2026-07-14,0.0340973081,0.027073256
2016,144,LKA,Sri Lanka,X,Export,0902,Tea,156,CHN,China,destination,7603869,7603869,kg,31967851,4.2041559369,false,true,false,H4,,UN_COMTRADE_HS0902_ANNUAL,2026-07-14,0.025538937,0.0265164702
2016,144,LKA,Sri Lanka,X,Export,0902,Tea,842,USA,USA,destination,5040018,5040018,kg,30266746,6.0052852986,false,true,false,H4,,UN_COMTRADE_HS0902_ANNUAL,2026-07-14,0.0241799338,0.017575722
2016,144,LKA,Sri Lanka,X,Export,0902,Tea,276,DEU,Germany,destination,6853831,6853831,kg,28518070,4.1608948339,false,true,false,H4,,UN_COMTRADE_HS0902_ANNUAL,2026-07-14,0.0227829263,0.0239009123
2016,144,LKA,Sri Lanka,X,Export,0902,Tea,152,CHL,Chile,destination,6670984,6670984,kg,24696255,3.7020408084,false,true,false,H4,,UN_COMTRADE_HS0902_ANNUAL,2026-07-14,0.0197296997,0.023263282
2016,144,LKA,Sri Lanka,X,Export,0902,Tea,682,SAU,Saudi Arabia,destination,4513577,4513577,kg,23996261,5.3164620876,false,true,false,H4,,UN_COMTRADE_HS0902_ANNUAL,2026-07-14,0.0191704784,0.015739899
2016,144,LKA,Sri Lanka,X,Export,0902,Tea,804,UKR,Ukraine,destination,4930383,4930383,kg,23865728,4.8405424082,false,true,false,H4,,UN_COMTRADE_HS0902_ANNUAL,2026-07-14,0.0190661964,0.0171933991
2016,144,LKA,Sri Lanka,X,Export,0902,Tea,36,AUS,Australia,destination,2476995,2476995,kg,23293320,9.4038623413,false,true,false,H4,,UN_COMTRADE_HS0902_ANNUAL,2026-07-14,0.0186089028,0.0086378611
2016,144,LKA,Sri Lanka,X,Export,0902,Tea,400,JOR,Jordan,destination,3996222,3996222,kg,21927246,5.4869939658,false,true,false,H4,,UN_COMTRADE_HS0902_ANNUAL,2026-07-14,0.0175175539,0.0139357611
2016,144,LKA,Sri Lanka,X,Export,0902,Tea,528,NLD,Netherlands,destination,3043879,3043879,kg,20307883,6.6717116548,false,true,false,H4,,UN_COMTRADE_HS0902_ANNUAL,2026-07-14,0.0162238539,0.0106147182
2016,144,LKA,Sri Lanka,X,Export,0902,Tea,344,HKG,"China, Hong Kong SAR",destination,4620051,4620051,kg,18637215,4.0339846898,false,true,false,H4,,UN_COMTRADE_HS0902_ANNUAL,2026-07-14,0.0148891666,0.0161111988
2016,144,LKA,Sri Lanka,X,Export,0902,Tea,422,LBN,Lebanon,destination,3467815,3467815,kg,17182633,4.9548874435,false,true,false,H4,,UN_COMTRADE_HS0902_ANNUAL,2026-07-14,0.0137271092,0.0120930823
2016,144,LKA,Sri Lanka,X,Export,0902,Tea,414,KWT,Kuwait,destination,3527056,3527056,kg,15569557,4.4143208954,false,true,false,H4,,UN_COMTRADE_HS0902_ANNUAL,2026-07-14,0.0124384318,0.0122996695
2016,144,LKA,Sri Lanka,X,Export,0902,Tea,616,POL,Poland,destination,2455117,2455117,kg,15065079,6.1361959532,false,true,false,H4,,UN_COMTRADE_HS0902_ANNUAL,2026-07-14,0.0120354072,0.0085615674
2016,144,LKA,Sri Lanka,X,Export,0902,Tea,490,S19,"Other Asia, nes",destination,3068046,3068046,kg,10987966,3.5814215302,false,true,false,H4,,UN_COMTRADE_HS0902_ANNUAL,2026-07-14,0.0087782245,0.0106989942
2016,144,LKA,Sri Lanka,X,Export,0902,Tea,818,EGY,Egypt,destination,3053184,3053184,kg,10862140,3.5576434306,false,true,false,H4,,UN_COMTRADE_HS0902_ANNUAL,2026-07-14,0.0086777028,0.0106471669
2016,144,LKA,Sri Lanka,X,Export,0902,Tea,56,BEL,Belgium,destination,2908621,2908621,kg,10574529,3.6355816038,false,true,false,H4,,UN_COMTRADE_HS0902_ANNUAL,2026-07-14,0.008447932,0.0101430419
2016,144,LKA,Sri Lanka,X,Export,0902,Tea,826,GBR,United Kingdom,destination,1240600,1240600,kg,10387006,8.3725665001,false,true,false,H4,,UN_COMTRADE_HS0902_ANNUAL,2026-07-14,0.0082981209,0.0043262625
2016,144,LKA,Sri Lanka,X,Export,0902,Tea,376,ISR,Israel,destination,1747921,1747921,kg,8457244,4.8384589464,false,true,false,H4,,UN_COMTRADE_HS0902_ANNUAL,2026-07-14,0.0067564448,0.0060954095
2016,144,LKA,Sri Lanka,X,Export,0902,Tea,710,ZAF,South Africa,destination,2042828,2042828,kg,8048669,3.9399641086,false,true,false,H4,,UN_COMTRADE_HS0902_ANNUAL,2026-07-14,0.0064300366,0.0071238192
2016,144,LKA,Sri Lanka,X,Export,0902,Tea,554,NZL,New Zealand,destination,917464,917464,kg,7567068,8.2478091783,false,true,false,H4,,UN_COMTRADE_HS0902_ANNUAL,2026-07-14,0.0060452882,0.0031994116
2016,144,LKA,Sri Lanka,X,Export,0902,Tea,8,ALB,Albania,destination,1634768,1634768,kg,6212633,3.8003147847,false,true,false,H4,,UN_COMTRADE_HS0902_ANNUAL,2026-07-14,0.0049632377,0.0057008185
2016,144,LKA,Sri Lanka,X,Export,0902,Tea,246,FIN,Finland,destination,1214802,1214802,kg,5606698,4.6153183811,false,true,false,H4,,UN_COMTRADE_HS0902_ANNUAL,2026-07-14,0.0044791596,0.0042362988
2016,144,LKA,Sri Lanka,X,Export,0902,Tea,288,GHA,Ghana,destination,791370,791370,kg,5482773,6.9282042534,false,true,false,H4,,UN_COMTRADE_HS0902_ANNUAL,2026-07-14,0.0043801566,0.0027596923
2016,144,LKA,Sri Lanka,X,Export,0902,Tea,860,UZB,Uzbekistan,destination,1127341,1127341,kg,5461796,4.844848187,false,true,false,H4,,UN_COMTRADE_HS0902_ANNUAL,2026-07-14,0.0043633982,0.0039313018
2016,144,LKA,Sri Lanka,X,Export,0902,Tea,699,IND,India,destination,1083202,1083202,kg,5019559,4.6340008604,false,true,false,H4,,UN_COMTRADE_HS0902_ANNUAL,2026-07-14,0.0040100976,0.0037773788
2016,144,LKA,Sri Lanka,X,Export,0902,Tea,686,SEN,Senegal,destination,765948,765948,kg,4585636,5.9868763937,false,true,false,H4,,UN_COMTRADE_HS0902_ANNUAL,2026-07-14,0.0036634389,0.0026710399
2016,144,LKA,Sri Lanka,X,Export,0902,Tea,380,ITA,Italy,destination,959777,959777,kg,4562439,4.7536448571,false,true,false,H4,,UN_COMTRADE_HS0902_ANNUAL,2026-07-14,0.0036449069,0.003346967
2016,144,LKA,Sri Lanka,X,Export,0902,Tea,702,SGP,Singapore,destination,617411,617411,kg,4541431,7.3556042895,false,true,false,H4,,UN_COMTRADE_HS0902_ANNUAL,2026-07-14,0.0036281238,0.0021530566
2016,144,LKA,Sri Lanka,X,Export,0902,Tea,251,FRA,France,destination,683695,683695,kg,4535877,6.6343574255,false,true,false,H4,,UN_COMTRADE_HS0902_ANNUAL,2026-07-14,0.0036236867,0.0023842044
2016,144,LKA,Sri Lanka,X,Export,0902,Tea,417,KGZ,Kyrgyzstan,destination,918006,918006,kg,3851574,4.1955869569,false,true,false,H4,,UN_COMTRADE_HS0902_ANNUAL,2026-07-14,0.0030770009,0.0032013017
2016,144,LKA,Sri Lanka,X,Export,0902,Tea,124,CAN,Canada,destination,496704,496704,kg,3850214,7.7515260598,false,true,false,H4,,UN_COMTRADE_HS0902_ANNUAL,2026-07-14,0.0030759144,0.0017321231
2016,144,LKA,Sri Lanka,X,Export,0902,Tea,384,CIV,Côte d'Ivoire,destination,671660,671660,kg,3806042,5.6666200161,false,true,false,H4,,UN_COMTRADE_HS0902_ANNUAL,2026-07-14,0.0030406256,0.0023422356
2016,144,LKA,Sri Lanka,X,Export,0902,Tea,24,AGO,Angola,destination,613738,613738,kg,3545438,5.7767940066,false,true,false,H4,,UN_COMTRADE_HS0902_ANNUAL,2026-07-14,0.0028324305,0.002140248
2016,144,LKA,Sri Lanka,X,Export,0902,Tea,704,VNM,Viet Nam,destination,514977,514977,kg,3430688,6.6618276156,false,true,false,H4,,UN_COMTRADE_HS0902_ANNUAL,2026-07-14,0.0027407574,0.0017958453
2016,144,LKA,Sri Lanka,X,Export,0902,Tea,752,SWE,Sweden,destination,456282,456282,kg,3328376,7.2945590665,false,true,false,H4,,UN_COMTRADE_HS0902_ANNUAL,2026-07-14,0.0026590209,0.0015911621
2016,144,LKA,Sri Lanka,X,Export,0902,Tea,586,PAK,Pakistan,destination,971472,971472,kg,3152847,3.2454327042,false,true,false,H4,,UN_COMTRADE_HS0902_ANNUAL,2026-07-14,0.0025187918,0.0033877502
2016,144,LKA,Sri Lanka,X,Export,0902,Tea,566,NGA,Nigeria,destination,513922,513922,kg,3138941,6.1078159721,true,true,false,H4,,UN_COMTRADE_HS0902_ANNUAL,2026-07-14,0.0025076824,0.0017921663
2016,144,LKA,Sri Lanka,X,Export,0902,Tea,458,MYS,Malaysia,destination,643282,643282,kg,2966687,4.611798558,false,true,false,H4,,UN_COMTRADE_HS0902_ANNUAL,2026-07-14,0.0023700696,0.0022432748
2016,144,LKA,Sri Lanka,X,Export,0902,Tea,324,GIN,Guinea,destination,415575,415575,kg,2465205,5.9320339289,false,true,false,H4,,UN_COMTRADE_HS0902_ANNUAL,2026-07-14,0.0019694385,0.0014492073
2016,144,LKA,Sri Lanka,X,Export,0902,Tea,112,BLR,Belarus,destination,316030,316030,kg,2370012,7.4993260134,false,true,false,H4,,UN_COMTRADE_HS0902_ANNUAL,2026-07-14,0.0018933893,0.0011020706
2016,144,LKA,Sri Lanka,X,Export,0902,Tea,360,IDN,Indonesia,destination,442535,442535,kg,2369054,5.3533709198,false,true,false,H4,,UN_COMTRADE_HS0902_ANNUAL,2026-07-14,0.001892624,0.0015432231
2016,144,LKA,Sri Lanka,X,Export,0902,Tea,242,FJI,Fiji,destination,462954,462954,kg,2276293,4.916888071,false,true,false,H4,,UN_COMTRADE_HS0902_ANNUAL,2026-07-14,0.0018185177,0.0016144289
2016,144,LKA,Sri Lanka,X,Export,0902,Tea,178,COG,Congo,destination,391722,391722,kg,2262669,5.7762111906,false,true,false,H4,,UN_COMTRADE_HS0902_ANNUAL,2026-07-14,0.0018076336,0.0013660263
2016,144,LKA,Sri Lanka,X,Export,0902,Tea,398,KAZ,Kazakhstan,destination,492692,492692,kg,2160438,4.3849666729,false,true,false,H4,,UN_COMTRADE_HS0902_ANNUAL,2026-07-14,0.0017259618,0.0017181323
2016,144,LKA,Sri Lanka,X,Export,0902,Tea,440,LTU,Lithuania,destination,192553,192553,kg,2154591,11.1895997466,false,true,false,H4,,UN_COMTRADE_HS0902_ANNUAL,2026-07-14,0.0017212907,0.0006714774
2016,144,LKA,Sri Lanka,X,Export,0902,Tea,300,GRC,Greece,destination,523965,523965,kg,2080801,3.9712595307,false,true,false,H4,,UN_COMTRADE_HS0902_ANNUAL,2026-07-14,0.0016623403,0.0018271885
2016,144,LKA,Sri Lanka,X,Export,0902,Tea,203,CZE,Czechia,destination,123113,123113,kg,1915569,15.559437265,false,true,false,H4,,UN_COMTRADE_HS0902_ANNUAL,2026-07-14,0.0015303373,0.0004293238
2016,144,LKA,Sri Lanka,X,Export,0902,Tea,268,GEO,Georgia,destination,330950,330950,kg,1843148,5.5692642393,false,true,false,H4,,UN_COMTRADE_HS0902_ANNUAL,2026-07-14,0.0014724806,0.0011541001
2016,144,LKA,Sri Lanka,X,Export,0902,Tea,462,MDV,Maldives,destination,205897,205897,kg,1836314,8.9186049335,false,true,false,H4,,UN_COMTRADE_HS0902_ANNUAL,2026-07-14,0.001467021,0.000718011
2016,144,LKA,Sri Lanka,X,Export,0902,Tea,208,DNK,Denmark,destination,146068,146068,kg,1561488,10.6901443163,false,true,false,H4,,UN_COMTRADE_HS0902_ANNUAL,2026-07-14,0.001247464,0.0005093733
2016,144,LKA,Sri Lanka,X,Export,0902,Tea,270,GMB,Gambia,destination,414712,414712,kg,1495363,3.6057866664,false,true,false,H4,,UN_COMTRADE_HS0902_ANNUAL,2026-07-14,0.0011946371,0.0014461978
2016,144,LKA,Sri Lanka,X,Export,0902,Tea,768,TGO,Togo,destination,192368,192368,kg,1244752,6.4706811944,false,true,false,H4,,UN_COMTRADE_HS0902_ANNUAL,2026-07-14,0.0009944254,0.0006708322
2016,144,LKA,Sri Lanka,X,Export,0902,Tea,498,MDA,Rep. of Moldova,destination,143853,143853,kg,1044203,7.2588197674,false,true,false,H4,,UN_COMTRADE_HS0902_ANNUAL,2026-07-14,0.0008342079,0.0005016491
2016,144,LKA,Sri Lanka,X,Export,0902,Tea,764,THA,Thailand,destination,75144,75144,kg,1029728,13.7033961461,false,true,false,H4,,UN_COMTRADE_HS0902_ANNUAL,2026-07-14,0.0008226439,0.0002620447
2016,144,LKA,Sri Lanka,X,Export,0902,Tea,496,MNG,Mongolia,destination,122826,122826,kg,997822,8.1238662824,false,true,false,H4,,UN_COMTRADE_HS0902_ANNUAL,2026-07-14,0.0007971544,0.000428323
2016,144,LKA,Sri Lanka,X,Export,0902,Tea,634,QAT,Qatar,destination,123754,123754,kg,953979,7.7086720429,false,true,false,H4,,UN_COMTRADE_HS0902_ANNUAL,2026-07-14,0.0007621285,0.0004315592
2016,144,LKA,Sri Lanka,X,Export,0902,Tea,788,TUN,Tunisia,destination,197040,197040,kg,936405,4.7523599269,false,true,false,H4,,UN_COMTRADE_HS0902_ANNUAL,2026-07-14,0.0007480887,0.0006871246
2016,144,LKA,Sri Lanka,X,Export,0902,Tea,428,LVA,Latvia,destination,109518,109518,kg,918540,8.3871144469,false,true,false,H4,,UN_COMTRADE_HS0902_ANNUAL,2026-07-14,0.0007338165,0.0003819149
2016,144,LKA,Sri Lanka,X,Export,0902,Tea,854,BFA,Burkina Faso,destination,112626,112626,kg,903426,8.0214692877,false,true,false,H4,,UN_COMTRADE_HS0902_ANNUAL,2026-07-14,0.000721742,0.0003927532
2016,144,LKA,Sri Lanka,X,Export,0902,Tea,410,KOR,Rep. of Korea,destination,120061,120061,kg,865599,7.2096600895,false,true,false,H4,,UN_COMTRADE_HS0902_ANNUAL,2026-07-14,0.0006915222,0.0004186808
2016,144,LKA,Sri Lanka,X,Export,0902,Tea,478,MRT,Mauritania,destination,125826,125826,kg,861786,6.8490296123,false,true,false,H4,,UN_COMTRADE_HS0902_ANNUAL,2026-07-14,0.000688476,0.0004387847
2016,144,LKA,Sri Lanka,X,Export,0902,Tea,608,PHL,Philippines,destination,76114,76114,kg,844676,11.0975116273,false,true,false,H4,,UN_COMTRADE_HS0902_ANNUAL,2026-07-14,0.0006748069,0.0002654273
2016,144,LKA,Sri Lanka,X,Export,0902,Tea,233,EST,Estonia,destination,120801,120801,kg,795825,6.5879007624,false,true,false,H4,,UN_COMTRADE_HS0902_ANNUAL,2026-07-14,0.0006357801,0.0004212614
2016,144,LKA,Sri Lanka,X,Export,0902,Tea,795,TKM,Turkmenistan,destination,77371,77371,kg,635279,8.2108154218,false,true,false,H4,,UN_COMTRADE_HS0902_ANNUAL,2026-07-14,0.0005075208,0.0002698108
2016,144,LKA,Sri Lanka,X,Export,0902,Tea,757,CHE,Switzerland,destination,130171,130171,kg,634384,4.8734664403,false,true,false,H4,,UN_COMTRADE_HS0902_ANNUAL,2026-07-14,0.0005068058,0.0004539367
2016,144,LKA,Sri Lanka,X,Export,0902,Tea,48,BHR,Bahrain,destination,94952,94952,kg,624179,6.5736266745,false,true,false,H4,,UN_COMTRADE_HS0902_ANNUAL,2026-07-14,0.0004986531,0.0003311198
2016,144,LKA,Sri Lanka,X,Export,0902,Tea,694,SLE,Sierra Leone,destination,160872,160872,kg,620260,3.8556119151,false,true,false,H4,,UN_COMTRADE_HS0902_ANNUAL,2026-07-14,0.0004955222,0.0005609983
2016,144,LKA,Sri Lanka,X,Export,0902,Tea,807,MKD,North Macedonia,destination,155964,155964,kg,591962,3.7955040907,false,true,false,H4,,UN_COMTRADE_HS0902_ANNUAL,2026-07-14,0.0004729151,0.000543883
2016,144,LKA,Sri Lanka,X,Export,0902,Tea,579,NOR,Norway,destination,66207,66207,kg,489969,7.4005618741,false,true,false,H4,,UN_COMTRADE_HS0902_ANNUAL,2026-07-14,0.0003914335,0.0002308793
2016,144,LKA,Sri Lanka,X,Export,0902,Tea,430,LBR,Liberia,destination,90254,90254,kg,486447,5.3897555787,false,true,false,H4,,UN_COMTRADE_HS0902_ANNUAL,2026-07-14,0.0003886198,0.0003147368
2016,144,LKA,Sri Lanka,X,Export,0902,Tea,858,URY,Uruguay,destination,91656,91656,kg,469918,5.1269747752,false,true,false,H4,,UN_COMTRADE_HS0902_ANNUAL,2026-07-14,0.0003754149,0.0003196259
2016,144,LKA,Sri Lanka,X,Export,0902,Tea,762,TJK,Tajikistan,destination,82721,82721,kg,462967,5.596728763,false,true,false,H4,,UN_COMTRADE_HS0902_ANNUAL,2026-07-14,0.0003698617,0.0002884675
2016,144,LKA,Sri Lanka,X,Export,0902,Tea,100,BGR,Bulgaria,destination,131753,131753,kg,411064,3.1199593178,false,true,false,H4,,UN_COMTRADE_HS0902_ANNUAL,2026-07-14,0.0003283967,0.0004594535
2016,144,LKA,Sri Lanka,X,Export,0902,Tea,196,CYP,Cyprus,destination,43391,43391,kg,390345,8.9959899518,false,true,false,H4,,UN_COMTRADE_HS0902_ANNUAL,2026-07-14,0.0003118444,0.0001513146
2016,144,LKA,Sri Lanka,X,Export,0902,Tea,562,NER,Niger,destination,62647,62647,kg,373321,5.9591201494,false,true,false,H4,,UN_COMTRADE_HS0902_ANNUAL,2026-07-14,0.0002982441,0.0002184647
2016,144,LKA,Sri Lanka,X,Export,0902,Tea,512,OMN,Oman,destination,65053,65053,kg,372363,5.7239942816,false,true,false,H4,,UN_COMTRADE_HS0902_ANNUAL,2026-07-14,0.0002974787,0.000226855
2016,144,LKA,Sri Lanka,X,Export,0902,Tea,724,ESP,Spain,destination,59352,59352,kg,369481,6.2252493598,false,true,false,H4,,UN_COMTRADE_HS0902_ANNUAL,2026-07-14,0.0002951763,0.0002069743
2016,144,LKA,Sri Lanka,X,Export,0902,Tea,446,MAC,"China, Macao SAR",destination,92307,92307,kg,353899,3.8339345878,false,true,false,H4,,UN_COMTRADE_HS0902_ANNUAL,2026-07-14,0.0002827279,0.0003218961
2016,144,LKA,Sri Lanka,X,Export,0902,Tea,504,MAR,Morocco,destination,81135,81135,kg,347939,4.2883958834,false,true,false,H4,,UN_COMTRADE_HS0902_ANNUAL,2026-07-14,0.0002779665,0.0002829367
2016,144,LKA,Sri Lanka,X,Export,0902,Tea,690,SYC,Seychelles,destination,79418,79418,kg,343681,4.3274950263,false,true,false,H4,,UN_COMTRADE_HS0902_ANNUAL,2026-07-14,0.0002745648,0.0002769491
2016,144,LKA,Sri Lanka,X,Export,0902,Tea,404,KEN,Kenya,destination,67352,67352,kg,337930,5.0173714218,false,true,false,H4,,UN_COMTRADE_HS0902_ANNUAL,2026-07-14,0.0002699704,0.0002348722
2016,144,LKA,Sri Lanka,X,Export,0902,Tea,887,YEM,Yemen,destination,72812,72812,kg,316589,4.3480332912,false,true,false,H4,,UN_COMTRADE_HS0902_ANNUAL,2026-07-14,0.0002529212,0.0002539125
2016,144,LKA,Sri Lanka,X,Export,0902,Tea,780,TTO,Trinidad and Tobago,destination,14753,14753,kg,312298,21.1684403172,false,true,false,H4,,UN_COMTRADE_HS0902_ANNUAL,2026-07-14,0.0002494931,0.0000514472
2016,144,LKA,Sri Lanka,X,Export,0902,Tea,466,MLI,Mali,destination,48797,48797,kg,304697,6.2441748468,false,true,false,H4,,UN_COMTRADE_HS0902_ANNUAL,2026-07-14,0.0002434207,0.0001701666
2016,144,LKA,Sri Lanka,X,Export,0902,Tea,204,BEN,Benin,destination,41204,41204,kg,298813,7.252038637,false,true,false,H4,,UN_COMTRADE_HS0902_ANNUAL,2026-07-14,0.00023872,0.000143688
2016,144,LKA,Sri Lanka,X,Export,0902,Tea,484,MEX,Mexico,destination,20006,20006,kg,292439,14.6175647306,false,true,false,H4,,UN_COMTRADE_HS0902_ANNUAL,2026-07-14,0.0002336279,0.0000697656
2016,144,LKA,Sri Lanka,X,Export,0902,Tea,328,GUY,Guyana,destination,81060,81060,kg,284972,3.5155687145,false,true,false,H4,,UN_COMTRADE_HS0902_ANNUAL,2026-07-14,0.0002276625,0.0002826752
2016,144,LKA,Sri Lanka,X,Export,0902,Tea,348,HUN,Hungary,destination,15295,15295,kg,278762,18.2256946715,false,true,false,H4,,UN_COMTRADE_HS0902_ANNUAL,2026-07-14,0.0002227014,0.0000533372
2016,144,LKA,Sri Lanka,X,Export,0902,Tea,12,DZA,Algeria,destination,63250,63250,kg,269529,4.2613280632,false,true,false,H4,,UN_COMTRADE_HS0902_ANNUAL,2026-07-14,0.0002153252,0.0002205675
2016,144,LKA,Sri Lanka,X,Export,0902,Tea,68,BOL,Bolivia (Plurinational State of),destination,45588,45588,kg,247390,5.4266473633,false,true,false,H4,,UN_COMTRADE_HS0902_ANNUAL,2026-07-14,0.0001976385,0.000158976
2016,144,LKA,Sri Lanka,X,Export,0902,Tea,642,ROU,Romania,destination,11004,11004,kg,242061,21.9975463468,false,true,false,H4,,UN_COMTRADE_HS0902_ANNUAL,2026-07-14,0.0001933812,0.0000383735
2016,144,LKA,Sri Lanka,X,Export,0902,Tea,740,SUR,Suriname,destination,35677,35677,kg,240757,6.7482411638,false,true,false,H4,,UN_COMTRADE_HS0902_ANNUAL,2026-07-14,0.0001923394,0.000124414
2016,144,LKA,Sri Lanka,X,Export,0902,Tea,40,AUT,Austria,destination,57033,57033,kg,233213,4.0890887732,false,true,false,H4,,UN_COMTRADE_HS0902_ANNUAL,2026-07-14,0.0001863126,0.0001988874
2016,144,LKA,Sri Lanka,X,Export,0902,Tea,729,SDN,Sudan,destination,57864,57864,kg,227934,3.9391331398,false,true,false,H4,,UN_COMTRADE_HS0902_ANNUAL,2026-07-14,0.0001820952,0.0002017853
2016,144,LKA,Sri Lanka,X,Export,0902,Tea,51,ARM,Armenia,destination,23249,23249,kg,223168,9.5990365177,false,true,false,H4,,UN_COMTRADE_HS0902_ANNUAL,2026-07-14,0.0001782877,0.0000810747
2016,144,LKA,Sri Lanka,X,Export,0902,Tea,84,BLZ,Belize,destination,20340,20340,kg,208798,10.2653883972,false,true,false,H4,,UN_COMTRADE_HS0902_ANNUAL,2026-07-14,0.0001668076,0.0000709303
2016,144,LKA,Sri Lanka,X,Export,0902,Tea,862,VEN,Venezuela,destination,44785,44785,kg,166748,3.7233002121,false,true,false,H4,,UN_COMTRADE_HS0902_ANNUAL,2026-07-14,0.000133214,0.0001561758
2016,144,LKA,Sri Lanka,X,Export,0902,Tea,104,MMR,Myanmar,destination,8583,8583,kg,123489,14.3876267039,false,true,false,H4,,UN_COMTRADE_HS0902_ANNUAL,2026-07-14,0.0000986547,0.0000299309
2016,144,LKA,Sri Lanka,X,Export,0902,Tea,32,ARG,Argentina,destination,29120,29120,kg,121541,4.1737980769,false,true,false,H4,,UN_COMTRADE_HS0902_ANNUAL,2026-07-14,0.0000970984,0.0001015483
2016,144,LKA,Sri Lanka,X,Export,0902,Tea,120,CMR,Cameroon,destination,40036,40036,kg,119985,2.996927765,false,true,false,H4,,UN_COMTRADE_HS0902_ANNUAL,2026-07-14,0.0000958553,0.0001396149
2016,144,LKA,Sri Lanka,X,Export,0902,Tea,188,CRI,Costa Rica,destination,5271,5271,kg,106142,20.1369759059,false,true,false,H4,,UN_COMTRADE_HS0902_ANNUAL,2026-07-14,0.0000847962,0.0000183812
2016,144,LKA,Sri Lanka,X,Export,0902,Tea,52,BRB,Barbados,destination,7303,7303,kg,99301,13.5972887854,false,true,false,H4,,UN_COMTRADE_HS0902_ANNUAL,2026-07-14,0.000079331,0.0000254673
2016,144,LKA,Sri Lanka,X,Export,0902,Tea,598,PNG,Papua New Guinea,destination,14367,14367,kg,89568,6.2342869075,false,true,false,H4,,UN_COMTRADE_HS0902_ANNUAL,2026-07-14,0.0000715554,0.0000501011
2016,144,LKA,Sri Lanka,X,Export,0902,Tea,96,BRN,Brunei Darussalam,destination,8242,8242,kg,82860,10.0533851007,false,true,false,H4,,UN_COMTRADE_HS0902_ANNUAL,2026-07-14,0.0000661964,0.0000287418
2016,144,LKA,Sri Lanka,X,Export,0902,Tea,524,NPL,Nepal,destination,3712,3712,kg,81298,21.9014008621,false,true,false,H4,,UN_COMTRADE_HS0902_ANNUAL,2026-07-14,0.0000649485,0.0000129446
2016,144,LKA,Sri Lanka,X,Export,0902,Tea,480,MUS,Mauritius,destination,2733,2733,kg,78115,28.5821441639,false,true,false,H4,,UN_COMTRADE_HS0902_ANNUAL,2026-07-14,0.0000624056,0.0000095306
2016,144,LKA,Sri Lanka,X,Export,0902,Tea,296,KIR,Kiribati,destination,9310,9310,kg,72399,7.7764769066,false,true,false,H4,,UN_COMTRADE_HS0902_ANNUAL,2026-07-14,0.0000578392,0.0000324661
2016,144,LKA,Sri Lanka,X,Export,0902,Tea,688,SRB,Serbia,destination,8039,8039,kg,65708,8.1736534395,false,true,false,H4,,UN_COMTRADE_HS0902_ANNUAL,2026-07-14,0.0000524938,0.0000280339
2016,144,LKA,Sri Lanka,X,Export,0902,Tea,894,ZMB,Zambia,destination,3101,3101,kg,60390,19.4743631087,false,true,false,H4,,UN_COMTRADE_HS0902_ANNUAL,2026-07-14,0.0000482452,0.0000108139
2016,144,LKA,Sri Lanka,X,Export,0902,Tea,76,BRA,Brazil,destination,3632,3632,kg,45531,12.5360682819,false,true,false,H4,,UN_COMTRADE_HS0902_ANNUAL,2026-07-14,0.0000363745,0.0000126656
2016,144,LKA,Sri Lanka,X,Export,0902,Tea,624,GNB,Guinea-Bissau,destination,6474,6474,kg,44297,6.8422922459,false,true,false,H4,,UN_COMTRADE_HS0902_ANNUAL,2026-07-14,0.0000353886,0.0000225764
2016,144,LKA,Sri Lanka,X,Export,0902,Tea,408,PRK,Dem. People's Rep. of Korea,destination,9336,9336,kg,40582,4.3468294773,false,true,false,H4,,UN_COMTRADE_HS0902_ANNUAL,2026-07-14,0.0000324207,0.0000325568
2016,144,LKA,Sri Lanka,X,Export,0902,Tea,706,SOM,Somalia,destination,9234,9234,kg,40253,4.3592159411,false,true,false,H4,,UN_COMTRADE_HS0902_ANNUAL,2026-07-14,0.0000321579,0.0000322011
2016,144,LKA,Sri Lanka,X,Export,0902,Tea,372,IRL,Ireland,destination,3051,3051,kg,35762,11.7214028187,false,true,false,H4,,UN_COMTRADE_HS0902_ANNUAL,2026-07-14,0.0000285701,0.0000106396
2016,144,LKA,Sri Lanka,X,Export,0902,Tea,16,ASM,American Samoa,destination,3510,3510,kg,28534,8.1293447293,false,true,false,H4,,UN_COMTRADE_HS0902_ANNUAL,2026-07-14,0.0000227957,0.0000122402
2016,144,LKA,Sri Lanka,X,Export,0902,Tea,600,PRY,Paraguay,destination,5136,5136,kg,26339,5.1283099688,false,true,false,H4,,UN_COMTRADE_HS0902_ANNUAL,2026-07-14,0.0000210421,0.0000179104
2016,144,LKA,Sri Lanka,X,Export,0902,Tea,591,PAN,Panama,destination,1101,1101,kg,25095,22.7929155313,false,true,false,H4,,UN_COMTRADE_HS0902_ANNUAL,2026-07-14,0.0000200483,0.0000038394
2016,144,LKA,Sri Lanka,X,Export,0902,Tea,531,CUW,Curaçao,destination,3199,3199,kg,24349,7.6114410753,false,true,false,H4,,UN_COMTRADE_HS0902_ANNUAL,2026-07-14,0.0000194523,0.0000111557
2016,144,LKA,Sri Lanka,X,Export,0902,Tea,262,DJI,Djibouti,destination,3096,3096,kg,19564,6.319121447,false,true,false,H4,,UN_COMTRADE_HS0902_ANNUAL,2026-07-14,0.0000156296,0.0000107965
2016,144,LKA,Sri Lanka,X,Export,0902,Tea,604,PER,Peru,destination,604,604,kg,18516,30.6556291391,false,true,false,H4,,UN_COMTRADE_HS0902_ANNUAL,2026-07-14,0.0000147923,0.0000021063
2016,144,LKA,Sri Lanka,X,Export,0902,Tea,352,ISL,Iceland,destination,2620,2620,kg,17433,6.6538167939,false,true,false,H4,,UN_COMTRADE_HS0902_ANNUAL,2026-07-14,0.0000139271,0.0000091366
2016,144,LKA,Sri Lanka,X,Export,0902,Tea,170,COL,Colombia,destination,538,538,kg,14138,26.2788104089,false,true,false,H4,,UN_COMTRADE_HS0902_ANNUAL,2026-07-14,0.0000112948,0.0000018761
2016,144,LKA,Sri Lanka,X,Export,0902,Tea,470,MLT,Malta,destination,1815,1815,kg,14125,7.782369146,false,true,false,H4,,UN_COMTRADE_HS0902_ANNUAL,2026-07-14,0.0000112844,0.0000063293
2016,144,LKA,Sri Lanka,X,Export,0902,Tea,705,SVN,Slovenia,destination,1215,1215,kg,12834,10.562962963,false,true,false,H4,,UN_COMTRADE_HS0902_ANNUAL,2026-07-14,0.000010253,0.000004237
2016,144,LKA,Sri Lanka,X,Export,0902,Tea,116,KHM,Cambodia,destination,498,498,kg,10138,20.3574297189,false,true,false,H4,,UN_COMTRADE_HS0902_ANNUAL,2026-07-14,0.0000080992,0.0000017366
2016,144,LKA,Sri Lanka,X,Export,0902,Tea,620,PRT,Portugal,destination,337,337,kg,9296,27.5845697329,false,true,false,H4,,UN_COMTRADE_HS0902_ANNUAL,2026-07-14,0.0000074265,0.0000011752
2016,144,LKA,Sri Lanka,X,Export,0902,Tea,258,PYF,French Polynesia,destination,866,866,kg,7907,9.1304849885,false,true,false,H4,,UN_COMTRADE_HS0902_ANNUAL,2026-07-14,0.0000063169,0.0000030199
2016,144,LKA,Sri Lanka,X,Export,0902,Tea,4,AFG,Afghanistan,destination,399,399,kg,6196,15.5288220551,false,true,false,H4,,UN_COMTRADE_HS0902_ANNUAL,2026-07-14,0.0000049499,0.0000013914
2016,144,LKA,Sri Lanka,X,Export,0902,Tea,320,GTM,Guatemala,destination,197,197,kg,6196,31.4517766497,false,true,false,H4,,UN_COMTRADE_HS0902_ANNUAL,2026-07-14,0.0000049499,0.000000687
2016,144,LKA,Sri Lanka,X,Export,0902,Tea,340,HND,Honduras,destination,960,960,kg,4715,4.9114583333,false,true,false,H4,,UN_COMTRADE_HS0902_ANNUAL,2026-07-14,0.0000037668,0.0000033477
2016,144,LKA,Sri Lanka,X,Export,0902,Tea,703,SVK,Slovakia,destination,26,26,kg,517,19.8846153846,false,true,false,H4,,UN_COMTRADE_HS0902_ANNUAL,2026-07-14,0.000000413,0.0000000907
2016,144,LKA,Sri Lanka,X,Export,0902,Tea,132,CPV,Cabo Verde,destination,60,60,kg,409,6.8166666667,false,true,false,H4,,UN_COMTRADE_HS0902_ANNUAL,2026-07-14,0.0000003267,0.0000002092
2016,144,LKA,Sri Lanka,X,Export,0902,Tea,418,LAO,Lao People's Dem. Rep.,destination,12,12,kg,177,14.75,false,true,false,H4,,UN_COMTRADE_HS0902_ANNUAL,2026-07-14,0.0000001414,0.0000000418
2017,144,LKA,Sri Lanka,X,Export,0902,Tea,0,W00,World,world_total,286862909.712,286862909.712,kg,1513207279.892,5.275018933,true,false,true,H5,,UN_COMTRADE_HS0902_ANNUAL,2026-07-14,,
2017,144,LKA,Sri Lanka,X,Export,0902,Tea,792,TUR,Türkiye,destination,37814681.82,37814681.82,kg,182746936.846,4.8326979906,false,false,true,H5,,UN_COMTRADE_HS0902_ANNUAL,2026-07-14,0.1207679472,0.1318214399
2017,144,LKA,Sri Lanka,X,Export,0902,Tea,643,RUS,Russian Federation,destination,33379956.4,33379956.4,kg,173863033.872,5.2086057809,false,false,true,H5,,UN_COMTRADE_HS0902_ANNUAL,2026-07-14,0.1148970377,0.1163620505
2017,144,LKA,Sri Lanka,X,Export,0902,Tea,364,IRN,Iran,destination,27418921.82,27418921.82,kg,159735486.03,5.8257391402,false,false,true,H5,,UN_COMTRADE_HS0902_ANNUAL,2026-07-14,0.105560876,0.0955819693
2017,144,LKA,Sri Lanka,X,Export,0902,Tea,368,IRQ,Iraq,destination,35032813.37,35032813.37,kg,138017394.791,3.9396606071,false,false,true,H5,,UN_COMTRADE_HS0902_ANNUAL,2026-07-14,0.0912085189,0.1221238863
2017,144,LKA,Sri Lanka,X,Export,0902,Tea,784,ARE,United Arab Emirates,destination,15785232.54,15785232.54,kg,75800801.94,4.8020073032,false,false,true,H5,,UN_COMTRADE_HS0902_ANNUAL,2026-07-14,0.0500928081,0.0550270948
2017,144,LKA,Sri Lanka,X,Export,0902,Tea,31,AZE,Azerbaijan,destination,12271114.32,12271114.32,kg,62864810.057,5.1229911496,false,false,true,H5,,UN_COMTRADE_HS0902_ANNUAL,2026-07-14,0.0415440838,0.042776929
2017,144,LKA,Sri Lanka,X,Export,0902,Tea,434,LBY,Libya,destination,11609511.4,11609511.4,kg,51599900.941,4.4446229616,false,false,true,H5,,UN_COMTRADE_HS0902_ANNUAL,2026-07-14,0.0340996912,0.0404705907
2017,144,LKA,Sri Lanka,X,Export,0902,Tea,156,CHN,China,destination,9888935.58,9888935.58,kg,49058729.797,4.9609717244,false,false,true,H5,,UN_COMTRADE_HS0902_ANNUAL,2026-07-14,0.0324203633,0.034472688
2017,144,LKA,Sri Lanka,X,Export,0902,Tea,392,JPN,Japan,destination,7924015.21,7924015.21,kg,45382768.676,5.7272440137,false,false,true,H5,,UN_COMTRADE_HS0902_ANNUAL,2026-07-14,0.0299911118,0.0276230037
2017,144,LKA,Sri Lanka,X,Export,0902,Tea,760,SYR,Syria,destination,7399619.8,7399619.8,kg,40649941.339,5.4935175641,false,false,true,H5,,UN_COMTRADE_HS0902_ANNUAL,2026-07-14,0.0268634323,0.0257949688
2017,144,LKA,Sri Lanka,X,Export,0902,Tea,276,DEU,Germany,destination,6809076.76,6809076.76,kg,36644653.174,5.3817359483,false,false,true,H5,,UN_COMTRADE_HS0902_ANNUAL,2026-07-14,0.0242165457,0.0237363442
2017,144,LKA,Sri Lanka,X,Export,0902,Tea,152,CHL,Chile,destination,7096963.96,7096963.96,kg,32065640.811,4.5182194797,false,false,true,H5,,UN_COMTRADE_HS0902_ANNUAL,2026-07-14,0.0211905145,0.0247399149
2017,144,LKA,Sri Lanka,X,Export,0902,Tea,842,USA,USA,destination,4706352.67,4706352.67,kg,31783568.913,6.7533334498,false,false,true,H5,,UN_COMTRADE_HS0902_ANNUAL,2026-07-14,0.0210041079,0.0164062781
2017,144,LKA,Sri Lanka,X,Export,0902,Tea,400,JOR,Jordan,destination,4687737.82,4687737.82,kg,28198268.566,6.0153254403,false,false,true,H5,,UN_COMTRADE_HS0902_ANNUAL,2026-07-14,0.0186347693,0.016341387
2017,144,LKA,Sri Lanka,X,Export,0902,Tea,36,AUS,Australia,destination,2828598.19,2828598.19,kg,28105093.59,9.9360501924,false,false,true,H5,,UN_COMTRADE_HS0902_ANNUAL,2026-07-14,0.0185731948,0.0098604528
2017,144,LKA,Sri Lanka,X,Export,0902,Tea,682,SAU,Saudi Arabia,destination,4416396.44,4416396.44,kg,27448982.543,6.2152442418,false,false,true,H5,,UN_COMTRADE_HS0902_ANNUAL,2026-07-14,0.0181396051,0.0153954948
2017,144,LKA,Sri Lanka,X,Export,0902,Tea,422,LBN,Lebanon,destination,4128408.53,4128408.53,kg,24526355.498,5.9408741455,false,false,true,H5,,UN_COMTRADE_HS0902_ANNUAL,2026-07-14,0.0162081929,0.0143915731
2017,144,LKA,Sri Lanka,X,Export,0902,Tea,804,UKR,Ukraine,destination,4096133.35,4096133.35,kg,24202246.165,5.9085591452,false,false,true,H5,,UN_COMTRADE_HS0902_ANNUAL,2026-07-14,0.0159940059,0.0142790623
2017,144,LKA,Sri Lanka,X,Export,0902,Tea,344,HKG,"China, Hong Kong SAR",destination,4981487.34,4981487.34,kg,23900373.248,4.7978388013,false,false,true,H5,,UN_COMTRADE_HS0902_ANNUAL,2026-07-14,0.0157945138,0.0173653936
2017,144,LKA,Sri Lanka,X,Export,0902,Tea,528,NLD,Netherlands,destination,2910857.11,2910857.11,kg,22183924.505,7.62109704,false,false,true,H5,,UN_COMTRADE_HS0902_ANNUAL,2026-07-14,0.0146602021,0.0101472062
2017,144,LKA,Sri Lanka,X,Export,0902,Tea,490,S19,"Other Asia, nes",destination,4307880.43,4307880.43,kg,18693561.18,4.339387196,false,false,true,H5,,UN_COMTRADE_HS0902_ANNUAL,2026-07-14,0.0123536025,0.0150172096
2017,144,LKA,Sri Lanka,X,Export,0902,Tea,616,POL,Poland,destination,2584288.62,2584288.62,kg,18008481.59,6.9684482804,false,false,true,H5,,UN_COMTRADE_HS0902_ANNUAL,2026-07-14,0.011900869,0.0090087932
2017,144,LKA,Sri Lanka,X,Export,0902,Tea,414,KWT,Kuwait,destination,2435018.42,2435018.42,kg,14613437.886,6.0013664644,false,false,true,H5,,UN_COMTRADE_HS0902_ANNUAL,2026-07-14,0.0096572612,0.0084884394
2017,144,LKA,Sri Lanka,X,Export,0902,Tea,826,GBR,United Kingdom,destination,1525631.01,1525631.01,kg,13764644.053,9.022262895,false,false,true,H5,,UN_COMTRADE_HS0902_ANNUAL,2026-07-14,0.0090963375,0.0053183279
2017,144,LKA,Sri Lanka,X,Export,0902,Tea,56,BEL,Belgium,destination,2631523.36,2631523.36,kg,12315319.097,4.6799201117,false,false,true,H5,,UN_COMTRADE_HS0902_ANNUAL,2026-07-14,0.008138554,0.0091734528
2017,144,LKA,Sri Lanka,X,Export,0902,Tea,376,ISR,Israel,destination,1843413.4,1843413.4,kg,10245056.125,5.5576552308,false,false,true,H5,,UN_COMTRADE_HS0902_ANNUAL,2026-07-14,0.0067704248,0.0064261127
2017,144,LKA,Sri Lanka,X,Export,0902,Tea,554,NZL,New Zealand,destination,1054941.8,1054941.8,kg,9428312.611,8.9372822377,false,false,true,H5,,UN_COMTRADE_HS0902_ANNUAL,2026-07-14,0.0062306815,0.003677512
2017,144,LKA,Sri Lanka,X,Export,0902,Tea,8,ALB,Albania,destination,1921013.32,1921013.32,kg,9312265.325,4.8475797789,false,false,true,H5,,UN_COMTRADE_HS0902_ANNUAL,2026-07-14,0.0061539919,0.006696625
2017,144,LKA,Sri Lanka,X,Export,0902,Tea,710,ZAF,South Africa,destination,1759427.46,1759427.46,kg,8918720.153,5.0691036464,false,false,true,H5,,UN_COMTRADE_HS0902_ANNUAL,2026-07-14,0.0058939183,0.006133339
2017,144,LKA,Sri Lanka,X,Export,0902,Tea,704,VNM,Viet Nam,destination,1581775,1581775,kg,8879185.691,5.6134315506,false,false,true,H5,,UN_COMTRADE_HS0902_ANNUAL,2026-07-14,0.0058677921,0.005514045
2017,144,LKA,Sri Lanka,X,Export,0902,Tea,246,FIN,Finland,destination,1406310.54,1406310.54,kg,7711598.955,5.4835676301,false,false,true,H5,,UN_COMTRADE_HS0902_ANNUAL,2026-07-14,0.0050961947,0.0049023784
2017,144,LKA,Sri Lanka,X,Export,0902,Tea,288,GHA,Ghana,destination,943514.88,943514.88,kg,6839390.439,7.2488421582,false,false,true,H5,,UN_COMTRADE_HS0902_ANNUAL,2026-07-14,0.0045197975,0.0032890794
2017,144,LKA,Sri Lanka,X,Export,0902,Tea,818,EGY,Egypt,destination,1359478.5,1359478.5,kg,6477389.468,4.7646133926,false,false,true,H5,,UN_COMTRADE_HS0902_ANNUAL,2026-07-14,0.0042805699,0.0047391226
2017,144,LKA,Sri Lanka,X,Export,0902,Tea,860,UZB,Uzbekistan,destination,1099014.7,1099014.7,kg,6035416.647,5.4916614373,false,false,true,H5,,UN_COMTRADE_HS0902_ANNUAL,2026-07-14,0.003988493,0.0038311495
2017,144,LKA,Sri Lanka,X,Export,0902,Tea,702,SGP,Singapore,destination,639606.19,639606.19,kg,6020194.343,9.4123453417,false,false,true,H5,,UN_COMTRADE_HS0902_ANNUAL,2026-07-14,0.0039784334,0.002229658
2017,144,LKA,Sri Lanka,X,Export,0902,Tea,251,FRA,France,destination,768951.71,768951.71,kg,5591352.558,7.2713962207,false,false,true,H5,,UN_COMTRADE_HS0902_ANNUAL,2026-07-14,0.0036950341,0.0026805547
2017,144,LKA,Sri Lanka,X,Export,0902,Tea,124,CAN,Canada,destination,666281.92,666281.92,kg,5108446.34,7.6670943435,false,false,true,H5,,UN_COMTRADE_HS0902_ANNUAL,2026-07-14,0.0033759065,0.0023226492
2017,144,LKA,Sri Lanka,X,Export,0902,Tea,686,SEN,Senegal,destination,761580,761580,kg,4799117.25,6.3015274167,false,false,true,H5,,UN_COMTRADE_HS0902_ANNUAL,2026-07-14,0.003171487,0.002654857
2017,144,LKA,Sri Lanka,X,Export,0902,Tea,380,ITA,Italy,destination,906735.65,906735.65,kg,4778738.716,5.2702667156,false,false,true,H5,,UN_COMTRADE_HS0902_ANNUAL,2026-07-14,0.0031580199,0.0031608675
2017,144,LKA,Sri Lanka,X,Export,0902,Tea,398,KAZ,Kazakhstan,destination,695093.49,695093.49,kg,3778087.651,5.4353661851,false,false,true,H5,,UN_COMTRADE_HS0902_ANNUAL,2026-07-14,0.0024967417,0.002423086
2017,144,LKA,Sri Lanka,X,Export,0902,Tea,417,KGZ,Kyrgyzstan,destination,712489.4,712489.4,kg,3572599.337,5.014249106,false,false,true,H5,,UN_COMTRADE_HS0902_ANNUAL,2026-07-14,0.0023609451,0.0024837279
2017,144,LKA,Sri Lanka,X,Export,0902,Tea,300,GRC,Greece,destination,711551.3,711551.3,kg,3547954.23,4.9862240853,false,false,true,H5,,UN_COMTRADE_HS0902_ANNUAL,2026-07-14,0.0023446584,0.0024804577
2017,144,LKA,Sri Lanka,X,Export,0902,Tea,384,CIV,Côte d'Ivoire,destination,600915,600915,kg,3482545.799,5.7954050057,false,false,true,H5,,UN_COMTRADE_HS0902_ANNUAL,2026-07-14,0.0023014334,0.0020947811
2017,144,LKA,Sri Lanka,X,Export,0902,Tea,112,BLR,Belarus,destination,434593.95,434593.95,kg,3476831.88,8.0001847242,false,false,true,H5,,UN_COMTRADE_HS0902_ANNUAL,2026-07-14,0.0022976574,0.0015149883
2017,144,LKA,Sri Lanka,X,Export,0902,Tea,458,MYS,Malaysia,destination,516519.88,516519.88,kg,3145542.182,6.0898763122,false,false,true,H5,,UN_COMTRADE_HS0902_ANNUAL,2026-07-14,0.0020787253,0.0018005809
2017,144,LKA,Sri Lanka,X,Export,0902,Tea,566,NGA,Nigeria,destination,443992.21,443992.21,kg,2887599.224,6.5037159638,false,false,true,H5,,UN_COMTRADE_HS0902_ANNUAL,2026-07-14,0.0019082642,0.0015477505
2017,144,LKA,Sri Lanka,X,Export,0902,Tea,752,SWE,Sweden,destination,350263.63,350263.63,kg,2765198.242,7.8946199524,false,false,true,H5,,UN_COMTRADE_HS0902_ANNUAL,2026-07-14,0.0018273757,0.001221014
2017,144,LKA,Sri Lanka,X,Export,0902,Tea,324,GIN,Guinea,destination,475363.14,475363.14,kg,2753410.908,5.7922263556,false,false,true,H5,,UN_COMTRADE_HS0902_ANNUAL,2026-07-14,0.0018195861,0.0016571091
2017,144,LKA,Sri Lanka,X,Export,0902,Tea,440,LTU,Lithuania,destination,232052.16,232052.16,kg,2558458.762,11.0253606861,false,false,true,H5,,UN_COMTRADE_HS0902_ANNUAL,2026-07-14,0.0016907523,0.0008089305
2017,144,LKA,Sri Lanka,X,Export,0902,Tea,24,AGO,Angola,destination,397038,397038,kg,2443712.174,6.1548571522,false,false,true,H5,,UN_COMTRADE_HS0902_ANNUAL,2026-07-14,0.0016149223,0.0013840688
2017,144,LKA,Sri Lanka,X,Export,0902,Tea,242,FJI,Fiji,destination,402125.32,402125.32,kg,2082168.923,5.1779105156,false,false,true,H5,,UN_COMTRADE_HS0902_ANNUAL,2026-07-14,0.0013759972,0.0014018031
2017,144,LKA,Sri Lanka,X,Export,0902,Tea,360,IDN,Indonesia,destination,264099.15,264099.15,kg,1968952.436,7.4553531732,false,false,true,H5,,UN_COMTRADE_HS0902_ANNUAL,2026-07-14,0.0013011783,0.0009206459
2017,144,LKA,Sri Lanka,X,Export,0902,Tea,203,CZE,Czechia,destination,121556.44,121556.44,kg,1935902.3,15.9259542316,false,false,true,H5,,UN_COMTRADE_HS0902_ANNUAL,2026-07-14,0.0012793372,0.000423744
2017,144,LKA,Sri Lanka,X,Export,0902,Tea,208,DNK,Denmark,destination,153558.25,153558.25,kg,1847522.174,12.0314094098,false,false,true,H5,,UN_COMTRADE_HS0902_ANNUAL,2026-07-14,0.0012209313,0.0005353019
2017,144,LKA,Sri Lanka,X,Export,0902,Tea,462,MDV,Maldives,destination,201683.83,201683.83,kg,1815728.977,9.0028485526,false,false,true,H5,,UN_COMTRADE_HS0902_ANNUAL,2026-07-14,0.0011999209,0.0007030669
2017,144,LKA,Sri Lanka,X,Export,0902,Tea,178,COG,Congo,destination,310450,310450,kg,1776069.368,5.7209514189,false,false,true,H5,,UN_COMTRADE_HS0902_ANNUAL,2026-07-14,0.0011737119,0.0010822243
2017,144,LKA,Sri Lanka,X,Export,0902,Tea,268,GEO,Georgia,destination,274917.84,274917.84,kg,1752381.232,6.3741997682,false,false,true,H5,,UN_COMTRADE_HS0902_ANNUAL,2026-07-14,0.0011580576,0.0009583597
2017,144,LKA,Sri Lanka,X,Export,0902,Tea,699,IND,India,destination,273277.93,273277.93,kg,1588906.803,5.8142521901,false,false,true,H5,,UN_COMTRADE_HS0902_ANNUAL,2026-07-14,0.0010500259,0.000952643
2017,144,LKA,Sri Lanka,X,Export,0902,Tea,410,KOR,Rep. of Korea,destination,182644.39,182644.39,kg,1363196.484,7.4636646874,false,false,true,H5,,UN_COMTRADE_HS0902_ANNUAL,2026-07-14,0.0009008657,0.0006366957
2017,144,LKA,Sri Lanka,X,Export,0902,Tea,764,THA,Thailand,destination,76237.65,76237.65,kg,1285834.588,16.8661361939,false,false,true,H5,,UN_COMTRADE_HS0902_ANNUAL,2026-07-14,0.0008497412,0.0002657634
2017,144,LKA,Sri Lanka,X,Export,0902,Tea,634,QAT,Qatar,destination,148503.5,148503.5,kg,1250829.113,8.4228931507,false,false,true,H5,,UN_COMTRADE_HS0902_ANNUAL,2026-07-14,0.0008266079,0.0005176811
2017,144,LKA,Sri Lanka,X,Export,0902,Tea,496,MNG,Mongolia,destination,144008.54,144008.54,kg,1245216.751,8.6468257438,false,false,true,H5,,UN_COMTRADE_HS0902_ANNUAL,2026-07-14,0.000822899,0.0005020117
2017,144,LKA,Sri Lanka,X,Export,0902,Tea,270,GMB,Gambia,destination,229006,229006,kg,1104816.395,4.8243993389,false,false,true,H5,,UN_COMTRADE_HS0902_ANNUAL,2026-07-14,0.0007301157,0.0007983116
2017,144,LKA,Sri Lanka,X,Export,0902,Tea,428,LVA,Latvia,destination,109214.62,109214.62,kg,1045210.156,9.5702402847,false,false,true,H5,,UN_COMTRADE_HS0902_ANNUAL,2026-07-14,0.000690725,0.0003807206
2017,144,LKA,Sri Lanka,X,Export,0902,Tea,478,MRT,Mauritania,destination,131175,131175,kg,1016378.347,7.7482626034,false,false,true,H5,,UN_COMTRADE_HS0902_ANNUAL,2026-07-14,0.0006716716,0.0004572742
2017,144,LKA,Sri Lanka,X,Export,0902,Tea,608,PHL,Philippines,destination,65453.96,65453.96,kg,928708.528,14.1887294214,false,false,true,H5,,UN_COMTRADE_HS0902_ANNUAL,2026-07-14,0.0006137352,0.0002281716
2017,144,LKA,Sri Lanka,X,Export,0902,Tea,854,BFA,Burkina Faso,destination,121148,121148,kg,910661.951,7.5169375557,false,false,true,H5,,UN_COMTRADE_HS0902_ANNUAL,2026-07-14,0.0006018091,0.0004223202
2017,144,LKA,Sri Lanka,X,Export,0902,Tea,724,ESP,Spain,destination,168428.48,168428.48,kg,871248.711,5.1728111006,false,false,true,H5,,UN_COMTRADE_HS0902_ANNUAL,2026-07-14,0.000575763,0.0005871393
2017,144,LKA,Sri Lanka,X,Export,0902,Tea,100,BGR,Bulgaria,destination,172579.71,172579.71,kg,830877.891,4.8144587275,false,false,true,H5,,UN_COMTRADE_HS0902_ANNUAL,2026-07-14,0.000549084,0.0006016104
2017,144,LKA,Sri Lanka,X,Export,0902,Tea,887,YEM,Yemen,destination,141932,141932,kg,792960.946,5.5869074345,false,false,true,H5,,UN_COMTRADE_HS0902_ANNUAL,2026-07-14,0.0005240267,0.0004947729
2017,144,LKA,Sri Lanka,X,Export,0902,Tea,757,CHE,Switzerland,destination,158133.24,158133.24,kg,783120.752,4.9522842383,false,false,true,H5,,UN_COMTRADE_HS0902_ANNUAL,2026-07-14,0.0005175238,0.0005512502
2017,144,LKA,Sri Lanka,X,Export,0902,Tea,233,EST,Estonia,destination,91397.77,91397.77,kg,744670.374,8.147577058,false,false,true,H5,,UN_COMTRADE_HS0902_ANNUAL,2026-07-14,0.0004921139,0.0003186113
2017,144,LKA,Sri Lanka,X,Export,0902,Tea,498,MDA,Rep. of Moldova,destination,87314.33,87314.33,kg,726657.362,8.3223150427,false,false,true,H5,,UN_COMTRADE_HS0902_ANNUAL,2026-07-14,0.0004802101,0.0003043765
2017,144,LKA,Sri Lanka,X,Export,0902,Tea,48,BHR,Bahrain,destination,86520.94,86520.94,kg,686269.166,7.9318274397,false,false,true,H5,,UN_COMTRADE_HS0902_ANNUAL,2026-07-14,0.0004535196,0.0003016108
2017,144,LKA,Sri Lanka,X,Export,0902,Tea,807,MKD,North Macedonia,destination,138368,138368,kg,651150.825,4.7059350789,false,false,true,H5,,UN_COMTRADE_HS0902_ANNUAL,2026-07-14,0.0004303117,0.0004823489
2017,144,LKA,Sri Lanka,X,Export,0902,Tea,768,TGO,Togo,destination,106364,106364,kg,635337.422,5.9732373924,false,false,true,H5,,UN_COMTRADE_HS0902_ANNUAL,2026-07-14,0.0004198615,0.0003707834
2017,144,LKA,Sri Lanka,X,Export,0902,Tea,586,PAK,Pakistan,destination,134704.8,134704.8,kg,621478.276,4.6136312589,false,false,true,H5,,UN_COMTRADE_HS0902_ANNUAL,2026-07-14,0.0004107027,0.000469579
2017,144,LKA,Sri Lanka,X,Export,0902,Tea,446,MAC,"China, Macao SAR",destination,128242,128242,kg,586268.348,4.5715783285,false,false,true,H5,,UN_COMTRADE_HS0902_ANNUAL,2026-07-14,0.0003874343,0.0004470498
2017,144,LKA,Sri Lanka,X,Export,0902,Tea,196,CYP,Cyprus,destination,62070.68,62070.68,kg,498897.119,8.0375649018,false,false,true,H5,,UN_COMTRADE_HS0902_ANNUAL,2026-07-14,0.0003296952,0.0002163775
2017,144,LKA,Sri Lanka,X,Export,0902,Tea,430,LBR,Liberia,destination,84010,84010,kg,474394.947,5.6468866444,false,false,true,H5,,UN_COMTRADE_HS0902_ANNUAL,2026-07-14,0.000313503,0.0002928577
2017,144,LKA,Sri Lanka,X,Export,0902,Tea,579,NOR,Norway,destination,66223.19,66223.19,kg,466536.358,7.0449091625,false,false,true,H5,,UN_COMTRADE_HS0902_ANNUAL,2026-07-14,0.0003083096,0.0002308531
2017,144,LKA,Sri Lanka,X,Export,0902,Tea,762,TJK,Tajikistan,destination,62786.44,62786.44,kg,465179.005,7.4089087548,false,false,true,H5,,UN_COMTRADE_HS0902_ANNUAL,2026-07-14,0.0003074126,0.0002188726
2017,144,LKA,Sri Lanka,X,Export,0902,Tea,466,MLI,Mali,destination,57689.3,57689.3,kg,457602.835,7.9321960052,false,false,true,H5,,UN_COMTRADE_HS0902_ANNUAL,2026-07-14,0.0003024059,0.0002011041
2017,144,LKA,Sri Lanka,X,Export,0902,Tea,858,URY,Uruguay,destination,69564,69564,kg,436688.324,6.2775045138,false,false,true,H5,,UN_COMTRADE_HS0902_ANNUAL,2026-07-14,0.0002885846,0.0002424991
2017,144,LKA,Sri Lanka,X,Export,0902,Tea,512,OMN,Oman,destination,43670.11,43670.11,kg,378919.213,8.6768550159,false,false,true,H5,,UN_COMTRADE_HS0902_ANNUAL,2026-07-14,0.000250408,0.0001522334
2017,144,LKA,Sri Lanka,X,Export,0902,Tea,504,MAR,Morocco,destination,54940,54940,kg,365414.25,6.6511512559,false,false,true,H5,,UN_COMTRADE_HS0902_ANNUAL,2026-07-14,0.0002414833,0.0001915201
2017,144,LKA,Sri Lanka,X,Export,0902,Tea,328,GUY,Guyana,destination,92016,92016,kg,359315.206,3.9049209485,false,false,true,H5,,UN_COMTRADE_HS0902_ANNUAL,2026-07-14,0.0002374527,0.0003207665
2017,144,LKA,Sri Lanka,X,Export,0902,Tea,780,TTO,Trinidad and Tobago,destination,13628.322,13628.322,kg,349753.89,25.6637530284,true,false,true,H5,,UN_COMTRADE_HS0902_ANNUAL,2026-07-14,0.0002311342,0.0000475081
2017,144,LKA,Sri Lanka,X,Export,0902,Tea,694,SLE,Sierra Leone,destination,40337.42,40337.42,kg,338762.547,8.3982204861,false,false,true,H5,,UN_COMTRADE_HS0902_ANNUAL,2026-07-14,0.0002238706,0.0001406157
2017,144,LKA,Sri Lanka,X,Export,0902,Tea,562,NER,Niger,destination,48275.8,48275.8,kg,311697.086,6.456590797,false,false,true,H5,,UN_COMTRADE_HS0902_ANNUAL,2026-07-14,0.0002059844,0.0001682887
2017,144,LKA,Sri Lanka,X,Export,0902,Tea,348,HUN,Hungary,destination,16287.29,16287.29,kg,294548.062,18.0845347507,false,false,true,H5,,UN_COMTRADE_HS0902_ANNUAL,2026-07-14,0.0001946515,0.0000567773
2017,144,LKA,Sri Lanka,X,Export,0902,Tea,484,MEX,Mexico,destination,18053.74,18053.74,kg,288404.511,15.9747792424,false,false,true,H5,,UN_COMTRADE_HS0902_ANNUAL,2026-07-14,0.0001905915,0.0000629351
2017,144,LKA,Sri Lanka,X,Export,0902,Tea,642,ROU,Romania,destination,12759.07,12759.07,kg,282280.036,22.1238723512,false,false,true,H5,,UN_COMTRADE_HS0902_ANNUAL,2026-07-14,0.0001865442,0.0000444779
2017,144,LKA,Sri Lanka,X,Export,0902,Tea,51,ARM,Armenia,destination,27794.76,27794.76,kg,274678.966,9.8824010713,false,false,true,H5,,UN_COMTRADE_HS0902_ANNUAL,2026-07-14,0.000181521,0.0000968921
2017,144,LKA,Sri Lanka,X,Export,0902,Tea,740,SUR,Suriname,destination,38101.26,38101.26,kg,269483.858,7.0728332344,false,false,true,H5,,UN_COMTRADE_HS0902_ANNUAL,2026-07-14,0.0001780879,0.0001328204
2017,144,LKA,Sri Lanka,X,Export,0902,Tea,40,AUT,Austria,destination,55662.85,55662.85,kg,268803.85,4.8291427766,false,false,true,H5,,UN_COMTRADE_HS0902_ANNUAL,2026-07-14,0.0001776385,0.0001940399
2017,144,LKA,Sri Lanka,X,Export,0902,Tea,690,SYC,Seychelles,destination,53183.12,53183.12,kg,268224.414,5.0434125339,false,false,true,H5,,UN_COMTRADE_HS0902_ANNUAL,2026-07-14,0.0001772556,0.0001853956
2017,144,LKA,Sri Lanka,X,Export,0902,Tea,204,BEN,Benin,destination,31709.44,31709.44,kg,221263.586,6.9778459033,false,false,true,H5,,UN_COMTRADE_HS0902_ANNUAL,2026-07-14,0.0001462216,0.0001105387
2017,144,LKA,Sri Lanka,X,Export,0902,Tea,795,TKM,Turkmenistan,destination,30217.75,30217.75,kg,219865.674,7.2760438484,false,false,true,H5,,UN_COMTRADE_HS0902_ANNUAL,2026-07-14,0.0001452978,0.0001053386
2017,144,LKA,Sri Lanka,X,Export,0902,Tea,32,ARG,Argentina,destination,42080,42080,kg,196942.015,4.6801809648,false,false,true,H5,,UN_COMTRADE_HS0902_ANNUAL,2026-07-14,0.0001301487,0.0001466903
2017,144,LKA,Sri Lanka,X,Export,0902,Tea,404,KEN,Kenya,destination,32358,32358,kg,156383.759,4.83292413,false,false,true,H5,,UN_COMTRADE_HS0902_ANNUAL,2026-07-14,0.0001033459,0.0001127995
2017,144,LKA,Sri Lanka,X,Export,0902,Tea,68,BOL,Bolivia (Plurinational State of),destination,23212.46,23212.46,kg,150998.12,6.5050459968,false,false,true,H5,,UN_COMTRADE_HS0902_ANNUAL,2026-07-14,0.0000997868,0.0000809183
2017,144,LKA,Sri Lanka,X,Export,0902,Tea,12,DZA,Algeria,destination,15045.8,15045.8,kg,145111.518,9.6446528599,false,false,true,H5,,UN_COMTRADE_HS0902_ANNUAL,2026-07-14,0.0000958967,0.0000524494
2017,144,LKA,Sri Lanka,X,Export,0902,Tea,729,SDN,Sudan,destination,27705,27705,kg,138091.851,4.9843656741,false,false,true,H5,,UN_COMTRADE_HS0902_ANNUAL,2026-07-14,0.0000912577,0.0000965792
2017,144,LKA,Sri Lanka,X,Export,0902,Tea,76,BRA,Brazil,destination,6404.29,6404.29,kg,134592.837,21.0160434646,false,false,true,H5,,UN_COMTRADE_HS0902_ANNUAL,2026-07-14,0.0000889454,0.0000223253
2017,144,LKA,Sri Lanka,X,Export,0902,Tea,788,TUN,Tunisia,destination,24726,24726,kg,127446.031,5.1543327267,false,false,true,H5,,UN_COMTRADE_HS0902_ANNUAL,2026-07-14,0.0000842225,0.0000861945
2017,144,LKA,Sri Lanka,X,Export,0902,Tea,96,BRN,Brunei Darussalam,destination,9804.61,9804.61,kg,114935.547,11.7226026328,false,false,true,H5,,UN_COMTRADE_HS0902_ANNUAL,2026-07-14,0.0000759549,0.0000341787
2017,144,LKA,Sri Lanka,X,Export,0902,Tea,84,BLZ,Belize,destination,12742.68,12742.68,kg,108824.158,8.5401311184,false,false,true,H5,,UN_COMTRADE_HS0902_ANNUAL,2026-07-14,0.0000719162,0.0000444208
2017,144,LKA,Sri Lanka,X,Export,0902,Tea,688,SRB,Serbia,destination,18086.65,18086.65,kg,106272.177,5.8757247473,false,false,true,H5,,UN_COMTRADE_HS0902_ANNUAL,2026-07-14,0.0000702298,0.0000630498
2017,144,LKA,Sri Lanka,X,Export,0902,Tea,296,KIR,Kiribati,destination,13196,13196,kg,104201.899,7.8964761291,false,false,true,H5,,UN_COMTRADE_HS0902_ANNUAL,2026-07-14,0.0000688616,0.0000460011
2017,144,LKA,Sri Lanka,X,Export,0902,Tea,188,CRI,Costa Rica,destination,6249,6249,kg,97583.54,15.6158649384,false,false,true,H5,,UN_COMTRADE_HS0902_ANNUAL,2026-07-14,0.0000644879,0.0000217839
2017,144,LKA,Sri Lanka,X,Export,0902,Tea,372,IRL,Ireland,destination,6334.8,6334.8,kg,83466.376,13.1758502242,false,false,true,H5,,UN_COMTRADE_HS0902_ANNUAL,2026-07-14,0.0000551586,0.000022083
2017,144,LKA,Sri Lanka,X,Export,0902,Tea,524,NPL,Nepal,destination,3595.96,3595.96,kg,69034.708,19.1978520339,false,false,true,H5,,UN_COMTRADE_HS0902_ANNUAL,2026-07-14,0.0000456214,0.0000125355
2017,144,LKA,Sri Lanka,X,Export,0902,Tea,894,ZMB,Zambia,destination,3568.2,3568.2,kg,66336.828,18.5911182109,false,false,true,H5,,UN_COMTRADE_HS0902_ANNUAL,2026-07-14,0.0000438386,0.0000124387
2017,144,LKA,Sri Lanka,X,Export,0902,Tea,104,MMR,Myanmar,destination,8397.2,8397.2,kg,55804.333,6.6455881722,false,false,true,H5,,UN_COMTRADE_HS0902_ANNUAL,2026-07-14,0.0000368782,0.0000292725
2017,144,LKA,Sri Lanka,X,Export,0902,Tea,604,PER,Peru,destination,4868.84,4868.84,kg,49915.14,10.2519573451,false,false,true,H5,,UN_COMTRADE_HS0902_ANNUAL,2026-07-14,0.0000329863,0.0000169727
2017,144,LKA,Sri Lanka,X,Export,0902,Tea,231,ETH,Ethiopia,destination,3948.08,3948.08,kg,47148.284,11.9420791879,false,false,true,H5,,UN_COMTRADE_HS0902_ANNUAL,2026-07-14,0.0000311578,0.000013763
2017,144,LKA,Sri Lanka,X,Export,0902,Tea,120,CMR,Cameroon,destination,6480,6480,kg,41745.963,6.4422782407,false,false,true,H5,,UN_COMTRADE_HS0902_ANNUAL,2026-07-14,0.0000275877,0.0000225892
2017,144,LKA,Sri Lanka,X,Export,0902,Tea,52,BRB,Barbados,destination,2889,2889,kg,36226.06,12.5393077189,false,false,true,H5,,UN_COMTRADE_HS0902_ANNUAL,2026-07-14,0.0000239399,0.000010071
2017,144,LKA,Sri Lanka,X,Export,0902,Tea,148,TCD,Chad,destination,5208,5208,kg,33103.781,6.3563327573,false,false,true,H5,,UN_COMTRADE_HS0902_ANNUAL,2026-07-14,0.0000218766,0.000018155
2017,144,LKA,Sri Lanka,X,Export,0902,Tea,600,PRY,Paraguay,destination,4870,4870,kg,30815.932,6.3277067762,false,false,true,H5,,UN_COMTRADE_HS0902_ANNUAL,2026-07-14,0.0000203646,0.0000169768
2017,144,LKA,Sri Lanka,X,Export,0902,Tea,591,PAN,Panama,destination,1335,1335,kg,30114.33,22.5575505618,false,false,true,H5,,UN_COMTRADE_HS0902_ANNUAL,2026-07-14,0.000019901,0.0000046538
2017,144,LKA,Sri Lanka,X,Export,0902,Tea,480,MUS,Mauritius,destination,1066.01,1066.01,kg,27409.096,25.7118563616,false,false,true,H5,,UN_COMTRADE_HS0902_ANNUAL,2026-07-14,0.0000181132,0.0000037161
2017,144,LKA,Sri Lanka,X,Export,0902,Tea,508,MOZ,Mozambique,destination,6299.92,6299.92,kg,26505.816,4.2073258073,false,false,true,H5,,UN_COMTRADE_HS0902_ANNUAL,2026-07-14,0.0000175163,0.0000219614
2017,144,LKA,Sri Lanka,X,Export,0902,Tea,706,SOM,Somalia,destination,5610,5610,kg,25452.195,4.5369331551,false,false,true,H5,,UN_COMTRADE_HS0902_ANNUAL,2026-07-14,0.00001682,0.0000195564
2017,144,LKA,Sri Lanka,X,Export,0902,Tea,624,GNB,Guinea-Bissau,destination,1782.3,1782.3,kg,22654.096,12.7105964204,false,false,true,H5,,UN_COMTRADE_HS0902_ANNUAL,2026-07-14,0.0000149709,0.0000062131
2017,144,LKA,Sri Lanka,X,Export,0902,Tea,598,PNG,Papua New Guinea,destination,3290,3290,kg,22276.475,6.7709650456,false,false,true,H5,,UN_COMTRADE_HS0902_ANNUAL,2026-07-14,0.0000147214,0.0000114689
2017,144,LKA,Sri Lanka,X,Export,0902,Tea,352,ISL,Iceland,destination,2664,2664,kg,18516.236,6.950539039,false,false,true,H5,,UN_COMTRADE_HS0902_ANNUAL,2026-07-14,0.0000122364,0.0000092867
2017,144,LKA,Sri Lanka,X,Export,0902,Tea,470,MLT,Malta,destination,1843.17,1843.17,kg,17832.843,9.6750939957,false,false,true,H5,,UN_COMTRADE_HS0902_ANNUAL,2026-07-14,0.0000117848,0.0000064253
2017,144,LKA,Sri Lanka,X,Export,0902,Tea,116,KHM,Cambodia,destination,614,614,kg,13948.548,22.717504886,false,false,true,H5,,UN_COMTRADE_HS0902_ANNUAL,2026-07-14,0.0000092179,0.0000021404
2017,144,LKA,Sri Lanka,X,Export,0902,Tea,170,COL,Colombia,destination,271.23,271.23,kg,10852.712,40.0129484202,false,false,true,H5,,UN_COMTRADE_HS0902_ANNUAL,2026-07-14,0.000007172,0.0000009455
2017,144,LKA,Sri Lanka,X,Export,0902,Tea,748,SWZ,Eswatini,destination,99,99,kg,9488.313,95.8415454545,false,false,true,H5,,UN_COMTRADE_HS0902_ANNUAL,2026-07-14,0.0000062703,0.0000003451
2017,144,LKA,Sri Lanka,X,Export,0902,Tea,50,BGD,Bangladesh,destination,321.84,321.84,kg,4802.525,14.9220886155,false,false,true,H5,,UN_COMTRADE_HS0902_ANNUAL,2026-07-14,0.0000031737,0.0000011219
2017,144,LKA,Sri Lanka,X,Export,0902,Tea,316,GUM,Guam,destination,438,438,kg,3824.97,8.7328082192,false,false,true,H5,,UN_COMTRADE_HS0902_ANNUAL,2026-07-14,0.0000025277,0.0000015269
2017,144,LKA,Sri Lanka,X,Export,0902,Tea,320,GTM,Guatemala,destination,108.39,108.39,kg,3739.071,34.4964572378,false,false,true,H5,,UN_COMTRADE_HS0902_ANNUAL,2026-07-14,0.000002471,0.0000003778
2017,144,LKA,Sri Lanka,X,Export,0902,Tea,899,_X ,"Areas, nes",destination,36.7,36.7,kg,1520.046,41.418147139,false,false,true,H5,,UN_COMTRADE_HS0902_ANNUAL,2026-07-14,0.0000010045,0.0000001279
2017,144,LKA,Sri Lanka,X,Export,0902,Tea,258,PYF,French Polynesia,destination,175,175,kg,1012.183,5.7839028571,false,false,true,H5,,UN_COMTRADE_HS0902_ANNUAL,2026-07-14,0.0000006689,0.00000061
2017,144,LKA,Sri Lanka,X,Export,0902,Tea,214,DOM,Dominican Rep.,destination,47.1,47.1,kg,962.5,20.4352441614,false,false,true,H5,,UN_COMTRADE_HS0902_ANNUAL,2026-07-14,0.0000006361,0.0000001642
2017,144,LKA,Sri Lanka,X,Export,0902,Tea,705,SVN,Slovenia,destination,27.75,27.75,kg,616.019,22.1988828829,false,false,true,H5,,UN_COMTRADE_HS0902_ANNUAL,2026-07-14,0.0000004071,0.0000000967
2017,144,LKA,Sri Lanka,X,Export,0902,Tea,332,HTI,Haiti,destination,10,10,kg,52.609,5.2609,false,false,true,H5,,UN_COMTRADE_HS0902_ANNUAL,2026-07-14,0.0000000348,0.0000000349
2018,144,LKA,Sri Lanka,X,Export,0902,Tea (HS 0902),0,,World,world_total,279882580,279882580,kg,1405660000,5.0223204317,false,true,true,HS 0902,Direct transcription of the 2018 quantity/value pair in Department of Commerce Table 2.10; source units converted from 000 kg and USD million.,SRI_LANKA_COMMERCE_TEA_BUYERS_2018,2026-07-14,,
2018,144,LKA,Sri Lanka,X,Export,0902,Tea (HS 0902),,,TURKEY,destination,35634260,35634260,kg,163350000,4.584071621,false,true,true,HS 0902,Direct transcription of the 2018 quantity/value pair in Department of Commerce Table 2.10; source units converted from 000 kg and USD million.,SRI_LANKA_COMMERCE_TEA_BUYERS_2018,2026-07-14,0.116208756,0.1273186063
2018,144,LKA,Sri Lanka,X,Export,0902,Tea (HS 0902),,,RUSSIA,destination,30580650,30580650,kg,154050000,5.0374992029,false,true,true,HS 0902,Direct transcription of the 2018 quantity/value pair in Department of Commerce Table 2.10; source units converted from 000 kg and USD million.,SRI_LANKA_COMMERCE_TEA_BUYERS_2018,2026-07-14,0.1095926469,0.1092624271
2018,144,LKA,Sri Lanka,X,Export,0902,Tea (HS 0902),,,IRAQ,destination,38435530,38435530,kg,137560000,3.578980178,false,true,true,HS 0902,Direct transcription of the 2018 quantity/value pair in Department of Commerce Table 2.10; source units converted from 000 kg and USD million.,SRI_LANKA_COMMERCE_TEA_BUYERS_2018,2026-07-14,0.0978615028,0.1373273392
2018,144,LKA,Sri Lanka,X,Export,0902,Tea (HS 0902),,,IRAN,destination,23914220,23914220,kg,128650000,5.3796444124,false,true,true,HS 0902,Direct transcription of the 2018 quantity/value pair in Department of Commerce Table 2.10; source units converted from 000 kg and USD million.,SRI_LANKA_COMMERCE_TEA_BUYERS_2018,2026-07-14,0.0915228434,0.08544376
2018,144,LKA,Sri Lanka,X,Export,0902,Tea (HS 0902),,,SYRIA,destination,10180340,10180340,kg,56420000,5.5420545876,false,true,true,HS 0902,Direct transcription of the 2018 quantity/value pair in Department of Commerce Table 2.10; source units converted from 000 kg and USD million.,SRI_LANKA_COMMERCE_TEA_BUYERS_2018,2026-07-14,0.0401377289,0.0363736107
2018,144,LKA,Sri Lanka,X,Export,0902,Tea (HS 0902),,,LIBYA,destination,13686440,13686440,kg,55870000,4.0821426171,false,true,true,HS 0902,Direct transcription of the 2018 quantity/value pair in Department of Commerce Table 2.10; source units converted from 000 kg and USD million.,SRI_LANKA_COMMERCE_TEA_BUYERS_2018,2026-07-14,0.0397464536,0.0489006497
2018,144,LKA,Sri Lanka,X,Export,0902,Tea (HS 0902),,,AZERBAIJAIN,destination,10550860,10550860,kg,52470000,4.9730543292,false,true,true,HS 0902,Direct transcription of the 2018 quantity/value pair in Department of Commerce Table 2.10; source units converted from 000 kg and USD million.,SRI_LANKA_COMMERCE_TEA_BUYERS_2018,2026-07-14,0.037327661,0.0376974516
2018,144,LKA,Sri Lanka,X,Export,0902,Tea (HS 0902),,,U.A.E,destination,11071050,11071050,kg,48030000,4.3383418917,false,true,true,HS 0902,Direct transcription of the 2018 quantity/value pair in Department of Commerce Table 2.10; source units converted from 000 kg and USD million.,SRI_LANKA_COMMERCE_TEA_BUYERS_2018,2026-07-14,0.0341690025,0.0395560524
2018,144,LKA,Sri Lanka,X,Export,0902,Tea (HS 0902),,,CHINA,destination,9943270,9943270,kg,46550000,4.6815584813,false,true,true,HS 0902,Direct transcription of the 2018 quantity/value pair in Department of Commerce Table 2.10; source units converted from 000 kg and USD million.,SRI_LANKA_COMMERCE_TEA_BUYERS_2018,2026-07-14,0.0331161163,0.0355265769
2018,144,LKA,Sri Lanka,X,Export,0902,Tea (HS 0902),,,JAPAN,destination,7414610,7414610,kg,42940000,5.7912688597,false,true,true,HS 0902,Direct transcription of the 2018 quantity/value pair in Department of Commerce Table 2.10; source units converted from 000 kg and USD million.,SRI_LANKA_COMMERCE_TEA_BUYERS_2018,2026-07-14,0.0305479277,0.0264918596
2018,144,LKA,Sri Lanka,X,Export,0902,Tea (HS 0902),,,SAUDI ARABIA,destination,5590550,5590550,kg,36190000,6.4734239028,false,true,true,HS 0902,Direct transcription of the 2018 quantity/value pair in Department of Commerce Table 2.10; source units converted from 000 kg and USD million.,SRI_LANKA_COMMERCE_TEA_BUYERS_2018,2026-07-14,0.025745913,0.0199746265
2018,144,LKA,Sri Lanka,X,Export,0902,Tea (HS 0902),,,U.S.A,destination,5350220,5350220,kg,34460000,6.4408566377,false,true,true,HS 0902,Direct transcription of the 2018 quantity/value pair in Department of Commerce Table 2.10; source units converted from 000 kg and USD million.,SRI_LANKA_COMMERCE_TEA_BUYERS_2018,2026-07-14,0.0245151744,0.019115945
2018,144,LKA,Sri Lanka,X,Export,0902,Tea (HS 0902),,,CHILE,destination,7540040,7540040,kg,31410000,4.1657603938,false,true,true,HS 0902,Direct transcription of the 2018 quantity/value pair in Department of Commerce Table 2.10; source units converted from 000 kg and USD million.,SRI_LANKA_COMMERCE_TEA_BUYERS_2018,2026-07-14,0.0223453751,0.0269400118
2018,144,LKA,Sri Lanka,X,Export,0902,Tea (HS 0902),,,GERMENY,destination,6042640,6042640,kg,31130000,5.151721764,false,true,true,HS 0902,Direct transcription of the 2018 quantity/value pair in Department of Commerce Table 2.10; source units converted from 000 kg and USD million.,SRI_LANKA_COMMERCE_TEA_BUYERS_2018,2026-07-14,0.0221461804,0.021589911
2018,144,LKA,Sri Lanka,X,Export,0902,Tea (HS 0902),,,JORDAN,destination,4718820,4718820,kg,26760000,5.6709092527,false,true,true,HS 0902,Direct transcription of the 2018 quantity/value pair in Department of Commerce Table 2.10; source units converted from 000 kg and USD million.,SRI_LANKA_COMMERCE_TEA_BUYERS_2018,2026-07-14,0.0190373205,0.0168599989
2018,144,LKA,Sri Lanka,X,Export,0902,Tea (HS 0902),,,NETHERLANDS (HOLAND),destination,3144750,3144750,kg,23690000,7.5331902377,false,true,true,HS 0902,Direct transcription of the 2018 quantity/value pair in Department of Commerce Table 2.10; source units converted from 000 kg and USD million.,SRI_LANKA_COMMERCE_TEA_BUYERS_2018,2026-07-14,0.0168532931,0.0112359619
2018,144,LKA,Sri Lanka,X,Export,0902,Tea (HS 0902),,,HONG KONG,destination,4872580,4872580,kg,23640000,4.8516391727,false,true,true,HS 0902,Direct transcription of the 2018 quantity/value pair in Department of Commerce Table 2.10; source units converted from 000 kg and USD million.,SRI_LANKA_COMMERCE_TEA_BUYERS_2018,2026-07-14,0.0168177226,0.0174093722
2018,144,LKA,Sri Lanka,X,Export,0902,Tea (HS 0902),,,AUSTRALIA,destination,2300040,2300040,kg,23190000,10.082433349,false,true,true,HS 0902,Direct transcription of the 2018 quantity/value pair in Department of Commerce Table 2.10; source units converted from 000 kg and USD million.,SRI_LANKA_COMMERCE_TEA_BUYERS_2018,2026-07-14,0.0164975883,0.0082178748
2018,144,LKA,Sri Lanka,X,Export,0902,Tea (HS 0902),,,UKRAINE,destination,3675290,3675290,kg,21450000,5.8362741444,false,true,true,HS 0902,Direct transcription of the 2018 quantity/value pair in Department of Commerce Table 2.10; source units converted from 000 kg and USD million.,SRI_LANKA_COMMERCE_TEA_BUYERS_2018,2026-07-14,0.0152597356,0.0131315425
2018,144,LKA,Sri Lanka,X,Export,0902,Tea (HS 0902),,,LEBANON,destination,3572530,3572530,kg,21030000,5.8865845773,false,true,true,HS 0902,Direct transcription of the 2018 quantity/value pair in Department of Commerce Table 2.10; source units converted from 000 kg and USD million.,SRI_LANKA_COMMERCE_TEA_BUYERS_2018,2026-07-14,0.0149609436,0.0127643886
2018,144,LKA,Sri Lanka,X,Export,0902,Tea (HS 0902),,,TAIWAN,destination,4464710,4464710,kg,19130000,4.2847127809,false,true,true,HS 0902,Direct transcription of the 2018 quantity/value pair in Department of Commerce Table 2.10; source units converted from 000 kg and USD million.,SRI_LANKA_COMMERCE_TEA_BUYERS_2018,2026-07-14,0.0136092654,0.0159520825
2018,144,LKA,Sri Lanka,X,Export,0902,Tea (HS 0902),,,POLAND,destination,2408530,2408530,kg,17000000,7.0582471466,false,true,true,HS 0902,Direct transcription of the 2018 quantity/value pair in Department of Commerce Table 2.10; source units converted from 000 kg and USD million.,SRI_LANKA_COMMERCE_TEA_BUYERS_2018,2026-07-14,0.012093963,0.0086055016
2018,144,LKA,Sri Lanka,X,Export,0902,Tea (HS 0902),,,BELGIUM,destination,3510040,3510040,kg,14980000,4.2677576324,false,true,true,HS 0902,Direct transcription of the 2018 quantity/value pair in Department of Commerce Table 2.10; source units converted from 000 kg and USD million.,SRI_LANKA_COMMERCE_TEA_BUYERS_2018,2026-07-14,0.0106569156,0.0125411163
2018,144,LKA,Sri Lanka,X,Export,0902,Tea (HS 0902),,,KUWAIT,destination,2260630,2260630,kg,13600000,6.0160220823,false,true,true,HS 0902,Direct transcription of the 2018 quantity/value pair in Department of Commerce Table 2.10; source units converted from 000 kg and USD million.,SRI_LANKA_COMMERCE_TEA_BUYERS_2018,2026-07-14,0.0096751704,0.0080770657
2018,144,LKA,Sri Lanka,X,Export,0902,Tea (HS 0902),,,U.K,destination,1293780,1293780,kg,13220000,10.218120546,false,true,true,HS 0902,Direct transcription of the 2018 quantity/value pair in Department of Commerce Table 2.10; source units converted from 000 kg and USD million.,SRI_LANKA_COMMERCE_TEA_BUYERS_2018,2026-07-14,0.0094048347,0.0046225814
2018,144,LKA,Sri Lanka,X,Export,0902,Tea (HS 0902),,,ISRAEL,destination,1793120,1793120,kg,10030000,5.5936022129,false,true,true,HS 0902,Direct transcription of the 2018 quantity/value pair in Department of Commerce Table 2.10; source units converted from 000 kg and USD million.,SRI_LANKA_COMMERCE_TEA_BUYERS_2018,2026-07-14,0.0071354382,0.0064066867
2018,144,LKA,Sri Lanka,X,Export,0902,Tea (HS 0902),,,OTHER COUNTRIES,destination,1516860,1516860,kg,10000000,6.5925662223,false,true,true,HS 0902,Direct transcription of the 2018 quantity/value pair in Department of Commerce Table 2.10; source units converted from 000 kg and USD million.,SRI_LANKA_COMMERCE_TEA_BUYERS_2018,2026-07-14,0.0071140959,0.0054196299
2018,144,LKA,Sri Lanka,X,Export,0902,Tea (HS 0902),,,EGYPT,destination,2023390,2023390,kg,9640000,4.7642817252,false,true,true,HS 0902,Direct transcription of the 2018 quantity/value pair in Department of Commerce Table 2.10; source units converted from 000 kg and USD million.,SRI_LANKA_COMMERCE_TEA_BUYERS_2018,2026-07-14,0.0068579884,0.0072294246
2018,144,LKA,Sri Lanka,X,Export,0902,Tea (HS 0902),,,SOUTH AFRICA,destination,1722970,1722970,kg,8050000,4.6721649245,false,true,true,HS 0902,Direct transcription of the 2018 quantity/value pair in Department of Commerce Table 2.10; source units converted from 000 kg and USD million.,SRI_LANKA_COMMERCE_TEA_BUYERS_2018,2026-07-14,0.0057268472,0.0061560459
2018,144,LKA,Sri Lanka,X,Export,0902,Tea (HS 0902),,,ALBANIA,destination,1798140,1798140,kg,8000000,4.4490417876,false,true,true,HS 0902,Direct transcription of the 2018 quantity/value pair in Department of Commerce Table 2.10; source units converted from 000 kg and USD million.,SRI_LANKA_COMMERCE_TEA_BUYERS_2018,2026-07-14,0.0056912767,0.0064246228
2018,144,LKA,Sri Lanka,X,Export,0902,Tea (HS 0902),,,NEW ZEALAND,destination,879210,879210,kg,7730000,8.7919837127,false,true,true,HS 0902,Direct transcription of the 2018 quantity/value pair in Department of Commerce Table 2.10; source units converted from 000 kg and USD million.,SRI_LANKA_COMMERCE_TEA_BUYERS_2018,2026-07-14,0.0054991961,0.0031413531
2018,144,LKA,Sri Lanka,X,Export,0902,Tea (HS 0902),,,ITALY,destination,1404500,1404500,kg,6250000,4.4499822001,false,true,true,HS 0902,Direct transcription of the 2018 quantity/value pair in Department of Commerce Table 2.10; source units converted from 000 kg and USD million.,SRI_LANKA_COMMERCE_TEA_BUYERS_2018,2026-07-14,0.0044463099,0.0050181758
2018,144,LKA,Sri Lanka,X,Export,0902,Tea (HS 0902),,,GHANA,destination,866650,866650,kg,5780000,6.6693590261,false,true,true,HS 0902,Direct transcription of the 2018 quantity/value pair in Department of Commerce Table 2.10; source units converted from 000 kg and USD million.,SRI_LANKA_COMMERCE_TEA_BUYERS_2018,2026-07-14,0.0041119474,0.0030964771
2018,144,LKA,Sri Lanka,X,Export,0902,Tea (HS 0902),,,FRANCE,destination,852200,852200,kg,5650000,6.6298990847,false,true,true,HS 0902,Direct transcription of the 2018 quantity/value pair in Department of Commerce Table 2.10; source units converted from 000 kg and USD million.,SRI_LANKA_COMMERCE_TEA_BUYERS_2018,2026-07-14,0.0040194642,0.0030448483
2018,144,LKA,Sri Lanka,X,Export,0902,Tea (HS 0902),,,INDIA,destination,843920,843920,kg,5110000,6.0550763106,false,true,true,HS 0902,Direct transcription of the 2018 quantity/value pair in Department of Commerce Table 2.10; source units converted from 000 kg and USD million.,SRI_LANKA_COMMERCE_TEA_BUYERS_2018,2026-07-14,0.003635303,0.0030152645
2018,144,LKA,Sri Lanka,X,Export,0902,Tea (HS 0902),,,UZBEKISTAN,destination,830930,830930,kg,4600000,5.5359657252,false,true,true,HS 0902,Direct transcription of the 2018 quantity/value pair in Department of Commerce Table 2.10; source units converted from 000 kg and USD million.,SRI_LANKA_COMMERCE_TEA_BUYERS_2018,2026-07-14,0.0032724841,0.0029688522
2018,144,LKA,Sri Lanka,X,Export,0902,Tea (HS 0902),,,FINLAND,destination,850480,850480,kg,4360000,5.1265167905,false,true,true,HS 0902,Direct transcription of the 2018 quantity/value pair in Department of Commerce Table 2.10; source units converted from 000 kg and USD million.,SRI_LANKA_COMMERCE_TEA_BUYERS_2018,2026-07-14,0.0031017458,0.0030387029
2018,144,LKA,Sri Lanka,X,Export,0902,Tea (HS 0902),,,CANADA,destination,572500,572500,kg,4290000,7.4934497817,false,true,true,HS 0902,Direct transcription of the 2018 quantity/value pair in Department of Commerce Table 2.10; source units converted from 000 kg and USD million.,SRI_LANKA_COMMERCE_TEA_BUYERS_2018,2026-07-14,0.0030519471,0.0020455007
2018,144,LKA,Sri Lanka,X,Export,0902,Tea (HS 0902),,,SENEGAL,destination,653870,653870,kg,4040000,6.1785981923,false,true,true,HS 0902,Direct transcription of the 2018 quantity/value pair in Department of Commerce Table 2.10; source units converted from 000 kg and USD million.,SRI_LANKA_COMMERCE_TEA_BUYERS_2018,2026-07-14,0.0028740947,0.0023362297
2018,144,LKA,Sri Lanka,X,Export,0902,Tea (HS 0902),,,SINGAPORE,destination,429180,429180,kg,3930000,9.1569970642,false,true,true,HS 0902,Direct transcription of the 2018 quantity/value pair in Department of Commerce Table 2.10; source units converted from 000 kg and USD million.,SRI_LANKA_COMMERCE_TEA_BUYERS_2018,2026-07-14,0.0027958397,0.0015334288
2018,144,LKA,Sri Lanka,X,Export,0902,Tea (HS 0902),,,KYRGYZSTAN,destination,775480,775480,kg,3870000,4.9904575231,false,true,true,HS 0902,Direct transcription of the 2018 quantity/value pair in Department of Commerce Table 2.10; source units converted from 000 kg and USD million.,SRI_LANKA_COMMERCE_TEA_BUYERS_2018,2026-07-14,0.0027531551,0.0027707334
2018,144,LKA,Sri Lanka,X,Export,0902,Tea (HS 0902),,,GEOREGIA,destination,747580,747580,kg,3830000,5.1231975173,false,true,true,HS 0902,Direct transcription of the 2018 quantity/value pair in Department of Commerce Table 2.10; source units converted from 000 kg and USD million.,SRI_LANKA_COMMERCE_TEA_BUYERS_2018,2026-07-14,0.0027246987,0.0026710487
2018,144,LKA,Sri Lanka,X,Export,0902,Tea (HS 0902),,,VIETNAM,destination,428710,428710,kg,3690000,8.6072169998,false,true,true,HS 0902,Direct transcription of the 2018 quantity/value pair in Department of Commerce Table 2.10; source units converted from 000 kg and USD million.,SRI_LANKA_COMMERCE_TEA_BUYERS_2018,2026-07-14,0.0026251014,0.0015317495
2018,144,LKA,Sri Lanka,X,Export,0902,Tea (HS 0902),,,COTE DIVORIE,destination,561700,561700,kg,3540000,6.3022965996,false,true,true,HS 0902,Direct transcription of the 2018 quantity/value pair in Department of Commerce Table 2.10; source units converted from 000 kg and USD million.,SRI_LANKA_COMMERCE_TEA_BUYERS_2018,2026-07-14,0.0025183899,0.002006913
2018,144,LKA,Sri Lanka,X,Export,0902,Tea (HS 0902),,,GREECE,destination,683000,683000,kg,3350000,4.9048316252,false,true,true,HS 0902,Direct transcription of the 2018 quantity/value pair in Department of Commerce Table 2.10; source units converted from 000 kg and USD million.,SRI_LANKA_COMMERCE_TEA_BUYERS_2018,2026-07-14,0.0023832221,0.0024403091
2018,144,LKA,Sri Lanka,X,Export,0902,Tea (HS 0902),,,SWEDEN,destination,422320,422320,kg,3300000,7.8139799204,false,true,true,HS 0902,Direct transcription of the 2018 quantity/value pair in Department of Commerce Table 2.10; source units converted from 000 kg and USD million.,SRI_LANKA_COMMERCE_TEA_BUYERS_2018,2026-07-14,0.0023476516,0.0015089185
2018,144,LKA,Sri Lanka,X,Export,0902,Tea (HS 0902),,,KAZAKHASTAN,destination,593930,593930,kg,3220000,5.4215143199,false,true,true,HS 0902,Direct transcription of the 2018 quantity/value pair in Department of Commerce Table 2.10; source units converted from 000 kg and USD million.,SRI_LANKA_COMMERCE_TEA_BUYERS_2018,2026-07-14,0.0022907389,0.0021220685
2018,144,LKA,Sri Lanka,X,Export,0902,Tea (HS 0902),,,LITHUANIA,destination,315230,315230,kg,3020000,9.5803064429,false,true,true,HS 0902,Direct transcription of the 2018 quantity/value pair in Department of Commerce Table 2.10; source units converted from 000 kg and USD million.,SRI_LANKA_COMMERCE_TEA_BUYERS_2018,2026-07-14,0.002148457,0.0011262937
2018,144,LKA,Sri Lanka,X,Export,0902,Tea (HS 0902),,,GUINEA,destination,484300,484300,kg,2780000,5.7402436506,false,true,true,HS 0902,Direct transcription of the 2018 quantity/value pair in Department of Commerce Table 2.10; source units converted from 000 kg and USD million.,SRI_LANKA_COMMERCE_TEA_BUYERS_2018,2026-07-14,0.0019777187,0.0017303685
2018,144,LKA,Sri Lanka,X,Export,0902,Tea (HS 0902),,,BELRUS,destination,317540,317540,kg,2610000,8.2194369213,false,true,true,HS 0902,Direct transcription of the 2018 quantity/value pair in Department of Commerce Table 2.10; source units converted from 000 kg and USD million.,SRI_LANKA_COMMERCE_TEA_BUYERS_2018,2026-07-14,0.001856779,0.0011345472
2018,144,LKA,Sri Lanka,X,Export,0902,Tea (HS 0902),,,NIGERIA,destination,369370,369370,kg,2560000,6.9307198744,false,true,true,HS 0902,Direct transcription of the 2018 quantity/value pair in Department of Commerce Table 2.10; source units converted from 000 kg and USD million.,SRI_LANKA_COMMERCE_TEA_BUYERS_2018,2026-07-14,0.0018212085,0.001319732
2018,144,LKA,Sri Lanka,X,Export,0902,Tea (HS 0902),,,ANGOLA,destination,413760,413760,kg,2520000,6.090487239,false,true,true,HS 0902,Direct transcription of the 2018 quantity/value pair in Department of Commerce Table 2.10; source units converted from 000 kg and USD million.,SRI_LANKA_COMMERCE_TEA_BUYERS_2018,2026-07-14,0.0017927522,0.0014783342
2018,144,LKA,Sri Lanka,X,Export,0902,Tea (HS 0902),,,QATAR-DHOHA,destination,305590,305590,kg,2380000,7.7882129651,false,true,true,HS 0902,Direct transcription of the 2018 quantity/value pair in Department of Commerce Table 2.10; source units converted from 000 kg and USD million.,SRI_LANKA_COMMERCE_TEA_BUYERS_2018,2026-07-14,0.0016931548,0.0010918507
2018,144,LKA,Sri Lanka,X,Export,0902,Tea (HS 0902),,,CONGO,destination,418360,418360,kg,2310000,5.5215603786,false,true,true,HS 0902,Direct transcription of the 2018 quantity/value pair in Department of Commerce Table 2.10; source units converted from 000 kg and USD million.,SRI_LANKA_COMMERCE_TEA_BUYERS_2018,2026-07-14,0.0016433561,0.0014947697
2018,144,LKA,Sri Lanka,X,Export,0902,Tea (HS 0902),,,MALAYSIA,destination,389050,389050,kg,2310000,5.9375401619,false,true,true,HS 0902,Direct transcription of the 2018 quantity/value pair in Department of Commerce Table 2.10; source units converted from 000 kg and USD million.,SRI_LANKA_COMMERCE_TEA_BUYERS_2018,2026-07-14,0.0016433561,0.0013900472
2018,144,LKA,Sri Lanka,X,Export,0902,Tea (HS 0902),,,FIJI ISLAND,destination,398750,398750,kg,2120000,5.3166144201,false,true,true,HS 0902,Direct transcription of the 2018 quantity/value pair in Department of Commerce Table 2.10; source units converted from 000 kg and USD million.,SRI_LANKA_COMMERCE_TEA_BUYERS_2018,2026-07-14,0.0015081883,0.0014247046
2018,144,LKA,Sri Lanka,X,Export,0902,Tea (HS 0902),,,MALDIVES,destination,212780,212780,kg,2070000,9.7283579284,false,true,true,HS 0902,Direct transcription of the 2018 quantity/value pair in Department of Commerce Table 2.10; source units converted from 000 kg and USD million.,SRI_LANKA_COMMERCE_TEA_BUYERS_2018,2026-07-14,0.0014726178,0.0007602474
2018,144,LKA,Sri Lanka,X,Export,0902,Tea (HS 0902),,,INDONESIA,destination,234370,234370,kg,1850000,7.893501728,false,true,true,HS 0902,Direct transcription of the 2018 quantity/value pair in Department of Commerce Table 2.10; source units converted from 000 kg and USD million.,SRI_LANKA_COMMERCE_TEA_BUYERS_2018,2026-07-14,0.0013161077,0.0008373869
2018,144,LKA,Sri Lanka,X,Export,0902,Tea (HS 0902),,,DENMARK,destination,146260,146260,kg,1840000,12.5803363873,false,true,true,HS 0902,Direct transcription of the 2018 quantity/value pair in Department of Commerce Table 2.10; source units converted from 000 kg and USD million.,SRI_LANKA_COMMERCE_TEA_BUYERS_2018,2026-07-14,0.0013089936,0.0005225763
2018,144,LKA,Sri Lanka,X,Export,0902,Tea (HS 0902),,,CZECH REPUBLIC,destination,106530,106530,kg,1740000,16.3334272036,false,true,true,HS 0902,Direct transcription of the 2018 quantity/value pair in Department of Commerce Table 2.10; source units converted from 000 kg and USD million.,SRI_LANKA_COMMERCE_TEA_BUYERS_2018,2026-07-14,0.0012378527,0.0003806239
2018,144,LKA,Sri Lanka,X,Export,0902,Tea (HS 0902),,,THAILAND,destination,100610,100610,kg,1510000,15.0084484644,false,true,true,HS 0902,Direct transcription of the 2018 quantity/value pair in Department of Commerce Table 2.10; source units converted from 000 kg and USD million.,SRI_LANKA_COMMERCE_TEA_BUYERS_2018,2026-07-14,0.0010742285,0.0003594722
2018,144,LKA,Sri Lanka,X,Export,0902,Tea (HS 0902),,,SOUTH KOREA,destination,163770,163770,kg,1360000,8.3043292422,false,true,true,HS 0902,Direct transcription of the 2018 quantity/value pair in Department of Commerce Table 2.10; source units converted from 000 kg and USD million.,SRI_LANKA_COMMERCE_TEA_BUYERS_2018,2026-07-14,0.000967517,0.0005851382
2018,144,LKA,Sri Lanka,X,Export,0902,Tea (HS 0902),,,PHILIPPINES,destination,128530,128530,kg,1270000,9.8809616432,false,true,true,HS 0902,Direct transcription of the 2018 quantity/value pair in Department of Commerce Table 2.10; source units converted from 000 kg and USD million.,SRI_LANKA_COMMERCE_TEA_BUYERS_2018,2026-07-14,0.0009034902,0.0004592283
2018,144,LKA,Sri Lanka,X,Export,0902,Tea (HS 0902),,,BULGARIA,destination,228430,228430,kg,1090000,4.7717024909,false,true,true,HS 0902,Direct transcription of the 2018 quantity/value pair in Department of Commerce Table 2.10; source units converted from 000 kg and USD million.,SRI_LANKA_COMMERCE_TEA_BUYERS_2018,2026-07-14,0.0007754364,0.0008161637
2018,144,LKA,Sri Lanka,X,Export,0902,Tea (HS 0902),,,MAURITANIA,destination,151230,151230,kg,1080000,7.1414401904,false,true,true,HS 0902,Direct transcription of the 2018 quantity/value pair in Department of Commerce Table 2.10; source units converted from 000 kg and USD million.,SRI_LANKA_COMMERCE_TEA_BUYERS_2018,2026-07-14,0.0007683224,0.0005403337
2018,144,LKA,Sri Lanka,X,Export,0902,Tea (HS 0902),,,MONGOLIA,destination,136060,136060,kg,1040000,7.6436866088,false,true,true,HS 0902,Direct transcription of the 2018 quantity/value pair in Department of Commerce Table 2.10; source units converted from 000 kg and USD million.,SRI_LANKA_COMMERCE_TEA_BUYERS_2018,2026-07-14,0.000739866,0.0004861324
2018,144,LKA,Sri Lanka,X,Export,0902,Tea (HS 0902),,,SWITZERLAND,destination,206160,206160,kg,1000000,4.8506014746,false,true,true,HS 0902,Direct transcription of the 2018 quantity/value pair in Department of Commerce Table 2.10; source units converted from 000 kg and USD million.,SRI_LANKA_COMMERCE_TEA_BUYERS_2018,2026-07-14,0.0007114096,0.0007365946
2018,144,LKA,Sri Lanka,X,Export,0902,Tea (HS 0902),,,LATVIA,destination,100840,100840,kg,970000,9.6191987307,false,true,true,HS 0902,Direct transcription of the 2018 quantity/value pair in Department of Commerce Table 2.10; source units converted from 000 kg and USD million.,SRI_LANKA_COMMERCE_TEA_BUYERS_2018,2026-07-14,0.0006900673,0.0003602939
2018,144,LKA,Sri Lanka,X,Export,0902,Tea (HS 0902),,,GAMBIA,destination,207130,207130,kg,960000,4.634770434,false,true,true,HS 0902,Direct transcription of the 2018 quantity/value pair in Department of Commerce Table 2.10; source units converted from 000 kg and USD million.,SRI_LANKA_COMMERCE_TEA_BUYERS_2018,2026-07-14,0.0006829532,0.0007400603
2018,144,LKA,Sri Lanka,X,Export,0902,Tea (HS 0902),,,BURKINA,destination,101770,101770,kg,880000,8.6469490027,false,true,true,HS 0902,Direct transcription of the 2018 quantity/value pair in Department of Commerce Table 2.10; source units converted from 000 kg and USD million.,SRI_LANKA_COMMERCE_TEA_BUYERS_2018,2026-07-14,0.0006260404,0.0003636168
2018,144,LKA,Sri Lanka,X,Export,0902,Tea (HS 0902),,,BAHRAIN,destination,95040,95040,kg,820000,8.6279461279,false,true,true,HS 0902,Direct transcription of the 2018 quantity/value pair in Department of Commerce Table 2.10; source units converted from 000 kg and USD million.,SRI_LANKA_COMMERCE_TEA_BUYERS_2018,2026-07-14,0.0005833559,0.000339571
2018,144,LKA,Sri Lanka,X,Export,0902,Tea (HS 0902),,,ESTONIA,destination,80310,80310,kg,700000,8.7162246296,false,true,true,HS 0902,Direct transcription of the 2018 quantity/value pair in Department of Commerce Table 2.10; source units converted from 000 kg and USD million.,SRI_LANKA_COMMERCE_TEA_BUYERS_2018,2026-07-14,0.0004979867,0.0002869418
2018,144,LKA,Sri Lanka,X,Export,0902,Tea (HS 0902),,,NORWAY,destination,78490,78490,kg,510000,6.4976430118,false,true,true,HS 0902,Direct transcription of the 2018 quantity/value pair in Department of Commerce Table 2.10; source units converted from 000 kg and USD million.,SRI_LANKA_COMMERCE_TEA_BUYERS_2018,2026-07-14,0.0003628189,0.000280439
2018,144,LKA,Sri Lanka,X,Export,0902,Tea (HS 0902),,,URUGUAY,destination,93680,93680,kg,510000,5.4440649018,false,true,true,HS 0902,Direct transcription of the 2018 quantity/value pair in Department of Commerce Table 2.10; source units converted from 000 kg and USD million.,SRI_LANKA_COMMERCE_TEA_BUYERS_2018,2026-07-14,0.0003628189,0.0003347118
2018,144,LKA,Sri Lanka,X,Export,0902,Tea (HS 0902),,,AUSTRIA,destination,115030,115030,kg,470000,4.0858906372,false,true,true,HS 0902,Direct transcription of the 2018 quantity/value pair in Department of Commerce Table 2.10; source units converted from 000 kg and USD million.,SRI_LANKA_COMMERCE_TEA_BUYERS_2018,2026-07-14,0.0003343625,0.0004109938
2018,144,LKA,Sri Lanka,X,Export,0902,Tea (HS 0902),,,LIBERIA,destination,83730,83730,kg,460000,5.4938492774,false,true,true,HS 0902,Direct transcription of the 2018 quantity/value pair in Department of Commerce Table 2.10; source units converted from 000 kg and USD million.,SRI_LANKA_COMMERCE_TEA_BUYERS_2018,2026-07-14,0.0003272484,0.0002991612
2018,144,LKA,Sri Lanka,X,Export,0902,Tea (HS 0902),,,YEMEN,destination,94380,94380,kg,450000,4.7679593134,false,true,true,HS 0902,Direct transcription of the 2018 quantity/value pair in Department of Commerce Table 2.10; source units converted from 000 kg and USD million.,SRI_LANKA_COMMERCE_TEA_BUYERS_2018,2026-07-14,0.0003201343,0.0003372128
2018,144,LKA,Sri Lanka,X,Export,0902,Tea (HS 0902),,,TADZHIKISTAN,destination,68780,68780,kg,430000,6.2518173888,false,true,true,HS 0902,Direct transcription of the 2018 quantity/value pair in Department of Commerce Table 2.10; source units converted from 000 kg and USD million.,SRI_LANKA_COMMERCE_TEA_BUYERS_2018,2026-07-14,0.0003059061,0.0002457459
2018,144,LKA,Sri Lanka,X,Export,0902,Tea (HS 0902),,,SIERRA LEONE,destination,69310,69310,kg,420000,6.0597316405,false,true,true,HS 0902,Direct transcription of the 2018 quantity/value pair in Department of Commerce Table 2.10; source units converted from 000 kg and USD million.,SRI_LANKA_COMMERCE_TEA_BUYERS_2018,2026-07-14,0.000298792,0.0002476396
2018,144,LKA,Sri Lanka,X,Export,0902,Tea (HS 0902),,,HUNGARY,destination,19690,19690,kg,300000,15.2361604876,false,true,true,HS 0902,Direct transcription of the 2018 quantity/value pair in Department of Commerce Table 2.10; source units converted from 000 kg and USD million.,SRI_LANKA_COMMERCE_TEA_BUYERS_2018,2026-07-14,0.0002134229,0.0000703509
2018,144,LKA,Sri Lanka,X,Export,0902,Tea (HS 0902),,,MALI,destination,32630,32630,kg,240000,7.3551946062,false,true,true,HS 0902,Direct transcription of the 2018 quantity/value pair in Department of Commerce Table 2.10; source units converted from 000 kg and USD million.,SRI_LANKA_COMMERCE_TEA_BUYERS_2018,2026-07-14,0.0001707383,0.0001165846
2018,144,LKA,Sri Lanka,X,Export,0902,Tea (HS 0902),,,TUNISIA,destination,8110,8110,kg,40000,4.9321824908,false,true,true,HS 0902,Direct transcription of the 2018 quantity/value pair in Department of Commerce Table 2.10; source units converted from 000 kg and USD million.,SRI_LANKA_COMMERCE_TEA_BUYERS_2018,2026-07-14,0.0000284564,0.0000289764
2019,144,LKA,Sri Lanka,X,Export,0902,Tea,0,W00,World,world_total,289585937.61,289585937.61,kg,1322583369.629,4.5671532967,false,false,true,H5,,UN_COMTRADE_HS0902_ANNUAL,2026-07-14,,
2019,144,LKA,Sri Lanka,X,Export,0902,Tea,792,TUR,Türkiye,destination,39087173.1,39087173.1,kg,161485945.25,4.1314306572,false,false,true,H5,,UN_COMTRADE_HS0902_ANNUAL,2026-07-14,0.1220988778,0.1349760745
2019,144,LKA,Sri Lanka,X,Export,0902,Tea,643,RUS,Russian Federation,destination,29068046.95,29068046.95,kg,133520424.686,4.5933744677,false,false,true,H5,,UN_COMTRADE_HS0902_ANNUAL,2026-07-14,0.1009542595,0.1003779644
2019,144,LKA,Sri Lanka,X,Export,0902,Tea,368,IRQ,Iraq,destination,38408053.37,38408053.37,kg,111757068.207,2.9097300801,false,false,true,H5,,UN_COMTRADE_HS0902_ANNUAL,2026-07-14,0.0844990726,0.132630934
2019,144,LKA,Sri Lanka,X,Export,0902,Tea,364,IRN,Iran,destination,22263857.85,22263857.85,kg,101010400.934,4.5369675649,false,false,true,H5,,UN_COMTRADE_HS0902_ANNUAL,2026-07-14,0.0763735605,0.0768816954
2019,144,LKA,Sri Lanka,X,Export,0902,Tea,760,SYR,Syria,destination,10985911,10985911,kg,54563636.509,4.9666920212,false,false,true,H5,,UN_COMTRADE_HS0902_ANNUAL,2026-07-14,0.0412553475,0.0379366177
2019,144,LKA,Sri Lanka,X,Export,0902,Tea,31,AZE,Azerbaijan,destination,11721213.98,11721213.98,kg,52967577.83,4.5189498221,false,false,true,H5,,UN_COMTRADE_HS0902_ANNUAL,2026-07-14,0.0400485739,0.0404757706
2019,144,LKA,Sri Lanka,X,Export,0902,Tea,156,CHN,China,destination,11524591.89,11524591.89,kg,47906645.882,4.1569060613,false,false,true,H5,,UN_COMTRADE_HS0902_ANNUAL,2026-07-14,0.0362220235,0.039796794
2019,144,LKA,Sri Lanka,X,Export,0902,Tea,434,LBY,Libya,destination,12329365.4,12329365.4,kg,45583380.683,3.6971392447,false,false,true,H5,,UN_COMTRADE_HS0902_ANNUAL,2026-07-14,0.034465412,0.0425758429
2019,144,LKA,Sri Lanka,X,Export,0902,Tea,682,SAU,Saudi Arabia,destination,6848448.48,6848448.48,kg,42453015.203,6.1989245195,false,false,true,H5,,UN_COMTRADE_HS0902_ANNUAL,2026-07-14,0.0320985551,0.0236491058
2019,144,LKA,Sri Lanka,X,Export,0902,Tea,392,JPN,Japan,destination,7533711.8,7533711.8,kg,40553705.774,5.3829648453,false,false,true,H5,,UN_COMTRADE_HS0902_ANNUAL,2026-07-14,0.0306624949,0.0260154615
2019,144,LKA,Sri Lanka,X,Export,0902,Tea,784,ARE,United Arab Emirates,destination,9898621.45,9898621.45,kg,40042539.6,4.0452642625,false,false,true,H5,,UN_COMTRADE_HS0902_ANNUAL,2026-07-14,0.0302760042,0.0341819825
2019,144,LKA,Sri Lanka,X,Export,0902,Tea,842,USA,USA,destination,6979064.21,6979064.21,kg,38528312.824,5.520555717,false,false,true,H5,,UN_COMTRADE_HS0902_ANNUAL,2026-07-14,0.0291311033,0.0241001489
2019,144,LKA,Sri Lanka,X,Export,0902,Tea,276,DEU,Germany,destination,7181010.36,7181010.36,kg,34458147.356,4.7985096287,false,false,true,H5,,UN_COMTRADE_HS0902_ANNUAL,2026-07-14,0.0260536675,0.0247975106
2019,144,LKA,Sri Lanka,X,Export,0902,Tea,36,AUS,Australia,destination,2981253.51,2981253.51,kg,28031907.474,9.4027251892,false,false,true,H5,,UN_COMTRADE_HS0902_ANNUAL,2026-07-14,0.0211948132,0.0102948836
2019,144,LKA,Sri Lanka,X,Export,0902,Tea,400,JOR,Jordan,destination,5167594.47,5167594.47,kg,26313021.314,5.0919284527,false,false,true,H5,,UN_COMTRADE_HS0902_ANNUAL,2026-07-14,0.0198951703,0.0178447701
2019,144,LKA,Sri Lanka,X,Export,0902,Tea,152,CHL,Chile,destination,7230128.89,7230128.89,kg,25499863.286,3.5268891709,false,false,true,H5,,UN_COMTRADE_HS0902_ANNUAL,2026-07-14,0.0192803447,0.024967127
2019,144,LKA,Sri Lanka,X,Export,0902,Tea,528,NLD,Netherlands,destination,3342356.98,3342356.98,kg,24575616.395,7.3527802512,false,false,true,H5,,UN_COMTRADE_HS0902_ANNUAL,2026-07-14,0.0185815253,0.0115418484
2019,144,LKA,Sri Lanka,X,Export,0902,Tea,804,UKR,Ukraine,destination,4133906.37,4133906.37,kg,22849604.619,5.5273638476,false,false,true,H5,,UN_COMTRADE_HS0902_ANNUAL,2026-07-14,0.0172764947,0.0142752317
2019,144,LKA,Sri Lanka,X,Export,0902,Tea,344,HKG,"China, Hong Kong SAR",destination,4847311.64,4847311.64,kg,20224208.651,4.172252612,false,false,true,H5,,UN_COMTRADE_HS0902_ANNUAL,2026-07-14,0.0152914433,0.0167387674
2019,144,LKA,Sri Lanka,X,Export,0902,Tea,490,S19,"Other Asia, nes",destination,4659547.52,4659547.52,kg,19055196.729,4.0894950952,false,false,true,H5,,UN_COMTRADE_HS0902_ANNUAL,2026-07-14,0.0144075581,0.0160903791
2019,144,LKA,Sri Lanka,X,Export,0902,Tea,616,POL,Poland,destination,2604177.82,2604177.82,kg,18809481.305,7.2228098867,false,false,true,H5,,UN_COMTRADE_HS0902_ANNUAL,2026-07-14,0.0142217736,0.0089927634
2019,144,LKA,Sri Lanka,X,Export,0902,Tea,699,IND,India,destination,3349339.65,3349339.65,kg,16896580.323,5.0447497384,false,false,true,H5,,UN_COMTRADE_HS0902_ANNUAL,2026-07-14,0.0127754369,0.011565961
2019,144,LKA,Sri Lanka,X,Export,0902,Tea,422,LBN,Lebanon,destination,2824630.64,2824630.64,kg,15848893.058,5.610961247,false,false,true,H5,,UN_COMTRADE_HS0902_ANNUAL,2026-07-14,0.0119832847,0.0097540325
2019,144,LKA,Sri Lanka,X,Export,0902,Tea,414,KWT,Kuwait,destination,2259809.28,2259809.28,kg,13895872.126,6.1491349066,false,false,true,H5,,UN_COMTRADE_HS0902_ANNUAL,2026-07-14,0.0105066134,0.0078035878
2019,144,LKA,Sri Lanka,X,Export,0902,Tea,826,GBR,United Kingdom,destination,1279157.09,1279157.09,kg,13315897.096,10.4098997692,false,false,true,H5,,UN_COMTRADE_HS0902_ANNUAL,2026-07-14,0.0100680966,0.0044171934
2019,144,LKA,Sri Lanka,X,Export,0902,Tea,376,ISR,Israel,destination,1987567.19,1987567.19,kg,10142593.025,5.103018945,false,false,true,H5,,UN_COMTRADE_HS0902_ANNUAL,2026-07-14,0.0076687741,0.0068634797
2019,144,LKA,Sri Lanka,X,Export,0902,Tea,818,EGY,Egypt,destination,2170791.77,2170791.77,kg,8938776.002,4.1177491667,false,false,true,H5,,UN_COMTRADE_HS0902_ANNUAL,2026-07-14,0.0067585728,0.0074961919
2019,144,LKA,Sri Lanka,X,Export,0902,Tea,56,BEL,Belgium,destination,2211767.37,2211767.37,kg,8918634.167,4.0323563355,false,false,true,H5,,UN_COMTRADE_HS0902_ANNUAL,2026-07-14,0.0067433436,0.0076376891
2019,144,LKA,Sri Lanka,X,Export,0902,Tea,554,NZL,New Zealand,destination,949801.58,949801.58,kg,8112372.432,8.5411233281,false,false,true,H5,,UN_COMTRADE_HS0902_ANNUAL,2026-07-14,0.0061337324,0.0032798609
2019,144,LKA,Sri Lanka,X,Export,0902,Tea,8,ALB,Albania,destination,1975826,1975826,kg,7460846.726,3.7760646565,false,false,true,H5,,UN_COMTRADE_HS0902_ANNUAL,2026-07-14,0.0056411164,0.0068229349
2019,144,LKA,Sri Lanka,X,Export,0902,Tea,710,ZAF,South Africa,destination,1571225.19,1571225.19,kg,6117335.153,3.8933535383,false,false,true,H5,,UN_COMTRADE_HS0902_ANNUAL,2026-07-14,0.0046252927,0.0054257648
2019,144,LKA,Sri Lanka,X,Export,0902,Tea,288,GHA,Ghana,destination,821028.26,821028.26,kg,5362737.753,6.5317334546,false,false,true,H5,,UN_COMTRADE_HS0902_ANNUAL,2026-07-14,0.0040547446,0.00283518
2019,144,LKA,Sri Lanka,X,Export,0902,Tea,251,FRA,France,destination,766688.8,766688.8,kg,5103701.107,6.6568092647,false,false,true,H5,,UN_COMTRADE_HS0902_ANNUAL,2026-07-14,0.003858888,0.0026475346
2019,144,LKA,Sri Lanka,X,Export,0902,Tea,686,SEN,Senegal,destination,741088.72,741088.72,kg,4685659.336,6.3226698903,false,false,true,H5,,UN_COMTRADE_HS0902_ANNUAL,2026-07-14,0.0035428083,0.0025591323
2019,144,LKA,Sri Lanka,X,Export,0902,Tea,246,FIN,Finland,destination,964639.82,964639.82,kg,4618124.171,4.7874077715,false,false,true,H5,,UN_COMTRADE_HS0902_ANNUAL,2026-07-14,0.0034917452,0.0033311004
2019,144,LKA,Sri Lanka,X,Export,0902,Tea,417,KGZ,Kyrgyzstan,destination,980707.7,980707.7,kg,4605755.355,4.6963589202,false,false,true,H5,,UN_COMTRADE_HS0902_ANNUAL,2026-07-14,0.0034823932,0.0033865861
2019,144,LKA,Sri Lanka,X,Export,0902,Tea,380,ITA,Italy,destination,1002664.69,1002664.69,kg,4396008.49,4.3843256214,false,false,true,H5,,UN_COMTRADE_HS0902_ANNUAL,2026-07-14,0.0033238045,0.0034624081
2019,144,LKA,Sri Lanka,X,Export,0902,Tea,124,CAN,Canada,destination,639317.93,639317.93,kg,4395689.632,6.8755926054,false,false,true,H5,,UN_COMTRADE_HS0902_ANNUAL,2026-07-14,0.0033235634,0.0022076967
2019,144,LKA,Sri Lanka,X,Export,0902,Tea,860,UZB,Uzbekistan,destination,753038.96,753038.96,kg,4358440.716,5.7878024213,false,false,true,H5,,UN_COMTRADE_HS0902_ANNUAL,2026-07-14,0.0032953996,0.0026003989
2019,144,LKA,Sri Lanka,X,Export,0902,Tea,702,SGP,Singapore,destination,541866.24,541866.24,kg,4219541.792,7.7870542221,false,false,true,H5,,UN_COMTRADE_HS0902_ANNUAL,2026-07-14,0.0031903787,0.0018711759
2019,144,LKA,Sri Lanka,X,Export,0902,Tea,112,BLR,Belarus,destination,509162.06,509162.06,kg,3648197.266,7.165100373,false,false,true,H5,,UN_COMTRADE_HS0902_ANNUAL,2026-07-14,0.0027583874,0.0017582417
2019,144,LKA,Sri Lanka,X,Export,0902,Tea,384,CIV,Côte d'Ivoire,destination,558832.9,558832.9,kg,3607795.458,6.4559467741,false,false,true,H5,,UN_COMTRADE_HS0902_ANNUAL,2026-07-14,0.0027278397,0.0019297653
2019,144,LKA,Sri Lanka,X,Export,0902,Tea,300,GRC,Greece,destination,715513.12,715513.12,kg,3124023.072,4.3661296833,false,false,true,H5,,UN_COMTRADE_HS0902_ANNUAL,2026-07-14,0.0023620614,0.0024708145
2019,144,LKA,Sri Lanka,X,Export,0902,Tea,178,COG,Congo,destination,568934.25,568934.25,kg,3123477.839,5.4900506324,false,false,true,H5,,UN_COMTRADE_HS0902_ANNUAL,2026-07-14,0.0023616491,0.0019646474
2019,144,LKA,Sri Lanka,X,Export,0902,Tea,24,AGO,Angola,destination,518598.4,518598.4,kg,3116765.895,6.0099797743,false,false,true,H5,,UN_COMTRADE_HS0902_ANNUAL,2026-07-14,0.0023565742,0.0017908273
2019,144,LKA,Sri Lanka,X,Export,0902,Tea,458,MYS,Malaysia,destination,522948.29,522948.29,kg,3076154.25,5.882329685,false,false,true,H5,,UN_COMTRADE_HS0902_ANNUAL,2026-07-14,0.0023258679,0.0018058484
2019,144,LKA,Sri Lanka,X,Export,0902,Tea,788,TUN,Tunisia,destination,755064.64,755064.64,kg,3066559.997,4.0613211566,false,false,true,H5,,UN_COMTRADE_HS0902_ANNUAL,2026-07-14,0.0023186138,0.002607394
2019,144,LKA,Sri Lanka,X,Export,0902,Tea,268,GEO,Georgia,destination,718857.46,718857.46,kg,3031588.747,4.217232088,false,false,true,H5,,UN_COMTRADE_HS0902_ANNUAL,2026-07-14,0.0022921721,0.0024823631
2019,144,LKA,Sri Lanka,X,Export,0902,Tea,324,GIN,Guinea,destination,518816,518816,kg,2954420.155,5.6945432581,false,false,true,H5,,UN_COMTRADE_HS0902_ANNUAL,2026-07-14,0.0022338253,0.0017915787
2019,144,LKA,Sri Lanka,X,Export,0902,Tea,398,KAZ,Kazakhstan,destination,596747.09,596747.09,kg,2867855.849,4.805814552,false,false,true,H5,,UN_COMTRADE_HS0902_ANNUAL,2026-07-14,0.0021683743,0.0020606908
2019,144,LKA,Sri Lanka,X,Export,0902,Tea,704,VNM,Viet Nam,destination,203893.36,203893.36,kg,2785351.861,13.6608267233,false,false,true,H5,,UN_COMTRADE_HS0902_ANNUAL,2026-07-14,0.0021059934,0.0007040858
2019,144,LKA,Sri Lanka,X,Export,0902,Tea,752,SWE,Sweden,destination,365006.58,365006.58,kg,2779182.974,7.614062667,false,false,true,H5,,UN_COMTRADE_HS0902_ANNUAL,2026-07-14,0.0021013291,0.001260443
2019,144,LKA,Sri Lanka,X,Export,0902,Tea,566,NGA,Nigeria,destination,390880.77,390880.77,kg,2696924.266,6.8996084561,false,false,true,H5,,UN_COMTRADE_HS0902_ANNUAL,2026-07-14,0.0020391337,0.001349792
2019,144,LKA,Sri Lanka,X,Export,0902,Tea,440,LTU,Lithuania,destination,263049.71,263049.71,kg,2525207.327,9.5997343126,false,false,true,H5,,UN_COMTRADE_HS0902_ANNUAL,2026-07-14,0.0019092992,0.0009083649
2019,144,LKA,Sri Lanka,X,Export,0902,Tea,242,FJI,Fiji,destination,468944.4,468944.4,kg,2476804.251,5.2816586593,false,false,true,H5,,UN_COMTRADE_HS0902_ANNUAL,2026-07-14,0.0018727018,0.0016193618
2019,144,LKA,Sri Lanka,X,Export,0902,Tea,634,QAT,Qatar,destination,291988.05,291988.05,kg,2453299.463,8.4020543409,false,false,true,H5,,UN_COMTRADE_HS0902_ANNUAL,2026-07-14,0.0018549299,0.001008295
2019,144,LKA,Sri Lanka,X,Export,0902,Tea,462,MDV,Maldives,destination,239337.04,239337.04,kg,2219044.591,9.271630463,false,false,true,H5,,UN_COMTRADE_HS0902_ANNUAL,2026-07-14,0.0016778107,0.0008264802
2019,144,LKA,Sri Lanka,X,Export,0902,Tea,203,CZE,Czechia,destination,118175.14,118175.14,kg,2128593.733,18.0121955684,false,false,true,H5,,UN_COMTRADE_HS0902_ANNUAL,2026-07-14,0.0016094212,0.0004080831
2019,144,LKA,Sri Lanka,X,Export,0902,Tea,208,DNK,Denmark,destination,140790.71,140790.71,kg,1672860.821,11.8818977545,false,false,true,H5,,UN_COMTRADE_HS0902_ANNUAL,2026-07-14,0.0012648434,0.0004861794
2019,144,LKA,Sri Lanka,X,Export,0902,Tea,360,IDN,Indonesia,destination,246729.9,246729.9,kg,1625126.206,6.5866609843,false,false,true,H5,,UN_COMTRADE_HS0902_ANNUAL,2026-07-14,0.0012287514,0.0008520093
2019,144,LKA,Sri Lanka,X,Export,0902,Tea,410,KOR,Rep. of Korea,destination,268477.49,268477.49,kg,1598495.597,5.9539278209,false,false,true,H5,,UN_COMTRADE_HS0902_ANNUAL,2026-07-14,0.0012086161,0.0009271082
2019,144,LKA,Sri Lanka,X,Export,0902,Tea,608,PHL,Philippines,destination,109562.25,109562.25,kg,1327330.387,12.114851484,false,false,true,H5,,UN_COMTRADE_HS0902_ANNUAL,2026-07-14,0.0010035892,0.0003783411
2019,144,LKA,Sri Lanka,X,Export,0902,Tea,764,THA,Thailand,destination,103947.52,103947.52,kg,1303158.812,12.5366994037,false,false,true,H5,,UN_COMTRADE_HS0902_ANNUAL,2026-07-14,0.0009853132,0.0003589522
2019,144,LKA,Sri Lanka,X,Export,0902,Tea,757,CHE,Switzerland,destination,279081.12,279081.12,kg,1299336.754,4.6557673052,false,false,true,H5,,UN_COMTRADE_HS0902_ANNUAL,2026-07-14,0.0009824233,0.0009637247
2019,144,LKA,Sri Lanka,X,Export,0902,Tea,270,GMB,Gambia,destination,240621.16,240621.16,kg,1048217.788,4.3562992881,false,false,true,H5,,UN_COMTRADE_HS0902_ANNUAL,2026-07-14,0.0007925533,0.0008309145
2019,144,LKA,Sri Lanka,X,Export,0902,Tea,496,MNG,Mongolia,destination,122694.67,122694.67,kg,925355.96,7.5419409824,false,false,true,H5,,UN_COMTRADE_HS0902_ANNUAL,2026-07-14,0.0006996579,0.00042369
2019,144,LKA,Sri Lanka,X,Export,0902,Tea,854,BFA,Burkina Faso,destination,138186,138186,kg,892231.806,6.4567452998,false,false,true,H5,,UN_COMTRADE_HS0902_ANNUAL,2026-07-14,0.0006746129,0.0004771848
2019,144,LKA,Sri Lanka,X,Export,0902,Tea,428,LVA,Latvia,destination,84802.97,84802.97,kg,825562.215,9.735062522,false,false,true,H5,,UN_COMTRADE_HS0902_ANNUAL,2026-07-14,0.0006242043,0.0002928422
2019,144,LKA,Sri Lanka,X,Export,0902,Tea,40,AUT,Austria,destination,211786.8,211786.8,kg,798973.051,3.7725346953,false,false,true,H5,,UN_COMTRADE_HS0902_ANNUAL,2026-07-14,0.0006041003,0.0007313435
2019,144,LKA,Sri Lanka,X,Export,0902,Tea,100,BGR,Bulgaria,destination,222496.71,222496.71,kg,764727.842,3.4370298869,false,false,true,H5,,UN_COMTRADE_HS0902_ANNUAL,2026-07-14,0.0005782077,0.0007683271
2019,144,LKA,Sri Lanka,X,Export,0902,Tea,233,EST,Estonia,destination,94811.76,94811.76,kg,733634.418,7.7377998046,false,false,true,H5,,UN_COMTRADE_HS0902_ANNUAL,2026-07-14,0.0005546981,0.0003274046
2019,144,LKA,Sri Lanka,X,Export,0902,Tea,48,BHR,Bahrain,destination,88894.89,88894.89,kg,704115.555,7.9207652431,false,false,true,H5,,UN_COMTRADE_HS0902_ANNUAL,2026-07-14,0.000532379,0.0003069724
2019,144,LKA,Sri Lanka,X,Export,0902,Tea,478,MRT,Mauritania,destination,103086,103086,kg,670510.17,6.504376637,false,false,true,H5,,UN_COMTRADE_HS0902_ANNUAL,2026-07-14,0.0005069701,0.0003559772
2019,144,LKA,Sri Lanka,X,Export,0902,Tea,512,OMN,Oman,destination,124983.34,124983.34,kg,661916.016,5.2960339834,false,false,true,H5,,UN_COMTRADE_HS0902_ANNUAL,2026-07-14,0.0005004721,0.0004315933
2019,144,LKA,Sri Lanka,X,Export,0902,Tea,724,ESP,Spain,destination,151220.98,151220.98,kg,661331.692,4.3732800303,false,false,true,H5,,UN_COMTRADE_HS0902_ANNUAL,2026-07-14,0.0005000302,0.0005221972
2019,144,LKA,Sri Lanka,X,Export,0902,Tea,196,CYP,Cyprus,destination,65109.9,65109.9,kg,532605.388,8.1800983875,false,false,true,H5,,UN_COMTRADE_HS0902_ANNUAL,2026-07-14,0.0004027008,0.0002248379
2019,144,LKA,Sri Lanka,X,Export,0902,Tea,446,MAC,"China, Macao SAR",destination,142244,142244,kg,527047.206,3.7052333033,false,false,true,H5,,UN_COMTRADE_HS0902_ANNUAL,2026-07-14,0.0003984983,0.0004911979
2019,144,LKA,Sri Lanka,X,Export,0902,Tea,694,SLE,Sierra Leone,destination,91806.54,91806.54,kg,507010.147,5.5225929111,false,false,true,H5,,UN_COMTRADE_HS0902_ANNUAL,2026-07-14,0.0003833483,0.0003170269
2019,144,LKA,Sri Lanka,X,Export,0902,Tea,430,LBR,Liberia,destination,93084.4,93084.4,kg,492774.703,5.2938484107,false,false,true,H5,,UN_COMTRADE_HS0902_ANNUAL,2026-07-14,0.000372585,0.0003214396
2019,144,LKA,Sri Lanka,X,Export,0902,Tea,586,PAK,Pakistan,destination,115434.6,115434.6,kg,480385.489,4.1615381264,false,false,true,H5,,UN_COMTRADE_HS0902_ANNUAL,2026-07-14,0.0003632175,0.0003986195
2019,144,LKA,Sri Lanka,X,Export,0902,Tea,504,MAR,Morocco,destination,75610,75610,kg,455274.713,6.0213558127,false,false,true,H5,,UN_COMTRADE_HS0902_ANNUAL,2026-07-14,0.0003442314,0.0002610969
2019,144,LKA,Sri Lanka,X,Export,0902,Tea,887,YEM,Yemen,destination,93144,93144,kg,453652.493,4.8704424654,false,false,true,H5,,UN_COMTRADE_HS0902_ANNUAL,2026-07-14,0.0003430048,0.0003216455
2019,144,LKA,Sri Lanka,X,Export,0902,Tea,768,TGO,Togo,destination,89960,89960,kg,442603.276,4.9200008448,false,false,true,H5,,UN_COMTRADE_HS0902_ANNUAL,2026-07-14,0.0003346506,0.0003106504
2019,144,LKA,Sri Lanka,X,Export,0902,Tea,498,MDA,Rep. of Moldova,destination,50629.42,50629.42,kg,421948.43,8.3340561673,false,false,true,H5,,UN_COMTRADE_HS0902_ANNUAL,2026-07-14,0.0003190335,0.0001748338
2019,144,LKA,Sri Lanka,X,Export,0902,Tea,579,NOR,Norway,destination,63916.92,63916.92,kg,406755.099,6.363809442,false,false,true,H5,,UN_COMTRADE_HS0902_ANNUAL,2026-07-14,0.0003075459,0.0002207183
2019,144,LKA,Sri Lanka,X,Export,0902,Tea,484,MEX,Mexico,destination,51968.38,51968.38,kg,390651.154,7.5170931632,false,false,true,H5,,UN_COMTRADE_HS0902_ANNUAL,2026-07-14,0.0002953698,0.0001794575
2019,144,LKA,Sri Lanka,X,Export,0902,Tea,348,HUN,Hungary,destination,20930.68,20930.68,kg,385040.75,18.3959981233,false,false,true,H5,,UN_COMTRADE_HS0902_ANNUAL,2026-07-14,0.0002911278,0.000072278
2019,144,LKA,Sri Lanka,X,Export,0902,Tea,858,URY,Uruguay,destination,71373,71373,kg,368303.95,5.1602699901,false,false,true,H5,,UN_COMTRADE_HS0902_ANNUAL,2026-07-14,0.0002784731,0.0002464657
2019,144,LKA,Sri Lanka,X,Export,0902,Tea,706,SOM,Somalia,destination,82422,82422,kg,366848.276,4.4508538497,false,false,true,H5,,UN_COMTRADE_HS0902_ANNUAL,2026-07-14,0.0002773725,0.0002846202
2019,144,LKA,Sri Lanka,X,Export,0902,Tea,404,KEN,Kenya,destination,60424.6,60424.6,kg,300036.418,4.9654680048,false,false,true,H5,,UN_COMTRADE_HS0902_ANNUAL,2026-07-14,0.0002268563,0.0002086586
2019,144,LKA,Sri Lanka,X,Export,0902,Tea,780,TTO,Trinidad and Tobago,destination,16311.36,16311.36,kg,296086.156,18.1521440272,false,false,true,H5,,UN_COMTRADE_HS0902_ANNUAL,2026-07-14,0.0002238696,0.0000563265
2019,144,LKA,Sri Lanka,X,Export,0902,Tea,762,TJK,Tajikistan,destination,45859,45859,kg,286853.475,6.2551184064,false,false,true,H5,,UN_COMTRADE_HS0902_ANNUAL,2026-07-14,0.0002168888,0.0001583606
2019,144,LKA,Sri Lanka,X,Export,0902,Tea,51,ARM,Armenia,destination,26455.77,26455.77,kg,274668.264,10.382168578,false,false,true,H5,,UN_COMTRADE_HS0902_ANNUAL,2026-07-14,0.0002076756,0.0000913572
2019,144,LKA,Sri Lanka,X,Export,0902,Tea,466,MLI,Mali,destination,48006,48006,kg,273074.568,5.6883424572,false,false,true,H5,,UN_COMTRADE_HS0902_ANNUAL,2026-07-14,0.0002064706,0.0001657746
2019,144,LKA,Sri Lanka,X,Export,0902,Tea,12,DZA,Algeria,destination,65713,65713,kg,271337.27,4.1291262003,false,false,true,H5,,UN_COMTRADE_HS0902_ANNUAL,2026-07-14,0.000205157,0.0002269205
2019,144,LKA,Sri Lanka,X,Export,0902,Tea,690,SYC,Seychelles,destination,52674.53,52674.53,kg,268878.651,5.1045287163,false,false,true,H5,,UN_COMTRADE_HS0902_ANNUAL,2026-07-14,0.0002032981,0.000181896
2019,144,LKA,Sri Lanka,X,Export,0902,Tea,328,GUY,Guyana,destination,71184,71184,kg,266904.423,3.7495002107,false,false,true,H5,,UN_COMTRADE_HS0902_ANNUAL,2026-07-14,0.0002018054,0.000245813
2019,144,LKA,Sri Lanka,X,Export,0902,Tea,740,SUR,Suriname,destination,30215.52,30215.52,kg,246699.755,8.1646701761,false,false,true,H5,,UN_COMTRADE_HS0902_ANNUAL,2026-07-14,0.0001865287,0.0001043404
2019,144,LKA,Sri Lanka,X,Export,0902,Tea,795,TKM,Turkmenistan,destination,29200.59,29200.59,kg,212860.746,7.2896042854,false,false,true,H5,,UN_COMTRADE_HS0902_ANNUAL,2026-07-14,0.0001609432,0.0001008357
2019,144,LKA,Sri Lanka,X,Export,0902,Tea,32,ARG,Argentina,destination,30435.47,30435.47,kg,212155.964,6.9706813793,false,false,true,H5,,UN_COMTRADE_HS0902_ANNUAL,2026-07-14,0.0001604103,0.0001051
2019,144,LKA,Sri Lanka,X,Export,0902,Tea,642,ROU,Romania,destination,9893.29,9893.29,kg,197074.031,19.9199690902,false,false,true,H5,,UN_COMTRADE_HS0902_ANNUAL,2026-07-14,0.0001490069,0.0000341636
2019,144,LKA,Sri Lanka,X,Export,0902,Tea,76,BRA,Brazil,destination,7204.26,7204.26,kg,167617.872,23.2664939911,false,false,true,H5,,UN_COMTRADE_HS0902_ANNUAL,2026-07-14,0.0001267352,0.0000248778
2019,144,LKA,Sri Lanka,X,Export,0902,Tea,84,BLZ,Belize,destination,15971.99,15971.99,kg,158552.576,9.9269143044,false,false,true,H5,,UN_COMTRADE_HS0902_ANNUAL,2026-07-14,0.000119881,0.0000551546
2019,144,LKA,Sri Lanka,X,Export,0902,Tea,562,NER,Niger,destination,24203.04,24203.04,kg,158133.535,6.5336228424,false,false,true,H5,,UN_COMTRADE_HS0902_ANNUAL,2026-07-14,0.0001195641,0.0000835781
2019,144,LKA,Sri Lanka,X,Export,0902,Tea,807,MKD,North Macedonia,destination,50335,50335,kg,145893.064,2.8984417205,false,false,true,H5,,UN_COMTRADE_HS0902_ANNUAL,2026-07-14,0.0001103092,0.0001738171
2019,144,LKA,Sri Lanka,X,Export,0902,Tea,68,BOL,Bolivia (Plurinational State of),destination,20212.56,20212.56,kg,137070.66,6.7814596469,false,false,true,H5,,UN_COMTRADE_HS0902_ANNUAL,2026-07-14,0.0001036386,0.0000697981
2019,144,LKA,Sri Lanka,X,Export,0902,Tea,4,AFG,Afghanistan,destination,35080,35080,kg,130628.65,3.7237357469,false,false,true,H5,,UN_COMTRADE_HS0902_ANNUAL,2026-07-14,0.0000987678,0.0001211385
2019,144,LKA,Sri Lanka,X,Export,0902,Tea,688,SRB,Serbia,destination,17636.82,17636.82,kg,116588.893,6.6105393716,false,false,true,H5,,UN_COMTRADE_HS0902_ANNUAL,2026-07-14,0.0000881524,0.0000609036
2019,144,LKA,Sri Lanka,X,Export,0902,Tea,104,MMR,Myanmar,destination,13890.02,13890.02,kg,116064.264,8.3559464997,false,false,true,H5,,UN_COMTRADE_HS0902_ANNUAL,2026-07-14,0.0000877557,0.0000479651
2019,144,LKA,Sri Lanka,X,Export,0902,Tea,372,IRL,Ireland,destination,7788.15,7788.15,kg,108001.024,13.8673528373,false,false,true,H5,,UN_COMTRADE_HS0902_ANNUAL,2026-07-14,0.0000816591,0.0000268941
2019,144,LKA,Sri Lanka,X,Export,0902,Tea,524,NPL,Nepal,destination,4915.37,4915.37,kg,98718.884,20.0837137387,false,false,true,H5,,UN_COMTRADE_HS0902_ANNUAL,2026-07-14,0.000074641,0.0000169738
2019,144,LKA,Sri Lanka,X,Export,0902,Tea,120,CMR,Cameroon,destination,40000,40000,kg,98369.426,2.45923565,false,false,true,H5,,UN_COMTRADE_HS0902_ANNUAL,2026-07-14,0.0000743767,0.0001381283
2019,144,LKA,Sri Lanka,X,Export,0902,Tea,52,BRB,Barbados,destination,7413.75,7413.75,kg,98010.555,13.2201052099,false,false,true,H5,,UN_COMTRADE_HS0902_ANNUAL,2026-07-14,0.0000741054,0.0000256012
2019,144,LKA,Sri Lanka,X,Export,0902,Tea,894,ZMB,Zambia,destination,4449.02,4449.02,kg,82318.632,18.5026437283,false,false,true,H5,,UN_COMTRADE_HS0902_ANNUAL,2026-07-14,0.0000622408,0.0000153634
2019,144,LKA,Sri Lanka,X,Export,0902,Tea,148,TCD,Chad,destination,15930,15930,kg,80753.831,5.0692925926,false,false,true,H5,,UN_COMTRADE_HS0902_ANNUAL,2026-07-14,0.0000610576,0.0000550096
2019,144,LKA,Sri Lanka,X,Export,0902,Tea,96,BRN,Brunei Darussalam,destination,7621.43,7621.43,kg,78877.136,10.3493879757,false,false,true,H5,,UN_COMTRADE_HS0902_ANNUAL,2026-07-14,0.0000596387,0.0000263184
2019,144,LKA,Sri Lanka,X,Export,0902,Tea,50,BGD,Bangladesh,destination,3396.75,3396.75,kg,72197.503,21.2548768676,false,false,true,H5,,UN_COMTRADE_HS0902_ANNUAL,2026-07-14,0.0000545882,0.0000117297
2019,144,LKA,Sri Lanka,X,Export,0902,Tea,508,MOZ,Mozambique,destination,7847.42,7847.42,kg,57351.593,7.3083373899,false,false,true,H5,,UN_COMTRADE_HS0902_ANNUAL,2026-07-14,0.0000433633,0.0000270988
2019,144,LKA,Sri Lanka,X,Export,0902,Tea,598,PNG,Papua New Guinea,destination,4472.71,4472.71,kg,54193.382,12.1164533359,false,false,true,H5,,UN_COMTRADE_HS0902_ANNUAL,2026-07-14,0.0000409754,0.0000154452
2019,144,LKA,Sri Lanka,X,Export,0902,Tea,862,VEN,Venezuela,destination,12216,12216,kg,46500.104,3.806491814,false,false,true,H5,,UN_COMTRADE_HS0902_ANNUAL,2026-07-14,0.0000351585,0.0000421844
2019,144,LKA,Sri Lanka,X,Export,0902,Tea,188,CRI,Costa Rica,destination,2914.8,2914.8,kg,45696.441,15.6773847262,false,false,true,H5,,UN_COMTRADE_HS0902_ANNUAL,2026-07-14,0.0000345509,0.0000100654
2019,144,LKA,Sri Lanka,X,Export,0902,Tea,296,KIR,Kiribati,destination,5292,5292,kg,44350.577,8.3806834845,false,false,true,H5,,UN_COMTRADE_HS0902_ANNUAL,2026-07-14,0.0000335333,0.0000182744
2019,144,LKA,Sri Lanka,X,Export,0902,Tea,480,MUS,Mauritius,destination,1572.08,1572.08,kg,41014.606,26.0893885807,false,false,true,H5,,UN_COMTRADE_HS0902_ANNUAL,2026-07-14,0.000031011,0.0000054287
2019,144,LKA,Sri Lanka,X,Export,0902,Tea,204,BEN,Benin,destination,5400,5400,kg,33668.078,6.2348292593,false,false,true,H5,,UN_COMTRADE_HS0902_ANNUAL,2026-07-14,0.0000254563,0.0000186473
2019,144,LKA,Sri Lanka,X,Export,0902,Tea,191,HRV,Croatia,destination,1256.78,1256.78,kg,33436.406,26.6048202549,false,false,true,H5,,UN_COMTRADE_HS0902_ANNUAL,2026-07-14,0.0000252811,0.0000043399
2019,144,LKA,Sri Lanka,X,Export,0902,Tea,600,PRY,Paraguay,destination,5064,5064,kg,30657.793,6.0540665482,false,false,true,H5,,UN_COMTRADE_HS0902_ANNUAL,2026-07-14,0.0000231802,0.000017487
2019,144,LKA,Sri Lanka,X,Export,0902,Tea,231,ETH,Ethiopia,destination,2067.31,2067.31,kg,25518.38,12.3437607325,false,false,true,H5,,UN_COMTRADE_HS0902_ANNUAL,2026-07-14,0.0000192943,0.0000071388
2019,144,LKA,Sri Lanka,X,Export,0902,Tea,320,GTM,Guatemala,destination,917.79,917.79,kg,24821.109,27.0444317327,false,false,true,H5,,UN_COMTRADE_HS0902_ANNUAL,2026-07-14,0.0000187671,0.0000031693
2019,144,LKA,Sri Lanka,X,Export,0902,Tea,218,ECU,Ecuador,destination,1392,1392,kg,23120.463,16.6095280172,false,false,true,H5,,UN_COMTRADE_HS0902_ANNUAL,2026-07-14,0.0000174813,0.0000048069
2019,144,LKA,Sri Lanka,X,Export,0902,Tea,548,VUT,Vanuatu,destination,3300,3300,kg,21028.511,6.3722760606,false,false,true,H5,,UN_COMTRADE_HS0902_ANNUAL,2026-07-14,0.0000158996,0.0000113956
2019,144,LKA,Sri Lanka,X,Export,0902,Tea,352,ISL,Iceland,destination,3120,3120,kg,19711.244,6.3177064103,false,false,true,H5,,UN_COMTRADE_HS0902_ANNUAL,2026-07-14,0.0000149036,0.000010774
2019,144,LKA,Sri Lanka,X,Export,0902,Tea,604,PER,Peru,destination,702.78,702.78,kg,19161.156,27.2647997951,false,false,true,H5,,UN_COMTRADE_HS0902_ANNUAL,2026-07-14,0.0000144877,0.0000024268
2019,144,LKA,Sri Lanka,X,Export,0902,Tea,470,MLT,Malta,destination,1986.6,1986.6,kg,16180.325,8.1447322058,false,false,true,H5,,UN_COMTRADE_HS0902_ANNUAL,2026-07-14,0.0000122339,0.0000068601
2019,144,LKA,Sri Lanka,X,Export,0902,Tea,899,_X ,"Areas, nes",destination,6600,6600,kg,15461.979,2.3427240909,false,false,true,H5,,UN_COMTRADE_HS0902_ANNUAL,2026-07-14,0.0000116907,0.0000227912
2019,144,LKA,Sri Lanka,X,Export,0902,Tea,116,KHM,Cambodia,destination,535.95,535.95,kg,13882.848,25.903252169,false,false,true,H5,,UN_COMTRADE_HS0902_ANNUAL,2026-07-14,0.0000104968,0.0000018507
2019,144,LKA,Sri Lanka,X,Export,0902,Tea,800,UGA,Uganda,destination,2520,2520,kg,13860.034,5.5000134921,false,false,true,H5,,UN_COMTRADE_HS0902_ANNUAL,2026-07-14,0.0000104795,0.0000087021
2019,144,LKA,Sri Lanka,X,Export,0902,Tea,705,SVN,Slovenia,destination,318.64,318.64,kg,13293.95,41.7209076073,false,false,true,H5,,UN_COMTRADE_HS0902_ANNUAL,2026-07-14,0.0000100515,0.0000011003
2019,144,LKA,Sri Lanka,X,Export,0902,Tea,258,PYF,French Polynesia,destination,1763.6,1763.6,kg,9923.833,5.6270316398,false,false,true,H5,,UN_COMTRADE_HS0902_ANNUAL,2026-07-14,0.0000075034,0.0000060901
2019,144,LKA,Sri Lanka,X,Export,0902,Tea,170,COL,Colombia,destination,179.93,179.93,kg,7986.777,44.3882454288,false,false,true,H5,,UN_COMTRADE_HS0902_ANNUAL,2026-07-14,0.0000060388,0.0000006213
2019,144,LKA,Sri Lanka,X,Export,0902,Tea,620,PRT,Portugal,destination,133.29,133.29,kg,4523.137,33.9345562308,false,false,true,H5,,UN_COMTRADE_HS0902_ANNUAL,2026-07-14,0.0000034199,0.0000004603
2019,144,LKA,Sri Lanka,X,Export,0902,Tea,531,CUW,Curaçao,destination,900,900,kg,3229.288,3.5880977778,false,false,true,H5,,UN_COMTRADE_HS0902_ANNUAL,2026-07-14,0.0000024417,0.0000031079
2019,144,LKA,Sri Lanka,X,Export,0902,Tea,662,LCA,Saint Lucia,destination,122.4,122.4,kg,1279.357,10.4522630719,false,false,true,H5,,UN_COMTRADE_HS0902_ANNUAL,2026-07-14,0.0000009673,0.0000004227
2019,144,LKA,Sri Lanka,X,Export,0902,Tea,516,NAM,Namibia,destination,50.45,50.45,kg,871.228,17.2691377602,false,false,true,H5,,UN_COMTRADE_HS0902_ANNUAL,2026-07-14,0.0000006587,0.0000001742
2019,144,LKA,Sri Lanka,X,Export,0902,Tea,748,SWZ,Eswatini,destination,4.5,4.5,kg,23.083,5.1295555556,false,false,true,H5,,UN_COMTRADE_HS0902_ANNUAL,2026-07-14,0.0000000175,0.0000000155
2019,144,LKA,Sri Lanka,X,Export,0902,Tea,454,MWI,Malawi,destination,4,4,kg,5.593,1.39825,false,false,true,H5,,UN_COMTRADE_HS0902_ANNUAL,2026-07-14,0.0000000042,0.0000000138
2020,144,LKA,Sri Lanka,X,Export,0902,Tea,0,W00,World,world_total,285086658.93,285086658.93,kg,1329508679.12,4.6635247125,false,false,true,H5,,UN_COMTRADE_HS0902_ANNUAL,2026-07-14,,
2020,144,LKA,Sri Lanka,X,Export,0902,Tea,792,TUR,Türkiye,destination,41797540.61,41797540.61,kg,180581695.787,4.320390462,false,false,true,H5,,UN_COMTRADE_HS0902_ANNUAL,2026-07-14,0.1358258871,0.146613457
2020,144,LKA,Sri Lanka,X,Export,0902,Tea,643,RUS,Russian Federation,destination,31845396.56,31845396.56,kg,142377576.64,4.4708997852,false,false,true,H5,,UN_COMTRADE_HS0902_ANNUAL,2026-07-14,0.1070903702,0.111704268
2020,144,LKA,Sri Lanka,X,Export,0902,Tea,368,IRQ,Iraq,destination,36032185.2,36032185.2,kg,112422927.402,3.1200696482,false,false,true,H5,,UN_COMTRADE_HS0902_ANNUAL,2026-07-14,0.0845597544,0.126390289
2020,144,LKA,Sri Lanka,X,Export,0902,Tea,364,IRN,Iran,destination,17145753.72,17145753.72,kg,85335141.654,4.9770423072,false,false,true,H5,,UN_COMTRADE_HS0902_ANNUAL,2026-07-14,0.0641854717,0.0601422521
2020,144,LKA,Sri Lanka,X,Export,0902,Tea,156,CHN,China,destination,14818705.27,14818705.27,kg,60117045.953,4.0568352537,false,false,true,H5,,UN_COMTRADE_HS0902_ANNUAL,2026-07-14,0.0452174904,0.0519796518
2020,144,LKA,Sri Lanka,X,Export,0902,Tea,31,AZE,Azerbaijan,destination,11650044.67,11650044.67,kg,57903729.751,4.9702581742,false,false,true,H5,,UN_COMTRADE_HS0902_ANNUAL,2026-07-14,0.0435527279,0.0408649241
2020,144,LKA,Sri Lanka,X,Export,0902,Tea,682,SAU,Saudi Arabia,destination,7343026.66,7343026.66,kg,51027858.276,6.9491587922,false,false,true,H5,,UN_COMTRADE_HS0902_ANNUAL,2026-07-14,0.0383809892,0.0257571739
2020,144,LKA,Sri Lanka,X,Export,0902,Tea,760,SYR,Syria,destination,10334402.6,10334402.6,kg,49373946.169,4.777629446,false,false,true,H5,,UN_COMTRADE_HS0902_ANNUAL,2026-07-14,0.0371369867,0.0362500393
2020,144,LKA,Sri Lanka,X,Export,0902,Tea,784,ARE,United Arab Emirates,destination,9317280.56,9317280.56,kg,40508529.325,4.3476773147,false,false,true,H5,,UN_COMTRADE_HS0902_ANNUAL,2026-07-14,0.0304687965,0.0326822749
2020,144,LKA,Sri Lanka,X,Export,0902,Tea,152,CHL,Chile,destination,10224664.86,10224664.86,kg,39248563.023,3.8386160877,false,false,true,H5,,UN_COMTRADE_HS0902_ANNUAL,2026-07-14,0.0295211033,0.0358651117
2020,144,LKA,Sri Lanka,X,Export,0902,Tea,276,DEU,Germany,destination,6956073.78,6956073.78,kg,35234481.731,5.0652829233,false,false,true,H5,,UN_COMTRADE_HS0902_ANNUAL,2026-07-14,0.0265018817,0.0243998572
2020,144,LKA,Sri Lanka,X,Export,0902,Tea,842,USA,USA,destination,6137385.46,6137385.46,kg,34297992.516,5.5883719117,false,false,true,H5,,UN_COMTRADE_HS0902_ANNUAL,2026-07-14,0.0257974943,0.0215281398
2020,144,LKA,Sri Lanka,X,Export,0902,Tea,392,JPN,Japan,destination,6159838.16,6159838.16,kg,33093178.085,5.3724103175,false,false,true,H5,,UN_COMTRADE_HS0902_ANNUAL,2026-07-14,0.024891284,0.0216068973
2020,144,LKA,Sri Lanka,X,Export,0902,Tea,434,LBY,Libya,destination,8026398,8026398,kg,30076999.081,3.7472598644,false,false,true,H5,,UN_COMTRADE_HS0902_ANNUAL,2026-07-14,0.0226226421,0.0281542392
2020,144,LKA,Sri Lanka,X,Export,0902,Tea,400,JOR,Jordan,destination,5111125.51,5111125.51,kg,27862723.675,5.4513871006,false,false,true,H5,,UN_COMTRADE_HS0902_ANNUAL,2026-07-14,0.0209571582,0.0179283223
2020,144,LKA,Sri Lanka,X,Export,0902,Tea,804,UKR,Ukraine,destination,4909687.11,4909687.11,kg,26111622.833,5.3183883714,false,false,true,H5,,UN_COMTRADE_HS0902_ANNUAL,2026-07-14,0.0196400544,0.0172217358
2020,144,LKA,Sri Lanka,X,Export,0902,Tea,528,NLD,Netherlands,destination,3131846.32,3131846.32,kg,23301948.473,7.4403230849,false,false,true,H5,,UN_COMTRADE_HS0902_ANNUAL,2026-07-14,0.0175267366,0.0109855941
2020,144,LKA,Sri Lanka,X,Export,0902,Tea,616,POL,Poland,destination,3314739.12,3314739.12,kg,22182371.375,6.6920413861,false,false,true,H5,,UN_COMTRADE_HS0902_ANNUAL,2026-07-14,0.0166846383,0.0116271282
2020,144,LKA,Sri Lanka,X,Export,0902,Tea,490,S19,"Other Asia, nes",destination,4829891.51,4829891.51,kg,20912351.61,4.3297766765,false,false,true,H5,,UN_COMTRADE_HS0902_ANNUAL,2026-07-14,0.0157293833,0.0169418363
2020,144,LKA,Sri Lanka,X,Export,0902,Tea,344,HKG,"China, Hong Kong SAR",destination,4204684.46,4204684.46,kg,17123329.617,4.0724410547,false,false,true,H5,,UN_COMTRADE_HS0902_ANNUAL,2026-07-14,0.0128794418,0.0147487942
2020,144,LKA,Sri Lanka,X,Export,0902,Tea,36,AUS,Australia,destination,1932699.05,1932699.05,kg,16727095.161,8.654785214,false,false,true,H5,,UN_COMTRADE_HS0902_ANNUAL,2026-07-14,0.012581411,0.0067793388
2020,144,LKA,Sri Lanka,X,Export,0902,Tea,422,LBN,Lebanon,destination,2979375.43,2979375.43,kg,16575677.66,5.5634739728,false,false,true,H5,,UN_COMTRADE_HS0902_ANNUAL,2026-07-14,0.0124675212,0.0104507711
2020,144,LKA,Sri Lanka,X,Export,0902,Tea,376,ISR,Israel,destination,2332193.27,2332193.27,kg,12535980.173,5.3751892411,false,false,true,H5,,UN_COMTRADE_HS0902_ANNUAL,2026-07-14,0.0094290322,0.0081806468
2020,144,LKA,Sri Lanka,X,Export,0902,Tea,414,KWT,Kuwait,destination,1967813.38,1967813.38,kg,12277237.168,6.2390251498,false,false,true,H5,,UN_COMTRADE_HS0902_ANNUAL,2026-07-14,0.0092344167,0.0069025095
2020,144,LKA,Sri Lanka,X,Export,0902,Tea,818,EGY,Egypt,destination,2694259.1,2694259.1,kg,11616221.439,4.311471543,false,false,true,H5,,UN_COMTRADE_HS0902_ANNUAL,2026-07-14,0.0087372287,0.0094506671
2020,144,LKA,Sri Lanka,X,Export,0902,Tea,826,GBR,United Kingdom,destination,1305334.78,1305334.78,kg,11002824.078,8.4291204422,false,false,true,H5,,UN_COMTRADE_HS0902_ANNUAL,2026-07-14,0.0082758573,0.0045787298
2020,144,LKA,Sri Lanka,X,Export,0902,Tea,56,BEL,Belgium,destination,2618939.13,2618939.13,kg,10870116.231,4.1505799453,false,false,true,H5,,UN_COMTRADE_HS0902_ANNUAL,2026-07-14,0.0081760401,0.0091864668
2020,144,LKA,Sri Lanka,X,Export,0902,Tea,554,NZL,New Zealand,destination,1094601.02,1094601.02,kg,9189385.911,8.3951921687,false,false,true,H5,,UN_COMTRADE_HS0902_ANNUAL,2026-07-14,0.0069118661,0.0038395379
2020,144,LKA,Sri Lanka,X,Export,0902,Tea,288,GHA,Ghana,destination,1297666.93,1297666.93,kg,8257980.308,6.3637133051,false,false,true,H5,,UN_COMTRADE_HS0902_ANNUAL,2026-07-14,0.0062113023,0.0045518332
2020,144,LKA,Sri Lanka,X,Export,0902,Tea,710,ZAF,South Africa,destination,1821189.09,1821189.09,kg,7273639.874,3.9938960287,false,false,true,H5,,UN_COMTRADE_HS0902_ANNUAL,2026-07-14,0.0054709232,0.0063881947
2020,144,LKA,Sri Lanka,X,Export,0902,Tea,8,ALB,Albania,destination,1545564.4,1545564.4,kg,7204923.629,4.661678044,false,false,true,H5,,UN_COMTRADE_HS0902_ANNUAL,2026-07-14,0.0054192378,0.0054213845
2020,144,LKA,Sri Lanka,X,Export,0902,Tea,417,KGZ,Kyrgyzstan,destination,971744.5,971744.5,kg,5083359.099,5.2311683771,false,false,true,H5,,UN_COMTRADE_HS0902_ANNUAL,2026-07-14,0.003823487,0.0034085934
2020,144,LKA,Sri Lanka,X,Export,0902,Tea,124,CAN,Canada,destination,698193.15,698193.15,kg,4872931.975,6.979346582,false,false,true,H5,,UN_COMTRADE_HS0902_ANNUAL,2026-07-14,0.0036652126,0.0024490559
2020,144,LKA,Sri Lanka,X,Export,0902,Tea,251,FRA,France,destination,654685.15,654685.15,kg,4760824.074,7.2719292228,false,false,true,H5,,UN_COMTRADE_HS0902_ANNUAL,2026-07-14,0.0035808898,0.0022964426
2020,144,LKA,Sri Lanka,X,Export,0902,Tea,380,ITA,Italy,destination,1182333.4,1182333.4,kg,4691895.258,3.9683352073,false,false,true,H5,,UN_COMTRADE_HS0902_ANNUAL,2026-07-14,0.0035290445,0.0041472772
2020,144,LKA,Sri Lanka,X,Export,0902,Tea,384,CIV,Côte d'Ivoire,destination,670139.42,670139.42,kg,4022495.016,6.0024748522,false,false,true,H5,,UN_COMTRADE_HS0902_ANNUAL,2026-07-14,0.00302555,0.0023506516
2020,144,LKA,Sri Lanka,X,Export,0902,Tea,246,FIN,Finland,destination,818317.15,818317.15,kg,3986205.553,4.8712232818,false,false,true,H5,,UN_COMTRADE_HS0902_ANNUAL,2026-07-14,0.0029982546,0.0028704154
2020,144,LKA,Sri Lanka,X,Export,0902,Tea,860,UZB,Uzbekistan,destination,658406.7,658406.7,kg,3847339.606,5.8434089538,false,false,true,H5,,UN_COMTRADE_HS0902_ANNUAL,2026-07-14,0.0028938056,0.0023094967
2020,144,LKA,Sri Lanka,X,Export,0902,Tea,566,NGA,Nigeria,destination,591320.4,591320.4,kg,3843842.863,6.5004401387,false,false,true,H5,,UN_COMTRADE_HS0902_ANNUAL,2026-07-14,0.0028911755,0.0020741777
2020,144,LKA,Sri Lanka,X,Export,0902,Tea,268,GEO,Georgia,destination,774706.53,774706.53,kg,3780799.96,4.8802995891,false,false,true,H5,,UN_COMTRADE_HS0902_ANNUAL,2026-07-14,0.0028437573,0.0027174422
2020,144,LKA,Sri Lanka,X,Export,0902,Tea,300,GRC,Greece,destination,756714.38,756714.38,kg,3414387.584,4.5121219766,false,false,true,H5,,UN_COMTRADE_HS0902_ANNUAL,2026-07-14,0.0025681574,0.0026543311
2020,144,LKA,Sri Lanka,X,Export,0902,Tea,752,SWE,Sweden,destination,435442.01,435442.01,kg,3366962.555,7.7322869123,false,false,true,H5,,UN_COMTRADE_HS0902_ANNUAL,2026-07-14,0.0025324863,0.0015274023
2020,144,LKA,Sri Lanka,X,Export,0902,Tea,440,LTU,Lithuania,destination,381322.32,381322.32,kg,3113629.689,8.1653486452,false,false,true,H5,,UN_COMTRADE_HS0902_ANNUAL,2026-07-14,0.0023419401,0.0013375663
2020,144,LKA,Sri Lanka,X,Export,0902,Tea,686,SEN,Senegal,destination,485418,485418,kg,3105888.413,6.3983791557,false,false,true,H5,,UN_COMTRADE_HS0902_ANNUAL,2026-07-14,0.0023361174,0.0017027033
2020,144,LKA,Sri Lanka,X,Export,0902,Tea,398,KAZ,Kazakhstan,destination,632020.88,632020.88,kg,3077285.951,4.8689624795,false,false,true,H5,,UN_COMTRADE_HS0902_ANNUAL,2026-07-14,0.0023146039,0.002216943
2020,144,LKA,Sri Lanka,X,Export,0902,Tea,702,SGP,Singapore,destination,406584.78,406584.78,kg,2976210.681,7.3200248199,false,false,true,H5,,UN_COMTRADE_HS0902_ANNUAL,2026-07-14,0.0022385794,0.0014261796
2020,144,LKA,Sri Lanka,X,Export,0902,Tea,324,GIN,Guinea,destination,525846,525846,kg,2905235.45,5.5248788619,false,false,true,H5,,UN_COMTRADE_HS0902_ANNUAL,2026-07-14,0.0021851948,0.0018445128
2020,144,LKA,Sri Lanka,X,Export,0902,Tea,788,TUN,Tunisia,destination,564402,564402,kg,2608598.423,4.62188019,false,false,true,H5,,UN_COMTRADE_HS0902_ANNUAL,2026-07-14,0.001962077,0.0019797559
2020,144,LKA,Sri Lanka,X,Export,0902,Tea,242,FJI,Fiji,destination,515831.9,515831.9,kg,2561558.412,4.9658782483,false,false,true,H5,,UN_COMTRADE_HS0902_ANNUAL,2026-07-14,0.0019266955,0.0018093863
2020,144,LKA,Sri Lanka,X,Export,0902,Tea,699,IND,India,destination,672597.56,672597.56,kg,2551041.155,3.7928195205,false,false,true,H5,,UN_COMTRADE_HS0902_ANNUAL,2026-07-14,0.0019187849,0.0023592741
2020,144,LKA,Sri Lanka,X,Export,0902,Tea,112,BLR,Belarus,destination,321926.68,321926.68,kg,2333660.635,7.2490438972,false,false,true,H5,,UN_COMTRADE_HS0902_ANNUAL,2026-07-14,0.0017552805,0.0011292239
2020,144,LKA,Sri Lanka,X,Export,0902,Tea,178,COG,Congo,destination,438241.5,438241.5,kg,2290295.426,5.2261034749,false,false,true,H5,,UN_COMTRADE_HS0902_ANNUAL,2026-07-14,0.001722663,0.0015372221
2020,144,LKA,Sri Lanka,X,Export,0902,Tea,458,MYS,Malaysia,destination,385546.22,385546.22,kg,2164800.307,5.6148917943,false,false,true,H5,,UN_COMTRADE_HS0902_ANNUAL,2026-07-14,0.0016282709,0.0013523825
2020,144,LKA,Sri Lanka,X,Export,0902,Tea,757,CHE,Switzerland,destination,410379.04,410379.04,kg,2159862.749,5.2630922598,false,false,true,H5,,UN_COMTRADE_HS0902_ANNUAL,2026-07-14,0.0016245571,0.0014394888
2020,144,LKA,Sri Lanka,X,Export,0902,Tea,208,DNK,Denmark,destination,179754.57,179754.57,kg,2060788.776,11.4644583223,false,false,true,H5,,UN_COMTRADE_HS0902_ANNUAL,2026-07-14,0.0015500379,0.0006305261
2020,144,LKA,Sri Lanka,X,Export,0902,Tea,634,QAT,Qatar,destination,259817.58,259817.58,kg,2031540.697,7.8191040691,false,false,true,H5,,UN_COMTRADE_HS0902_ANNUAL,2026-07-14,0.0015280387,0.0009113635
2020,144,LKA,Sri Lanka,X,Export,0902,Tea,203,CZE,Czechia,destination,122877.81,122877.81,kg,1983717.077,16.1438186195,false,false,true,H5,,UN_COMTRADE_HS0902_ANNUAL,2026-07-14,0.0014920678,0.0004310192
2020,144,LKA,Sri Lanka,X,Export,0902,Tea,899,_X ,"Areas, nes",destination,546341,546341,kg,1858115.489,3.4010178423,false,false,true,H5,,UN_COMTRADE_HS0902_ANNUAL,2026-07-14,0.0013975956,0.0019164033
2020,144,LKA,Sri Lanka,X,Export,0902,Tea,462,MDV,Maldives,destination,214143.86,214143.86,kg,1745748.536,8.1522231644,false,false,true,H5,,UN_COMTRADE_HS0902_ANNUAL,2026-07-14,0.001313078,0.0007511536
2020,144,LKA,Sri Lanka,X,Export,0902,Tea,410,KOR,Rep. of Korea,destination,243575.87,243575.87,kg,1702968.441,6.9915318007,false,false,true,H5,,UN_COMTRADE_HS0902_ANNUAL,2026-07-14,0.0012809006,0.0008543924
2020,144,LKA,Sri Lanka,X,Export,0902,Tea,360,IDN,Indonesia,destination,383287.97,383287.97,kg,1626583.866,4.2437644625,false,false,true,H5,,UN_COMTRADE_HS0902_ANNUAL,2026-07-14,0.0012234473,0.0013444613
2020,144,LKA,Sri Lanka,X,Export,0902,Tea,496,MNG,Mongolia,destination,178158.49,178158.49,kg,1368602.596,7.6819386828,false,false,true,H5,,UN_COMTRADE_HS0902_ANNUAL,2026-07-14,0.0010294048,0.0006249275
2020,144,LKA,Sri Lanka,X,Export,0902,Tea,270,GMB,Gambia,destination,262117.2,262117.2,kg,1179750.555,4.5008513558,false,false,true,H5,,UN_COMTRADE_HS0902_ANNUAL,2026-07-14,0.0008873583,0.0009194299
2020,144,LKA,Sri Lanka,X,Export,0902,Tea,704,VNM,Viet Nam,destination,76531.58,76531.58,kg,1152246.051,15.0558246805,false,false,true,H5,,UN_COMTRADE_HS0902_ANNUAL,2026-07-14,0.0008666706,0.0002684502
2020,144,LKA,Sri Lanka,X,Export,0902,Tea,100,BGR,Bulgaria,destination,258009.06,258009.06,kg,1008838.32,3.9100887387,false,false,true,H5,,UN_COMTRADE_HS0902_ANNUAL,2026-07-14,0.0007588054,0.0009050198
2020,144,LKA,Sri Lanka,X,Export,0902,Tea,762,TJK,Tajikistan,destination,183248,183248,kg,981517.798,5.3562265236,false,false,true,H5,,UN_COMTRADE_HS0902_ANNUAL,2026-07-14,0.000738256,0.00064278
2020,144,LKA,Sri Lanka,X,Export,0902,Tea,428,LVA,Latvia,destination,86616.91,86616.91,kg,966156.09,11.1543587736,false,false,true,H5,,UN_COMTRADE_HS0902_ANNUAL,2026-07-14,0.0007267016,0.0003038266
2020,144,LKA,Sri Lanka,X,Export,0902,Tea,478,MRT,Mauritania,destination,151490,151490,kg,945176.931,6.2392034524,false,false,true,H5,,UN_COMTRADE_HS0902_ANNUAL,2026-07-14,0.000710922,0.0005313823
2020,144,LKA,Sri Lanka,X,Export,0902,Tea,233,EST,Estonia,destination,103028,103028,kg,852845.312,8.2778012967,false,false,true,H5,,UN_COMTRADE_HS0902_ANNUAL,2026-07-14,0.000641474,0.0003613919
2020,144,LKA,Sri Lanka,X,Export,0902,Tea,48,BHR,Bahrain,destination,109236.68,109236.68,kg,835098.785,7.6448568832,false,false,true,H5,,UN_COMTRADE_HS0902_ANNUAL,2026-07-14,0.0006281259,0.0003831701
2020,144,LKA,Sri Lanka,X,Export,0902,Tea,854,BFA,Burkina Faso,destination,129612.4,129612.4,kg,818105.22,6.3119363579,false,false,true,H5,,UN_COMTRADE_HS0902_ANNUAL,2026-07-14,0.000615344,0.0004546421
2020,144,LKA,Sri Lanka,X,Export,0902,Tea,764,THA,Thailand,destination,74593.06,74593.06,kg,775890.32,10.4016421903,false,false,true,H5,,UN_COMTRADE_HS0902_ANNUAL,2026-07-14,0.0005835918,0.0002616505
2020,144,LKA,Sri Lanka,X,Export,0902,Tea,608,PHL,Philippines,destination,75525.89,75525.89,kg,772245.016,10.224904546,false,false,true,H5,,UN_COMTRADE_HS0902_ANNUAL,2026-07-14,0.0005808499,0.0002649226
2020,144,LKA,Sri Lanka,X,Export,0902,Tea,887,YEM,Yemen,destination,149005.8,149005.8,kg,722123.421,4.8462772657,false,false,true,H5,,UN_COMTRADE_HS0902_ANNUAL,2026-07-14,0.0005431506,0.0005226684
2020,144,LKA,Sri Lanka,X,Export,0902,Tea,24,AGO,Angola,destination,92878.4,92878.4,kg,636006.43,6.8477324114,false,false,true,H5,,UN_COMTRADE_HS0902_ANNUAL,2026-07-14,0.000478377,0.0003257901
2020,144,LKA,Sri Lanka,X,Export,0902,Tea,579,NOR,Norway,destination,77734.38,77734.38,kg,614105.652,7.9000521005,false,false,true,H5,,UN_COMTRADE_HS0902_ANNUAL,2026-07-14,0.0004619042,0.0002726693
2020,144,LKA,Sri Lanka,X,Export,0902,Tea,586,PAK,Pakistan,destination,127185.54,127185.54,kg,601403.878,4.7285554474,false,false,true,H5,,UN_COMTRADE_HS0902_ANNUAL,2026-07-14,0.0004523505,0.0004461294
2020,144,LKA,Sri Lanka,X,Export,0902,Tea,404,KEN,Kenya,destination,140663,140663,kg,559267.091,3.9759360386,false,false,true,H5,,UN_COMTRADE_HS0902_ANNUAL,2026-07-14,0.000420657,0.0004934044
2020,144,LKA,Sri Lanka,X,Export,0902,Tea,858,URY,Uruguay,destination,102682,102682,kg,555764.905,5.4124861709,false,false,true,H5,,UN_COMTRADE_HS0902_ANNUAL,2026-07-14,0.0004180228,0.0003601782
2020,144,LKA,Sri Lanka,X,Export,0902,Tea,694,SLE,Sierra Leone,destination,111130.34,111130.34,kg,549329.71,4.943111935,false,false,true,H5,,UN_COMTRADE_HS0902_ANNUAL,2026-07-14,0.0004131825,0.0003898125
2020,144,LKA,Sri Lanka,X,Export,0902,Tea,430,LBR,Liberia,destination,105930.9,105930.9,kg,536011.319,5.0600091097,false,false,true,H5,,UN_COMTRADE_HS0902_ANNUAL,2026-07-14,0.000403165,0.0003715744
2020,144,LKA,Sri Lanka,X,Export,0902,Tea,40,AUT,Austria,destination,137355,137355,kg,531148.387,3.8669752612,false,false,true,H5,,UN_COMTRADE_HS0902_ANNUAL,2026-07-14,0.0003995073,0.0004818009
2020,144,LKA,Sri Lanka,X,Export,0902,Tea,504,MAR,Morocco,destination,80016.9,80016.9,kg,499577.528,6.2434001817,false,false,true,H5,,UN_COMTRADE_HS0902_ANNUAL,2026-07-14,0.000375761,0.0002806757
2020,144,LKA,Sri Lanka,X,Export,0902,Tea,690,SYC,Seychelles,destination,102104.65,102104.65,kg,467690.898,4.5805053737,false,false,true,H5,,UN_COMTRADE_HS0902_ANNUAL,2026-07-14,0.0003517772,0.000358153
2020,144,LKA,Sri Lanka,X,Export,0902,Tea,196,CYP,Cyprus,destination,71281.86,71281.86,kg,434258.347,6.092129849,false,false,true,H5,,UN_COMTRADE_HS0902_ANNUAL,2026-07-14,0.0003266307,0.0002500358
2020,144,LKA,Sri Lanka,X,Export,0902,Tea,51,ARM,Armenia,destination,43544.1,43544.1,kg,411775.465,9.4565156933,false,false,true,H5,,UN_COMTRADE_HS0902_ANNUAL,2026-07-14,0.00030972,0.0001527399
2020,144,LKA,Sri Lanka,X,Export,0902,Tea,498,MDA,Rep. of Moldova,destination,54536.85,54536.85,kg,399597.373,7.3271076896,false,false,true,H5,,UN_COMTRADE_HS0902_ANNUAL,2026-07-14,0.0003005602,0.0001912992
2020,144,LKA,Sri Lanka,X,Export,0902,Tea,512,OMN,Oman,destination,67409.18,67409.18,kg,395193.907,5.8626125848,false,false,true,H5,,UN_COMTRADE_HS0902_ANNUAL,2026-07-14,0.0002972481,0.0002364515
2020,144,LKA,Sri Lanka,X,Export,0902,Tea,328,GUY,Guyana,destination,102260.42,102260.42,kg,389535.982,3.8092546657,false,false,true,H5,,UN_COMTRADE_HS0902_ANNUAL,2026-07-14,0.0002929924,0.0003586994
2020,144,LKA,Sri Lanka,X,Export,0902,Tea,768,TGO,Togo,destination,92274,92274,kg,364660.034,3.9519261547,false,false,true,H5,,UN_COMTRADE_HS0902_ANNUAL,2026-07-14,0.0002742818,0.00032367
2020,144,LKA,Sri Lanka,X,Export,0902,Tea,724,ESP,Spain,destination,101605.92,101605.92,kg,359482.294,3.5380054036,false,false,true,H5,,UN_COMTRADE_HS0902_ANNUAL,2026-07-14,0.0002703873,0.0003564036
2020,144,LKA,Sri Lanka,X,Export,0902,Tea,446,MAC,"China, Macao SAR",destination,95124,95124,kg,345620.962,3.6333728817,false,false,true,H5,,UN_COMTRADE_HS0902_ANNUAL,2026-07-14,0.0002599614,0.000333667
2020,144,LKA,Sri Lanka,X,Export,0902,Tea,807,MKD,North Macedonia,destination,83525.4,83525.4,kg,344246.146,4.1214546234,false,false,true,H5,,UN_COMTRADE_HS0902_ANNUAL,2026-07-14,0.0002589273,0.0002929825
2020,144,LKA,Sri Lanka,X,Export,0902,Tea,348,HUN,Hungary,destination,22032.97,22032.97,kg,332876.225,15.108095958,false,false,true,H5,,UN_COMTRADE_HS0902_ANNUAL,2026-07-14,0.0002503754,0.0000772852
2020,144,LKA,Sri Lanka,X,Export,0902,Tea,780,TTO,Trinidad and Tobago,destination,12121.04,12121.04,kg,304401.248,25.1134595711,false,false,true,H5,,UN_COMTRADE_HS0902_ANNUAL,2026-07-14,0.0002289577,0.000042517
2020,144,LKA,Sri Lanka,X,Export,0902,Tea,642,ROU,Romania,destination,15298.01,15298.01,kg,289690.448,18.9364791891,false,false,true,H5,,UN_COMTRADE_HS0902_ANNUAL,2026-07-14,0.0002178929,0.0000536609
2020,144,LKA,Sri Lanka,X,Export,0902,Tea,706,SOM,Somalia,destination,61785,61785,kg,268372.708,4.3436547382,false,false,true,H5,,UN_COMTRADE_HS0902_ANNUAL,2026-07-14,0.0002018586,0.0002167236
2020,144,LKA,Sri Lanka,X,Export,0902,Tea,484,MEX,Mexico,destination,26883.6,26883.6,kg,264605.831,9.8426487152,false,false,true,H5,,UN_COMTRADE_HS0902_ANNUAL,2026-07-14,0.0001990253,0.0000942997
2020,144,LKA,Sri Lanka,X,Export,0902,Tea,740,SUR,Suriname,destination,33929.58,33929.58,kg,257193.05,7.5802014054,false,false,true,H5,,UN_COMTRADE_HS0902_ANNUAL,2026-07-14,0.0001934497,0.000119015
2020,144,LKA,Sri Lanka,X,Export,0902,Tea,795,TKM,Turkmenistan,destination,39189.06,39189.06,kg,244122.403,6.2293508188,false,false,true,H5,,UN_COMTRADE_HS0902_ANNUAL,2026-07-14,0.0001836185,0.0001374637
2020,144,LKA,Sri Lanka,X,Export,0902,Tea,68,BOL,Bolivia (Plurinational State of),destination,41033.38,41033.38,kg,233844.711,5.6988898063,false,false,true,H5,,UN_COMTRADE_HS0902_ANNUAL,2026-07-14,0.0001758881,0.000143933
2020,144,LKA,Sri Lanka,X,Export,0902,Tea,84,BLZ,Belize,destination,19317.26,19317.26,kg,192054.668,9.9421278173,false,false,true,H5,,UN_COMTRADE_HS0902_ANNUAL,2026-07-14,0.0001444554,0.0000677593
2020,144,LKA,Sri Lanka,X,Export,0902,Tea,562,NER,Niger,destination,29632,29632,kg,181716.874,6.1324539012,false,false,true,H5,,UN_COMTRADE_HS0902_ANNUAL,2026-07-14,0.0001366797,0.0001039403
2020,144,LKA,Sri Lanka,X,Export,0902,Tea,12,DZA,Algeria,destination,49450,49450,kg,161478.265,3.2654856421,false,false,true,H5,,UN_COMTRADE_HS0902_ANNUAL,2026-07-14,0.0001214571,0.000173456
2020,144,LKA,Sri Lanka,X,Export,0902,Tea,204,BEN,Benin,destination,28452.6,28452.6,kg,153407.998,5.391704027,false,false,true,H5,,UN_COMTRADE_HS0902_ANNUAL,2026-07-14,0.000115387,0.0000998033
2020,144,LKA,Sri Lanka,X,Export,0902,Tea,466,MLI,Mali,destination,24912,24912,kg,150168.43,6.0279556037,false,false,true,H5,,UN_COMTRADE_HS0902_ANNUAL,2026-07-14,0.0001129503,0.000087384
2020,144,LKA,Sri Lanka,X,Export,0902,Tea,76,BRA,Brazil,destination,15739.67,15739.67,kg,148283.041,9.4209752174,false,false,true,H5,,UN_COMTRADE_HS0902_ANNUAL,2026-07-14,0.0001115322,0.0000552101
2020,144,LKA,Sri Lanka,X,Export,0902,Tea,96,BRN,Brunei Darussalam,destination,11413.08,11413.08,kg,115743.114,10.1412689651,false,false,true,H5,,UN_COMTRADE_HS0902_ANNUAL,2026-07-14,0.0000870571,0.0000400337
2020,144,LKA,Sri Lanka,X,Export,0902,Tea,32,ARG,Argentina,destination,24540.67,24540.67,kg,110627.011,4.5079050816,false,false,true,H5,,UN_COMTRADE_HS0902_ANNUAL,2026-07-14,0.0000832089,0.0000860814
2020,144,LKA,Sri Lanka,X,Export,0902,Tea,266,GAB,Gabon,destination,20263.2,20263.2,kg,107352.72,5.2979154329,false,false,true,H5,,UN_COMTRADE_HS0902_ANNUAL,2026-07-14,0.0000807462,0.0000710773
2020,144,LKA,Sri Lanka,X,Export,0902,Tea,148,TCD,Chad,destination,22729.5,22729.5,kg,104095.088,4.579735058,false,false,true,H5,,UN_COMTRADE_HS0902_ANNUAL,2026-07-14,0.0000782959,0.0000797284
2020,144,LKA,Sri Lanka,X,Export,0902,Tea,120,CMR,Cameroon,destination,40000,40000,kg,100853.207,2.521330175,false,false,true,H5,,UN_COMTRADE_HS0902_ANNUAL,2026-07-14,0.0000758575,0.0001403082
2020,144,LKA,Sri Lanka,X,Export,0902,Tea,188,CRI,Costa Rica,destination,9529.92,9529.92,kg,87105.441,9.1402069482,false,false,true,H5,,UN_COMTRADE_HS0902_ANNUAL,2026-07-14,0.000065517,0.0000334282
2020,144,LKA,Sri Lanka,X,Export,0902,Tea,4,AFG,Afghanistan,destination,14530,14530,kg,76849.457,5.2890197522,false,false,true,H5,,UN_COMTRADE_HS0902_ANNUAL,2026-07-14,0.0000578029,0.000050967
2020,144,LKA,Sri Lanka,X,Export,0902,Tea,894,ZMB,Zambia,destination,4030.32,4030.32,kg,75396.172,18.7072421048,false,false,true,H5,,UN_COMTRADE_HS0902_ANNUAL,2026-07-14,0.0000567098,0.0000141372
2020,144,LKA,Sri Lanka,X,Export,0902,Tea,604,PER,Peru,destination,3729.76,3729.76,kg,74550.206,19.9879364892,false,false,true,H5,,UN_COMTRADE_HS0902_ANNUAL,2026-07-14,0.0000560735,0.0000130829
2020,144,LKA,Sri Lanka,X,Export,0902,Tea,52,BRB,Barbados,destination,6148.89,6148.89,kg,73571.468,11.9649998618,false,false,true,H5,,UN_COMTRADE_HS0902_ANNUAL,2026-07-14,0.0000553373,0.0000215685
2020,144,LKA,Sri Lanka,X,Export,0902,Tea,16,ASM,American Samoa,destination,7653,7653,kg,71162.748,9.2986734614,false,false,true,H5,,UN_COMTRADE_HS0902_ANNUAL,2026-07-14,0.0000535256,0.0000268445
2020,144,LKA,Sri Lanka,X,Export,0902,Tea,218,ECU,Ecuador,destination,4142.64,4142.64,kg,68965.237,16.6476539115,false,false,true,H5,,UN_COMTRADE_HS0902_ANNUAL,2026-07-14,0.0000518727,0.0000145312
2020,144,LKA,Sri Lanka,X,Export,0902,Tea,104,MMR,Myanmar,destination,4172.54,4172.54,kg,63646.444,15.253645022,false,false,true,H5,,UN_COMTRADE_HS0902_ANNUAL,2026-07-14,0.0000478722,0.000014636
2020,144,LKA,Sri Lanka,X,Export,0902,Tea,800,UGA,Uganda,destination,12000,12000,kg,61526.721,5.12722675,false,false,true,H5,,UN_COMTRADE_HS0902_ANNUAL,2026-07-14,0.0000462778,0.0000420925
2020,144,LKA,Sri Lanka,X,Export,0902,Tea,598,PNG,Papua New Guinea,destination,7059.98,7059.98,kg,58957.148,8.3508944785,false,false,true,H5,,UN_COMTRADE_HS0902_ANNUAL,2026-07-14,0.0000443451,0.0000247643
2020,144,LKA,Sri Lanka,X,Export,0902,Tea,524,NPL,Nepal,destination,3318.79,3318.79,kg,56245.89,16.9477098581,false,false,true,H5,,UN_COMTRADE_HS0902_ANNUAL,2026-07-14,0.0000423058,0.0000116413
2020,144,LKA,Sri Lanka,X,Export,0902,Tea,480,MUS,Mauritius,destination,3920.59,3920.59,kg,56045.886,14.2952683142,false,false,true,H5,,UN_COMTRADE_HS0902_ANNUAL,2026-07-14,0.0000421553,0.0000137523
2020,144,LKA,Sri Lanka,X,Export,0902,Tea,688,SRB,Serbia,destination,12326.22,12326.22,kg,54530.58,4.4239499214,false,false,true,H5,,UN_COMTRADE_HS0902_ANNUAL,2026-07-14,0.0000410156,0.0000432367
2020,144,LKA,Sri Lanka,X,Export,0902,Tea,296,KIR,Kiribati,destination,6912,6912,kg,52574.066,7.6062016782,false,false,true,H5,,UN_COMTRADE_HS0902_ANNUAL,2026-07-14,0.000039544,0.0000242453
2020,144,LKA,Sri Lanka,X,Export,0902,Tea,50,BGD,Bangladesh,destination,1611.93,1611.93,kg,43649.396,27.0789649675,false,false,true,H5,,UN_COMTRADE_HS0902_ANNUAL,2026-07-14,0.0000328312,0.0000056542
2020,144,LKA,Sri Lanka,X,Export,0902,Tea,372,IRL,Ireland,destination,2656.2,2656.2,kg,38290.095,14.4153659363,false,false,true,H5,,UN_COMTRADE_HS0902_ANNUAL,2026-07-14,0.0000288002,0.0000093172
2020,144,LKA,Sri Lanka,X,Export,0902,Tea,624,GNB,Guinea-Bissau,destination,4392,4392,kg,28866.73,6.5725705829,false,false,true,H5,,UN_COMTRADE_HS0902_ANNUAL,2026-07-14,0.0000217123,0.0000154058
2020,144,LKA,Sri Lanka,X,Export,0902,Tea,620,PRT,Portugal,destination,8185.41,8185.41,kg,28350.292,3.4635152057,false,false,true,H5,,UN_COMTRADE_HS0902_ANNUAL,2026-07-14,0.0000213239,0.000028712
2020,144,LKA,Sri Lanka,X,Export,0902,Tea,231,ETH,Ethiopia,destination,2073.2,2073.2,kg,25356.565,12.230641038,false,false,true,H5,,UN_COMTRADE_HS0902_ANNUAL,2026-07-14,0.0000190721,0.0000072722
2020,144,LKA,Sri Lanka,X,Export,0902,Tea,508,MOZ,Mozambique,destination,6289.92,6289.92,kg,24844.321,3.9498627963,false,false,true,H5,,UN_COMTRADE_HS0902_ANNUAL,2026-07-14,0.0000186868,0.0000220632
2020,144,LKA,Sri Lanka,X,Export,0902,Tea,320,GTM,Guatemala,destination,1213.4,1213.4,kg,24277.958,20.0082066919,false,false,true,H5,,UN_COMTRADE_HS0902_ANNUAL,2026-07-14,0.0000182608,0.0000042562
2020,144,LKA,Sri Lanka,X,Export,0902,Tea,352,ISL,Iceland,destination,3155.16,3155.16,kg,20892.03,6.6215437569,false,false,true,H5,,UN_COMTRADE_HS0902_ANNUAL,2026-07-14,0.0000157141,0.0000110674
2020,144,LKA,Sri Lanka,X,Export,0902,Tea,191,HRV,Croatia,destination,398,398,kg,18128.269,45.5484145729,false,false,true,H5,,UN_COMTRADE_HS0902_ANNUAL,2026-07-14,0.0000136353,0.0000013961
2020,144,LKA,Sri Lanka,X,Export,0902,Tea,226,GNQ,Equatorial Guinea,destination,2512.8,2512.8,kg,16920.371,6.7336719994,false,false,true,H5,,UN_COMTRADE_HS0902_ANNUAL,2026-07-14,0.0000127268,0.0000088142
2020,144,LKA,Sri Lanka,X,Export,0902,Tea,729,SDN,Sudan,destination,4035,4035,kg,15334.866,3.8004624535,false,false,true,H5,,UN_COMTRADE_HS0902_ANNUAL,2026-07-14,0.0000115342,0.0000141536
2020,144,LKA,Sri Lanka,X,Export,0902,Tea,116,KHM,Cambodia,destination,652.87,652.87,kg,12253.248,18.7682815875,false,false,true,H5,,UN_COMTRADE_HS0902_ANNUAL,2026-07-14,0.0000092164,0.0000022901
2020,144,LKA,Sri Lanka,X,Export,0902,Tea,170,COL,Colombia,destination,199.23,199.23,kg,8862.628,44.4844049591,false,false,true,H5,,UN_COMTRADE_HS0902_ANNUAL,2026-07-14,0.0000066661,0.0000006988
2020,144,LKA,Sri Lanka,X,Export,0902,Tea,72,BWA,Botswana,destination,613,613,kg,7915.339,12.9124616639,false,false,true,H5,,UN_COMTRADE_HS0902_ANNUAL,2026-07-14,0.0000059536,0.0000021502
2020,144,LKA,Sri Lanka,X,Export,0902,Tea,470,MLT,Malta,destination,836.1,836.1,kg,6702.009,8.0157983495,false,false,true,H5,,UN_COMTRADE_HS0902_ANNUAL,2026-07-14,0.000005041,0.0000029328
2020,144,LKA,Sri Lanka,X,Export,0902,Tea,662,LCA,Saint Lucia,destination,306,306,kg,3432.431,11.2170947712,false,false,true,H5,,UN_COMTRADE_HS0902_ANNUAL,2026-07-14,0.0000025817,0.0000010734
2020,144,LKA,Sri Lanka,X,Export,0902,Tea,703,SVK,Slovakia,destination,500,500,kg,2948.1,5.8962,false,false,true,H5,,UN_COMTRADE_HS0902_ANNUAL,2026-07-14,0.0000022174,0.0000017539
2020,144,LKA,Sri Lanka,X,Export,0902,Tea,258,PYF,French Polynesia,destination,189.48,189.48,kg,2664.594,14.0626662445,false,false,true,H5,,UN_COMTRADE_HS0902_ANNUAL,2026-07-14,0.0000020042,0.0000006646
2020,144,LKA,Sri Lanka,X,Export,0902,Tea,90,SLB,Solomon Isds,destination,2,2,kg,34.324,17.162,false,false,true,H5,,UN_COMTRADE_HS0902_ANNUAL,2026-07-14,0.0000000258,0.000000007
2021,144,LKA,Sri Lanka,X,Export,0902,Tea,0,W00,World,world_total,282986073.76,282986073.76,kg,1391647064.495,4.9177227911,false,false,true,H5,,UN_COMTRADE_HS0902_ANNUAL,2026-07-14,,
2021,144,LKA,Sri Lanka,X,Export,0902,Tea,368,IRQ,Iraq,destination,42455244.72,42455244.72,kg,147137452.435,3.4657073209,false,false,true,H5,,UN_COMTRADE_HS0902_ANNUAL,2026-07-14,0.105729,0.1500259153
2021,144,LKA,Sri Lanka,X,Export,0902,Tea,792,TUR,Türkiye,destination,29741557.07,29741557.07,kg,137720226.75,4.6305654551,false,false,true,H5,,UN_COMTRADE_HS0902_ANNUAL,2026-07-14,0.0989620359,0.1050990131
2021,144,LKA,Sri Lanka,X,Export,0902,Tea,643,RUS,Russian Federation,destination,27356220.14,27356220.14,kg,123020707.337,4.4969921542,false,false,true,H5,,UN_COMTRADE_HS0902_ANNUAL,2026-07-14,0.0883993582,0.0966698459
2021,144,LKA,Sri Lanka,X,Export,0902,Tea,784,ARE,United Arab Emirates,destination,23148758.68,23148758.68,kg,111218249.796,4.8045016726,false,false,true,H5,,UN_COMTRADE_HS0902_ANNUAL,2026-07-14,0.0799184309,0.0818017593
2021,144,LKA,Sri Lanka,X,Export,0902,Tea,364,IRN,Iran,destination,15833595.82,15833595.82,kg,75794629.188,4.7869498533,false,false,true,H5,,UN_COMTRADE_HS0902_ANNUAL,2026-07-14,0.0544639737,0.0559518552
2021,144,LKA,Sri Lanka,X,Export,0902,Tea,156,CHN,China,destination,14044791.78,14044791.78,kg,63745450.676,4.538725221,false,false,true,H5,,UN_COMTRADE_HS0902_ANNUAL,2026-07-14,0.0458057595,0.0496306818
2021,144,LKA,Sri Lanka,X,Export,0902,Tea,31,AZE,Azerbaijan,destination,10591094.05,10591094.05,kg,50399037.218,4.7586242724,false,false,true,H5,,UN_COMTRADE_HS0902_ANNUAL,2026-07-14,0.0362153872,0.0374262023
2021,144,LKA,Sri Lanka,X,Export,0902,Tea,434,LBY,Libya,destination,12339685.8,12339685.8,kg,49203003.417,3.9873789507,false,false,true,H5,,UN_COMTRADE_HS0902_ANNUAL,2026-07-14,0.0353559496,0.0436052758
2021,144,LKA,Sri Lanka,X,Export,0902,Tea,682,SAU,Saudi Arabia,destination,6508455.83,6508455.83,kg,48027262.632,7.3792100441,false,false,true,H5,,UN_COMTRADE_HS0902_ANNUAL,2026-07-14,0.034511094,0.0229992089
2021,144,LKA,Sri Lanka,X,Export,0902,Tea,760,SYR,Syria,destination,7779224.56,7779224.56,kg,39534629.273,5.0820784216,false,false,true,H5,,UN_COMTRADE_HS0902_ANNUAL,2026-07-14,0.028408517,0.0274897788
2021,144,LKA,Sri Lanka,X,Export,0902,Tea,392,JPN,Japan,destination,6595459.84,6595459.84,kg,39492861.225,5.9878859372,false,false,true,H5,,UN_COMTRADE_HS0902_ANNUAL,2026-07-14,0.0283785036,0.0233066587
2021,144,LKA,Sri Lanka,X,Export,0902,Tea,152,CHL,Chile,destination,8834044.26,8834044.26,kg,38540423.15,4.3627156505,false,false,true,H5,,UN_COMTRADE_HS0902_ANNUAL,2026-07-14,0.0276941073,0.0312172403
2021,144,LKA,Sri Lanka,X,Export,0902,Tea,842,USA,USA,destination,5896968.99,5896968.99,kg,38373987.86,6.5074087934,false,false,true,H5,,UN_COMTRADE_HS0902_ANNUAL,2026-07-14,0.0275745114,0.0208383717
2021,144,LKA,Sri Lanka,X,Export,0902,Tea,276,DEU,Germany,destination,6354799.25,6354799.25,kg,34924490.152,5.4957660782,false,false,true,H5,,UN_COMTRADE_HS0902_ANNUAL,2026-07-14,0.0250957955,0.0224562261
2021,144,LKA,Sri Lanka,X,Export,0902,Tea,400,JOR,Jordan,destination,5223721.39,5223721.39,kg,29646324.881,5.6753265857,false,false,true,H5,,UN_COMTRADE_HS0902_ANNUAL,2026-07-14,0.0213030485,0.0184592878
2021,144,LKA,Sri Lanka,X,Export,0902,Tea,616,POL,Poland,destination,3349411.3,3349411.3,kg,24494158.192,7.3129741313,false,false,true,H5,,UN_COMTRADE_HS0902_ANNUAL,2026-07-14,0.0176008406,0.0118359581
2021,144,LKA,Sri Lanka,X,Export,0902,Tea,36,AUS,Australia,destination,2240185.48,2240185.48,kg,23122511.612,10.3216951536,false,false,true,H5,,UN_COMTRADE_HS0902_ANNUAL,2026-07-14,0.0166152124,0.0079162393
2021,144,LKA,Sri Lanka,X,Export,0902,Tea,804,UKR,Ukraine,destination,4280592.3,4280592.3,kg,22631524.162,5.2870076326,false,false,true,H5,,UN_COMTRADE_HS0902_ANNUAL,2026-07-14,0.0162624021,0.0151265122
2021,144,LKA,Sri Lanka,X,Export,0902,Tea,528,NLD,Netherlands,destination,2562022.09,2562022.09,kg,22152332.745,8.6464253495,false,false,true,H5,,UN_COMTRADE_HS0902_ANNUAL,2026-07-14,0.0159180681,0.0090535271
2021,144,LKA,Sri Lanka,X,Export,0902,Tea,490,S19,"Other Asia, nes",destination,4849378.47,4849378.47,kg,20881724.701,4.3060620717,false,false,true,H5,,UN_COMTRADE_HS0902_ANNUAL,2026-07-14,0.0150050435,0.0171364562
2021,144,LKA,Sri Lanka,X,Export,0902,Tea,344,HKG,"China, Hong Kong SAR",destination,4503440.65,4503440.65,kg,20258831.906,4.498523125,false,false,true,H5,,UN_COMTRADE_HS0902_ANNUAL,2026-07-14,0.0145574495,0.015914001
2021,144,LKA,Sri Lanka,X,Export,0902,Tea,56,BEL,Belgium,destination,3532235.09,3532235.09,kg,15383332.243,4.3551269525,false,false,true,H5,,UN_COMTRADE_HS0902_ANNUAL,2026-07-14,0.0110540471,0.0124820103
2021,144,LKA,Sri Lanka,X,Export,0902,Tea,422,LBN,Lebanon,destination,2832099.7,2832099.7,kg,14661564.809,5.1769239653,false,false,true,H5,,UN_COMTRADE_HS0902_ANNUAL,2026-07-14,0.0105354045,0.0100079119
2021,144,LKA,Sri Lanka,X,Export,0902,Tea,288,GHA,Ghana,destination,1838708.92,1838708.92,kg,13242713.095,7.2021802641,false,false,true,H5,,UN_COMTRADE_HS0902_ANNUAL,2026-07-14,0.009515856,0.0064975244
2021,144,LKA,Sri Lanka,X,Export,0902,Tea,818,EGY,Egypt,destination,2423943.91,2423943.91,kg,11528710.702,4.7561788268,false,false,true,H5,,UN_COMTRADE_HS0902_ANNUAL,2026-07-14,0.0082842202,0.0085655943
2021,144,LKA,Sri Lanka,X,Export,0902,Tea,554,NZL,New Zealand,destination,1117392.07,1117392.07,kg,10451469.859,9.3534491067,false,false,true,H5,,UN_COMTRADE_HS0902_ANNUAL,2026-07-14,0.007510144,0.0039485762
2021,144,LKA,Sri Lanka,X,Export,0902,Tea,376,ISR,Israel,destination,1785720.22,1785720.22,kg,10146252.095,5.6818822912,false,false,true,H5,,UN_COMTRADE_HS0902_ANNUAL,2026-07-14,0.0072908228,0.006310276
2021,144,LKA,Sri Lanka,X,Export,0902,Tea,414,KWT,Kuwait,destination,1441488.64,1441488.64,kg,9638105.222,6.6862165643,false,false,true,H5,,UN_COMTRADE_HS0902_ANNUAL,2026-07-14,0.0069256821,0.0050938501
2021,144,LKA,Sri Lanka,X,Export,0902,Tea,826,GBR,United Kingdom,destination,1116356.69,1116356.69,kg,9489908.125,8.5007849283,false,false,true,H5,,UN_COMTRADE_HS0902_ANNUAL,2026-07-14,0.0068191917,0.0039449174
2021,144,LKA,Sri Lanka,X,Export,0902,Tea,8,ALB,Albania,destination,1779179.56,1779179.56,kg,8186974.234,4.6015446771,false,false,true,H5,,UN_COMTRADE_HS0902_ANNUAL,2026-07-14,0.0058829386,0.006287163
2021,144,LKA,Sri Lanka,X,Export,0902,Tea,251,FRA,France,destination,805723.1,805723.1,kg,6809566.25,8.4514968604,false,false,true,H5,,UN_COMTRADE_HS0902_ANNUAL,2026-07-14,0.0048931704,0.0028472182
2021,144,LKA,Sri Lanka,X,Export,0902,Tea,324,GIN,Guinea,destination,1082807.12,1082807.12,kg,6392404.857,5.9035489691,false,false,true,H5,,UN_COMTRADE_HS0902_ANNUAL,2026-07-14,0.0045934095,0.0038263619
2021,144,LKA,Sri Lanka,X,Export,0902,Tea,710,ZAF,South Africa,destination,1308112.52,1308112.52,kg,5497255.112,4.2024329161,false,false,true,H5,,UN_COMTRADE_HS0902_ANNUAL,2026-07-14,0.0039501791,0.0046225332
2021,144,LKA,Sri Lanka,X,Export,0902,Tea,124,CAN,Canada,destination,716101.02,716101.02,kg,5305782.34,7.4092651621,false,false,true,H5,,UN_COMTRADE_HS0902_ANNUAL,2026-07-14,0.0038125919,0.0025305168
2021,144,LKA,Sri Lanka,X,Export,0902,Tea,384,CIV,Côte d'Ivoire,destination,758120.08,758120.08,kg,4917626.432,6.4866062273,false,false,true,H5,,UN_COMTRADE_HS0902_ANNUAL,2026-07-14,0.0035336736,0.0026790014
2021,144,LKA,Sri Lanka,X,Export,0902,Tea,380,ITA,Italy,destination,1030912.2,1030912.2,kg,4892940.847,4.7462246028,false,false,true,H5,,UN_COMTRADE_HS0902_ANNUAL,2026-07-14,0.0035159352,0.0036429786
2021,144,LKA,Sri Lanka,X,Export,0902,Tea,860,UZB,Uzbekistan,destination,688222.56,688222.56,kg,4818804.648,7.0018115186,false,false,true,H5,,UN_COMTRADE_HS0902_ANNUAL,2026-07-14,0.0034626629,0.0024320015
2021,144,LKA,Sri Lanka,X,Export,0902,Tea,417,KGZ,Kyrgyzstan,destination,758475.2,758475.2,kg,3995676.415,5.2680383156,false,false,true,H5,,UN_COMTRADE_HS0902_ANNUAL,2026-07-14,0.0028711852,0.0026802563
2021,144,LKA,Sri Lanka,X,Export,0902,Tea,398,KAZ,Kazakhstan,destination,789404.34,789404.34,kg,3988074.839,5.0520052107,false,false,true,H5,,UN_COMTRADE_HS0902_ANNUAL,2026-07-14,0.0028657229,0.0027895519
2021,144,LKA,Sri Lanka,X,Export,0902,Tea,246,FIN,Finland,destination,724423.79,724423.79,kg,3879817.443,5.3557289208,false,false,true,H5,,UN_COMTRADE_HS0902_ANNUAL,2026-07-14,0.002787932,0.0025599274
2021,144,LKA,Sri Lanka,X,Export,0902,Tea,566,NGA,Nigeria,destination,447387.1,447387.1,kg,3425566.86,7.6568297566,false,false,true,H5,,UN_COMTRADE_HS0902_ANNUAL,2026-07-14,0.0024615198,0.0015809509
2021,144,LKA,Sri Lanka,X,Export,0902,Tea,686,SEN,Senegal,destination,499135.5,499135.5,kg,3290205.417,6.5918080702,false,false,true,H5,,UN_COMTRADE_HS0902_ANNUAL,2026-07-14,0.0023642528,0.0017638165
2021,144,LKA,Sri Lanka,X,Export,0902,Tea,300,GRC,Greece,destination,600680.21,600680.21,kg,3219492.545,5.3597446551,false,false,true,H5,,UN_COMTRADE_HS0902_ANNUAL,2026-07-14,0.0023134404,0.0021226494
2021,144,LKA,Sri Lanka,X,Export,0902,Tea,752,SWE,Sweden,destination,430259.3,430259.3,kg,3180909.591,7.3930060106,false,false,true,H5,,UN_COMTRADE_HS0902_ANNUAL,2026-07-14,0.0022857157,0.0015204257
2021,144,LKA,Sri Lanka,X,Export,0902,Tea,702,SGP,Singapore,destination,376776.09,376776.09,kg,2927496.913,7.76985852,false,false,true,H5,,UN_COMTRADE_HS0902_ANNUAL,2026-07-14,0.0021036202,0.0013314298
2021,144,LKA,Sri Lanka,X,Export,0902,Tea,268,GEO,Georgia,destination,511353.91,511353.91,kg,2700978.683,5.2820143352,false,false,true,H5,,UN_COMTRADE_HS0902_ANNUAL,2026-07-14,0.0019408503,0.0018069932
2021,144,LKA,Sri Lanka,X,Export,0902,Tea,634,QAT,Qatar,destination,286924.16,286924.16,kg,2684461.295,9.3559960061,false,false,true,H5,,UN_COMTRADE_HS0902_ANNUAL,2026-07-14,0.0019289814,0.0010139162
2021,144,LKA,Sri Lanka,X,Export,0902,Tea,899,_X ,"Areas, nes",destination,663767,663767,kg,2569853.18,3.8716193785,false,false,true,H5,,UN_COMTRADE_HS0902_ANNUAL,2026-07-14,0.0018466271,0.0023455819
2021,144,LKA,Sri Lanka,X,Export,0902,Tea,242,FJI,Fiji,destination,466180.65,466180.65,kg,2457275.614,5.2710802432,false,false,true,H5,,UN_COMTRADE_HS0902_ANNUAL,2026-07-14,0.0017657319,0.0016473625
2021,144,LKA,Sri Lanka,X,Export,0902,Tea,208,DNK,Denmark,destination,183938.22,183938.22,kg,2357093.073,12.8145910785,false,false,true,H5,,UN_COMTRADE_HS0902_ANNUAL,2026-07-14,0.0016937434,0.0006499904
2021,144,LKA,Sri Lanka,X,Export,0902,Tea,178,COG,Congo,destination,408955.5,408955.5,kg,2328257.69,5.6931810185,false,false,true,H5,,UN_COMTRADE_HS0902_ANNUAL,2026-07-14,0.0016730231,0.0014451436
2021,144,LKA,Sri Lanka,X,Export,0902,Tea,203,CZE,Czechia,destination,112778.63,112778.63,kg,2080117.257,18.4442500942,false,false,true,H5,,UN_COMTRADE_HS0902_ANNUAL,2026-07-14,0.0014947161,0.0003985307
2021,144,LKA,Sri Lanka,X,Export,0902,Tea,788,TUN,Tunisia,destination,405932.7,405932.7,kg,1859373.899,4.5804979471,false,false,true,H5,,UN_COMTRADE_HS0902_ANNUAL,2026-07-14,0.0013360959,0.0014344618
2021,144,LKA,Sri Lanka,X,Export,0902,Tea,270,GMB,Gambia,destination,347193.4,347193.4,kg,1854045.332,5.3400938267,false,false,true,H5,,UN_COMTRADE_HS0902_ANNUAL,2026-07-14,0.0013322669,0.0012268922
2021,144,LKA,Sri Lanka,X,Export,0902,Tea,704,VNM,Viet Nam,destination,144966.5,144966.5,kg,1844142.862,12.7211656624,false,false,true,H5,,UN_COMTRADE_HS0902_ANNUAL,2026-07-14,0.0013251513,0.0005122743
2021,144,LKA,Sri Lanka,X,Export,0902,Tea,462,MDV,Maldives,destination,202691.95,202691.95,kg,1808481.228,8.9223140238,false,false,true,H5,,UN_COMTRADE_HS0902_ANNUAL,2026-07-14,0.0012995258,0.0007162612
2021,144,LKA,Sri Lanka,X,Export,0902,Tea,410,KOR,Rep. of Korea,destination,228402.81,228402.81,kg,1779440.27,7.790798502,false,false,true,H5,,UN_COMTRADE_HS0902_ANNUAL,2026-07-14,0.0012786577,0.0008071168
2021,144,LKA,Sri Lanka,X,Export,0902,Tea,112,BLR,Belarus,destination,255077.3,255077.3,kg,1761767.797,6.9067996133,false,false,true,H5,,UN_COMTRADE_HS0902_ANNUAL,2026-07-14,0.0012659588,0.0009013776
2021,144,LKA,Sri Lanka,X,Export,0902,Tea,458,MYS,Malaysia,destination,325821.51,325821.51,kg,1759745.519,5.4009494923,false,false,true,H5,,UN_COMTRADE_HS0902_ANNUAL,2026-07-14,0.0012645056,0.0011513694
2021,144,LKA,Sri Lanka,X,Export,0902,Tea,440,LTU,Lithuania,destination,174670.82,174670.82,kg,1753921.022,10.0412938005,false,false,true,H5,,UN_COMTRADE_HS0902_ANNUAL,2026-07-14,0.0012603203,0.0006172418
2021,144,LKA,Sri Lanka,X,Export,0902,Tea,100,BGR,Bulgaria,destination,364758.68,364758.68,kg,1485802.287,4.0733843181,false,false,true,H5,,UN_COMTRADE_HS0902_ANNUAL,2026-07-14,0.0010676574,0.0012889634
2021,144,LKA,Sri Lanka,X,Export,0902,Tea,24,AGO,Angola,destination,250930.4,250930.4,kg,1467096.022,5.8466252873,false,false,true,H5,,UN_COMTRADE_HS0902_ANNUAL,2026-07-14,0.0010542156,0.0008867235
2021,144,LKA,Sri Lanka,X,Export,0902,Tea,699,IND,India,destination,318434.29,318434.29,kg,1454799.374,4.568601497,false,false,true,H5,,UN_COMTRADE_HS0902_ANNUAL,2026-07-14,0.0010453795,0.0011252649
2021,144,LKA,Sri Lanka,X,Export,0902,Tea,854,BFA,Burkina Faso,destination,216155.1,216155.1,kg,1400474.134,6.4790242469,false,false,true,H5,,UN_COMTRADE_HS0902_ANNUAL,2026-07-14,0.0010063429,0.0007638365
2021,144,LKA,Sri Lanka,X,Export,0902,Tea,360,IDN,Indonesia,destination,233872.55,233872.55,kg,1301005.909,5.562884182,false,false,true,H5,,UN_COMTRADE_HS0902_ANNUAL,2026-07-14,0.0009348677,0.0008264454
2021,144,LKA,Sri Lanka,X,Export,0902,Tea,757,CHE,Switzerland,destination,233179.12,233179.12,kg,1232054.006,5.2837235427,false,false,true,H5,,UN_COMTRADE_HS0902_ANNUAL,2026-07-14,0.0008853207,0.000823995
2021,144,LKA,Sri Lanka,X,Export,0902,Tea,762,TJK,Tajikistan,destination,239322.2,239322.2,kg,1195900.243,4.9970301251,false,false,true,H5,,UN_COMTRADE_HS0902_ANNUAL,2026-07-14,0.0008593416,0.0008457031
2021,144,LKA,Sri Lanka,X,Export,0902,Tea,496,MNG,Mongolia,destination,137404.34,137404.34,kg,1161225.089,8.4511529185,false,false,true,H5,,UN_COMTRADE_HS0902_ANNUAL,2026-07-14,0.000834425,0.0004855516
2021,144,LKA,Sri Lanka,X,Export,0902,Tea,40,AUT,Austria,destination,281804.4,281804.4,kg,1126703.507,3.9981757098,false,false,true,H5,,UN_COMTRADE_HS0902_ANNUAL,2026-07-14,0.0008096187,0.0009958243
2021,144,LKA,Sri Lanka,X,Export,0902,Tea,478,MRT,Mauritania,destination,151011,151011,kg,1011672.481,6.6993297243,false,false,true,H5,,UN_COMTRADE_HS0902_ANNUAL,2026-07-14,0.0007269605,0.000533634
2021,144,LKA,Sri Lanka,X,Export,0902,Tea,428,LVA,Latvia,destination,71533.04,71533.04,kg,915560.856,12.7991324848,false,false,true,H5,,UN_COMTRADE_HS0902_ANNUAL,2026-07-14,0.0006578973,0.0002527794
2021,144,LKA,Sri Lanka,X,Export,0902,Tea,608,PHL,Philippines,destination,70316.23,70316.23,kg,870261.808,12.3764002706,false,false,true,H5,,UN_COMTRADE_HS0902_ANNUAL,2026-07-14,0.0006253466,0.0002484795
2021,144,LKA,Sri Lanka,X,Export,0902,Tea,887,YEM,Yemen,destination,156612,156612,kg,833475.801,5.321915313,false,false,true,H5,,UN_COMTRADE_HS0902_ANNUAL,2026-07-14,0.0005989132,0.0005534265
2021,144,LKA,Sri Lanka,X,Export,0902,Tea,579,NOR,Norway,destination,92390.27,92390.27,kg,808846.171,8.7546683325,false,false,true,H5,,UN_COMTRADE_HS0902_ANNUAL,2026-07-14,0.000581215,0.0003264835
2021,144,LKA,Sri Lanka,X,Export,0902,Tea,430,LBR,Liberia,destination,140318,140318,kg,790477.26,5.6334701179,false,false,true,H5,,UN_COMTRADE_HS0902_ANNUAL,2026-07-14,0.0005680156,0.0004958477
2021,144,LKA,Sri Lanka,X,Export,0902,Tea,694,SLE,Sierra Leone,destination,115602.03,115602.03,kg,721281.063,6.2393459959,false,false,true,H5,,UN_COMTRADE_HS0902_ANNUAL,2026-07-14,0.0005182931,0.0004085078
2021,144,LKA,Sri Lanka,X,Export,0902,Tea,348,HUN,Hungary,destination,31175.7,31175.7,kg,701373.69,22.4974480124,false,false,true,H5,,UN_COMTRADE_HS0902_ANNUAL,2026-07-14,0.0005039882,0.0001101669
2021,144,LKA,Sri Lanka,X,Export,0902,Tea,48,BHR,Bahrain,destination,97283.88,97283.88,kg,657588.454,6.7594801318,false,false,true,H5,,UN_COMTRADE_HS0902_ANNUAL,2026-07-14,0.0004725253,0.0003437762
2021,144,LKA,Sri Lanka,X,Export,0902,Tea,233,EST,Estonia,destination,68928.96,68928.96,kg,639591.329,9.278992879,false,false,true,H5,,UN_COMTRADE_HS0902_ANNUAL,2026-07-14,0.0004595931,0.0002435772
2021,144,LKA,Sri Lanka,X,Export,0902,Tea,764,THA,Thailand,destination,61078.59,61078.59,kg,633988.534,10.3798816246,false,false,true,H5,,UN_COMTRADE_HS0902_ANNUAL,2026-07-14,0.000455567,0.000215836
2021,144,LKA,Sri Lanka,X,Export,0902,Tea,858,URY,Uruguay,destination,92933,92933,kg,620370.327,6.6754578783,false,false,true,H5,,UN_COMTRADE_HS0902_ANNUAL,2026-07-14,0.0004457814,0.0003284013
2021,144,LKA,Sri Lanka,X,Export,0902,Tea,466,MLI,Mali,destination,119352,119352,kg,591356.808,4.9547289363,false,false,true,H5,,UN_COMTRADE_HS0902_ANNUAL,2026-07-14,0.000424933,0.0004217593
2021,144,LKA,Sri Lanka,X,Export,0902,Tea,724,ESP,Spain,destination,199880.17,199880.17,kg,591115.712,2.9573504565,false,false,true,H5,,UN_COMTRADE_HS0902_ANNUAL,2026-07-14,0.0004247598,0.0007063251
2021,144,LKA,Sri Lanka,X,Export,0902,Tea,780,TTO,Trinidad and Tobago,destination,24851.11,24851.11,kg,585555.404,23.5625452545,false,false,true,H5,,UN_COMTRADE_HS0902_ANNUAL,2026-07-14,0.0004207643,0.0000878174
2021,144,LKA,Sri Lanka,X,Export,0902,Tea,512,OMN,Oman,destination,83884.46,83884.46,kg,556475.868,6.6338373997,false,false,true,H5,,UN_COMTRADE_HS0902_ANNUAL,2026-07-14,0.0003998685,0.0002964261
2021,144,LKA,Sri Lanka,X,Export,0902,Tea,768,TGO,Togo,destination,73232.4,73232.4,kg,421627.91,5.7573957702,false,false,true,H5,,UN_COMTRADE_HS0902_ANNUAL,2026-07-14,0.0003029704,0.0002587845
2021,144,LKA,Sri Lanka,X,Export,0902,Tea,32,ARG,Argentina,destination,41360.89,41360.89,kg,372902.241,9.0158176238,false,false,true,H5,,UN_COMTRADE_HS0902_ANNUAL,2026-07-14,0.0002679575,0.0001461587
2021,144,LKA,Sri Lanka,X,Export,0902,Tea,196,CYP,Cyprus,destination,48548.59,48548.59,kg,367998.607,7.5800060723,false,false,true,H5,,UN_COMTRADE_HS0902_ANNUAL,2026-07-14,0.0002644339,0.0001715582
2021,144,LKA,Sri Lanka,X,Export,0902,Tea,642,ROU,Romania,destination,20330.32,20330.32,kg,362731.867,17.841916261,false,false,true,H5,,UN_COMTRADE_HS0902_ANNUAL,2026-07-14,0.0002606493,0.0000718421
2021,144,LKA,Sri Lanka,X,Export,0902,Tea,586,PAK,Pakistan,destination,71846.1,71846.1,kg,361524.084,5.03192357,false,false,true,H5,,UN_COMTRADE_HS0902_ANNUAL,2026-07-14,0.0002597814,0.0002538856
2021,144,LKA,Sri Lanka,X,Export,0902,Tea,51,ARM,Armenia,destination,36831.18,36831.18,kg,346394.378,9.4049220796,false,false,true,H5,,UN_COMTRADE_HS0902_ANNUAL,2026-07-14,0.0002489096,0.0001301519
2021,144,LKA,Sri Lanka,X,Export,0902,Tea,690,SYC,Seychelles,destination,54185.66,54185.66,kg,305905.941,5.6455147174,false,false,true,H5,,UN_COMTRADE_HS0902_ANNUAL,2026-07-14,0.0002198157,0.0001914782
2021,144,LKA,Sri Lanka,X,Export,0902,Tea,498,MDA,Rep. of Moldova,destination,35883.96,35883.96,kg,288251.45,8.0328773636,false,false,true,H5,,UN_COMTRADE_HS0902_ANNUAL,2026-07-14,0.0002071297,0.0001268047
2021,144,LKA,Sri Lanka,X,Export,0902,Tea,328,GUY,Guyana,destination,64277.58,64277.58,kg,263426.92,4.0982706567,false,false,true,H5,,UN_COMTRADE_HS0902_ANNUAL,2026-07-14,0.0001892915,0.0002271404
2021,144,LKA,Sri Lanka,X,Export,0902,Tea,740,SUR,Suriname,destination,31865.11,31865.11,kg,260378.732,8.1712798732,false,false,true,H5,,UN_COMTRADE_HS0902_ANNUAL,2026-07-14,0.0001871011,0.0001126031
2021,144,LKA,Sri Lanka,X,Export,0902,Tea,807,MKD,North Macedonia,destination,56866,56866,kg,235393.971,4.1394501284,false,false,true,H5,,UN_COMTRADE_HS0902_ANNUAL,2026-07-14,0.0001691478,0.0002009498
2021,144,LKA,Sri Lanka,X,Export,0902,Tea,84,BLZ,Belize,destination,17752.18,17752.18,kg,235383.932,13.2594381084,false,false,true,H5,,UN_COMTRADE_HS0902_ANNUAL,2026-07-14,0.0001691405,0.0000627316
2021,144,LKA,Sri Lanka,X,Export,0902,Tea,446,MAC,"China, Macao SAR",destination,56821.52,56821.52,kg,232814.151,4.0972883337,false,false,true,H5,,UN_COMTRADE_HS0902_ANNUAL,2026-07-14,0.000167294,0.0002007926
2021,144,LKA,Sri Lanka,X,Export,0902,Tea,12,DZA,Algeria,destination,51175,51175,kg,229256.948,4.4798621983,false,false,true,H5,,UN_COMTRADE_HS0902_ANNUAL,2026-07-14,0.0001647379,0.0001808393
2021,144,LKA,Sri Lanka,X,Export,0902,Tea,562,NER,Niger,destination,29748,29748,kg,225069.453,7.5658683945,false,false,true,H5,,UN_COMTRADE_HS0902_ANNUAL,2026-07-14,0.0001617288,0.0001051218
2021,144,LKA,Sri Lanka,X,Export,0902,Tea,16,ASM,American Samoa,destination,19227,19227,kg,185582.727,9.652193634,false,false,true,H5,,UN_COMTRADE_HS0902_ANNUAL,2026-07-14,0.0001333547,0.0000679433
2021,144,LKA,Sri Lanka,X,Export,0902,Tea,68,BOL,Bolivia (Plurinational State of),destination,26940.4,26940.4,kg,169076.23,6.2759361405,false,false,true,H5,,UN_COMTRADE_HS0902_ANNUAL,2026-07-14,0.0001214936,0.0000952004
2021,144,LKA,Sri Lanka,X,Export,0902,Tea,508,MOZ,Mozambique,destination,27665.66,27665.66,kg,163993.035,5.927674778,false,false,true,H5,,UN_COMTRADE_HS0902_ANNUAL,2026-07-14,0.000117841,0.0000977633
2021,144,LKA,Sri Lanka,X,Export,0902,Tea,504,MAR,Morocco,destination,27071.8,27071.8,kg,158295.227,5.8472368664,false,false,true,H5,,UN_COMTRADE_HS0902_ANNUAL,2026-07-14,0.0001137467,0.0000956648
2021,144,LKA,Sri Lanka,X,Export,0902,Tea,795,TKM,Turkmenistan,destination,17189.8,17189.8,kg,148369.545,8.6312548721,false,false,true,H5,,UN_COMTRADE_HS0902_ANNUAL,2026-07-14,0.0001066143,0.0000607443
2021,144,LKA,Sri Lanka,X,Export,0902,Tea,604,PER,Peru,destination,36633,36633,kg,143111.335,3.9066233997,false,false,true,H5,,UN_COMTRADE_HS0902_ANNUAL,2026-07-14,0.0001028359,0.0001294516
2021,144,LKA,Sri Lanka,X,Export,0902,Tea,76,BRA,Brazil,destination,6026.52,6026.52,kg,110899.383,18.401894128,false,false,true,H5,,UN_COMTRADE_HS0902_ANNUAL,2026-07-14,0.0000796893,0.0000212962
2021,144,LKA,Sri Lanka,X,Export,0902,Tea,96,BRN,Brunei Darussalam,destination,9880.94,9880.94,kg,106467.308,10.7750181663,false,false,true,H5,,UN_COMTRADE_HS0902_ANNUAL,2026-07-14,0.0000765045,0.0000349167
2021,144,LKA,Sri Lanka,X,Export,0902,Tea,404,KEN,Kenya,destination,25553,25553,kg,98123.314,3.8399919383,false,false,true,H5,,UN_COMTRADE_HS0902_ANNUAL,2026-07-14,0.0000705088,0.0000902977
2021,144,LKA,Sri Lanka,X,Export,0902,Tea,484,MEX,Mexico,destination,3472.2,3472.2,kg,86497.245,24.9113659927,false,false,true,H5,,UN_COMTRADE_HS0902_ANNUAL,2026-07-14,0.0000621546,0.0000122699
2021,144,LKA,Sri Lanka,X,Export,0902,Tea,50,BGD,Bangladesh,destination,2876.2,2876.2,kg,82701.442,28.7537174049,false,false,true,H5,,UN_COMTRADE_HS0902_ANNUAL,2026-07-14,0.000059427,0.0000101638
2021,144,LKA,Sri Lanka,X,Export,0902,Tea,218,ECU,Ecuador,destination,4427.28,4427.28,kg,79790.069,18.0223679099,false,false,true,H5,,UN_COMTRADE_HS0902_ANNUAL,2026-07-14,0.000057335,0.0000156449
2021,144,LKA,Sri Lanka,X,Export,0902,Tea,231,ETH,Ethiopia,destination,6192.75,6192.75,kg,79570.125,12.8489160712,false,false,true,H5,,UN_COMTRADE_HS0902_ANNUAL,2026-07-14,0.0000571769,0.0000218836
2021,144,LKA,Sri Lanka,X,Export,0902,Tea,266,GAB,Gabon,destination,13020,13020,kg,78730.661,6.0469017665,false,false,true,H5,,UN_COMTRADE_HS0902_ANNUAL,2026-07-14,0.0000565737,0.0000460093
2021,144,LKA,Sri Lanka,X,Export,0902,Tea,706,SOM,Somalia,destination,16542,16542,kg,77859.968,4.7068049813,false,false,true,H5,,UN_COMTRADE_HS0902_ANNUAL,2026-07-14,0.0000559481,0.0000584552
2021,144,LKA,Sri Lanka,X,Export,0902,Tea,598,PNG,Papua New Guinea,destination,30000,30000,kg,72237.979,2.4079326333,false,false,true,H5,,UN_COMTRADE_HS0902_ANNUAL,2026-07-14,0.0000519083,0.0001060123
2021,144,LKA,Sri Lanka,X,Export,0902,Tea,104,MMR,Myanmar,destination,6487.02,6487.02,kg,70657.628,10.8921551036,false,false,true,H5,,UN_COMTRADE_HS0902_ANNUAL,2026-07-14,0.0000507727,0.0000229235
2021,144,LKA,Sri Lanka,X,Export,0902,Tea,52,BRB,Barbados,destination,5136,5136,kg,70522.393,13.7309955218,false,false,true,H5,,UN_COMTRADE_HS0902_ANNUAL,2026-07-14,0.0000506755,0.0000181493
2021,144,LKA,Sri Lanka,X,Export,0902,Tea,524,NPL,Nepal,destination,2580.53,2580.53,kg,68882.852,26.6932963383,false,false,true,H5,,UN_COMTRADE_HS0902_ANNUAL,2026-07-14,0.0000494974,0.0000091189
2021,144,LKA,Sri Lanka,X,Export,0902,Tea,688,SRB,Serbia,destination,13538.7,13538.7,kg,64772.625,4.7842573511,false,false,true,H5,,UN_COMTRADE_HS0902_ANNUAL,2026-07-14,0.0000465439,0.0000478423
2021,144,LKA,Sri Lanka,X,Export,0902,Tea,372,IRL,Ireland,destination,4467.06,4467.06,kg,60293.152,13.4972782994,false,false,true,H5,,UN_COMTRADE_HS0902_ANNUAL,2026-07-14,0.000043325,0.0000157854
2021,144,LKA,Sri Lanka,X,Export,0902,Tea,624,GNB,Guinea-Bissau,destination,9708,9708,kg,59102.309,6.088000515,false,false,true,H5,,UN_COMTRADE_HS0902_ANNUAL,2026-07-14,0.0000424693,0.0000343056
2021,144,LKA,Sri Lanka,X,Export,0902,Tea,188,CRI,Costa Rica,destination,5695.2,5695.2,kg,52372.068,9.1958259587,false,false,true,H5,,UN_COMTRADE_HS0902_ANNUAL,2026-07-14,0.0000376332,0.0000201254
2021,144,LKA,Sri Lanka,X,Export,0902,Tea,226,GNQ,Equatorial Guinea,destination,6000,6000,kg,42317.772,7.052962,false,false,true,H5,,UN_COMTRADE_HS0902_ANNUAL,2026-07-14,0.0000304084,0.0000212025
2021,144,LKA,Sri Lanka,X,Export,0902,Tea,116,KHM,Cambodia,destination,2784.18,2784.18,kg,36925.41,13.2625800056,false,false,true,H5,,UN_COMTRADE_HS0902_ANNUAL,2026-07-14,0.0000265336,0.0000098386
2021,144,LKA,Sri Lanka,X,Export,0902,Tea,800,UGA,Uganda,destination,6000,6000,kg,34477.219,5.7462031667,false,false,true,H5,,UN_COMTRADE_HS0902_ANNUAL,2026-07-14,0.0000247744,0.0000212025
2021,144,LKA,Sri Lanka,X,Export,0902,Tea,480,MUS,Mauritius,destination,983.22,983.22,kg,31876.808,32.4208295193,false,false,true,H5,,UN_COMTRADE_HS0902_ANNUAL,2026-07-14,0.0000229058,0.0000034744
2021,144,LKA,Sri Lanka,X,Export,0902,Tea,470,MLT,Malta,destination,1542.03,1542.03,kg,25001.654,16.2134679611,false,false,true,H5,,UN_COMTRADE_HS0902_ANNUAL,2026-07-14,0.0000179655,0.0000054491
2021,144,LKA,Sri Lanka,X,Export,0902,Tea,148,TCD,Chad,destination,5550,5550,kg,23972.698,4.319405045,false,false,true,H5,,UN_COMTRADE_HS0902_ANNUAL,2026-07-14,0.0000172261,0.0000196123
2021,144,LKA,Sri Lanka,X,Export,0902,Tea,296,KIR,Kiribati,destination,3456,3456,kg,23589.508,6.8256678241,false,false,true,H5,,UN_COMTRADE_HS0902_ANNUAL,2026-07-14,0.0000169508,0.0000122126
2021,144,LKA,Sri Lanka,X,Export,0902,Tea,620,PRT,Portugal,destination,809.08,809.08,kg,22684.449,28.0373374697,false,false,true,H5,,UN_COMTRADE_HS0902_ANNUAL,2026-07-14,0.0000163004,0.0000028591
2021,144,LKA,Sri Lanka,X,Export,0902,Tea,703,SVK,Slovakia,destination,408.95,408.95,kg,16784.856,41.0437853038,false,false,true,H5,,UN_COMTRADE_HS0902_ANNUAL,2026-07-14,0.0000120611,0.0000014451
2021,144,LKA,Sri Lanka,X,Export,0902,Tea,72,BWA,Botswana,destination,1256.4,1256.4,kg,16093.524,12.8092359121,false,false,true,H5,,UN_COMTRADE_HS0902_ANNUAL,2026-07-14,0.0000115644,0.0000044398
2021,144,LKA,Sri Lanka,X,Export,0902,Tea,28,ATG,Antigua and Barbuda,destination,1365,1365,kg,15604.587,11.4319318681,false,false,true,H5,,UN_COMTRADE_HS0902_ANNUAL,2026-07-14,0.000011213,0.0000048236
2021,144,LKA,Sri Lanka,X,Export,0902,Tea,705,SVN,Slovenia,destination,202.77,202.77,kg,6379.235,31.460447798,false,false,true,H5,,UN_COMTRADE_HS0902_ANNUAL,2026-07-14,0.0000045839,0.0000007165
2021,144,LKA,Sri Lanka,X,Export,0902,Tea,662,LCA,Saint Lucia,destination,244.8,244.8,kg,2814.753,11.4981740196,false,false,true,H5,,UN_COMTRADE_HS0902_ANNUAL,2026-07-14,0.0000020226,0.0000008651
2021,144,LKA,Sri Lanka,X,Export,0902,Tea,258,PYF,French Polynesia,destination,191.66,191.66,kg,2413.857,12.5944745904,false,false,true,H5,,UN_COMTRADE_HS0902_ANNUAL,2026-07-14,0.0000017345,0.0000006773
2021,144,LKA,Sri Lanka,X,Export,0902,Tea,316,GUM,Guam,destination,43.74,43.74,kg,2301.488,52.6174668496,false,false,true,H5,,UN_COMTRADE_HS0902_ANNUAL,2026-07-14,0.0000016538,0.0000001546
2021,144,LKA,Sri Lanka,X,Export,0902,Tea,191,HRV,Croatia,destination,47,47,kg,1200.191,25.5359787234,false,false,true,H5,,UN_COMTRADE_HS0902_ANNUAL,2026-07-14,0.0000008624,0.0000001661
2021,144,LKA,Sri Lanka,X,Export,0902,Tea,352,ISL,Iceland,destination,100,100,kg,895.613,8.95613,false,false,true,H5,,UN_COMTRADE_HS0902_ANNUAL,2026-07-14,0.0000006436,0.0000003534
2021,144,LKA,Sri Lanka,X,Export,0902,Tea,90,SLB,Solomon Isds,destination,25.8,25.8,kg,696.637,27.0014341085,false,false,true,H5,,UN_COMTRADE_HS0902_ANNUAL,2026-07-14,0.0000005006,0.0000000912
2021,144,LKA,Sri Lanka,X,Export,0902,Tea,70,BIH,Bosnia Herzegovina,destination,10.8,10.8,kg,416.899,38.6017592593,false,false,true,H5,,UN_COMTRADE_HS0902_ANNUAL,2026-07-14,0.0000002996,0.0000000382
2021,144,LKA,Sri Lanka,X,Export,0902,Tea,442,LUX,Luxembourg,destination,12.4,12.4,kg,161.45,13.0201612903,false,false,true,H5,,UN_COMTRADE_HS0902_ANNUAL,2026-07-14,0.000000116,0.0000000438
2021,144,LKA,Sri Lanka,X,Export,0902,Tea,332,HTI,Haiti,destination,0.4,0.4,kg,9.63,24.075,false,false,true,H5,,UN_COMTRADE_HS0902_ANNUAL,2026-07-14,0.0000000069,0.0000000014
2022,144,LKA,Sri Lanka,X,Export,0902,Tea,0,W00,World,world_total,247114879.75,247114879.75,kg,1305608665.011,5.2834077265,false,false,true,H5,,UN_COMTRADE_HS0902_ANNUAL,2026-07-14,,
2022,144,LKA,Sri Lanka,X,Export,0902,Tea,368,IRQ,Iraq,destination,43245971.4,43245971.4,kg,153122113.023,3.5407254842,false,false,true,H5,,UN_COMTRADE_HS0902_ANNUAL,2026-07-14,0.1172802518,0.1750035103
2022,144,LKA,Sri Lanka,X,Export,0902,Tea,643,RUS,Russian Federation,destination,24732768.92,24732768.92,kg,131283676.491,5.308086487,false,false,true,H5,,UN_COMTRADE_HS0902_ANNUAL,2026-07-14,0.1005536192,0.1000861176
2022,144,LKA,Sri Lanka,X,Export,0902,Tea,784,ARE,United Arab Emirates,destination,22577612.26,22577612.26,kg,124681696.608,5.522359724,false,false,true,H5,,UN_COMTRADE_HS0902_ANNUAL,2026-07-14,0.0954969892,0.0913648433
2022,144,LKA,Sri Lanka,X,Export,0902,Tea,792,TUR,Türkiye,destination,15595067,15595067,kg,75956087.553,4.8705201172,false,false,true,H5,,UN_COMTRADE_HS0902_ANNUAL,2026-07-14,0.0581767643,0.0631085713
2022,144,LKA,Sri Lanka,X,Export,0902,Tea,364,IRN,Iran,destination,13059832.1,13059832.1,kg,73992710.344,5.6656708737,false,false,true,H5,,UN_COMTRADE_HS0902_ANNUAL,2026-07-14,0.0566729621,0.052849234
2022,144,LKA,Sri Lanka,X,Export,0902,Tea,31,AZE,Azerbaijan,destination,12091914.05,12091914.05,kg,68532045.289,5.6675928232,false,false,true,H5,,UN_COMTRADE_HS0902_ANNUAL,2026-07-14,0.0524904951,0.0489323592
2022,144,LKA,Sri Lanka,X,Export,0902,Tea,156,CHN,China,destination,11056760.71,11056760.71,kg,50155286.417,4.5361645904,false,false,true,H5,,UN_COMTRADE_HS0902_ANNUAL,2026-07-14,0.0384152524,0.0447434032
2022,144,LKA,Sri Lanka,X,Export,0902,Tea,682,SAU,Saudi Arabia,destination,6259954.15,6259954.15,kg,46535951.533,7.4339125204,false,false,true,H5,,UN_COMTRADE_HS0902_ANNUAL,2026-07-14,0.0356431087,0.0253321619
2022,144,LKA,Sri Lanka,X,Export,0902,Tea,434,LBY,Libya,destination,11200526.5,11200526.5,kg,43397609.021,3.8746043787,false,false,true,H5,,UN_COMTRADE_HS0902_ANNUAL,2026-07-14,0.0332393696,0.0453251804
2022,144,LKA,Sri Lanka,X,Export,0902,Tea,842,USA,USA,destination,6355654.32,6355654.32,kg,42380394.682,6.6681402965,false,false,true,H5,,UN_COMTRADE_HS0902_ANNUAL,2026-07-14,0.0324602584,0.0257194319
2022,144,LKA,Sri Lanka,X,Export,0902,Tea,276,DEU,Germany,destination,6539318.74,6539318.74,kg,39717200.587,6.0735991265,false,false,true,H5,,UN_COMTRADE_HS0902_ANNUAL,2026-07-14,0.0304204481,0.0264626669
2022,144,LKA,Sri Lanka,X,Export,0902,Tea,392,JPN,Japan,destination,5903957.21,5903957.21,kg,37324572.377,6.3219584847,false,false,true,H5,,UN_COMTRADE_HS0902_ANNUAL,2026-07-14,0.0285878712,0.0238915488
2022,144,LKA,Sri Lanka,X,Export,0902,Tea,760,SYR,Syria,destination,6153525.82,6153525.82,kg,35100011.951,5.704048862,false,false,true,H5,,UN_COMTRADE_HS0902_ANNUAL,2026-07-14,0.0268840219,0.0249014783
2022,144,LKA,Sri Lanka,X,Export,0902,Tea,152,CHL,Chile,destination,6512856.46,6512856.46,kg,29422005.756,4.5175271306,false,false,true,H5,,UN_COMTRADE_HS0902_ANNUAL,2026-07-14,0.0225350877,0.0263555819
2022,144,LKA,Sri Lanka,X,Export,0902,Tea,616,POL,Poland,destination,3378320.44,3378320.44,kg,24573609.647,7.2739132014,false,false,true,H5,,UN_COMTRADE_HS0902_ANNUAL,2026-07-14,0.0188215737,0.0136710523
2022,144,LKA,Sri Lanka,X,Export,0902,Tea,400,JOR,Jordan,destination,3930726.09,3930726.09,kg,23574575.975,5.9975117663,false,false,true,H5,,UN_COMTRADE_HS0902_ANNUAL,2026-07-14,0.0180563875,0.0159064727
2022,144,LKA,Sri Lanka,X,Export,0902,Tea,490,S19,"Other Asia, nes",destination,4923677.58,4923677.58,kg,22516210.943,4.5730473974,false,false,true,H5,,UN_COMTRADE_HS0902_ANNUAL,2026-07-14,0.0172457579,0.0199246504
2022,144,LKA,Sri Lanka,X,Export,0902,Tea,36,AUS,Australia,destination,2136424.56,2136424.56,kg,21111037.883,9.8814806187,false,false,true,H5,,UN_COMTRADE_HS0902_ANNUAL,2026-07-14,0.0161694989,0.0086454711
2022,144,LKA,Sri Lanka,X,Export,0902,Tea,528,NLD,Netherlands,destination,2139109.75,2139109.75,kg,18928763.472,8.8488977585,false,false,true,H5,,UN_COMTRADE_HS0902_ANNUAL,2026-07-14,0.0144980376,0.0086563373
2022,144,LKA,Sri Lanka,X,Export,0902,Tea,344,HKG,"China, Hong Kong SAR",destination,3817040.64,3817040.64,kg,16919624.95,4.432655176,false,false,true,H5,,UN_COMTRADE_HS0902_ANNUAL,2026-07-14,0.0129591856,0.0154464217
2022,144,LKA,Sri Lanka,X,Export,0902,Tea,56,BEL,Belgium,destination,2897058.14,2897058.14,kg,14577324.797,5.0317681222,false,false,true,H5,,UN_COMTRADE_HS0902_ANNUAL,2026-07-14,0.0111651563,0.0117235277
2022,144,LKA,Sri Lanka,X,Export,0902,Tea,804,UKR,Ukraine,destination,2416548.38,2416548.38,kg,13626178.529,5.6386946944,false,false,true,H5,,UN_COMTRADE_HS0902_ANNUAL,2026-07-14,0.0104366484,0.0097790484
2022,144,LKA,Sri Lanka,X,Export,0902,Tea,376,ISR,Israel,destination,1967576.67,1967576.67,kg,11105095.046,5.6440469209,false,false,true,H5,,UN_COMTRADE_HS0902_ANNUAL,2026-07-14,0.0085056842,0.0079621942
2022,144,LKA,Sri Lanka,X,Export,0902,Tea,826,GBR,United Kingdom,destination,1115154.16,1115154.16,kg,10737829.713,9.6290092421,false,false,true,H5,,UN_COMTRADE_HS0902_ANNUAL,2026-07-14,0.0082243861,0.0045126953
2022,144,LKA,Sri Lanka,X,Export,0902,Tea,414,KWT,Kuwait,destination,1431911.6,1431911.6,kg,9598367.481,6.7031843872,false,false,true,H5,,UN_COMTRADE_HS0902_ANNUAL,2026-07-14,0.007351642,0.0057945179
2022,144,LKA,Sri Lanka,X,Export,0902,Tea,818,EGY,Egypt,destination,1968426.92,1968426.92,kg,9444802.963,4.798147631,false,false,true,H5,,UN_COMTRADE_HS0902_ANNUAL,2026-07-14,0.0072340229,0.0079656349
2022,144,LKA,Sri Lanka,X,Export,0902,Tea,288,GHA,Ghana,destination,1129781.17,1129781.17,kg,8291147.983,7.3387202789,false,false,true,H5,,UN_COMTRADE_HS0902_ANNUAL,2026-07-14,0.0063504082,0.0045718864
2022,144,LKA,Sri Lanka,X,Export,0902,Tea,422,LBN,Lebanon,destination,1332618.28,1332618.28,kg,8054610.921,6.0441996346,false,false,true,H5,,UN_COMTRADE_HS0902_ANNUAL,2026-07-14,0.0061692383,0.0053927076
2022,144,LKA,Sri Lanka,X,Export,0902,Tea,554,NZL,New Zealand,destination,865780.3,865780.3,kg,7456841.341,8.6128563343,false,false,true,H5,,UN_COMTRADE_HS0902_ANNUAL,2026-07-14,0.0057113908,0.0035035539
2022,144,LKA,Sri Lanka,X,Export,0902,Tea,8,ALB,Albania,destination,1151199.54,1151199.54,kg,6123432.255,5.3191753838,false,false,true,H5,,UN_COMTRADE_HS0902_ANNUAL,2026-07-14,0.0046900977,0.0046585602
2022,144,LKA,Sri Lanka,X,Export,0902,Tea,380,ITA,Italy,destination,1310105.4,1310105.4,kg,6106314.982,4.6609341371,false,false,true,H5,,UN_COMTRADE_HS0902_ANNUAL,2026-07-14,0.0046769872,0.0053016047
2022,144,LKA,Sri Lanka,X,Export,0902,Tea,710,ZAF,South Africa,destination,1492835.35,1492835.35,kg,5934933.915,3.975611855,false,false,true,H5,,UN_COMTRADE_HS0902_ANNUAL,2026-07-14,0.0045457219,0.0060410581
2022,144,LKA,Sri Lanka,X,Export,0902,Tea,124,CAN,Canada,destination,548076.13,548076.13,kg,5292600.65,9.6566888436,false,false,true,H5,,UN_COMTRADE_HS0902_ANNUAL,2026-07-14,0.004053742,0.0022179002
2022,144,LKA,Sri Lanka,X,Export,0902,Tea,251,FRA,France,destination,693711.88,693711.88,kg,4926523.865,7.1016858829,false,false,true,H5,,UN_COMTRADE_HS0902_ANNUAL,2026-07-14,0.0037733541,0.0028072445
2022,144,LKA,Sri Lanka,X,Export,0902,Tea,398,KAZ,Kazakhstan,destination,697674.29,697674.29,kg,4541808.659,6.5099269446,false,false,true,H5,,UN_COMTRADE_HS0902_ANNUAL,2026-07-14,0.0034786907,0.0028232792
2022,144,LKA,Sri Lanka,X,Export,0902,Tea,860,UZB,Uzbekistan,destination,597932.53,597932.53,kg,4170572.307,6.9749881429,false,false,true,H5,,UN_COMTRADE_HS0902_ANNUAL,2026-07-14,0.003194351,0.0024196541
2022,144,LKA,Sri Lanka,X,Export,0902,Tea,702,SGP,Singapore,destination,382440.38,382440.38,kg,3580972.61,9.3634793742,false,false,true,H5,,UN_COMTRADE_HS0902_ANNUAL,2026-07-14,0.0027427611,0.0015476218
2022,144,LKA,Sri Lanka,X,Export,0902,Tea,417,KGZ,Kyrgyzstan,destination,570852.79,570852.79,kg,3572114.761,6.2575060043,false,false,true,H5,,UN_COMTRADE_HS0902_ANNUAL,2026-07-14,0.0027359766,0.0023100705
2022,144,LKA,Sri Lanka,X,Export,0902,Tea,203,CZE,Czechia,destination,169172.37,169172.37,kg,3210904.622,18.9800770776,false,false,true,H5,,UN_COMTRADE_HS0902_ANNUAL,2026-07-14,0.0024593163,0.00068459
2022,144,LKA,Sri Lanka,X,Export,0902,Tea,324,GIN,Guinea,destination,555254,555254,kg,3178535.117,5.7244704532,false,false,true,H5,,UN_COMTRADE_HS0902_ANNUAL,2026-07-14,0.0024345236,0.0022469468
2022,144,LKA,Sri Lanka,X,Export,0902,Tea,752,SWE,Sweden,destination,342795.54,342795.54,kg,3039152.193,8.8657868565,false,false,true,H5,,UN_COMTRADE_HS0902_ANNUAL,2026-07-14,0.0023277666,0.001387191
2022,144,LKA,Sri Lanka,X,Export,0902,Tea,788,TUN,Tunisia,destination,706349,706349,kg,3025540.214,4.2833503183,false,false,true,H5,,UN_COMTRADE_HS0902_ANNUAL,2026-07-14,0.0023173408,0.0028583831
2022,144,LKA,Sri Lanka,X,Export,0902,Tea,178,COG,Congo,destination,532140.5,532140.5,kg,3019723.769,5.6746738296,false,false,true,H5,,UN_COMTRADE_HS0902_ANNUAL,2026-07-14,0.0023128858,0.0021534134
2022,144,LKA,Sri Lanka,X,Export,0902,Tea,242,FJI,Fiji,destination,467606.55,467606.55,kg,2947864.836,6.3041564238,false,false,true,H5,,UN_COMTRADE_HS0902_ANNUAL,2026-07-14,0.0022578472,0.0018922638
2022,144,LKA,Sri Lanka,X,Export,0902,Tea,458,MYS,Malaysia,destination,388620.48,388620.48,kg,2881470.99,7.4146143559,false,false,true,H5,,UN_COMTRADE_HS0902_ANNUAL,2026-07-14,0.0022069944,0.0015726308
2022,144,LKA,Sri Lanka,X,Export,0902,Tea,24,AGO,Angola,destination,476221.72,476221.72,kg,2723764.566,5.7195303188,false,false,true,H5,,UN_COMTRADE_HS0902_ANNUAL,2026-07-14,0.0020862029,0.0019271269
2022,144,LKA,Sri Lanka,X,Export,0902,Tea,634,QAT,Qatar,destination,272081.32,272081.32,kg,2623686.442,9.6430230565,false,false,true,H5,,UN_COMTRADE_HS0902_ANNUAL,2026-07-14,0.0020095504,0.0011010317
2022,144,LKA,Sri Lanka,X,Export,0902,Tea,704,VNM,Viet Nam,destination,131843.86,131843.86,kg,2609362.045,19.7913049952,false,false,true,H5,,UN_COMTRADE_HS0902_ANNUAL,2026-07-14,0.001998579,0.0005335327
2022,144,LKA,Sri Lanka,X,Export,0902,Tea,410,KOR,Rep. of Korea,destination,320084.59,320084.59,kg,2534128.05,7.9170573316,false,false,true,H5,,UN_COMTRADE_HS0902_ANNUAL,2026-07-14,0.0019409553,0.0012952866
2022,144,LKA,Sri Lanka,X,Export,0902,Tea,208,DNK,Denmark,destination,202218.84,202218.84,kg,2436283.225,12.0477559114,false,false,true,H5,,UN_COMTRADE_HS0902_ANNUAL,2026-07-14,0.0018660134,0.0008183192
2022,144,LKA,Sri Lanka,X,Export,0902,Tea,112,BLR,Belarus,destination,279674.59,279674.59,kg,2274134.162,8.1313578112,false,false,true,H5,,UN_COMTRADE_HS0902_ANNUAL,2026-07-14,0.0017418191,0.0011317594
2022,144,LKA,Sri Lanka,X,Export,0902,Tea,268,GEO,Georgia,destination,307140.76,307140.76,kg,2181368.391,7.1021781381,false,false,true,H5,,UN_COMTRADE_HS0902_ANNUAL,2026-07-14,0.0016707674,0.0012429068
2022,144,LKA,Sri Lanka,X,Export,0902,Tea,300,GRC,Greece,destination,389923.32,389923.32,kg,2156663.682,5.5309943555,false,false,true,H5,,UN_COMTRADE_HS0902_ANNUAL,2026-07-14,0.0016518454,0.001577903
2022,144,LKA,Sri Lanka,X,Export,0902,Tea,440,LTU,Lithuania,destination,182036,182036,kg,2138477.442,11.7475523633,false,false,true,H5,,UN_COMTRADE_HS0902_ANNUAL,2026-07-14,0.0016379161,0.0007366452
2022,144,LKA,Sri Lanka,X,Export,0902,Tea,566,NGA,Nigeria,destination,213239.3,213239.3,kg,2049994.724,9.613587758,false,false,true,H5,,UN_COMTRADE_HS0902_ANNUAL,2026-07-14,0.0015701449,0.0008629157
2022,144,LKA,Sri Lanka,X,Export,0902,Tea,360,IDN,Indonesia,destination,214657.78,214657.78,kg,1908970.617,8.8930884173,false,false,true,H5,,UN_COMTRADE_HS0902_ANNUAL,2026-07-14,0.0014621308,0.0008686558
2022,144,LKA,Sri Lanka,X,Export,0902,Tea,462,MDV,Maldives,destination,215608.32,215608.32,kg,1891840.662,8.7744325544,false,false,true,H5,,UN_COMTRADE_HS0902_ANNUAL,2026-07-14,0.0014490105,0.0008725024
2022,144,LKA,Sri Lanka,X,Export,0902,Tea,100,BGR,Bulgaria,destination,405245.53,405245.53,kg,1864758.296,4.601551795,false,false,true,H5,,UN_COMTRADE_HS0902_ANNUAL,2026-07-14,0.0014282674,0.0016399074
2022,144,LKA,Sri Lanka,X,Export,0902,Tea,688,SRB,Serbia,destination,371359.8,371359.8,kg,1822295.734,4.9070893888,false,false,true,H5,,UN_COMTRADE_HS0902_ANNUAL,2026-07-14,0.0013957442,0.001502782
2022,144,LKA,Sri Lanka,X,Export,0902,Tea,608,PHL,Philippines,destination,137687.34,137687.34,kg,1816308.473,13.1915430496,false,false,true,H5,,UN_COMTRADE_HS0902_ANNUAL,2026-07-14,0.0013911584,0.0005571795
2022,144,LKA,Sri Lanka,X,Export,0902,Tea,40,AUT,Austria,destination,374608.55,374608.55,kg,1653766.195,4.4146514942,false,false,true,H5,,UN_COMTRADE_HS0902_ANNUAL,2026-07-14,0.001266663,0.0015159287
2022,144,LKA,Sri Lanka,X,Export,0902,Tea,270,GMB,Gambia,destination,305627.48,305627.48,kg,1637394.319,5.3574839507,false,false,true,H5,,UN_COMTRADE_HS0902_ANNUAL,2026-07-14,0.0012541234,0.001236783
2022,144,LKA,Sri Lanka,X,Export,0902,Tea,699,IND,India,destination,346691.43,346691.43,kg,1610918.776,4.6465491691,false,false,true,H5,,UN_COMTRADE_HS0902_ANNUAL,2026-07-14,0.001233845,0.0014029565
2022,144,LKA,Sri Lanka,X,Export,0902,Tea,32,ARG,Argentina,destination,254245.11,254245.11,kg,1423042.623,5.5971287825,false,false,true,H5,,UN_COMTRADE_HS0902_ANNUAL,2026-07-14,0.0010899458,0.0010288539
2022,144,LKA,Sri Lanka,X,Export,0902,Tea,384,CIV,Côte d'Ivoire,destination,304340.24,304340.24,kg,1404946.053,4.6163663832,false,false,true,H5,,UN_COMTRADE_HS0902_ANNUAL,2026-07-14,0.0010760851,0.0012315739
2022,144,LKA,Sri Lanka,X,Export,0902,Tea,757,CHE,Switzerland,destination,274016.05,274016.05,kg,1386034.546,5.0582239471,false,false,true,H5,,UN_COMTRADE_HS0902_ANNUAL,2026-07-14,0.0010616003,0.001108861
2022,144,LKA,Sri Lanka,X,Export,0902,Tea,642,ROU,Romania,destination,157561.44,157561.44,kg,1198751.854,7.6081549775,false,false,true,H5,,UN_COMTRADE_HS0902_ANNUAL,2026-07-14,0.0009181556,0.000637604
2022,144,LKA,Sri Lanka,X,Export,0902,Tea,246,FIN,Finland,destination,186005.13,186005.13,kg,1181289.161,6.3508418343,false,false,true,H5,,UN_COMTRADE_HS0902_ANNUAL,2026-07-14,0.0009047804,0.0007527071
2022,144,LKA,Sri Lanka,X,Export,0902,Tea,478,MRT,Mauritania,destination,163269,163269,kg,1154323.564,7.0700718691,false,false,true,H5,,UN_COMTRADE_HS0902_ANNUAL,2026-07-14,0.0008841268,0.0006607008
2022,144,LKA,Sri Lanka,X,Export,0902,Tea,496,MNG,Mongolia,destination,131471.96,131471.96,kg,1151401.087,8.7577692384,false,false,true,H5,,UN_COMTRADE_HS0902_ANNUAL,2026-07-14,0.0008818884,0.0005320277
2022,144,LKA,Sri Lanka,X,Export,0902,Tea,724,ESP,Spain,destination,282974.92,282974.92,kg,1089538.714,3.8503013412,false,false,true,H5,,UN_COMTRADE_HS0902_ANNUAL,2026-07-14,0.0008345063,0.0011451149
2022,144,LKA,Sri Lanka,X,Export,0902,Tea,48,BHR,Bahrain,destination,115556.42,115556.42,kg,1022340.82,8.8471139899,false,false,true,H5,,UN_COMTRADE_HS0902_ANNUAL,2026-07-14,0.0007830377,0.0004676223
2022,144,LKA,Sri Lanka,X,Export,0902,Tea,686,SEN,Senegal,destination,157098,157098,kg,1004876.205,6.396492667,false,false,true,H5,,UN_COMTRADE_HS0902_ANNUAL,2026-07-14,0.0007696611,0.0006357286
2022,144,LKA,Sri Lanka,X,Export,0902,Tea,764,THA,Thailand,destination,62860.65,62860.65,kg,989986.014,15.7488987785,false,false,true,H5,,UN_COMTRADE_HS0902_ANNUAL,2026-07-14,0.0007582563,0.0002543782
2022,144,LKA,Sri Lanka,X,Export,0902,Tea,762,TJK,Tajikistan,destination,162560,162560,kg,953720.711,5.866884295,false,false,true,H5,,UN_COMTRADE_HS0902_ANNUAL,2026-07-14,0.0007304798,0.0006578317
2022,144,LKA,Sri Lanka,X,Export,0902,Tea,348,HUN,Hungary,destination,54903.16,54903.16,kg,952885.999,17.3557587396,false,false,true,H5,,UN_COMTRADE_HS0902_ANNUAL,2026-07-14,0.0007298404,0.0002221767
2022,144,LKA,Sri Lanka,X,Export,0902,Tea,428,LVA,Latvia,destination,78961.93,78961.93,kg,929886.639,11.7763919778,false,false,true,H5,,UN_COMTRADE_HS0902_ANNUAL,2026-07-14,0.0007122246,0.0003195353
2022,144,LKA,Sri Lanka,X,Export,0902,Tea,604,PER,Peru,destination,247458.88,247458.88,kg,888093.526,3.5888529278,false,false,true,H5,,UN_COMTRADE_HS0902_ANNUAL,2026-07-14,0.0006802142,0.0010013921
2022,144,LKA,Sri Lanka,X,Export,0902,Tea,233,EST,Estonia,destination,96812.07,96812.07,kg,883750.86,9.1285194088,false,false,true,H5,,UN_COMTRADE_HS0902_ANNUAL,2026-07-14,0.000676888,0.0003917695
2022,144,LKA,Sri Lanka,X,Export,0902,Tea,196,CYP,Cyprus,destination,99836.09,99836.09,kg,799066.821,8.0037872176,false,false,true,H5,,UN_COMTRADE_HS0902_ANNUAL,2026-07-14,0.0006120263,0.0004040068
2022,144,LKA,Sri Lanka,X,Export,0902,Tea,887,YEM,Yemen,destination,109808.2,109808.2,kg,591266.11,5.3845351258,false,false,true,H5,,UN_COMTRADE_HS0902_ANNUAL,2026-07-14,0.0004528663,0.0004443609
2022,144,LKA,Sri Lanka,X,Export,0902,Tea,858,URY,Uruguay,destination,76634,76634,kg,551842.428,7.2010129707,false,false,true,H5,,UN_COMTRADE_HS0902_ANNUAL,2026-07-14,0.0004226706,0.0003101149
2022,144,LKA,Sri Lanka,X,Export,0902,Tea,899,_X ,"Areas, nes",destination,151929.4,151929.4,kg,519643.444,3.4202955057,false,false,true,H5,,UN_COMTRADE_HS0902_ANNUAL,2026-07-14,0.0003980086,0.0006148128
2022,144,LKA,Sri Lanka,X,Export,0902,Tea,780,TTO,Trinidad and Tobago,destination,22707.16,22707.16,kg,511371.209,22.5202627277,false,false,true,H5,,UN_COMTRADE_HS0902_ANNUAL,2026-07-14,0.0003916727,0.0000918891
2022,144,LKA,Sri Lanka,X,Export,0902,Tea,795,TKM,Turkmenistan,destination,63769.47,63769.47,kg,485802.852,7.6181102336,false,false,true,H5,,UN_COMTRADE_HS0902_ANNUAL,2026-07-14,0.0003720892,0.000258056
2022,144,LKA,Sri Lanka,X,Export,0902,Tea,854,BFA,Burkina Faso,destination,72887.44,72887.44,kg,464473.848,6.3724812944,false,false,true,H5,,UN_COMTRADE_HS0902_ANNUAL,2026-07-14,0.0003557527,0.0002949537
2022,144,LKA,Sri Lanka,X,Export,0902,Tea,504,MAR,Morocco,destination,66270.26,66270.26,kg,463717.496,6.9973694988,false,false,true,H5,,UN_COMTRADE_HS0902_ANNUAL,2026-07-14,0.0003551734,0.0002681759
2022,144,LKA,Sri Lanka,X,Export,0902,Tea,579,NOR,Norway,destination,47552.84,47552.84,kg,440424.044,9.2617821354,false,false,true,H5,,UN_COMTRADE_HS0902_ANNUAL,2026-07-14,0.0003373324,0.0001924321
2022,144,LKA,Sri Lanka,X,Export,0902,Tea,694,SLE,Sierra Leone,destination,64423.6,64423.6,kg,434376.685,6.7425087235,false,false,true,H5,,UN_COMTRADE_HS0902_ANNUAL,2026-07-14,0.0003327005,0.000260703
2022,144,LKA,Sri Lanka,X,Export,0902,Tea,328,GUY,Guyana,destination,104556,104556,kg,416417.28,3.9827200735,false,false,true,H5,,UN_COMTRADE_HS0902_ANNUAL,2026-07-14,0.0003189449,0.0004231069
2022,144,LKA,Sri Lanka,X,Export,0902,Tea,430,LBR,Liberia,destination,81134,81134,kg,405365.896,4.9962518303,false,false,true,H5,,UN_COMTRADE_HS0902_ANNUAL,2026-07-14,0.0003104804,0.000328325
2022,144,LKA,Sri Lanka,X,Export,0902,Tea,690,SYC,Seychelles,destination,67577.82,67577.82,kg,358097.877,5.2990445238,false,false,true,H5,,UN_COMTRADE_HS0902_ANNUAL,2026-07-14,0.0002742766,0.0002734672
2022,144,LKA,Sri Lanka,X,Export,0902,Tea,512,OMN,Oman,destination,57697.94,57697.94,kg,353575.491,6.1280435835,false,false,true,H5,,UN_COMTRADE_HS0902_ANNUAL,2026-07-14,0.0002708128,0.0002334863
2022,144,LKA,Sri Lanka,X,Export,0902,Tea,768,TGO,Togo,destination,62276.1,62276.1,kg,341625.616,5.4856616904,false,false,true,H5,,UN_COMTRADE_HS0902_ANNUAL,2026-07-14,0.00026166,0.0002520127
2022,144,LKA,Sri Lanka,X,Export,0902,Tea,51,ARM,Armenia,destination,35977.3,35977.3,kg,337742.223,9.3876478502,false,false,true,H5,,UN_COMTRADE_HS0902_ANNUAL,2026-07-14,0.0002586856,0.0001455894
2022,144,LKA,Sri Lanka,X,Export,0902,Tea,807,MKD,North Macedonia,destination,68735.5,68735.5,kg,334225.732,4.8624907362,false,false,true,H5,,UN_COMTRADE_HS0902_ANNUAL,2026-07-14,0.0002559923,0.000278152
2022,144,LKA,Sri Lanka,X,Export,0902,Tea,498,MDA,Rep. of Moldova,destination,46875,46875,kg,326850.325,6.9728069333,false,false,true,H5,,UN_COMTRADE_HS0902_ANNUAL,2026-07-14,0.0002503433,0.0001896891
2022,144,LKA,Sri Lanka,X,Export,0902,Tea,446,MAC,"China, Macao SAR",destination,80490.24,80490.24,kg,318434.529,3.9561880919,false,false,true,H5,,UN_COMTRADE_HS0902_ANNUAL,2026-07-14,0.0002438974,0.0003257199
2022,144,LKA,Sri Lanka,X,Export,0902,Tea,484,MEX,Mexico,destination,11043.16,11043.16,kg,299030,27.0783000518,false,false,true,H5,,UN_COMTRADE_HS0902_ANNUAL,2026-07-14,0.0002290349,0.0000446884
2022,144,LKA,Sri Lanka,X,Export,0902,Tea,466,MLI,Mali,destination,62712,62712,kg,287467.192,4.5839263937,false,false,true,H5,,UN_COMTRADE_HS0902_ANNUAL,2026-07-14,0.0002201787,0.0002537767
2022,144,LKA,Sri Lanka,X,Export,0902,Tea,84,BLZ,Belize,destination,23941.68,23941.68,kg,260453.543,10.878666117,false,false,true,H5,,UN_COMTRADE_HS0902_ANNUAL,2026-07-14,0.0001994882,0.0000968848
2022,144,LKA,Sri Lanka,X,Export,0902,Tea,372,IRL,Ireland,destination,13967.98,13967.98,kg,244847.043,17.5291662073,false,false,true,H5,,UN_COMTRADE_HS0902_ANNUAL,2026-07-14,0.0001875348,0.0000565242
2022,144,LKA,Sri Lanka,X,Export,0902,Tea,740,SUR,Suriname,destination,24110.7,24110.7,kg,243484.335,10.0986008287,false,false,true,H5,,UN_COMTRADE_HS0902_ANNUAL,2026-07-14,0.0001864911,0.0000975688
2022,144,LKA,Sri Lanka,X,Export,0902,Tea,586,PAK,Pakistan,destination,50851.86,50851.86,kg,228504.894,4.4935405313,false,false,true,H5,,UN_COMTRADE_HS0902_ANNUAL,2026-07-14,0.0001750179,0.0002057823
2022,144,LKA,Sri Lanka,X,Export,0902,Tea,598,PNG,Papua New Guinea,destination,73084,73084,kg,189496.995,2.5928656751,false,false,true,H5,,UN_COMTRADE_HS0902_ANNUAL,2026-07-14,0.0001451407,0.0002957491
2022,144,LKA,Sri Lanka,X,Export,0902,Tea,562,NER,Niger,destination,22932,22932,kg,178002.733,7.7621983691,false,false,true,H5,,UN_COMTRADE_HS0902_ANNUAL,2026-07-14,0.000136337,0.0000927989
2022,144,LKA,Sri Lanka,X,Export,0902,Tea,508,MOZ,Mozambique,destination,27296.68,27296.68,kg,175691.064,6.4363528458,false,false,true,H5,,UN_COMTRADE_HS0902_ANNUAL,2026-07-14,0.0001345664,0.0001104615
2022,144,LKA,Sri Lanka,X,Export,0902,Tea,68,BOL,Bolivia (Plurinational State of),destination,21567.75,21567.75,kg,149950.262,6.9525222612,false,false,true,H5,,UN_COMTRADE_HS0902_ANNUAL,2026-07-14,0.0001148508,0.0000872782
2022,144,LKA,Sri Lanka,X,Export,0902,Tea,862,VEN,Venezuela,destination,19146.08,19146.08,kg,146399.986,7.6464731162,false,false,true,H5,,UN_COMTRADE_HS0902_ANNUAL,2026-07-14,0.0001121316,0.0000774785
2022,144,LKA,Sri Lanka,X,Export,0902,Tea,404,KEN,Kenya,destination,33944,33944,kg,143755.865,4.2350891174,false,false,true,H5,,UN_COMTRADE_HS0902_ANNUAL,2026-07-14,0.0001101064,0.0001373612
2022,144,LKA,Sri Lanka,X,Export,0902,Tea,12,DZA,Algeria,destination,27812.05,27812.05,kg,118089.074,4.2459679887,false,false,true,H5,,UN_COMTRADE_HS0902_ANNUAL,2026-07-14,0.0000904475,0.000112547
2022,144,LKA,Sri Lanka,X,Export,0902,Tea,52,BRB,Barbados,destination,7327.2,7327.2,kg,103803.298,14.1668438148,false,false,true,H5,,UN_COMTRADE_HS0902_ANNUAL,2026-07-14,0.0000795057,0.000029651
2022,144,LKA,Sri Lanka,X,Export,0902,Tea,96,BRN,Brunei Darussalam,destination,7166.5,7166.5,kg,102906.755,14.3594160329,false,false,true,H5,,UN_COMTRADE_HS0902_ANNUAL,2026-07-14,0.000078819,0.0000290007
2022,144,LKA,Sri Lanka,X,Export,0902,Tea,620,PRT,Portugal,destination,7178.99,7178.99,kg,101124.142,14.0861238141,false,false,true,H5,,UN_COMTRADE_HS0902_ANNUAL,2026-07-14,0.0000774536,0.0000290512
2022,144,LKA,Sri Lanka,X,Export,0902,Tea,76,BRA,Brazil,destination,4614.9,4614.9,kg,86209.369,18.6806580858,false,false,true,H5,,UN_COMTRADE_HS0902_ANNUAL,2026-07-14,0.00006603,0.0000186751
2022,144,LKA,Sri Lanka,X,Export,0902,Tea,524,NPL,Nepal,destination,3107.62,3107.62,kg,75148.427,24.1819871799,false,false,true,H5,,UN_COMTRADE_HS0902_ANNUAL,2026-07-14,0.0000575582,0.0000125756
2022,144,LKA,Sri Lanka,X,Export,0902,Tea,480,MUS,Mauritius,destination,1967.36,1967.36,kg,73259.018,37.2372204375,false,false,true,H5,,UN_COMTRADE_HS0902_ANNUAL,2026-07-14,0.000056111,0.0000079613
2022,144,LKA,Sri Lanka,X,Export,0902,Tea,296,KIR,Kiribati,destination,10368,10368,kg,72011.517,6.9455552662,false,false,true,H5,,UN_COMTRADE_HS0902_ANNUAL,2026-07-14,0.0000551555,0.0000419562
2022,144,LKA,Sri Lanka,X,Export,0902,Tea,16,ASM,American Samoa,destination,6837,6837,kg,67793.034,9.915611233,false,false,true,H5,,UN_COMTRADE_HS0902_ANNUAL,2026-07-14,0.0000519245,0.0000276673
2022,144,LKA,Sri Lanka,X,Export,0902,Tea,470,MLT,Malta,destination,3262.18,3262.18,kg,66063.402,20.2513049556,false,false,true,H5,,UN_COMTRADE_HS0902_ANNUAL,2026-07-14,0.0000505997,0.0000132011
2022,144,LKA,Sri Lanka,X,Export,0902,Tea,50,BGD,Bangladesh,destination,2282.36,2282.36,kg,49919.108,21.8717064793,false,false,true,H5,,UN_COMTRADE_HS0902_ANNUAL,2026-07-14,0.0000382344,0.000009236
2022,144,LKA,Sri Lanka,X,Export,0902,Tea,266,GAB,Gabon,destination,5342.4,5342.4,kg,47858.277,8.9581980009,false,false,true,H5,,UN_COMTRADE_HS0902_ANNUAL,2026-07-14,0.0000366559,0.0000216191
2022,144,LKA,Sri Lanka,X,Export,0902,Tea,894,ZMB,Zambia,destination,1565.88,1565.88,kg,38422.804,24.5375150075,false,false,true,H5,,UN_COMTRADE_HS0902_ANNUAL,2026-07-14,0.000029429,0.0000063366
2022,144,LKA,Sri Lanka,X,Export,0902,Tea,800,UGA,Uganda,destination,6001,6001,kg,36686.011,6.1133162806,false,false,true,H5,,UN_COMTRADE_HS0902_ANNUAL,2026-07-14,0.0000280988,0.0000242843
2022,144,LKA,Sri Lanka,X,Export,0902,Tea,214,DOM,Dominican Rep.,destination,1824.48,1824.48,kg,36343.751,19.9200599623,false,false,true,H5,,UN_COMTRADE_HS0902_ANNUAL,2026-07-14,0.0000278366,0.0000073831
2022,144,LKA,Sri Lanka,X,Export,0902,Tea,188,CRI,Costa Rica,destination,4686,4686,kg,34486.537,7.3594829279,false,false,true,H5,,UN_COMTRADE_HS0902_ANNUAL,2026-07-14,0.0000264141,0.0000189628
2022,144,LKA,Sri Lanka,X,Export,0902,Tea,703,SVK,Slovakia,destination,915.39,915.39,kg,34455.43,37.6401643016,false,false,true,H5,,UN_COMTRADE_HS0902_ANNUAL,2026-07-14,0.0000263903,0.0000037043
2022,144,LKA,Sri Lanka,X,Export,0902,Tea,352,ISL,Iceland,destination,4036.42,4036.42,kg,29953.262,7.4207495751,false,false,true,H5,,UN_COMTRADE_HS0902_ANNUAL,2026-07-14,0.000022942,0.0000163342
2022,144,LKA,Sri Lanka,X,Export,0902,Tea,706,SOM,Somalia,destination,4806,4806,kg,29809.322,6.2025222638,false,false,true,H5,,UN_COMTRADE_HS0902_ANNUAL,2026-07-14,0.0000228317,0.0000194484
2022,144,LKA,Sri Lanka,X,Export,0902,Tea,116,KHM,Cambodia,destination,1548.49,1548.49,kg,27765.828,17.9309055919,false,false,true,H5,,UN_COMTRADE_HS0902_ANNUAL,2026-07-14,0.0000212666,0.0000062663
2022,144,LKA,Sri Lanka,X,Export,0902,Tea,191,HRV,Croatia,destination,816.02,816.02,kg,24989.352,30.6234553075,false,false,true,H5,,UN_COMTRADE_HS0902_ANNUAL,2026-07-14,0.00001914,0.0000033022
2022,144,LKA,Sri Lanka,X,Export,0902,Tea,104,MMR,Myanmar,destination,1183.2,1183.2,kg,20721.877,17.5134186951,false,false,true,H5,,UN_COMTRADE_HS0902_ANNUAL,2026-07-14,0.0000158714,0.0000047881
2022,144,LKA,Sri Lanka,X,Export,0902,Tea,148,TCD,Chad,destination,5760,5760,kg,20580.636,3.5730270833,false,false,true,H5,,UN_COMTRADE_HS0902_ANNUAL,2026-07-14,0.0000157633,0.000023309
2022,144,LKA,Sri Lanka,X,Export,0902,Tea,231,ETH,Ethiopia,destination,2315.44,2315.44,kg,17658.661,7.6264817918,false,false,true,H5,,UN_COMTRADE_HS0902_ANNUAL,2026-07-14,0.0000135252,0.0000093699
2022,144,LKA,Sri Lanka,X,Export,0902,Tea,170,COL,Colombia,destination,322.05,322.05,kg,16098.455,49.9874398385,false,false,true,H5,,UN_COMTRADE_HS0902_ANNUAL,2026-07-14,0.0000123302,0.0000013032
2022,144,LKA,Sri Lanka,X,Export,0902,Tea,591,PAN,Panama,destination,2070,2070,kg,14242.729,6.8805454106,false,false,true,H5,,UN_COMTRADE_HS0902_ANNUAL,2026-07-14,0.0000109089,0.0000083767
2022,144,LKA,Sri Lanka,X,Export,0902,Tea,705,SVN,Slovenia,destination,305.81,305.81,kg,12236.453,40.0132533272,false,false,true,H5,,UN_COMTRADE_HS0902_ANNUAL,2026-07-14,0.0000093722,0.0000012375
2022,144,LKA,Sri Lanka,X,Export,0902,Tea,72,BWA,Botswana,destination,951.3,951.3,kg,9531.542,10.0194912225,false,false,true,H5,,UN_COMTRADE_HS0902_ANNUAL,2026-07-14,0.0000073005,0.0000038496
2022,144,LKA,Sri Lanka,X,Export,0902,Tea,624,GNB,Guinea-Bissau,destination,3120,3120,kg,9336.957,2.9926144231,false,false,true,H5,,UN_COMTRADE_HS0902_ANNUAL,2026-07-14,0.0000071514,0.0000126257
2022,144,LKA,Sri Lanka,X,Export,0902,Tea,218,ECU,Ecuador,destination,299.25,299.25,kg,3846.781,12.8547401838,false,false,true,H5,,UN_COMTRADE_HS0902_ANNUAL,2026-07-14,0.0000029464,0.000001211
2022,144,LKA,Sri Lanka,X,Export,0902,Tea,44,BHS,Bahamas,destination,317.28,317.28,kg,2438.106,7.6843986384,false,false,true,H5,,UN_COMTRADE_HS0902_ANNUAL,2026-07-14,0.0000018674,0.0000012839
2022,144,LKA,Sri Lanka,X,Export,0902,Tea,320,GTM,Guatemala,destination,197.08,197.08,kg,2301.809,11.6795666734,false,false,true,H5,,UN_COMTRADE_HS0902_ANNUAL,2026-07-14,0.000001763,0.0000007975
2022,144,LKA,Sri Lanka,X,Export,0902,Tea,258,PYF,French Polynesia,destination,72.48,72.48,kg,1318.252,18.187803532,false,false,true,H5,,UN_COMTRADE_HS0902_ANNUAL,2026-07-14,0.0000010097,0.0000002933
2022,144,LKA,Sri Lanka,X,Export,0902,Tea,442,LUX,Luxembourg,destination,24,24,kg,739.88,30.8283333333,false,false,true,H5,,UN_COMTRADE_HS0902_ANNUAL,2026-07-14,0.0000005667,0.0000000971
2022,144,LKA,Sri Lanka,X,Export,0902,Tea,454,MWI,Malawi,destination,47.5,47.5,kg,187.45,3.9463157895,false,false,true,H5,,UN_COMTRADE_HS0902_ANNUAL,2026-07-14,0.0000001436,0.0000001922
2022,144,LKA,Sri Lanka,X,Export,0902,Tea,418,LAO,Lao People's Dem. Rep.,destination,5.33,5.33,kg,90.684,17.0138836773,false,false,true,H5,,UN_COMTRADE_HS0902_ANNUAL,2026-07-14,0.0000000695,0.0000000216
2023,144,LKA,Sri Lanka,X,Export,0902,Tea,0,W00,World,world_total,239110958.39,239110958.39,kg,1289912534.859,5.3946190653,false,false,true,H6,,UN_COMTRADE_HS0902_ANNUAL,2026-07-14,,
2023,144,LKA,Sri Lanka,X,Export,0902,Tea,792,TUR,Türkiye,destination,30411150.71,30411150.71,kg,156971217.257,5.1616335979,false,false,true,H6,,UN_COMTRADE_HS0902_ANNUAL,2026-07-14,0.1216913651,0.1271842617
2023,144,LKA,Sri Lanka,X,Export,0902,Tea,643,RUS,Russian Federation,destination,22614423.18,22614423.18,kg,122162752.95,5.4019840337,false,false,true,H6,,UN_COMTRADE_HS0902_ANNUAL,2026-07-14,0.0947062298,0.094577109
2023,144,LKA,Sri Lanka,X,Export,0902,Tea,368,IRQ,Iraq,destination,32751232.61,32751232.61,kg,121333638.309,3.7047044841,false,false,true,H6,,UN_COMTRADE_HS0902_ANNUAL,2026-07-14,0.0940634617,0.1369708558
2023,144,LKA,Sri Lanka,X,Export,0902,Tea,784,ARE,United Arab Emirates,destination,18457621.04,18457621.04,kg,97483926.384,5.2815000467,false,false,true,H6,,UN_COMTRADE_HS0902_ANNUAL,2026-07-14,0.0755740593,0.0771927024
2023,144,LKA,Sri Lanka,X,Export,0902,Tea,156,CHN,China,destination,12274367.71,12274367.71,kg,55533887.68,4.5243786883,false,false,true,H6,,UN_COMTRADE_HS0902_ANNUAL,2026-07-14,0.0430524444,0.051333355
2023,144,LKA,Sri Lanka,X,Export,0902,Tea,682,SAU,Saudi Arabia,destination,6982774.16,6982774.16,kg,53165026.626,7.613739956,false,false,true,H6,,UN_COMTRADE_HS0902_ANNUAL,2026-07-14,0.0412159935,0.0292030704
2023,144,LKA,Sri Lanka,X,Export,0902,Tea,31,AZE,Azerbaijan,destination,9176625.95,9176625.95,kg,48060527.744,5.2372765334,false,false,true,H6,,UN_COMTRADE_HS0902_ANNUAL,2026-07-14,0.0372587493,0.038378107
2023,144,LKA,Sri Lanka,X,Export,0902,Tea,760,SYR,Syria,destination,7083651.6,7083651.6,kg,42904242.03,6.0567973205,false,false,true,H6,,UN_COMTRADE_HS0902_ANNUAL,2026-07-14,0.0332613575,0.0296249559
2023,144,LKA,Sri Lanka,X,Export,0902,Tea,434,LBY,Libya,destination,11127971.06,11127971.06,kg,42025941.64,3.7766041458,false,false,true,H6,,UN_COMTRADE_HS0902_ANNUAL,2026-07-14,0.0325804584,0.0465389422
2023,144,LKA,Sri Lanka,X,Export,0902,Tea,364,IRN,Iran,destination,6501835.75,6501835.75,kg,37607047.655,5.7840660855,false,false,true,H6,,UN_COMTRADE_HS0902_ANNUAL,2026-07-14,0.0291547269,0.0271917096
2023,144,LKA,Sri Lanka,X,Export,0902,Tea,842,USA,USA,destination,5140656.66,5140656.66,kg,37046846.278,7.2066369587,false,false,true,H6,,UN_COMTRADE_HS0902_ANNUAL,2026-07-14,0.0287204328,0.0214990425
2023,144,LKA,Sri Lanka,X,Export,0902,Tea,276,DEU,Germany,destination,6115447.45,6115447.45,kg,36100790.984,5.9032133428,false,false,true,H6,,UN_COMTRADE_HS0902_ANNUAL,2026-07-14,0.0279870069,0.0255757724
2023,144,LKA,Sri Lanka,X,Export,0902,Tea,392,JPN,Japan,destination,4747693.79,4747693.79,kg,32354404.087,6.814762181,false,false,true,H6,,UN_COMTRADE_HS0902_ANNUAL,2026-07-14,0.0250826341,0.0198556094
2023,144,LKA,Sri Lanka,X,Export,0902,Tea,152,CHL,Chile,destination,7885530.55,7885530.55,kg,32135457.104,4.0752434982,false,false,true,H6,,UN_COMTRADE_HS0902_ANNUAL,2026-07-14,0.0249128962,0.032978541
2023,144,LKA,Sri Lanka,X,Export,0902,Tea,400,JOR,Jordan,destination,4784745.77,4784745.77,kg,29257823.267,6.1148125049,false,false,true,H6,,UN_COMTRADE_HS0902_ANNUAL,2026-07-14,0.022682021,0.0200105667
2023,144,LKA,Sri Lanka,X,Export,0902,Tea,616,POL,Poland,destination,3405124.69,3405124.69,kg,26401887.403,7.7535743347,false,false,true,H6,,UN_COMTRADE_HS0902_ANNUAL,2026-07-14,0.0204679672,0.0142407722
2023,144,LKA,Sri Lanka,X,Export,0902,Tea,528,NLD,Netherlands,destination,1621515.76,1621515.76,kg,18766249.577,11.5732760914,false,false,true,H6,,UN_COMTRADE_HS0902_ANNUAL,2026-07-14,0.0145484667,0.0067814364
2023,144,LKA,Sri Lanka,X,Export,0902,Tea,490,S19,"Other Asia, nes",destination,4242676.36,4242676.36,kg,18754468.385,4.4204334231,false,false,true,H6,,UN_COMTRADE_HS0902_ANNUAL,2026-07-14,0.0145393334,0.0177435463
2023,144,LKA,Sri Lanka,X,Export,0902,Tea,344,HKG,"China, Hong Kong SAR",destination,3808575.17,3808575.17,kg,18535166.839,4.8666931888,false,false,true,H6,,UN_COMTRADE_HS0902_ANNUAL,2026-07-14,0.0143693207,0.0159280662
2023,144,LKA,Sri Lanka,X,Export,0902,Tea,36,AUS,Australia,destination,1834684.78,1834684.78,kg,17830083.722,9.7183363139,false,false,true,H6,,UN_COMTRADE_HS0902_ANNUAL,2026-07-14,0.0138227075,0.0076729431
2023,144,LKA,Sri Lanka,X,Export,0902,Tea,422,LBN,Lebanon,destination,2543779.26,2543779.26,kg,16381131.422,6.4396827506,false,false,true,H6,,UN_COMTRADE_HS0902_ANNUAL,2026-07-14,0.0126994125,0.0106384888
2023,144,LKA,Sri Lanka,X,Export,0902,Tea,56,BEL,Belgium,destination,3525108.9,3525108.9,kg,15928488.602,4.5185805755,false,false,true,H6,,UN_COMTRADE_HS0902_ANNUAL,2026-07-14,0.0123485028,0.0147425652
2023,144,LKA,Sri Lanka,X,Export,0902,Tea,804,UKR,Ukraine,destination,2094400.17,2094400.17,kg,12901316.201,6.1599098328,false,false,true,H6,,UN_COMTRADE_HS0902_ANNUAL,2026-07-14,0.0100016985,0.0087591141
2023,144,LKA,Sri Lanka,X,Export,0902,Tea,826,GBR,United Kingdom,destination,1214744.49,1214744.49,kg,12608594.594,10.3796269074,false,false,true,H6,,UN_COMTRADE_HS0902_ANNUAL,2026-07-14,0.0097747671,0.0050802544
2023,144,LKA,Sri Lanka,X,Export,0902,Tea,414,KWT,Kuwait,destination,1789611.19,1789611.19,kg,12554332.592,7.0151173965,false,false,true,H6,,UN_COMTRADE_HS0902_ANNUAL,2026-07-14,0.0097327007,0.0074844382
2023,144,LKA,Sri Lanka,X,Export,0902,Tea,376,ISR,Israel,destination,1713430.2,1713430.2,kg,10875788.914,6.3473778588,false,false,true,H6,,UN_COMTRADE_HS0902_ANNUAL,2026-07-14,0.0084314158,0.0071658372
2023,144,LKA,Sri Lanka,X,Export,0902,Tea,818,EGY,Egypt,destination,1585805.28,1585805.28,kg,7602698.674,4.7942195488,false,false,true,H6,,UN_COMTRADE_HS0902_ANNUAL,2026-07-14,0.0058939645,0.0066320895
2023,144,LKA,Sri Lanka,X,Export,0902,Tea,380,ITA,Italy,destination,1403435.94,1403435.94,kg,7164220.635,5.1047721031,false,false,true,H6,,UN_COMTRADE_HS0902_ANNUAL,2026-07-14,0.005554036,0.005869392
2023,144,LKA,Sri Lanka,X,Export,0902,Tea,288,GHA,Ghana,destination,894294.54,894294.54,kg,6584626.534,7.3629282518,false,false,true,H6,,UN_COMTRADE_HS0902_ANNUAL,2026-07-14,0.0051047078,0.0037400818
2023,144,LKA,Sri Lanka,X,Export,0902,Tea,554,NZL,New Zealand,destination,702430.74,702430.74,kg,6584294.156,9.373584869,false,false,true,H6,,UN_COMTRADE_HS0902_ANNUAL,2026-07-14,0.0051044501,0.0029376769
2023,144,LKA,Sri Lanka,X,Export,0902,Tea,710,ZAF,South Africa,destination,1376248.82,1376248.82,kg,6198807.503,4.5041328377,false,false,true,H6,,UN_COMTRADE_HS0902_ANNUAL,2026-07-14,0.004805603,0.0057556911
2023,144,LKA,Sri Lanka,X,Export,0902,Tea,251,FRA,France,destination,773887.54,773887.54,kg,5890934.962,7.612133104,false,false,true,H6,,UN_COMTRADE_HS0902_ANNUAL,2026-07-14,0.0045669259,0.0032365206
2023,144,LKA,Sri Lanka,X,Export,0902,Tea,124,CAN,Canada,destination,640326.67,640326.67,kg,5597226.393,8.7412045371,false,false,true,H6,,UN_COMTRADE_HS0902_ANNUAL,2026-07-14,0.0043392294,0.0026779478
2023,144,LKA,Sri Lanka,X,Export,0902,Tea,324,GIN,Guinea,destination,916429.44,916429.44,kg,5392858.015,5.8846407368,false,false,true,H6,,UN_COMTRADE_HS0902_ANNUAL,2026-07-14,0.0041807936,0.0038326535
2023,144,LKA,Sri Lanka,X,Export,0902,Tea,8,ALB,Albania,destination,1042145.8,1042145.8,kg,5153247.953,4.9448435651,false,false,true,H6,,UN_COMTRADE_HS0902_ANNUAL,2026-07-14,0.0039950367,0.0043584192
2023,144,LKA,Sri Lanka,X,Export,0902,Tea,398,KAZ,Kazakhstan,destination,880850.54,880850.54,kg,5143973.156,5.839779761,false,false,true,H6,,UN_COMTRADE_HS0902_ANNUAL,2026-07-14,0.0039878465,0.0036838568
2023,144,LKA,Sri Lanka,X,Export,0902,Tea,860,UZB,Uzbekistan,destination,594945.02,594945.02,kg,4707819.387,7.9130326816,false,false,true,H6,,UN_COMTRADE_HS0902_ANNUAL,2026-07-14,0.0036497199,0.0024881546
2023,144,LKA,Sri Lanka,X,Export,0902,Tea,440,LTU,Lithuania,destination,580826.28,580826.28,kg,4528611.251,7.7968428891,false,false,true,H6,,UN_COMTRADE_HS0902_ANNUAL,2026-07-14,0.0035107894,0.0024291077
2023,144,LKA,Sri Lanka,X,Export,0902,Tea,40,AUT,Austria,destination,887920.58,887920.58,kg,4270464.883,4.8095122235,false,false,true,H6,,UN_COMTRADE_HS0902_ANNUAL,2026-07-14,0.0033106624,0.0037134249
2023,144,LKA,Sri Lanka,X,Export,0902,Tea,702,SGP,Singapore,destination,436129.06,436129.06,kg,3962567.168,9.0857673369,false,false,true,H6,,UN_COMTRADE_HS0902_ANNUAL,2026-07-14,0.0030719658,0.001823961
2023,144,LKA,Sri Lanka,X,Export,0902,Tea,752,SWE,Sweden,destination,385229.55,385229.55,kg,3616948.18,9.3890725153,false,false,true,H6,,UN_COMTRADE_HS0902_ANNUAL,2026-07-14,0.0028040259,0.0016110912
2023,144,LKA,Sri Lanka,X,Export,0902,Tea,788,TUN,Tunisia,destination,712820,712820,kg,3611671.101,5.0667364847,false,false,true,H6,,UN_COMTRADE_HS0902_ANNUAL,2026-07-14,0.0027999349,0.0029811264
2023,144,LKA,Sri Lanka,X,Export,0902,Tea,268,GEO,Georgia,destination,618250.43,618250.43,kg,3364381.762,5.4417782807,false,false,true,H6,,UN_COMTRADE_HS0902_ANNUAL,2026-07-14,0.0026082247,0.0025856215
2023,144,LKA,Sri Lanka,X,Export,0902,Tea,417,KGZ,Kyrgyzstan,destination,634315,634315,kg,3354225.706,5.2879495298,false,false,true,H6,,UN_COMTRADE_HS0902_ANNUAL,2026-07-14,0.0026003513,0.0026528061
2023,144,LKA,Sri Lanka,X,Export,0902,Tea,688,SRB,Serbia,destination,737848.77,737848.77,kg,3083487.751,4.1790240445,false,false,true,H6,,UN_COMTRADE_HS0902_ANNUAL,2026-07-14,0.0023904627,0.0030858007
2023,144,LKA,Sri Lanka,X,Export,0902,Tea,458,MYS,Malaysia,destination,454739.79,454739.79,kg,2969348.371,6.5297746894,false,false,true,H6,,UN_COMTRADE_HS0902_ANNUAL,2026-07-14,0.0023019765,0.001901794
2023,144,LKA,Sri Lanka,X,Export,0902,Tea,112,BLR,Belarus,destination,307986.4,307986.4,kg,2754670.213,8.9441293934,false,false,true,H6,,UN_COMTRADE_HS0902_ANNUAL,2026-07-14,0.0021355481,0.001288048
2023,144,LKA,Sri Lanka,X,Export,0902,Tea,566,NGA,Nigeria,destination,342798.09,342798.09,kg,2632293.282,7.6788446575,false,false,true,H6,,UN_COMTRADE_HS0902_ANNUAL,2026-07-14,0.0020406758,0.0014336361
2023,144,LKA,Sri Lanka,X,Export,0902,Tea,704,VNM,Viet Nam,destination,129866.78,129866.78,kg,2322671.248,17.8850299361,false,false,true,H6,,UN_COMTRADE_HS0902_ANNUAL,2026-07-14,0.0018006424,0.0005431235
2023,144,LKA,Sri Lanka,X,Export,0902,Tea,208,DNK,Denmark,destination,185438.79,185438.79,kg,2303290.074,12.4207565957,false,false,true,H6,,UN_COMTRADE_HS0902_ANNUAL,2026-07-14,0.0017856173,0.0007755345
2023,144,LKA,Sri Lanka,X,Export,0902,Tea,242,FJI,Fiji,destination,364147.02,364147.02,kg,2287934.175,6.2829957389,false,false,true,H6,,UN_COMTRADE_HS0902_ANNUAL,2026-07-14,0.0017737126,0.0015229207
2023,144,LKA,Sri Lanka,X,Export,0902,Tea,410,KOR,Rep. of Korea,destination,300754.14,300754.14,kg,2287820.413,7.6069457032,false,false,true,H6,,UN_COMTRADE_HS0902_ANNUAL,2026-07-14,0.0017736245,0.0012578016
2023,144,LKA,Sri Lanka,X,Export,0902,Tea,384,CIV,Côte d'Ivoire,destination,460780.43,460780.43,kg,2248680.192,4.8801555917,false,false,true,H6,,UN_COMTRADE_HS0902_ANNUAL,2026-07-14,0.0017432811,0.0019270569
2023,144,LKA,Sri Lanka,X,Export,0902,Tea,300,GRC,Greece,destination,427645.87,427645.87,kg,2199968.772,5.144370439,false,false,true,H6,,UN_COMTRADE_HS0902_ANNUAL,2026-07-14,0.0017055178,0.0017884829
2023,144,LKA,Sri Lanka,X,Export,0902,Tea,634,QAT,Qatar,destination,221133.5,221133.5,kg,2047881.015,9.2608357169,false,false,true,H6,,UN_COMTRADE_HS0902_ANNUAL,2026-07-14,0.0015876123,0.0009248154
2023,144,LKA,Sri Lanka,X,Export,0902,Tea,203,CZE,Czechia,destination,96857.15,96857.15,kg,2031380.121,20.9729495551,false,false,true,H6,,UN_COMTRADE_HS0902_ANNUAL,2026-07-14,0.00157482,0.000405072
2023,144,LKA,Sri Lanka,X,Export,0902,Tea,178,COG,Congo,destination,356441.76,356441.76,kg,1994104.416,5.5944747215,false,false,true,H6,,UN_COMTRADE_HS0902_ANNUAL,2026-07-14,0.0015459222,0.001490696
2023,144,LKA,Sri Lanka,X,Export,0902,Tea,462,MDV,Maldives,destination,197021.13,197021.13,kg,1966566.778,9.9815018724,false,false,true,H6,,UN_COMTRADE_HS0902_ANNUAL,2026-07-14,0.0015245737,0.0008239737
2023,144,LKA,Sri Lanka,X,Export,0902,Tea,100,BGR,Bulgaria,destination,420221.14,420221.14,kg,1752692.729,4.1708818576,false,false,true,H6,,UN_COMTRADE_HS0902_ANNUAL,2026-07-14,0.0013587687,0.0017574315
2023,144,LKA,Sri Lanka,X,Export,0902,Tea,270,GMB,Gambia,destination,311775,311775,kg,1684437.712,5.4027350237,false,false,true,H6,,UN_COMTRADE_HS0902_ANNUAL,2026-07-14,0.0013058542,0.0013038926
2023,144,LKA,Sri Lanka,X,Export,0902,Tea,686,SEN,Senegal,destination,238330,238330,kg,1644105.091,6.8984395208,false,false,true,H6,,UN_COMTRADE_HS0902_ANNUAL,2026-07-14,0.0012745865,0.0009967339
2023,144,LKA,Sri Lanka,X,Export,0902,Tea,757,CHE,Switzerland,destination,322215.99,322215.99,kg,1576695.758,4.8932883747,false,false,true,H6,,UN_COMTRADE_HS0902_ANNUAL,2026-07-14,0.0012223277,0.0013475584
2023,144,LKA,Sri Lanka,X,Export,0902,Tea,466,MLI,Mali,destination,225681,225681,kg,1424831.963,6.3134777097,false,false,true,H6,,UN_COMTRADE_HS0902_ANNUAL,2026-07-14,0.0011045958,0.0009438338
2023,144,LKA,Sri Lanka,X,Export,0902,Tea,642,ROU,Romania,destination,156285.9,156285.9,kg,1393499.075,8.9163454605,false,false,true,H6,,UN_COMTRADE_HS0902_ANNUAL,2026-07-14,0.0010803051,0.0006536125
2023,144,LKA,Sri Lanka,X,Export,0902,Tea,764,THA,Thailand,destination,92725.24,92725.24,kg,1320380.435,14.2397090048,false,false,true,H6,,UN_COMTRADE_HS0902_ANNUAL,2026-07-14,0.0010236201,0.0003877917
2023,144,LKA,Sri Lanka,X,Export,0902,Tea,768,TGO,Togo,destination,204761,204761,kg,1315418.338,6.4241644551,false,false,true,H6,,UN_COMTRADE_HS0902_ANNUAL,2026-07-14,0.0010197733,0.000856343
2023,144,LKA,Sri Lanka,X,Export,0902,Tea,196,CYP,Cyprus,destination,174063.82,174063.82,kg,1297123.053,7.4519969342,false,false,true,H6,,UN_COMTRADE_HS0902_ANNUAL,2026-07-14,0.0010055899,0.0007279625
2023,144,LKA,Sri Lanka,X,Export,0902,Tea,496,MNG,Mongolia,destination,138859.29,138859.29,kg,1281693.671,9.2301614894,false,false,true,H6,,UN_COMTRADE_HS0902_ANNUAL,2026-07-14,0.0009936284,0.0005807316
2023,144,LKA,Sri Lanka,X,Export,0902,Tea,32,ARG,Argentina,destination,236476.13,236476.13,kg,1257874.009,5.3192430416,false,false,true,H6,,UN_COMTRADE_HS0902_ANNUAL,2026-07-14,0.0009751622,0.0009889807
2023,144,LKA,Sri Lanka,X,Export,0902,Tea,854,BFA,Burkina Faso,destination,184728,184728,kg,1196119.819,6.475032583,false,false,true,H6,,UN_COMTRADE_HS0902_ANNUAL,2026-07-14,0.0009272875,0.0007725618
2023,144,LKA,Sri Lanka,X,Export,0902,Tea,246,FIN,Finland,destination,130962.13,130962.13,kg,1150691.942,8.7864479755,false,false,true,H6,,UN_COMTRADE_HS0902_ANNUAL,2026-07-14,0.0008920697,0.0005477044
2023,144,LKA,Sri Lanka,X,Export,0902,Tea,608,PHL,Philippines,destination,84001.85,84001.85,kg,1128924.104,13.4392766826,false,false,true,H6,,UN_COMTRADE_HS0902_ANNUAL,2026-07-14,0.0008751943,0.0003513091
2023,144,LKA,Sri Lanka,X,Export,0902,Tea,699,IND,India,destination,210329.06,210329.06,kg,1038014.677,4.9351938196,false,false,true,H6,,UN_COMTRADE_HS0902_ANNUAL,2026-07-14,0.0008047171,0.0008796295
2023,144,LKA,Sri Lanka,X,Export,0902,Tea,360,IDN,Indonesia,destination,111822.1,111822.1,kg,1013575.883,9.0641821518,false,false,true,H6,,UN_COMTRADE_HS0902_ANNUAL,2026-07-14,0.000785771,0.0004676578
2023,144,LKA,Sri Lanka,X,Export,0902,Tea,762,TJK,Tajikistan,destination,184752.3,184752.3,kg,971584.516,5.2588493675,false,false,true,H6,,UN_COMTRADE_HS0902_ANNUAL,2026-07-14,0.0007532174,0.0007726635
2023,144,LKA,Sri Lanka,X,Export,0902,Tea,428,LVA,Latvia,destination,80486.65,80486.65,kg,962889.462,11.9633437595,false,false,true,H6,,UN_COMTRADE_HS0902_ANNUAL,2026-07-14,0.0007464766,0.000336608
2023,144,LKA,Sri Lanka,X,Export,0902,Tea,48,BHR,Bahrain,destination,98287.93,98287.93,kg,842729.222,8.5740865842,false,false,true,H6,,UN_COMTRADE_HS0902_ANNUAL,2026-07-14,0.0006533228,0.0004110557
2023,144,LKA,Sri Lanka,X,Export,0902,Tea,233,EST,Estonia,destination,86779.66,86779.66,kg,799341.901,9.2111665452,false,false,true,H6,,UN_COMTRADE_HS0902_ANNUAL,2026-07-14,0.0006196869,0.0003629263
2023,144,LKA,Sri Lanka,X,Export,0902,Tea,512,OMN,Oman,destination,96380.59,96380.59,kg,688670.991,7.1453286497,false,false,true,H6,,UN_COMTRADE_HS0902_ANNUAL,2026-07-14,0.0005338897,0.0004030789
2023,144,LKA,Sri Lanka,X,Export,0902,Tea,579,NOR,Norway,destination,89794.05,89794.05,kg,672671.371,7.4912688647,false,false,true,H6,,UN_COMTRADE_HS0902_ANNUAL,2026-07-14,0.000521486,0.000375533
2023,144,LKA,Sri Lanka,X,Export,0902,Tea,348,HUN,Hungary,destination,25743.54,25743.54,kg,631953.462,24.5480404793,false,false,true,H6,,UN_COMTRADE_HS0902_ANNUAL,2026-07-14,0.0004899196,0.0001076636
2023,144,LKA,Sri Lanka,X,Export,0902,Tea,12,DZA,Algeria,destination,144440,144440,kg,597903.536,4.1394595403,false,false,true,H6,,UN_COMTRADE_HS0902_ANNUAL,2026-07-14,0.0004635225,0.000604071
2023,144,LKA,Sri Lanka,X,Export,0902,Tea,430,LBR,Liberia,destination,102954.7,102954.7,kg,563611.089,5.4743599758,false,false,true,H6,,UN_COMTRADE_HS0902_ANNUAL,2026-07-14,0.0004369374,0.0004305729
2023,144,LKA,Sri Lanka,X,Export,0902,Tea,724,ESP,Spain,destination,133473.9,133473.9,kg,558949.973,4.1877099043,false,false,true,H6,,UN_COMTRADE_HS0902_ANNUAL,2026-07-14,0.0004333239,0.000558209
2023,144,LKA,Sri Lanka,X,Export,0902,Tea,694,SLE,Sierra Leone,destination,90439.4,90439.4,kg,542042.931,5.9934379374,false,false,true,H6,,UN_COMTRADE_HS0902_ANNUAL,2026-07-14,0.0004202168,0.0003782319
2023,144,LKA,Sri Lanka,X,Export,0902,Tea,887,YEM,Yemen,destination,90161.1,90161.1,kg,530360.236,5.882362083,false,false,true,H6,,UN_COMTRADE_HS0902_ANNUAL,2026-07-14,0.0004111598,0.000377068
2023,144,LKA,Sri Lanka,X,Export,0902,Tea,478,MRT,Mauritania,destination,73119.6,73119.6,kg,514036.245,7.0300746312,false,false,true,H6,,UN_COMTRADE_HS0902_ANNUAL,2026-07-14,0.0003985047,0.0003057978
2023,144,LKA,Sri Lanka,X,Export,0902,Tea,446,MAC,"China, Macao SAR",destination,104877.96,104877.96,kg,499616.841,4.7637925166,false,false,true,H6,,UN_COMTRADE_HS0902_ANNUAL,2026-07-14,0.0003873261,0.0004386163
2023,144,LKA,Sri Lanka,X,Export,0902,Tea,858,URY,Uruguay,destination,81583.46,81583.46,kg,472784.177,5.7950983815,false,false,true,H6,,UN_COMTRADE_HS0902_ANNUAL,2026-07-14,0.0003665242,0.000341195
2023,144,LKA,Sri Lanka,X,Export,0902,Tea,562,NER,Niger,destination,67015.8,67015.8,kg,453833.433,6.7720363407,false,false,true,H6,,UN_COMTRADE_HS0902_ANNUAL,2026-07-14,0.0003518327,0.0002802707
2023,144,LKA,Sri Lanka,X,Export,0902,Tea,780,TTO,Trinidad and Tobago,destination,19588.65,19588.65,kg,429824.178,21.9425115054,false,false,true,H6,,UN_COMTRADE_HS0902_ANNUAL,2026-07-14,0.0003332196,0.0000819228
2023,144,LKA,Sri Lanka,X,Export,0902,Tea,504,MAR,Morocco,destination,58366.32,58366.32,kg,392194.924,6.7195417494,false,false,true,H6,,UN_COMTRADE_HS0902_ANNUAL,2026-07-14,0.0003040477,0.0002440972
2023,144,LKA,Sri Lanka,X,Export,0902,Tea,24,AGO,Angola,destination,58209,58209,kg,387964.363,6.6650236733,false,false,true,H6,,UN_COMTRADE_HS0902_ANNUAL,2026-07-14,0.000300768,0.0002434393
2023,144,LKA,Sri Lanka,X,Export,0902,Tea,795,TKM,Turkmenistan,destination,50536,50536,kg,365625.44,7.2349501346,false,false,true,H6,,UN_COMTRADE_HS0902_ANNUAL,2026-07-14,0.0002834498,0.0002113496
2023,144,LKA,Sri Lanka,X,Export,0902,Tea,690,SYC,Seychelles,destination,67636.56,67636.56,kg,359119.736,5.3095505744,false,false,true,H6,,UN_COMTRADE_HS0902_ANNUAL,2026-07-14,0.0002784063,0.0002828668
2023,144,LKA,Sri Lanka,X,Export,0902,Tea,51,ARM,Armenia,destination,36103.02,36103.02,kg,348654.738,9.6572180942,false,false,true,H6,,UN_COMTRADE_HS0902_ANNUAL,2026-07-14,0.0002702933,0.0001509886
2023,144,LKA,Sri Lanka,X,Export,0902,Tea,484,MEX,Mexico,destination,52763.68,52763.68,kg,327149.741,6.200282865,false,false,true,H6,,UN_COMTRADE_HS0902_ANNUAL,2026-07-14,0.0002536216,0.0002206661
2023,144,LKA,Sri Lanka,X,Export,0902,Tea,498,MDA,Rep. of Moldova,destination,41995.2,41995.2,kg,310259.953,7.3879860794,false,false,true,H6,,UN_COMTRADE_HS0902_ANNUAL,2026-07-14,0.0002405279,0.0001756306
2023,144,LKA,Sri Lanka,X,Export,0902,Tea,328,GUY,Guyana,destination,72576,72576,kg,297203.326,4.0950634645,false,false,true,H6,,UN_COMTRADE_HS0902_ANNUAL,2026-07-14,0.0002304058,0.0003035244
2023,144,LKA,Sri Lanka,X,Export,0902,Tea,84,BLZ,Belize,destination,20049.6,20049.6,kg,248669.788,12.402730628,false,false,true,H6,,UN_COMTRADE_HS0902_ANNUAL,2026-07-14,0.0001927803,0.0000838506
2023,144,LKA,Sri Lanka,X,Export,0902,Tea,740,SUR,Suriname,destination,29018.94,29018.94,kg,232876.759,8.0249919191,false,false,true,H6,,UN_COMTRADE_HS0902_ANNUAL,2026-07-14,0.0001805369,0.0001213618
2023,144,LKA,Sri Lanka,X,Export,0902,Tea,620,PRT,Portugal,destination,17407.7,17407.7,kg,202630.906,11.6403031992,false,false,true,H6,,UN_COMTRADE_HS0902_ANNUAL,2026-07-14,0.0001570889,0.0000728018
2023,144,LKA,Sri Lanka,X,Export,0902,Tea,372,IRL,Ireland,destination,11945.56,11945.56,kg,187337.959,15.6826435094,false,false,true,H6,,UN_COMTRADE_HS0902_ANNUAL,2026-07-14,0.0001452331,0.0000499582
2023,144,LKA,Sri Lanka,X,Export,0902,Tea,52,BRB,Barbados,destination,9215.22,9215.22,kg,158165.634,17.1635223033,false,false,true,H6,,UN_COMTRADE_HS0902_ANNUAL,2026-07-14,0.0001226173,0.0000385395
2023,144,LKA,Sri Lanka,X,Export,0902,Tea,76,BRA,Brazil,destination,12326.67,12326.67,kg,157739.667,12.7966163611,false,false,true,H6,,UN_COMTRADE_HS0902_ANNUAL,2026-07-14,0.0001222871,0.0000515521
2023,144,LKA,Sri Lanka,X,Export,0902,Tea,204,BEN,Benin,destination,18004,18004,kg,153738.685,8.5391404688,false,false,true,H6,,UN_COMTRADE_HS0902_ANNUAL,2026-07-14,0.0001191854,0.0000752956
2023,144,LKA,Sri Lanka,X,Export,0902,Tea,598,PNG,Papua New Guinea,destination,21340,21340,kg,141139.075,6.6138273196,false,false,true,H6,,UN_COMTRADE_HS0902_ANNUAL,2026-07-14,0.0001094176,0.0000892473
2023,144,LKA,Sri Lanka,X,Export,0902,Tea,586,PAK,Pakistan,destination,19183.8,19183.8,kg,120466.086,6.2795737028,false,false,true,H6,,UN_COMTRADE_HS0902_ANNUAL,2026-07-14,0.0000933909,0.0000802297
2023,144,LKA,Sri Lanka,X,Export,0902,Tea,404,KEN,Kenya,destination,21801,21801,kg,110623.389,5.0742346223,false,false,true,H6,,UN_COMTRADE_HS0902_ANNUAL,2026-07-14,0.0000857604,0.0000911752
2023,144,LKA,Sri Lanka,X,Export,0902,Tea,862,VEN,Venezuela,destination,10651.14,10651.14,kg,101192.845,9.5006586149,false,false,true,H6,,UN_COMTRADE_HS0902_ANNUAL,2026-07-14,0.0000784494,0.0000445448
2023,144,LKA,Sri Lanka,X,Export,0902,Tea,834,TZA,United Rep. of Tanzania,destination,17280,17280,kg,94851.82,5.4891099537,false,false,true,H6,,UN_COMTRADE_HS0902_ANNUAL,2026-07-14,0.0000735335,0.0000722677
2023,144,LKA,Sri Lanka,X,Export,0902,Tea,266,GAB,Gabon,destination,12480,12480,kg,92888.078,7.4429549679,false,false,true,H6,,UN_COMTRADE_HS0902_ANNUAL,2026-07-14,0.0000720111,0.0000521933
2023,144,LKA,Sri Lanka,X,Export,0902,Tea,90,SLB,Solomon Isds,destination,10205.8,10205.8,kg,90960.761,8.9126536871,false,false,true,H6,,UN_COMTRADE_HS0902_ANNUAL,2026-07-14,0.000070517,0.0000426823
2023,144,LKA,Sri Lanka,X,Export,0902,Tea,480,MUS,Mauritius,destination,2112.05,2112.05,kg,90663.479,42.9267673587,false,false,true,H6,,UN_COMTRADE_HS0902_ANNUAL,2026-07-14,0.0000702865,0.0000088329
2023,144,LKA,Sri Lanka,X,Export,0902,Tea,96,BRN,Brunei Darussalam,destination,8183.23,8183.23,kg,88037.548,10.7582883531,false,false,true,H6,,UN_COMTRADE_HS0902_ANNUAL,2026-07-14,0.0000682508,0.0000342236
2023,144,LKA,Sri Lanka,X,Export,0902,Tea,470,MLT,Malta,destination,4258.22,4258.22,kg,87296.631,20.5007329354,false,false,true,H6,,UN_COMTRADE_HS0902_ANNUAL,2026-07-14,0.0000676764,0.0000178086
2023,144,LKA,Sri Lanka,X,Export,0902,Tea,352,ISL,Iceland,destination,5844.62,5844.62,kg,79827.703,13.6583221835,false,false,true,H6,,UN_COMTRADE_HS0902_ANNUAL,2026-07-14,0.0000618861,0.0000244431
2023,144,LKA,Sri Lanka,X,Export,0902,Tea,68,BOL,Bolivia (Plurinational State of),destination,11394.6,11394.6,kg,78401.281,6.8805645657,false,false,true,H6,,UN_COMTRADE_HS0902_ANNUAL,2026-07-14,0.0000607803,0.000047654
2023,144,LKA,Sri Lanka,X,Export,0902,Tea,524,NPL,Nepal,destination,2822.7,2822.7,kg,68528.822,24.2777560492,false,false,true,H6,,UN_COMTRADE_HS0902_ANNUAL,2026-07-14,0.0000531267,0.000011805
2023,144,LKA,Sri Lanka,X,Export,0902,Tea,148,TCD,Chad,destination,11520,11520,kg,65794.234,5.7113050347,false,false,true,H6,,UN_COMTRADE_HS0902_ANNUAL,2026-07-14,0.0000510067,0.0000481785
2023,144,LKA,Sri Lanka,X,Export,0902,Tea,296,KIR,Kiribati,destination,10452,10452,kg,63954.191,6.1188472063,false,false,true,H6,,UN_COMTRADE_HS0902_ANNUAL,2026-07-14,0.0000495803,0.0000437119
2023,144,LKA,Sri Lanka,X,Export,0902,Tea,705,SVN,Slovenia,destination,15024.06,15024.06,kg,59697.723,3.9734747465,false,false,true,H6,,UN_COMTRADE_HS0902_ANNUAL,2026-07-14,0.0000462804,0.000062833
2023,144,LKA,Sri Lanka,X,Export,0902,Tea,604,PER,Peru,destination,2468.4,2468.4,kg,58757.136,23.8037335926,false,false,true,H6,,UN_COMTRADE_HS0902_ANNUAL,2026-07-14,0.0000455513,0.0000103232
2023,144,LKA,Sri Lanka,X,Export,0902,Tea,104,MMR,Myanmar,destination,4383.6,4383.6,kg,52252.847,11.9200764212,false,false,true,H6,,UN_COMTRADE_HS0902_ANNUAL,2026-07-14,0.0000405088,0.0000183329
2023,144,LKA,Sri Lanka,X,Export,0902,Tea,624,GNB,Guinea-Bissau,destination,7356,7356,kg,49284.465,6.6999000816,false,false,true,H6,,UN_COMTRADE_HS0902_ANNUAL,2026-07-14,0.0000382076,0.000030764
2023,144,LKA,Sri Lanka,X,Export,0902,Tea,116,KHM,Cambodia,destination,2309.38,2309.38,kg,48077.83,20.8185010696,false,false,true,H6,,UN_COMTRADE_HS0902_ANNUAL,2026-07-14,0.0000372722,0.0000096582
2023,144,LKA,Sri Lanka,X,Export,0902,Tea,508,MOZ,Mozambique,destination,7991.19,7991.19,kg,47017.86,5.8837119378,false,false,true,H6,,UN_COMTRADE_HS0902_ANNUAL,2026-07-14,0.0000364504,0.0000334204
2023,144,LKA,Sri Lanka,X,Export,0902,Tea,807,MKD,North Macedonia,destination,7856.8,7856.8,kg,45923.746,5.8450954587,false,false,true,H6,,UN_COMTRADE_HS0902_ANNUAL,2026-07-14,0.0000356022,0.0000328584
2023,144,LKA,Sri Lanka,X,Export,0902,Tea,800,UGA,Uganda,destination,6905.53,6905.53,kg,45482.243,6.5863507942,false,false,true,H6,,UN_COMTRADE_HS0902_ANNUAL,2026-07-14,0.0000352599,0.00002888
2023,144,LKA,Sri Lanka,X,Export,0902,Tea,894,ZMB,Zambia,destination,1479.48,1479.48,kg,38213.14,25.8287641604,false,false,true,H6,,UN_COMTRADE_HS0902_ANNUAL,2026-07-14,0.0000296246,0.0000061874
2023,144,LKA,Sri Lanka,X,Export,0902,Tea,16,ASM,American Samoa,destination,3278.25,3278.25,kg,29103.436,8.8777353771,false,false,true,H6,,UN_COMTRADE_HS0902_ANNUAL,2026-07-14,0.0000225623,0.0000137102
2023,144,LKA,Sri Lanka,X,Export,0902,Tea,214,DOM,Dominican Rep.,destination,1649.88,1649.88,kg,28779.132,17.4431667758,false,false,true,H6,,UN_COMTRADE_HS0902_ANNUAL,2026-07-14,0.0000223109,0.0000069001
2023,144,LKA,Sri Lanka,X,Export,0902,Tea,188,CRI,Costa Rica,destination,4116.96,4116.96,kg,27572.703,6.6973453713,false,false,true,H6,,UN_COMTRADE_HS0902_ANNUAL,2026-07-14,0.0000213756,0.0000172178
2023,144,LKA,Sri Lanka,X,Export,0902,Tea,706,SOM,Somalia,destination,3204,3204,kg,20242.393,6.3178504994,false,false,true,H6,,UN_COMTRADE_HS0902_ANNUAL,2026-07-14,0.0000156928,0.0000133996
2023,144,LKA,Sri Lanka,X,Export,0902,Tea,191,HRV,Croatia,destination,600.08,600.08,kg,19345.853,32.238789828,false,false,true,H6,,UN_COMTRADE_HS0902_ANNUAL,2026-07-14,0.0000149978,0.0000025096
2023,144,LKA,Sri Lanka,X,Export,0902,Tea,72,BWA,Botswana,destination,910.08,910.08,kg,19284.81,21.1902360232,false,false,true,H6,,UN_COMTRADE_HS0902_ANNUAL,2026-07-14,0.0000149505,0.0000038061
2023,144,LKA,Sri Lanka,X,Export,0902,Tea,50,BGD,Bangladesh,destination,663.52,663.52,kg,16712.184,25.1871593923,false,false,true,H6,,UN_COMTRADE_HS0902_ANNUAL,2026-07-14,0.0000129561,0.0000027749
2023,144,LKA,Sri Lanka,X,Export,0902,Tea,703,SVK,Slovakia,destination,565.49,565.49,kg,15798.864,27.9383614211,false,false,true,H6,,UN_COMTRADE_HS0902_ANNUAL,2026-07-14,0.000012248,0.000002365
2023,144,LKA,Sri Lanka,X,Export,0902,Tea,316,GUM,Guam,destination,1190.4,1190.4,kg,14579.068,12.2472009409,false,false,true,H6,,UN_COMTRADE_HS0902_ANNUAL,2026-07-14,0.0000113024,0.0000049784
2023,144,LKA,Sri Lanka,X,Export,0902,Tea,320,GTM,Guatemala,destination,599.97,599.97,kg,13830.179,23.0514509059,false,false,true,H6,,UN_COMTRADE_HS0902_ANNUAL,2026-07-14,0.0000107218,0.0000025092
2023,144,LKA,Sri Lanka,X,Export,0902,Tea,716,ZWE,Zimbabwe,destination,133.48,133.48,kg,2754.521,20.6362076716,false,false,true,H6,,UN_COMTRADE_HS0902_ANNUAL,2026-07-14,0.0000021354,0.0000005582
2023,144,LKA,Sri Lanka,X,Export,0902,Tea,450,MDG,Madagascar,destination,121.5,121.5,kg,2696.36,22.1922633745,false,false,true,H6,,UN_COMTRADE_HS0902_ANNUAL,2026-07-14,0.0000020903,0.0000005081
2023,144,LKA,Sri Lanka,X,Export,0902,Tea,662,LCA,Saint Lucia,destination,120.96,120.96,kg,2317.751,19.1613012566,false,false,true,H6,,UN_COMTRADE_HS0902_ANNUAL,2026-07-14,0.0000017968,0.0000005059
2023,144,LKA,Sri Lanka,X,Export,0902,Tea,748,SWZ,Eswatini,destination,90,90,kg,1248.524,13.8724888889,false,false,true,H6,,UN_COMTRADE_HS0902_ANNUAL,2026-07-14,0.0000009679,0.0000003764
2023,144,LKA,Sri Lanka,X,Export,0902,Tea,626,TLS,Timor-Leste,destination,10,10,kg,10.224,1.0224,false,false,true,H6,,UN_COMTRADE_HS0902_ANNUAL,2026-07-14,0.0000000079,0.0000000418
2024,144,LKA,Sri Lanka,X,Export,0902,Tea,0,W00,World,world_total,243163876.498,243163876.498,kg,1393333266.521,5.7300174951,true,false,true,H6,,UN_COMTRADE_HS0902_ANNUAL,2026-07-14,,
2024,144,LKA,Sri Lanka,X,Export,0902,Tea,368,IRQ,Iraq,destination,34260332,34260332,kg,149621564.413,4.3671954029,false,false,true,H6,,UN_COMTRADE_HS0902_ANNUAL,2026-07-14,0.1073839031,0.1408940032
2024,144,LKA,Sri Lanka,X,Export,0902,Tea,643,RUS,Russian Federation,destination,24986127,24986127,kg,137502388.263,5.5031493382,false,false,true,H6,,UN_COMTRADE_HS0902_ANNUAL,2026-07-14,0.0986859293,0.1027542716
2024,144,LKA,Sri Lanka,X,Export,0902,Tea,784,ARE,United Arab Emirates,destination,21129429,21129429,kg,121596509.506,5.7548412456,false,false,true,H6,,UN_COMTRADE_HS0902_ANNUAL,2026-07-14,0.0872702263,0.0868937825
2024,144,LKA,Sri Lanka,X,Export,0902,Tea,792,TUR,Türkiye,destination,17734359,17734359,kg,94083596.843,5.3051591458,false,false,true,H6,,UN_COMTRADE_HS0902_ANNUAL,2026-07-14,0.0675241158,0.0729317169
2024,144,LKA,Sri Lanka,X,Export,0902,Tea,682,SAU,Saudi Arabia,destination,9104121,9104121,kg,70395206.156,7.7322353422,false,false,true,H6,,UN_COMTRADE_HS0902_ANNUAL,2026-07-14,0.0505228777,0.0374402692
2024,144,LKA,Sri Lanka,X,Export,0902,Tea,364,IRN,Iran,destination,10432330,10432330,kg,62252931.337,5.9673084859,false,false,true,H6,,UN_COMTRADE_HS0902_ANNUAL,2026-07-14,0.0446791395,0.0429024662
2024,144,LKA,Sri Lanka,X,Export,0902,Tea,31,AZE,Azerbaijan,destination,10435681,10435681,kg,59804340.83,5.7307559353,false,false,true,H6,,UN_COMTRADE_HS0902_ANNUAL,2026-07-14,0.0429217778,0.0429162471
2024,144,LKA,Sri Lanka,X,Export,0902,Tea,156,CHN,China,destination,11470365,11470365,kg,54103756.219,4.7168295184,false,false,true,H6,,UN_COMTRADE_HS0902_ANNUAL,2026-07-14,0.0388304489,0.0471713363
2024,144,LKA,Sri Lanka,X,Export,0902,Tea,760,SYR,Syria,destination,7425665,7425665,kg,44630631.204,6.0103211233,false,false,true,H6,,UN_COMTRADE_HS0902_ANNUAL,2026-07-14,0.032031555,0.0305376979
2024,144,LKA,Sri Lanka,X,Export,0902,Tea,842,USA,USA,destination,6236642.682,6236642.682,kg,43769431.896,7.0181079994,true,false,true,H6,,UN_COMTRADE_HS0902_ANNUAL,2026-07-14,0.0314134694,0.0256478996
2024,144,LKA,Sri Lanka,X,Export,0902,Tea,434,LBY,Libya,destination,10291906,10291906,kg,40382691.594,3.9237330378,false,false,true,H6,,UN_COMTRADE_HS0902_ANNUAL,2026-07-14,0.0289827944,0.0423249791
2024,144,LKA,Sri Lanka,X,Export,0902,Tea,276,DEU,Germany,destination,6319591,6319591,kg,38138061.21,6.0348939053,false,false,true,H6,,UN_COMTRADE_HS0902_ANNUAL,2026-07-14,0.0273718156,0.0259890206
2024,144,LKA,Sri Lanka,X,Export,0902,Tea,152,CHL,Chile,destination,8636539,8636539,kg,37570571.62,4.3501883822,false,false,true,H6,,UN_COMTRADE_HS0902_ANNUAL,2026-07-14,0.0269645264,0.0355173602
2024,144,LKA,Sri Lanka,X,Export,0902,Tea,392,JPN,Japan,destination,5402884,5402884,kg,36016468.212,6.6661561144,false,false,true,H6,,UN_COMTRADE_HS0902_ANNUAL,2026-07-14,0.0258491411,0.0222191062
2024,144,LKA,Sri Lanka,X,Export,0902,Tea,400,JOR,Jordan,destination,4924410,4924410,kg,33485844.558,6.7999708712,false,false,true,H6,,UN_COMTRADE_HS0902_ANNUAL,2026-07-14,0.0240329039,0.0202514044
2024,144,LKA,Sri Lanka,X,Export,0902,Tea,616,POL,Poland,destination,4082200,4082200,kg,31946613.471,7.8258325097,false,false,true,H6,,UN_COMTRADE_HS0902_ANNUAL,2026-07-14,0.0229281926,0.0167878554
2024,144,LKA,Sri Lanka,X,Export,0902,Tea,36,AUS,Australia,destination,2463384,2463384,kg,22574696.843,9.1640998086,false,false,true,H6,,UN_COMTRADE_HS0902_ANNUAL,2026-07-14,0.0162019363,0.0101305508
2024,144,LKA,Sri Lanka,X,Export,0902,Tea,528,NLD,Netherlands,destination,1890957,1890957,kg,21835179.489,11.5471581263,false,false,true,H6,,UN_COMTRADE_HS0902_ANNUAL,2026-07-14,0.0156711822,0.0077764717
2024,144,LKA,Sri Lanka,X,Export,0902,Tea,490,S19,"Other Asia, nes",destination,4397100,4397100,kg,19866248.001,4.5180341591,false,false,true,H6,,UN_COMTRADE_HS0902_ANNUAL,2026-07-14,0.0142580734,0.0180828668
2024,144,LKA,Sri Lanka,X,Export,0902,Tea,344,HKG,"China, Hong Kong SAR",destination,3454201,3454201,kg,17625748.3,5.1026990902,false,false,true,H6,,UN_COMTRADE_HS0902_ANNUAL,2026-07-14,0.0126500592,0.0142052391
2024,144,LKA,Sri Lanka,X,Export,0902,Tea,414,KWT,Kuwait,destination,1987872,1987872,kg,14267248.94,7.1771466875,false,false,true,H6,,UN_COMTRADE_HS0902_ANNUAL,2026-07-14,0.0102396528,0.0081750301
2024,144,LKA,Sri Lanka,X,Export,0902,Tea,826,GBR,United Kingdom,destination,1327765,1327765,kg,13741497.263,10.3493443968,false,false,true,H6,,UN_COMTRADE_HS0902_ANNUAL,2026-07-14,0.0098623191,0.0054603711
2024,144,LKA,Sri Lanka,X,Export,0902,Tea,56,BEL,Belgium,destination,2691097,2691097,kg,12875199.134,4.7843682833,false,false,true,H6,,UN_COMTRADE_HS0902_ANNUAL,2026-07-14,0.009240574,0.0110670098
2024,144,LKA,Sri Lanka,X,Export,0902,Tea,422,LBN,Lebanon,destination,1843045,1843045,kg,12261863.479,6.6530461703,false,false,true,H6,,UN_COMTRADE_HS0902_ANNUAL,2026-07-14,0.0088003809,0.0075794358
2024,144,LKA,Sri Lanka,X,Export,0902,Tea,804,UKR,Ukraine,destination,1898653,1898653,kg,12105877.34,6.3760346625,false,false,true,H6,,UN_COMTRADE_HS0902_ANNUAL,2026-07-14,0.0086884291,0.0078081211
2024,144,LKA,Sri Lanka,X,Export,0902,Tea,376,ISR,Israel,destination,1915068,1915068,kg,11849167,6.1873348623,false,false,true,H6,,UN_COMTRADE_HS0902_ANNUAL,2026-07-14,0.0085041872,0.007875627
2024,144,LKA,Sri Lanka,X,Export,0902,Tea,380,ITA,Italy,destination,1983523,1983523,kg,9893184.183,4.9876831189,false,false,true,H6,,UN_COMTRADE_HS0902_ANNUAL,2026-07-14,0.0071003718,0.008157145
2024,144,LKA,Sri Lanka,X,Export,0902,Tea,818,EGY,Egypt,destination,1731280,1731280,kg,9267923.039,5.3532201833,false,false,true,H6,,UN_COMTRADE_HS0902_ANNUAL,2026-07-14,0.0066516197,0.0071198075
2024,144,LKA,Sri Lanka,X,Export,0902,Tea,8,ALB,Albania,destination,1672263,1672263,kg,8983085.211,5.3718136507,false,false,true,H6,,UN_COMTRADE_HS0902_ANNUAL,2026-07-14,0.0064471907,0.0068771029
2024,144,LKA,Sri Lanka,X,Export,0902,Tea,554,NZL,New Zealand,destination,892880,892880,kg,8499718.757,9.5194413101,false,false,true,H6,,UN_COMTRADE_HS0902_ANNUAL,2026-07-14,0.0061002769,0.003671927
2024,144,LKA,Sri Lanka,X,Export,0902,Tea,288,GHA,Ghana,destination,999332,999332,kg,7594375.062,7.5994514956,false,false,true,H6,,UN_COMTRADE_HS0902_ANNUAL,2026-07-14,0.0054505087,0.0041097058
2024,144,LKA,Sri Lanka,X,Export,0902,Tea,398,KAZ,Kazakhstan,destination,1027800,1027800,kg,6422748.858,6.249025937,false,false,true,H6,,UN_COMTRADE_HS0902_ANNUAL,2026-07-14,0.0046096286,0.0042267791
2024,144,LKA,Sri Lanka,X,Export,0902,Tea,710,ZAF,South Africa,destination,1265121,1265121,kg,6371246.959,5.0360771491,false,false,true,H6,,UN_COMTRADE_HS0902_ANNUAL,2026-07-14,0.0045726655,0.0052027506
2024,144,LKA,Sri Lanka,X,Export,0902,Tea,124,CAN,Canada,destination,703830,703830,kg,6200993.8,8.8103573306,false,false,true,H6,,UN_COMTRADE_HS0902_ANNUAL,2026-07-14,0.0044504742,0.0028944678
2024,144,LKA,Sri Lanka,X,Export,0902,Tea,251,FRA,France,destination,735087,735087,kg,5639353.881,7.6716822376,false,false,true,H6,,UN_COMTRADE_HS0902_ANNUAL,2026-07-14,0.0040473834,0.0030230107
2024,144,LKA,Sri Lanka,X,Export,0902,Tea,752,SWE,Sweden,destination,534649,534649,kg,5180726.487,9.6899582474,false,false,true,H6,,UN_COMTRADE_HS0902_ANNUAL,2026-07-14,0.0037182249,0.0021987189
2024,144,LKA,Sri Lanka,X,Export,0902,Tea,417,KGZ,Kyrgyzstan,destination,729775,729775,kg,4901715.13,6.716748491,false,false,true,H6,,UN_COMTRADE_HS0902_ANNUAL,2026-07-14,0.0035179775,0.0030011653
2024,144,LKA,Sri Lanka,X,Export,0902,Tea,324,GIN,Guinea,destination,765209.294,765209.294,kg,4515155.657,5.9005499442,true,false,true,H6,,UN_COMTRADE_HS0902_ANNUAL,2026-07-14,0.0032405425,0.0031468872
2024,144,LKA,Sri Lanka,X,Export,0902,Tea,860,UZB,Uzbekistan,destination,518029,518029,kg,3925265.409,7.5773082376,false,false,true,H6,,UN_COMTRADE_HS0902_ANNUAL,2026-07-14,0.0028171763,0.0021303699
2024,144,LKA,Sri Lanka,X,Export,0902,Tea,702,SGP,Singapore,destination,392545,392545,kg,3714927.727,9.4636990078,false,false,true,H6,,UN_COMTRADE_HS0902_ANNUAL,2026-07-14,0.0026662162,0.0016143228
2024,144,LKA,Sri Lanka,X,Export,0902,Tea,40,AUT,Austria,destination,707734,707734,kg,3478300.299,4.914700013,false,false,true,H6,,UN_COMTRADE_HS0902_ANNUAL,2026-07-14,0.0024963879,0.0029105228
2024,144,LKA,Sri Lanka,X,Export,0902,Tea,268,GEO,Georgia,destination,618197.068,618197.068,kg,3295286.958,5.3304797589,true,false,true,H6,,UN_COMTRADE_HS0902_ANNUAL,2026-07-14,0.0023650386,0.0025423064
2024,144,LKA,Sri Lanka,X,Export,0902,Tea,458,MYS,Malaysia,destination,404180,404180,kg,3247436.28,8.0346288287,false,false,true,H6,,UN_COMTRADE_HS0902_ANNUAL,2026-07-14,0.002330696,0.0016621712
2024,144,LKA,Sri Lanka,X,Export,0902,Tea,208,DNK,Denmark,destination,256289,256289,kg,3226524,12.5893971259,false,false,true,H6,,UN_COMTRADE_HS0902_ANNUAL,2026-07-14,0.0023156872,0.0010539765
2024,144,LKA,Sri Lanka,X,Export,0902,Tea,242,FJI,Fiji,destination,532691,532691,kg,3080146.6,5.7822388589,false,false,true,H6,,UN_COMTRADE_HS0902_ANNUAL,2026-07-14,0.0022106316,0.0021906667
2024,144,LKA,Sri Lanka,X,Export,0902,Tea,688,SRB,Serbia,destination,744508,744508,kg,3080001.835,4.1369627123,false,false,true,H6,,UN_COMTRADE_HS0902_ANNUAL,2026-07-14,0.0022105277,0.0030617541
2024,144,LKA,Sri Lanka,X,Export,0902,Tea,112,BLR,Belarus,destination,344579,344579,kg,2945559.825,8.5482859518,false,false,true,H6,,UN_COMTRADE_HS0902_ANNUAL,2026-07-14,0.0021140383,0.0014170649
2024,144,LKA,Sri Lanka,X,Export,0902,Tea,440,LTU,Lithuania,destination,231686,231686,kg,2881076.321,12.4352629032,false,false,true,H6,,UN_COMTRADE_HS0902_ANNUAL,2026-07-14,0.0020677582,0.0009527978
2024,144,LKA,Sri Lanka,X,Export,0902,Tea,300,GRC,Greece,destination,420436,420436,kg,2529289.845,6.0158736288,false,false,true,H6,,UN_COMTRADE_HS0902_ANNUAL,2026-07-14,0.0018152799,0.0017290233
2024,144,LKA,Sri Lanka,X,Export,0902,Tea,178,COG,Congo,destination,451003,451003,kg,2450229.746,5.4328457815,false,false,true,H6,,UN_COMTRADE_HS0902_ANNUAL,2026-07-14,0.0017585382,0.0018547286
2024,144,LKA,Sri Lanka,X,Export,0902,Tea,466,MLI,Mali,destination,353163,353163,kg,2299779.323,6.5119486554,false,false,true,H6,,UN_COMTRADE_HS0902_ANNUAL,2026-07-14,0.0016505594,0.0014523662
2024,144,LKA,Sri Lanka,X,Export,0902,Tea,462,MDV,Maldives,destination,217072.065,217072.065,kg,2211182.511,10.1863982867,true,false,true,H6,,UN_COMTRADE_HS0902_ANNUAL,2026-07-14,0.0015869732,0.0008926987
2024,144,LKA,Sri Lanka,X,Export,0902,Tea,203,CZE,Czechia,destination,128532,128532,kg,2176812.016,16.9359538169,false,false,true,H6,,UN_COMTRADE_HS0902_ANNUAL,2026-07-14,0.0015623053,0.0005285818
2024,144,LKA,Sri Lanka,X,Export,0902,Tea,100,BGR,Bulgaria,destination,532344,532344,kg,2167057.477,4.0707840738,false,false,true,H6,,UN_COMTRADE_HS0902_ANNUAL,2026-07-14,0.0015553045,0.0021892397
2024,144,LKA,Sri Lanka,X,Export,0902,Tea,634,QAT,Qatar,destination,209746,209746,kg,2078614.928,9.9101528897,false,false,true,H6,,UN_COMTRADE_HS0902_ANNUAL,2026-07-14,0.001491829,0.0008625706
2024,144,LKA,Sri Lanka,X,Export,0902,Tea,566,NGA,Nigeria,destination,209081,209081,kg,2006419.809,9.5963756104,false,false,true,H6,,UN_COMTRADE_HS0902_ANNUAL,2026-07-14,0.0014400143,0.0008598358
2024,144,LKA,Sri Lanka,X,Export,0902,Tea,410,KOR,Rep. of Korea,destination,236777,236777,kg,1898605.712,8.0185394358,false,false,true,H6,,UN_COMTRADE_HS0902_ANNUAL,2026-07-14,0.0013626357,0.0009737343
2024,144,LKA,Sri Lanka,X,Export,0902,Tea,32,ARG,Argentina,destination,346124,346124,kg,1829922.926,5.2868998567,false,false,true,H6,,UN_COMTRADE_HS0902_ANNUAL,2026-07-14,0.0013133419,0.0014234187
2024,144,LKA,Sri Lanka,X,Export,0902,Tea,608,PHL,Philippines,destination,116189,116189,kg,1706547.285,14.6876837308,false,false,true,H6,,UN_COMTRADE_HS0902_ANNUAL,2026-07-14,0.0012247948,0.0004778218
2024,144,LKA,Sri Lanka,X,Export,0902,Tea,48,BHR,Bahrain,destination,191227,191227,kg,1624451.066,8.4948833899,false,false,true,H6,,UN_COMTRADE_HS0902_ANNUAL,2026-07-14,0.001165874,0.000786412
2024,144,LKA,Sri Lanka,X,Export,0902,Tea,788,TUN,Tunisia,destination,433925,433925,kg,1624047.531,3.7426917808,false,false,true,H6,,UN_COMTRADE_HS0902_ANNUAL,2026-07-14,0.0011655844,0.0017844961
2024,144,LKA,Sri Lanka,X,Export,0902,Tea,704,VNM,Viet Nam,destination,97931,97931,kg,1604033.65,16.3792226159,false,false,true,H6,,UN_COMTRADE_HS0902_ANNUAL,2026-07-14,0.0011512204,0.0004027366
2024,144,LKA,Sri Lanka,X,Export,0902,Tea,764,THA,Thailand,destination,102792,102792,kg,1552420.787,15.1025448187,false,false,true,H6,,UN_COMTRADE_HS0902_ANNUAL,2026-07-14,0.0011141777,0.0004227273
2024,144,LKA,Sri Lanka,X,Export,0902,Tea,360,IDN,Indonesia,destination,98874.066,98874.066,kg,1466038.642,14.8273323967,true,false,true,H6,,UN_COMTRADE_HS0902_ANNUAL,2026-07-14,0.0010521809,0.0004066149
2024,144,LKA,Sri Lanka,X,Export,0902,Tea,854,BFA,Burkina Faso,destination,215364,215364,kg,1451418.011,6.7393715338,false,false,true,H6,,UN_COMTRADE_HS0902_ANNUAL,2026-07-14,0.0010416876,0.0008856743
2024,144,LKA,Sri Lanka,X,Export,0902,Tea,270,GMB,Gambia,destination,285406,285406,kg,1400854.118,4.908285453,false,false,true,H6,,UN_COMTRADE_HS0902_ANNUAL,2026-07-14,0.0010053977,0.0011737187
2024,144,LKA,Sri Lanka,X,Export,0902,Tea,384,CIV,Côte d'Ivoire,destination,222838,222838,kg,1378796.843,6.1874403962,false,false,true,H6,,UN_COMTRADE_HS0902_ANNUAL,2026-07-14,0.0009895672,0.0009164108
2024,144,LKA,Sri Lanka,X,Export,0902,Tea,757,CHE,Switzerland,destination,257967,257967,kg,1356703.379,5.2592129187,false,false,true,H6,,UN_COMTRADE_HS0902_ANNUAL,2026-07-14,0.0009737106,0.0010608771
2024,144,LKA,Sri Lanka,X,Export,0902,Tea,699,IND,India,destination,279018,279018,kg,1339726.45,4.8015771384,false,false,true,H6,,UN_COMTRADE_HS0902_ANNUAL,2026-07-14,0.0009615262,0.0011474484
2024,144,LKA,Sri Lanka,X,Export,0902,Tea,512,OMN,Oman,destination,239647,239647,kg,1311619.619,5.4731318105,false,false,true,H6,,UN_COMTRADE_HS0902_ANNUAL,2026-07-14,0.0009413538,0.000985537
2024,144,LKA,Sri Lanka,X,Export,0902,Tea,428,LVA,Latvia,destination,107953,107953,kg,1220529.604,11.3061202931,false,false,true,H6,,UN_COMTRADE_HS0902_ANNUAL,2026-07-14,0.0008759782,0.0004439516
2024,144,LKA,Sri Lanka,X,Export,0902,Tea,496,MNG,Mongolia,destination,135699,135699,kg,1210239.899,8.9185616622,false,false,true,H6,,UN_COMTRADE_HS0902_ANNUAL,2026-07-14,0.0008685933,0.0005580558
2024,144,LKA,Sri Lanka,X,Export,0902,Tea,196,CYP,Cyprus,destination,166355,166355,kg,1139305.181,6.8486380391,false,false,true,H6,,UN_COMTRADE_HS0902_ANNUAL,2026-07-14,0.0008176832,0.0006841271
2024,144,LKA,Sri Lanka,X,Export,0902,Tea,642,ROU,Romania,destination,160957,160957,kg,1033852.43,6.4231591667,false,false,true,H6,,UN_COMTRADE_HS0902_ANNUAL,2026-07-14,0.0007419994,0.0006619281
2024,144,LKA,Sri Lanka,X,Export,0902,Tea,246,FIN,Finland,destination,115883,115883,kg,1026192.446,8.8554183616,false,false,true,H6,,UN_COMTRADE_HS0902_ANNUAL,2026-07-14,0.0007365018,0.0004765634
2024,144,LKA,Sri Lanka,X,Export,0902,Tea,348,HUN,Hungary,destination,40295,40295,kg,922306.617,22.8888600819,false,false,true,H6,,UN_COMTRADE_HS0902_ANNUAL,2026-07-14,0.0006619426,0.0001657113
2024,144,LKA,Sri Lanka,X,Export,0902,Tea,478,MRT,Mauritania,destination,133308,133308,kg,890068.854,6.6767849941,false,false,true,H6,,UN_COMTRADE_HS0902_ANNUAL,2026-07-14,0.0006388054,0.0005482229
2024,144,LKA,Sri Lanka,X,Export,0902,Tea,768,TGO,Togo,destination,125299,125299,kg,876706.324,6.9969139738,false,false,true,H6,,UN_COMTRADE_HS0902_ANNUAL,2026-07-14,0.0006292151,0.0005152862
2024,144,LKA,Sri Lanka,X,Export,0902,Tea,762,TJK,Tajikistan,destination,128127,128127,kg,833401.888,6.5044985678,false,false,true,H6,,UN_COMTRADE_HS0902_ANNUAL,2026-07-14,0.0005981354,0.0005269163
2024,144,LKA,Sri Lanka,X,Export,0902,Tea,233,EST,Estonia,destination,81138,81138,kg,795736.982,9.8072047869,false,false,true,H6,,UN_COMTRADE_HS0902_ANNUAL,2026-07-14,0.0005711031,0.0003336762
2024,144,LKA,Sri Lanka,X,Export,0902,Tea,484,MEX,Mexico,destination,54238.703,54238.703,kg,791095.315,14.5854393863,true,false,true,H6,,UN_COMTRADE_HS0902_ANNUAL,2026-07-14,0.0005677718,0.0002230541
2024,144,LKA,Sri Lanka,X,Export,0902,Tea,694,SLE,Sierra Leone,destination,137059,137059,kg,763704.448,5.5720853647,false,false,true,H6,,UN_COMTRADE_HS0902_ANNUAL,2026-07-14,0.0005481133,0.0005636487
2024,144,LKA,Sri Lanka,X,Export,0902,Tea,724,ESP,Spain,destination,114233,114233,kg,723749.173,6.3357276181,false,false,true,H6,,UN_COMTRADE_HS0902_ANNUAL,2026-07-14,0.0005194372,0.0004697778
2024,144,LKA,Sri Lanka,X,Export,0902,Tea,780,TTO,Trinidad and Tobago,destination,24099,24099,kg,681985.144,28.2993130005,false,false,true,H6,,UN_COMTRADE_HS0902_ANNUAL,2026-07-14,0.000489463,0.000099106
2024,144,LKA,Sri Lanka,X,Export,0902,Tea,579,NOR,Norway,destination,64285,64285,kg,668514.081,10.3992234736,false,false,true,H6,,UN_COMTRADE_HS0902_ANNUAL,2026-07-14,0.0004797948,0.000264369
2024,144,LKA,Sri Lanka,X,Export,0902,Tea,887,YEM,Yemen,destination,98378,98378,kg,578633.78,5.8817396166,false,false,true,H6,,UN_COMTRADE_HS0902_ANNUAL,2026-07-14,0.0004152874,0.0004045749
2024,144,LKA,Sri Lanka,X,Export,0902,Tea,562,NER,Niger,destination,78879,78879,kg,558702.788,7.0830358904,false,false,true,H6,,UN_COMTRADE_HS0902_ANNUAL,2026-07-14,0.0004009829,0.0003243862
2024,144,LKA,Sri Lanka,X,Export,0902,Tea,24,AGO,Angola,destination,79697,79697,kg,549399.437,6.8936024819,false,false,true,H6,,UN_COMTRADE_HS0902_ANNUAL,2026-07-14,0.0003943058,0.0003277502
2024,144,LKA,Sri Lanka,X,Export,0902,Tea,12,DZA,Algeria,destination,131047,131047,kg,542427.015,4.1391791876,false,false,true,H6,,UN_COMTRADE_HS0902_ANNUAL,2026-07-14,0.0003893017,0.0005389246
2024,144,LKA,Sri Lanka,X,Export,0902,Tea,858,URY,Uruguay,destination,79164.621,79164.621,kg,538607.063,6.8036334438,true,false,true,H6,,UN_COMTRADE_HS0902_ANNUAL,2026-07-14,0.0003865601,0.0003255608
2024,144,LKA,Sri Lanka,X,Export,0902,Tea,446,MAC,"China, Macao SAR",destination,94234,94234,kg,472909.517,5.0184595475,false,false,true,H6,,UN_COMTRADE_HS0902_ANNUAL,2026-07-14,0.0003394088,0.0003875329
2024,144,LKA,Sri Lanka,X,Export,0902,Tea,690,SYC,Seychelles,destination,81984,81984,kg,420773.146,5.1323812695,false,false,true,H6,,UN_COMTRADE_HS0902_ANNUAL,2026-07-14,0.0003019903,0.0003371553
2024,144,LKA,Sri Lanka,X,Export,0902,Tea,498,MDA,Rep. of Moldova,destination,43542,43542,kg,370258.141,8.5034711543,false,false,true,H6,,UN_COMTRADE_HS0902_ANNUAL,2026-07-14,0.0002657355,0.0001790644
2024,144,LKA,Sri Lanka,X,Export,0902,Tea,266,GAB,Gabon,destination,49672,49672,kg,366588.469,7.380183383,false,false,true,H6,,UN_COMTRADE_HS0902_ANNUAL,2026-07-14,0.0002631018,0.0002042738
2024,144,LKA,Sri Lanka,X,Export,0902,Tea,328,GUY,Guyana,destination,80116,80116,kg,327706.949,4.0904057741,false,false,true,H6,,UN_COMTRADE_HS0902_ANNUAL,2026-07-14,0.0002351964,0.0003294733
2024,144,LKA,Sri Lanka,X,Export,0902,Tea,430,LBR,Liberia,destination,56274,56274,kg,324982.963,5.7750108931,false,false,true,H6,,UN_COMTRADE_HS0902_ANNUAL,2026-07-14,0.0002332414,0.0002314242
2024,144,LKA,Sri Lanka,X,Export,0902,Tea,686,SEN,Senegal,destination,48190,48190,kg,310137.261,6.4357182195,false,false,true,H6,,UN_COMTRADE_HS0902_ANNUAL,2026-07-14,0.0002225866,0.0001981791
2024,144,LKA,Sri Lanka,X,Export,0902,Tea,51,ARM,Armenia,destination,30999,30999,kg,287890.369,9.2870856802,false,false,true,H6,,UN_COMTRADE_HS0902_ANNUAL,2026-07-14,0.0002066199,0.0001274819
2024,144,LKA,Sri Lanka,X,Export,0902,Tea,795,TKM,Turkmenistan,destination,33302,33302,kg,262280.371,7.8758143955,false,false,true,H6,,UN_COMTRADE_HS0902_ANNUAL,2026-07-14,0.0001882395,0.0001369529
2024,144,LKA,Sri Lanka,X,Export,0902,Tea,807,MKD,North Macedonia,destination,47371,47371,kg,238191.323,5.0282097275,false,false,true,H6,,UN_COMTRADE_HS0902_ANNUAL,2026-07-14,0.0001709507,0.000194811
2024,144,LKA,Sri Lanka,X,Export,0902,Tea,372,IRL,Ireland,destination,13603,13603,kg,229240.816,16.8522249504,false,false,true,H6,,UN_COMTRADE_HS0902_ANNUAL,2026-07-14,0.0001645269,0.0000559417
2024,144,LKA,Sri Lanka,X,Export,0902,Tea,586,PAK,Pakistan,destination,26383,26383,kg,221102.687,8.3804983133,false,false,true,H6,,UN_COMTRADE_HS0902_ANNUAL,2026-07-14,0.0001586861,0.0001084988
2024,144,LKA,Sri Lanka,X,Export,0902,Tea,740,SUR,Suriname,destination,21868,21868,kg,219280.153,10.0274443479,false,false,true,H6,,UN_COMTRADE_HS0902_ANNUAL,2026-07-14,0.0001573781,0.0000899311
2024,144,LKA,Sri Lanka,X,Export,0902,Tea,598,PNG,Papua New Guinea,destination,27604,27604,kg,190956.551,6.9177130488,false,false,true,H6,,UN_COMTRADE_HS0902_ANNUAL,2026-07-14,0.0001370502,0.0001135202
2024,144,LKA,Sri Lanka,X,Export,0902,Tea,90,SLB,Solomon Isds,destination,23657,23657,kg,184319.96,7.7913497062,false,false,true,H6,,UN_COMTRADE_HS0902_ANNUAL,2026-07-14,0.0001322871,0.0000972883
2024,144,LKA,Sri Lanka,X,Export,0902,Tea,76,BRA,Brazil,destination,19689,19689,kg,182392.385,9.2636693077,false,false,true,H6,,UN_COMTRADE_HS0902_ANNUAL,2026-07-14,0.0001309036,0.0000809701
2024,144,LKA,Sri Lanka,X,Export,0902,Tea,84,BLZ,Belize,destination,15112,15112,kg,168281.961,11.1356512043,false,false,true,H6,,UN_COMTRADE_HS0902_ANNUAL,2026-07-14,0.0001207765,0.0000621474
2024,144,LKA,Sri Lanka,X,Export,0902,Tea,620,PRT,Portugal,destination,11268,11268,kg,161323.702,14.3169774583,false,false,true,H6,,UN_COMTRADE_HS0902_ANNUAL,2026-07-14,0.0001157826,0.0000463391
2024,144,LKA,Sri Lanka,X,Export,0902,Tea,480,MUS,Mauritius,destination,4945,4945,kg,152401.931,30.8193995956,false,false,true,H6,,UN_COMTRADE_HS0902_ANNUAL,2026-07-14,0.0001093794,0.0000203361
2024,144,LKA,Sri Lanka,X,Export,0902,Tea,834,TZA,United Rep. of Tanzania,destination,23040,23040,kg,127514.276,5.5344737847,false,false,true,H6,,UN_COMTRADE_HS0902_ANNUAL,2026-07-14,0.0000915174,0.0000947509
2024,144,LKA,Sri Lanka,X,Export,0902,Tea,96,BRN,Brunei Darussalam,destination,9703,9703,kg,121609.682,12.5332043698,false,false,true,H6,,UN_COMTRADE_HS0902_ANNUAL,2026-07-14,0.0000872797,0.0000399031
2024,144,LKA,Sri Lanka,X,Export,0902,Tea,204,BEN,Benin,destination,11976,11976,kg,102577.565,8.5652609385,false,false,true,H6,,UN_COMTRADE_HS0902_ANNUAL,2026-07-14,0.0000736203,0.0000492507
2024,144,LKA,Sri Lanka,X,Export,0902,Tea,116,KHM,Cambodia,destination,3913,3913,kg,100711.604,25.7376958855,false,false,true,H6,,UN_COMTRADE_HS0902_ANNUAL,2026-07-14,0.0000722811,0.000016092
2024,144,LKA,Sri Lanka,X,Export,0902,Tea,52,BRB,Barbados,destination,5217,5217,kg,84682.055,16.2319446042,false,false,true,H6,,UN_COMTRADE_HS0902_ANNUAL,2026-07-14,0.0000607766,0.0000214547
2024,144,LKA,Sri Lanka,X,Export,0902,Tea,548,VUT,Vanuatu,destination,9725,9725,kg,79896.973,8.2156270437,false,false,true,H6,,UN_COMTRADE_HS0902_ANNUAL,2026-07-14,0.0000573423,0.0000399936
2024,144,LKA,Sri Lanka,X,Export,0902,Tea,352,ISL,Iceland,destination,8185,8185,kg,78059.696,9.5369207086,false,false,true,H6,,UN_COMTRADE_HS0902_ANNUAL,2026-07-14,0.0000560237,0.0000336604
2024,144,LKA,Sri Lanka,X,Export,0902,Tea,404,KEN,Kenya,destination,18189,18189,kg,76978.746,4.2321593271,false,false,true,H6,,UN_COMTRADE_HS0902_ANNUAL,2026-07-14,0.0000552479,0.0000748014
2024,144,LKA,Sri Lanka,X,Export,0902,Tea,4,AFG,Afghanistan,destination,24000,24000,kg,75548.391,3.147849625,false,false,true,H6,,UN_COMTRADE_HS0902_ANNUAL,2026-07-14,0.0000542213,0.0000986989
2024,144,LKA,Sri Lanka,X,Export,0902,Tea,68,BOL,Bolivia (Plurinational State of),destination,10722,10722,kg,73235.056,6.8303540384,false,false,true,H6,,UN_COMTRADE_HS0902_ANNUAL,2026-07-14,0.000052561,0.0000440937
2024,144,LKA,Sri Lanka,X,Export,0902,Tea,470,MLT,Malta,destination,2803,2803,kg,63685.548,22.7204951837,false,false,true,H6,,UN_COMTRADE_HS0902_ANNUAL,2026-07-14,0.0000457073,0.0000115272
2024,144,LKA,Sri Lanka,X,Export,0902,Tea,104,MMR,Myanmar,destination,6518,6518,kg,56429.653,8.6575104326,false,false,true,H6,,UN_COMTRADE_HS0902_ANNUAL,2026-07-14,0.0000404998,0.000026805
2024,144,LKA,Sri Lanka,X,Export,0902,Tea,705,SVN,Slovenia,destination,1003,1003,kg,52998.601,52.8400807577,false,false,true,H6,,UN_COMTRADE_HS0902_ANNUAL,2026-07-14,0.0000380373,0.0000041248
2024,144,LKA,Sri Lanka,X,Export,0902,Tea,800,UGA,Uganda,destination,6706,6706,kg,50938.81,7.5960050701,false,false,true,H6,,UN_COMTRADE_HS0902_ANNUAL,2026-07-14,0.000036559,0.0000275781
2024,144,LKA,Sri Lanka,X,Export,0902,Tea,604,PER,Peru,destination,2025,2025,kg,50538.125,24.9570987654,false,false,true,H6,,UN_COMTRADE_HS0902_ANNUAL,2026-07-14,0.0000362714,0.0000083277
2024,144,LKA,Sri Lanka,X,Export,0902,Tea,508,MOZ,Mozambique,destination,7936,7936,kg,49012.749,6.1760016381,false,false,true,H6,,UN_COMTRADE_HS0902_ANNUAL,2026-07-14,0.0000351766,0.0000326364
2024,144,LKA,Sri Lanka,X,Export,0902,Tea,50,BGD,Bangladesh,destination,1746,1746,kg,43988.758,25.1940194731,false,false,true,H6,,UN_COMTRADE_HS0902_ANNUAL,2026-07-14,0.0000315709,0.0000071803
2024,144,LKA,Sri Lanka,X,Export,0902,Tea,218,ECU,Ecuador,destination,2717,2717,kg,41933.065,15.433590357,false,false,true,H6,,UN_COMTRADE_HS0902_ANNUAL,2026-07-14,0.0000300955,0.0000111735
2024,144,LKA,Sri Lanka,X,Export,0902,Tea,296,KIR,Kiribati,destination,6432,6432,kg,41463.146,6.4463846393,false,false,true,H6,,UN_COMTRADE_HS0902_ANNUAL,2026-07-14,0.0000297582,0.0000264513
2024,144,LKA,Sri Lanka,X,Export,0902,Tea,591,PAN,Panama,destination,3609,3609,kg,39394.885,10.9157342754,false,false,true,H6,,UN_COMTRADE_HS0902_ANNUAL,2026-07-14,0.0000282738,0.0000148418
2024,144,LKA,Sri Lanka,X,Export,0902,Tea,388,JAM,Jamaica,destination,4086,4086,kg,38287.391,9.3703844836,false,false,true,H6,,UN_COMTRADE_HS0902_ANNUAL,2026-07-14,0.000027479,0.0000168035
2024,144,LKA,Sri Lanka,X,Export,0902,Tea,504,MAR,Morocco,destination,1863,1863,kg,37524.672,20.1420676329,false,false,true,H6,,UN_COMTRADE_HS0902_ANNUAL,2026-07-14,0.0000269316,0.0000076615
2024,144,LKA,Sri Lanka,X,Export,0902,Tea,624,GNB,Guinea-Bissau,destination,5760,5760,kg,34694.845,6.0234105903,false,false,true,H6,,UN_COMTRADE_HS0902_ANNUAL,2026-07-14,0.0000249006,0.0000236877
2024,144,LKA,Sri Lanka,X,Export,0902,Tea,894,ZMB,Zambia,destination,1461,1461,kg,33998.166,23.270476386,false,false,true,H6,,UN_COMTRADE_HS0902_ANNUAL,2026-07-14,0.0000244006,0.0000060083
2024,144,LKA,Sri Lanka,X,Export,0902,Tea,524,NPL,Nepal,destination,1439,1439,kg,31485.151,21.8798825573,false,false,true,H6,,UN_COMTRADE_HS0902_ANNUAL,2026-07-14,0.000022597,0.0000059178
2024,144,LKA,Sri Lanka,X,Export,0902,Tea,191,HRV,Croatia,destination,695,695,kg,28938.162,41.6376431655,false,false,true,H6,,UN_COMTRADE_HS0902_ANNUAL,2026-07-14,0.000020769,0.0000028582
2024,144,LKA,Sri Lanka,X,Export,0902,Tea,148,TCD,Chad,destination,5859,5859,kg,28712.718,4.9006175115,false,false,true,H6,,UN_COMTRADE_HS0902_ANNUAL,2026-07-14,0.0000206072,0.0000240949
2024,144,LKA,Sri Lanka,X,Export,0902,Tea,16,ASM,American Samoa,destination,3299,3299,kg,24416.639,7.4012243104,false,false,true,H6,,UN_COMTRADE_HS0902_ANNUAL,2026-07-14,0.0000175239,0.000013567
2024,144,LKA,Sri Lanka,X,Export,0902,Tea,703,SVK,Slovakia,destination,755,755,kg,24261.753,32.1347721854,false,false,true,H6,,UN_COMTRADE_HS0902_ANNUAL,2026-07-14,0.0000174127,0.0000031049
2024,144,LKA,Sri Lanka,X,Export,0902,Tea,226,GNQ,Equatorial Guinea,destination,2580,2580,kg,23314.8,9.036744186,false,false,true,H6,,UN_COMTRADE_HS0902_ANNUAL,2026-07-14,0.0000167331,0.0000106101
2024,144,LKA,Sri Lanka,X,Export,0902,Tea,531,CUW,Curaçao,destination,2701,2701,kg,22061.426,8.1678733802,false,false,true,H6,,UN_COMTRADE_HS0902_ANNUAL,2026-07-14,0.0000158336,0.0000111077
2024,144,LKA,Sri Lanka,X,Export,0902,Tea,188,CRI,Costa Rica,destination,434,434,kg,13309.72,30.6675576037,false,false,true,H6,,UN_COMTRADE_HS0902_ANNUAL,2026-07-14,0.0000095524,0.0000017848
2024,144,LKA,Sri Lanka,X,Export,0902,Tea,316,GUM,Guam,destination,1352,1352,kg,11031.991,8.1597566568,false,false,true,H6,,UN_COMTRADE_HS0902_ANNUAL,2026-07-14,0.0000079177,0.00000556
2024,144,LKA,Sri Lanka,X,Export,0902,Tea,748,SWZ,Eswatini,destination,132,132,kg,10628.993,80.5226742424,false,false,true,H6,,UN_COMTRADE_HS0902_ANNUAL,2026-07-14,0.0000076285,0.0000005428
2024,144,LKA,Sri Lanka,X,Export,0902,Tea,28,ATG,Antigua and Barbuda,destination,756,756,kg,7041.437,9.3140701058,false,false,true,H6,,UN_COMTRADE_HS0902_ANNUAL,2026-07-14,0.0000050537,0.000003109
2024,144,LKA,Sri Lanka,X,Export,0902,Tea,70,BIH,Bosnia Herzegovina,destination,213,213,kg,2889.445,13.5654694836,false,false,true,H6,,UN_COMTRADE_HS0902_ANNUAL,2026-07-14,0.0000020738,0.000000876
2024,144,LKA,Sri Lanka,X,Export,0902,Tea,258,PYF,French Polynesia,destination,52,52,kg,637.631,12.2621346154,false,false,true,H6,,UN_COMTRADE_HS0902_ANNUAL,2026-07-14,0.0000004576,0.0000002138
2025,144,LKA,Sri Lanka,X,Export,0902,Tea,0,W00,World,world_total,254502790.488,254502790.488,kg,1449205411.095,5.6942613805,true,false,true,H6,,UN_COMTRADE_HS0902_ANNUAL,2026-07-14,,
2025,144,LKA,Sri Lanka,X,Export,0902,Tea,368,IRQ,Iraq,destination,39362860.413,39362860.413,kg,176888788.138,4.4937991366,true,false,true,H6,,UN_COMTRADE_HS0902_ANNUAL,2026-07-14,0.1220591552,0.1546657321
2025,144,LKA,Sri Lanka,X,Export,0902,Tea,643,RUS,Russian Federation,destination,21593502.47,21593502.47,kg,117910145.113,5.4604455797,false,false,true,H6,,UN_COMTRADE_HS0902_ANNUAL,2026-07-14,0.0813619272,0.0848458378
2025,144,LKA,Sri Lanka,X,Export,0902,Tea,792,TUR,Türkiye,destination,21278192.89,21278192.89,kg,110041757.405,5.1715743895,false,false,true,H6,,UN_COMTRADE_HS0902_ANNUAL,2026-07-14,0.0759324776,0.0836069139
2025,144,LKA,Sri Lanka,X,Export,0902,Tea,784,ARE,United Arab Emirates,destination,18407352.858,18407352.858,kg,108757572.975,5.9083766044,true,false,true,H6,,UN_COMTRADE_HS0902_ANNUAL,2026-07-14,0.0750463476,0.0723267231
2025,144,LKA,Sri Lanka,X,Export,0902,Tea,434,LBY,Libya,destination,18929371.58,18929371.58,kg,78171098.161,4.1296192972,false,false,true,H6,,UN_COMTRADE_HS0902_ANNUAL,2026-07-14,0.0539406612,0.0743778547
2025,144,LKA,Sri Lanka,X,Export,0902,Tea,682,SAU,Saudi Arabia,destination,8690898.15,8690898.15,kg,65655566.763,7.5545203303,false,false,true,H6,,UN_COMTRADE_HS0902_ANNUAL,2026-07-14,0.0453045278,0.0341485378
2025,144,LKA,Sri Lanka,X,Export,0902,Tea,364,IRN,Iran,destination,10390504.1,10390504.1,kg,64552616.667,6.212654944,false,false,true,H6,,UN_COMTRADE_HS0902_ANNUAL,2026-07-14,0.0445434554,0.0408266804
2025,144,LKA,Sri Lanka,X,Export,0902,Tea,31,AZE,Azerbaijan,destination,8916617.61,8916617.61,kg,54942637.362,6.1618250064,false,false,true,H6,,UN_COMTRADE_HS0902_ANNUAL,2026-07-14,0.0379122497,0.0350354414
2025,144,LKA,Sri Lanka,X,Export,0902,Tea,152,CHL,Chile,destination,11092941.27,11092941.27,kg,51839498.692,4.6731968943,false,false,true,H6,,UN_COMTRADE_HS0902_ANNUAL,2026-07-14,0.0357709806,0.0435867176
2025,144,LKA,Sri Lanka,X,Export,0902,Tea,760,SYR,Syria,destination,7991092.75,7991092.75,kg,50720671.403,6.3471508828,false,false,true,H6,,UN_COMTRADE_HS0902_ANNUAL,2026-07-14,0.0349989525,0.0313988414
2025,144,LKA,Sri Lanka,X,Export,0902,Tea,156,CHN,China,destination,10422562.3,10422562.3,kg,49636744.985,4.7624320734,false,false,true,H6,,UN_COMTRADE_HS0902_ANNUAL,2026-07-14,0.0342510072,0.0409526445
2025,144,LKA,Sri Lanka,X,Export,0902,Tea,842,USA,USA,destination,5609624.98,5609624.98,kg,42748218.835,7.6205127771,false,false,true,H6,,UN_COMTRADE_HS0902_ANNUAL,2026-07-14,0.0294976947,0.0220415068
2025,144,LKA,Sri Lanka,X,Export,0902,Tea,276,DEU,Germany,destination,6820163.09,6820163.09,kg,41714572.967,6.1163600366,false,false,true,H6,,UN_COMTRADE_HS0902_ANNUAL,2026-07-14,0.0287844447,0.0267979894
2025,144,LKA,Sri Lanka,X,Export,0902,Tea,392,JPN,Japan,destination,5709945.79,5709945.79,kg,39017918.389,6.8333255383,false,false,true,H6,,UN_COMTRADE_HS0902_ANNUAL,2026-07-14,0.0269236632,0.0224356903
2025,144,LKA,Sri Lanka,X,Export,0902,Tea,400,JOR,Jordan,destination,5218333.88,5218333.88,kg,33252819.832,6.3723059116,false,false,true,H6,,UN_COMTRADE_HS0902_ANNUAL,2026-07-14,0.0229455532,0.020504034
2025,144,LKA,Sri Lanka,X,Export,0902,Tea,616,POL,Poland,destination,3929013.89,3929013.89,kg,32351040.36,8.2338829197,false,false,true,H6,,UN_COMTRADE_HS0902_ANNUAL,2026-07-14,0.0223232953,0.0154379993
2025,144,LKA,Sri Lanka,X,Export,0902,Tea,528,NLD,Netherlands,destination,2359859.08,2359859.08,kg,24490403.166,10.3779091614,false,false,true,H6,,UN_COMTRADE_HS0902_ANNUAL,2026-07-14,0.0168991938,0.0092724291
2025,144,LKA,Sri Lanka,X,Export,0902,Tea,36,AUS,Australia,destination,2214530.03,2214530.03,kg,20302106.432,9.1676817008,false,false,true,H6,,UN_COMTRADE_HS0902_ANNUAL,2026-07-14,0.0140091296,0.0087013978
2025,144,LKA,Sri Lanka,X,Export,0902,Tea,414,KWT,Kuwait,destination,2551454.74,2551454.74,kg,18495151.823,7.2488653367,false,false,true,H6,,UN_COMTRADE_HS0902_ANNUAL,2026-07-14,0.0127622707,0.0100252525
2025,144,LKA,Sri Lanka,X,Export,0902,Tea,490,S19,"Other Asia, nes",destination,4050270.26,4050270.26,kg,17637939.836,4.3547562764,false,false,true,H6,,UN_COMTRADE_HS0902_ANNUAL,2026-07-14,0.0121707659,0.0159144434
2025,144,LKA,Sri Lanka,X,Export,0902,Tea,344,HKG,"China, Hong Kong SAR",destination,3149085.59,3149085.59,kg,15406564.221,4.8923929759,false,false,true,H6,,UN_COMTRADE_HS0902_ANNUAL,2026-07-14,0.0106310424,0.0123734816
2025,144,LKA,Sri Lanka,X,Export,0902,Tea,826,GBR,United Kingdom,destination,1281162.41,1281162.41,kg,13578839.07,10.5988428665,false,false,true,H6,,UN_COMTRADE_HS0902_ANNUAL,2026-07-14,0.0093698512,0.0050339818
2025,144,LKA,Sri Lanka,X,Export,0902,Tea,56,BEL,Belgium,destination,2805384.61,2805384.61,kg,13060206.672,4.6554068292,false,false,true,H6,,UN_COMTRADE_HS0902_ANNUAL,2026-07-14,0.0090119776,0.0110230014
2025,144,LKA,Sri Lanka,X,Export,0902,Tea,422,LBN,Lebanon,destination,1659050.08,1659050.08,kg,11198842.736,6.7501535192,false,false,true,H6,,UN_COMTRADE_HS0902_ANNUAL,2026-07-14,0.0077275745,0.0065187893
2025,144,LKA,Sri Lanka,X,Export,0902,Tea,804,UKR,Ukraine,destination,1626935.04,1626935.04,kg,10583489.496,6.5051702962,false,false,true,H6,,UN_COMTRADE_HS0902_ANNUAL,2026-07-14,0.0073029602,0.006392602
2025,144,LKA,Sri Lanka,X,Export,0902,Tea,788,TUN,Tunisia,destination,2450850,2450850,kg,10308676.193,4.2061636547,false,false,true,H6,,UN_COMTRADE_HS0902_ANNUAL,2026-07-14,0.0071133299,0.0096299534
2025,144,LKA,Sri Lanka,X,Export,0902,Tea,376,ISR,Israel,destination,1468007.33,1468007.33,kg,9387321.654,6.3946013498,false,false,true,H6,,UN_COMTRADE_HS0902_ANNUAL,2026-07-14,0.0064775646,0.0057681384
2025,144,LKA,Sri Lanka,X,Export,0902,Tea,554,NZL,New Zealand,destination,853891.32,853891.32,kg,8124059.909,9.5141614849,false,false,true,H6,,UN_COMTRADE_HS0902_ANNUAL,2026-07-14,0.0056058719,0.0033551354
2025,144,LKA,Sri Lanka,X,Export,0902,Tea,818,EGY,Egypt,destination,1684792.81,1684792.81,kg,7819823.651,4.6414156118,false,false,true,H6,,UN_COMTRADE_HS0902_ANNUAL,2026-07-14,0.0053959388,0.0066199385
2025,144,LKA,Sri Lanka,X,Export,0902,Tea,324,GIN,Guinea,destination,1294558,1294558,kg,7816085.114,6.0376476867,false,false,true,H6,,UN_COMTRADE_HS0902_ANNUAL,2026-07-14,0.005393359,0.0050866161
2025,144,LKA,Sri Lanka,X,Export,0902,Tea,288,GHA,Ghana,destination,1013941.79,1013941.79,kg,7490887.13,7.3878867642,false,false,true,H6,,UN_COMTRADE_HS0902_ANNUAL,2026-07-14,0.0051689616,0.0039840105
2025,144,LKA,Sri Lanka,X,Export,0902,Tea,251,FRA,France,destination,868615.07,868615.07,kg,6543011.793,7.5326943073,false,false,true,H6,,UN_COMTRADE_HS0902_ANNUAL,2026-07-14,0.0045148961,0.0034129884
2025,144,LKA,Sri Lanka,X,Export,0902,Tea,710,ZAF,South Africa,destination,1210489.84,1210489.84,kg,5926238.549,4.8957358857,false,false,true,H6,,UN_COMTRADE_HS0902_ANNUAL,2026-07-14,0.004089302,0.004756293
2025,144,LKA,Sri Lanka,X,Export,0902,Tea,398,KAZ,Kazakhstan,destination,1165246.97,1165246.97,kg,5752450.677,4.9366793694,false,false,true,H6,,UN_COMTRADE_HS0902_ANNUAL,2026-07-14,0.0039693826,0.0045785234
2025,144,LKA,Sri Lanka,X,Export,0902,Tea,124,CAN,Canada,destination,658997.08,658997.08,kg,5655528.411,8.5820234757,false,false,true,H6,,UN_COMTRADE_HS0902_ANNUAL,2026-07-14,0.003902503,0.0025893511
2025,144,LKA,Sri Lanka,X,Export,0902,Tea,752,SWE,Sweden,destination,508913.56,508913.56,kg,4686188.912,9.2082217499,false,false,true,H6,,UN_COMTRADE_HS0902_ANNUAL,2026-07-14,0.0032336264,0.0019996384
2025,144,LKA,Sri Lanka,X,Export,0902,Tea,380,ITA,Italy,destination,866880.49,866880.49,kg,4576886.765,5.2797205818,false,false,true,H6,,UN_COMTRADE_HS0902_ANNUAL,2026-07-14,0.0031582043,0.0034061728
2025,144,LKA,Sri Lanka,X,Export,0902,Tea,242,FJI,Fiji,destination,607912.95,607912.95,kg,3980259.607,6.5474170389,false,false,true,H6,,UN_COMTRADE_HS0902_ANNUAL,2026-07-14,0.0027465117,0.0023886298
2025,144,LKA,Sri Lanka,X,Export,0902,Tea,860,UZB,Uzbekistan,destination,572827.59,572827.59,kg,3929160.135,6.8592368866,false,false,true,H6,,UN_COMTRADE_HS0902_ANNUAL,2026-07-14,0.0027112514,0.0022507714
2025,144,LKA,Sri Lanka,X,Export,0902,Tea,702,SGP,Singapore,destination,403734.64,403734.64,kg,3905099.021,9.6724398506,false,false,true,H6,,UN_COMTRADE_HS0902_ANNUAL,2026-07-14,0.0026946484,0.0015863663
2025,144,LKA,Sri Lanka,X,Export,0902,Tea,268,GEO,Georgia,destination,712328.83,712328.83,kg,3804325.099,5.3406866868,false,false,true,H6,,UN_COMTRADE_HS0902_ANNUAL,2026-07-14,0.002625111,0.0027989038
2025,144,LKA,Sri Lanka,X,Export,0902,Tea,566,NGA,Nigeria,destination,518516.92,518516.92,kg,3641128.789,7.0221985986,false,false,true,H6,,UN_COMTRADE_HS0902_ANNUAL,2026-07-14,0.0025125001,0.0020373722
2025,144,LKA,Sri Lanka,X,Export,0902,Tea,458,MYS,Malaysia,destination,435820.63,435820.63,kg,3427921.59,7.865441317,false,false,true,H6,,UN_COMTRADE_HS0902_ANNUAL,2026-07-14,0.0023653801,0.0017124395
2025,144,LKA,Sri Lanka,X,Export,0902,Tea,300,GRC,Greece,destination,600481.47,600481.47,kg,3341766.409,5.5651449311,false,false,true,H6,,UN_COMTRADE_HS0902_ANNUAL,2026-07-14,0.0023059301,0.0023594298
2025,144,LKA,Sri Lanka,X,Export,0902,Tea,112,BLR,Belarus,destination,319850.36,319850.36,kg,2902828.287,9.0755823661,false,false,true,H6,,UN_COMTRADE_HS0902_ANNUAL,2026-07-14,0.0020030482,0.0012567656
2025,144,LKA,Sri Lanka,X,Export,0902,Tea,208,DNK,Denmark,destination,215425.48,215425.48,kg,2651981.525,12.3104357247,false,false,true,H6,,UN_COMTRADE_HS0902_ANNUAL,2026-07-14,0.0018299556,0.0008464563
2025,144,LKA,Sri Lanka,X,Export,0902,Tea,417,KGZ,Kyrgyzstan,destination,710681,710681,kg,2589883.471,3.6442278195,false,false,true,H6,,UN_COMTRADE_HS0902_ANNUAL,2026-07-14,0.0017871059,0.0027924291
2025,144,LKA,Sri Lanka,X,Export,0902,Tea,203,CZE,Czechia,destination,134029.27,134029.27,kg,2534713.558,18.9116418973,false,false,true,H6,,UN_COMTRADE_HS0902_ANNUAL,2026-07-14,0.0017490368,0.0005266318
2025,144,LKA,Sri Lanka,X,Export,0902,Tea,178,COG,Congo,destination,435610.8,435610.8,kg,2431177.084,5.5810762359,false,false,true,H6,,UN_COMTRADE_HS0902_ANNUAL,2026-07-14,0.0016775932,0.001711615
2025,144,LKA,Sri Lanka,X,Export,0902,Tea,40,AUT,Austria,destination,501550.65,501550.65,kg,2424824.948,4.8346561768,false,false,true,H6,,UN_COMTRADE_HS0902_ANNUAL,2026-07-14,0.00167321,0.0019707079
2025,144,LKA,Sri Lanka,X,Export,0902,Tea,634,QAT,Qatar,destination,218197.99,218197.99,kg,2303136.543,10.5552601241,false,false,true,H6,,UN_COMTRADE_HS0902_ANNUAL,2026-07-14,0.0015892409,0.0008573501
2025,144,LKA,Sri Lanka,X,Export,0902,Tea,246,FIN,Finland,destination,218247.97,218247.97,kg,2230656.122,10.2207416729,false,false,true,H6,,UN_COMTRADE_HS0902_ANNUAL,2026-07-14,0.001539227,0.0008575465
2025,144,LKA,Sri Lanka,X,Export,0902,Tea,688,SRB,Serbia,destination,478980.49,478980.49,kg,2202312.505,4.5979169319,false,false,true,H6,,UN_COMTRADE_HS0902_ANNUAL,2026-07-14,0.001519669,0.0018820245
2025,144,LKA,Sri Lanka,X,Export,0902,Tea,8,ALB,Albania,destination,411083.06,411083.06,kg,2107923.531,5.1277314395,false,false,true,H6,,UN_COMTRADE_HS0902_ANNUAL,2026-07-14,0.0014545374,0.0016152399
2025,144,LKA,Sri Lanka,X,Export,0902,Tea,462,MDV,Maldives,destination,216238.017,216238.017,kg,2096021.295,9.6931211453,false,false,true,H6,,UN_COMTRADE_HS0902_ANNUAL,2026-07-14,0.0014463245,0.0008496489
2025,144,LKA,Sri Lanka,X,Export,0902,Tea,440,LTU,Lithuania,destination,144634.5,144634.5,kg,2033566.588,14.0600381513,false,false,true,H6,,UN_COMTRADE_HS0902_ANNUAL,2026-07-14,0.0014032287,0.0005683022
2025,144,LKA,Sri Lanka,X,Export,0902,Tea,466,MLI,Mali,destination,292183.2,292183.2,kg,1943516.192,6.6517041089,false,false,true,H6,,UN_COMTRADE_HS0902_ANNUAL,2026-07-14,0.0013410909,0.001148055
2025,144,LKA,Sri Lanka,X,Export,0902,Tea,410,KOR,Rep. of Korea,destination,245015.05,245015.05,kg,1929470.511,7.8749060966,false,false,true,H6,,UN_COMTRADE_HS0902_ANNUAL,2026-07-14,0.0013313989,0.0009627205
2025,144,LKA,Sri Lanka,X,Export,0902,Tea,854,BFA,Burkina Faso,destination,273661.25,273661.25,kg,1894486.784,6.9227440275,false,false,true,H6,,UN_COMTRADE_HS0902_ANNUAL,2026-07-14,0.001307259,0.001075278
2025,144,LKA,Sri Lanka,X,Export,0902,Tea,428,LVA,Latvia,destination,173343.54,173343.54,kg,1889845.461,10.9023126042,false,false,true,H6,,UN_COMTRADE_HS0902_ANNUAL,2026-07-14,0.0013040563,0.0006811066
2025,144,LKA,Sri Lanka,X,Export,0902,Tea,729,SDN,Sudan,destination,374839.65,374839.65,kg,1854478.607,4.9473917901,false,false,true,H6,,UN_COMTRADE_HS0902_ANNUAL,2026-07-14,0.001279652,0.0014728312
2025,144,LKA,Sri Lanka,X,Export,0902,Tea,512,OMN,Oman,destination,350476.66,350476.66,kg,1831576.523,5.2259586216,false,false,true,H6,,UN_COMTRADE_HS0902_ANNUAL,2026-07-14,0.0012638488,0.0013771034
2025,144,LKA,Sri Lanka,X,Export,0902,Tea,704,VNM,Viet Nam,destination,128397.2,128397.2,kg,1798196.285,14.0049493681,false,false,true,H6,,UN_COMTRADE_HS0902_ANNUAL,2026-07-14,0.0012408153,0.0005045021
2025,144,LKA,Sri Lanka,X,Export,0902,Tea,608,PHL,Philippines,destination,142315.35,142315.35,kg,1755745.645,12.3370082356,false,false,true,H6,,UN_COMTRADE_HS0902_ANNUAL,2026-07-14,0.001211523,0.0005591897
2025,144,LKA,Sri Lanka,X,Export,0902,Tea,764,THA,Thailand,destination,107011.21,107011.21,kg,1561122.222,14.588398935,false,false,true,H6,,UN_COMTRADE_HS0902_ANNUAL,2026-07-14,0.0010772263,0.0004204717
2025,144,LKA,Sri Lanka,X,Export,0902,Tea,24,AGO,Angola,destination,217602.99,217602.99,kg,1475844.44,6.7822801516,false,false,true,H6,,UN_COMTRADE_HS0902_ANNUAL,2026-07-14,0.0010183818,0.0008550122
2025,144,LKA,Sri Lanka,X,Export,0902,Tea,270,GMB,Gambia,destination,287688,287688,kg,1390602.077,4.8337159597,false,false,true,H6,,UN_COMTRADE_HS0902_ANNUAL,2026-07-14,0.0009595617,0.0011303923
2025,144,LKA,Sri Lanka,X,Export,0902,Tea,642,ROU,Romania,destination,137951.42,137951.42,kg,1361899.751,9.8723141161,false,false,true,H6,,UN_COMTRADE_HS0902_ANNUAL,2026-07-14,0.0009397562,0.0005420429
2025,144,LKA,Sri Lanka,X,Export,0902,Tea,699,IND,India,destination,267836.89,267836.89,kg,1336364.567,4.9894716407,false,false,true,H6,,UN_COMTRADE_HS0902_ANNUAL,2026-07-14,0.0009221361,0.0010523927
2025,144,LKA,Sri Lanka,X,Export,0902,Tea,496,MNG,Mongolia,destination,130533.51,130533.51,kg,1314482.69,10.0700784802,false,false,true,H6,,UN_COMTRADE_HS0902_ANNUAL,2026-07-14,0.0009070368,0.0005128962
2025,144,LKA,Sri Lanka,X,Export,0902,Tea,100,BGR,Bulgaria,destination,304262.24,304262.24,kg,1304528.655,4.2875141358,false,false,true,H6,,UN_COMTRADE_HS0902_ANNUAL,2026-07-14,0.0009001682,0.0011955163
2025,144,LKA,Sri Lanka,X,Export,0902,Tea,196,CYP,Cyprus,destination,174707.88,174707.88,kg,1216337.743,6.9621229621,false,false,true,H6,,UN_COMTRADE_HS0902_ANNUAL,2026-07-14,0.0008393136,0.0006864674
2025,144,LKA,Sri Lanka,X,Export,0902,Tea,478,MRT,Mauritania,destination,168076.8,168076.8,kg,1147357.476,6.8263881511,false,false,true,H6,,UN_COMTRADE_HS0902_ANNUAL,2026-07-14,0.0007917149,0.0006604124
2025,144,LKA,Sri Lanka,X,Export,0902,Tea,48,BHR,Bahrain,destination,141532.39,141532.39,kg,1096761.718,7.7491923792,false,false,true,H6,,UN_COMTRADE_HS0902_ANNUAL,2026-07-14,0.0007568021,0.0005561133
2025,144,LKA,Sri Lanka,X,Export,0902,Tea,694,SLE,Sierra Leone,destination,175468.41,175468.41,kg,1057847.996,6.0287090765,false,false,true,H6,,UN_COMTRADE_HS0902_ANNUAL,2026-07-14,0.0007299503,0.0006894557
2025,144,LKA,Sri Lanka,X,Export,0902,Tea,348,HUN,Hungary,destination,42197.88,42197.88,kg,1009936.264,23.9333412958,false,false,true,H6,,UN_COMTRADE_HS0902_ANNUAL,2026-07-14,0.0006968897,0.0001658052
2025,144,LKA,Sri Lanka,X,Export,0902,Tea,757,CHE,Switzerland,destination,163921.43,163921.43,kg,875549.44,5.3412750243,false,false,true,H6,,UN_COMTRADE_HS0902_ANNUAL,2026-07-14,0.0006041583,0.000644085
2025,144,LKA,Sri Lanka,X,Export,0902,Tea,724,ESP,Spain,destination,139107.66,139107.66,kg,852220.402,6.1263369824,false,false,true,H6,,UN_COMTRADE_HS0902_ANNUAL,2026-07-14,0.0005880605,0.000546586
2025,144,LKA,Sri Lanka,X,Export,0902,Tea,384,CIV,Côte d'Ivoire,destination,124703,124703,kg,852110.378,6.8331185136,false,false,true,H6,,UN_COMTRADE_HS0902_ANNUAL,2026-07-14,0.0005879845,0.0004899868
2025,144,LKA,Sri Lanka,X,Export,0902,Tea,360,IDN,Indonesia,destination,38188.46,38188.46,kg,759363.906,19.884643319,false,false,true,H6,,UN_COMTRADE_HS0902_ANNUAL,2026-07-14,0.0005239864,0.0001500512
2025,144,LKA,Sri Lanka,X,Export,0902,Tea,579,NOR,Norway,destination,92073.85,92073.85,kg,737757.633,8.0126727947,false,false,true,H6,,UN_COMTRADE_HS0902_ANNUAL,2026-07-14,0.0005090773,0.0003617793
2025,144,LKA,Sri Lanka,X,Export,0902,Tea,762,TJK,Tajikistan,destination,192244.5,192244.5,kg,681336.469,3.5441142347,false,false,true,H6,,UN_COMTRADE_HS0902_ANNUAL,2026-07-14,0.0004701449,0.0007553729
2025,144,LKA,Sri Lanka,X,Export,0902,Tea,498,MDA,Rep. of Moldova,destination,84954.46,84954.46,kg,675157.235,7.9472841685,false,false,true,H6,,UN_COMTRADE_HS0902_ANNUAL,2026-07-14,0.000465881,0.0003338056
2025,144,LKA,Sri Lanka,X,Export,0902,Tea,233,EST,Estonia,destination,75803.12,75803.12,kg,651873.521,8.599560559,false,false,true,H6,,UN_COMTRADE_HS0902_ANNUAL,2026-07-14,0.0004498144,0.0002978479
2025,144,LKA,Sri Lanka,X,Export,0902,Tea,446,MAC,"China, Macao SAR",destination,117387.96,117387.96,kg,641444.089,5.4643090228,false,false,true,H6,,UN_COMTRADE_HS0902_ANNUAL,2026-07-14,0.0004426178,0.0004612443
2025,144,LKA,Sri Lanka,X,Export,0902,Tea,32,ARG,Argentina,destination,86818.24,86818.24,kg,621684.656,7.1607608724,false,false,true,H6,,UN_COMTRADE_HS0902_ANNUAL,2026-07-14,0.0004289831,0.0003411288
2025,144,LKA,Sri Lanka,X,Export,0902,Tea,887,YEM,Yemen,destination,102822,102822,kg,600251.16,5.837769738,false,false,true,H6,,UN_COMTRADE_HS0902_ANNUAL,2026-07-14,0.0004141933,0.0004040113
2025,144,LKA,Sri Lanka,X,Export,0902,Tea,768,TGO,Togo,destination,80976.96,80976.96,kg,582387.748,7.1920179271,false,false,true,H6,,UN_COMTRADE_HS0902_ANNUAL,2026-07-14,0.0004018669,0.0003181771
2025,144,LKA,Sri Lanka,X,Export,0902,Tea,484,MEX,Mexico,destination,41849.39,41849.39,kg,494077.304,11.806081379,false,false,true,H6,,UN_COMTRADE_HS0902_ANNUAL,2026-07-14,0.0003409298,0.0001644359
2025,144,LKA,Sri Lanka,X,Export,0902,Tea,372,IRL,Ireland,destination,36584.15,36584.15,kg,490513.043,13.4078020946,false,false,true,H6,,UN_COMTRADE_HS0902_ANNUAL,2026-07-14,0.0003384703,0.0001437475
2025,144,LKA,Sri Lanka,X,Export,0902,Tea,430,LBR,Liberia,destination,77358,77358,kg,478549.851,6.1861714496,false,false,true,H6,,UN_COMTRADE_HS0902_ANNUAL,2026-07-14,0.0003302153,0.0003039574
2025,144,LKA,Sri Lanka,X,Export,0902,Tea,690,SYC,Seychelles,destination,72690.5,72690.5,kg,469688.717,6.4614869481,false,false,true,H6,,UN_COMTRADE_HS0902_ANNUAL,2026-07-14,0.0003241009,0.0002856177
2025,144,LKA,Sri Lanka,X,Export,0902,Tea,780,TTO,Trinidad and Tobago,destination,14466.38,14466.38,kg,446335.575,30.8533008949,false,false,true,H6,,UN_COMTRADE_HS0902_ANNUAL,2026-07-14,0.0003079864,0.0000568417
2025,144,LKA,Sri Lanka,X,Export,0902,Tea,51,ARM,Armenia,destination,39941.83,39941.83,kg,430143.408,10.7692463765,false,false,true,H6,,UN_COMTRADE_HS0902_ANNUAL,2026-07-14,0.0002968133,0.0001569406
2025,144,LKA,Sri Lanka,X,Export,0902,Tea,858,URY,Uruguay,destination,56453.04,56453.04,kg,425103.118,7.5302077266,false,false,true,H6,,UN_COMTRADE_HS0902_ANNUAL,2026-07-14,0.0002933353,0.000221817
2025,144,LKA,Sri Lanka,X,Export,0902,Tea,686,SEN,Senegal,destination,50218.8,50218.8,kg,345108.132,6.8720903725,false,false,true,H6,,UN_COMTRADE_HS0902_ANNUAL,2026-07-14,0.0002381361,0.0001973212
2025,144,LKA,Sri Lanka,X,Export,0902,Tea,84,BLZ,Belize,destination,26775.47,26775.47,kg,342642.66,12.796886852,false,false,true,H6,,UN_COMTRADE_HS0902_ANNUAL,2026-07-14,0.0002364348,0.000105207
2025,144,LKA,Sri Lanka,X,Export,0902,Tea,12,DZA,Algeria,destination,96100,96100,kg,335681.652,3.4930452862,false,false,true,H6,,UN_COMTRADE_HS0902_ANNUAL,2026-07-14,0.0002316315,0.000377599
2025,144,LKA,Sri Lanka,X,Export,0902,Tea,834,TZA,United Rep. of Tanzania,destination,54252,54252,kg,300885.111,5.546064864,false,false,true,H6,,UN_COMTRADE_HS0902_ANNUAL,2026-07-14,0.0002076207,0.0002131686
2025,144,LKA,Sri Lanka,X,Export,0902,Tea,740,SUR,Suriname,destination,27053.7,27053.7,kg,291040.494,10.7578813249,false,false,true,H6,,UN_COMTRADE_HS0902_ANNUAL,2026-07-14,0.0002008276,0.0001063002
2025,144,LKA,Sri Lanka,X,Export,0902,Tea,470,MLT,Malta,destination,37304.37,37304.37,kg,284341.869,7.6222134029,false,false,true,H6,,UN_COMTRADE_HS0902_ANNUAL,2026-07-14,0.0001962054,0.0001465774
2025,144,LKA,Sri Lanka,X,Export,0902,Tea,807,MKD,North Macedonia,destination,47620.32,47620.32,kg,262957.57,5.5219614232,false,false,true,H6,,UN_COMTRADE_HS0902_ANNUAL,2026-07-14,0.0001814495,0.0001871112
2025,144,LKA,Sri Lanka,X,Export,0902,Tea,328,GUY,Guyana,destination,67068,67068,kg,256396.644,3.8229355878,false,false,true,H6,,UN_COMTRADE_HS0902_ANNUAL,2026-07-14,0.0001769222,0.0002635256
2025,144,LKA,Sri Lanka,X,Export,0902,Tea,620,PRT,Portugal,destination,14481.09,14481.09,kg,233346.813,16.1138984013,false,false,true,H6,,UN_COMTRADE_HS0902_ANNUAL,2026-07-14,0.0001610171,0.0000568995
2025,144,LKA,Sri Lanka,X,Export,0902,Tea,508,MOZ,Mozambique,destination,34962.28,34962.28,kg,212754.126,6.0852474724,false,false,true,H6,,UN_COMTRADE_HS0902_ANNUAL,2026-07-14,0.0001468074,0.0001373748
2025,144,LKA,Sri Lanka,X,Export,0902,Tea,504,MAR,Morocco,destination,34233.34,34233.34,kg,192865.903,5.6338616974,false,false,true,H6,,UN_COMTRADE_HS0902_ANNUAL,2026-07-14,0.0001330839,0.0001345107
2025,144,LKA,Sri Lanka,X,Export,0902,Tea,624,GNB,Guinea-Bissau,destination,31610.4,31610.4,kg,179302.095,5.6722501139,false,false,true,H6,,UN_COMTRADE_HS0902_ANNUAL,2026-07-14,0.0001237244,0.0001242045
2025,144,LKA,Sri Lanka,X,Export,0902,Tea,90,SLB,Solomon Isds,destination,19111.75,19111.75,kg,175489.511,9.182283726,false,false,true,H6,,UN_COMTRADE_HS0902_ANNUAL,2026-07-14,0.0001210936,0.0000750945
2025,144,LKA,Sri Lanka,X,Export,0902,Tea,795,TKM,Turkmenistan,destination,18835.65,18835.65,kg,161689.91,8.5842490172,false,false,true,H6,,UN_COMTRADE_HS0902_ANNUAL,2026-07-14,0.0001115714,0.0000740096
2025,144,LKA,Sri Lanka,X,Export,0902,Tea,76,BRA,Brazil,destination,11636.94,11636.94,kg,160176.581,13.7644931571,false,false,true,H6,,UN_COMTRADE_HS0902_ANNUAL,2026-07-14,0.0001105272,0.0000457242
2025,144,LKA,Sri Lanka,X,Export,0902,Tea,16,ASM,American Samoa,destination,20064,20064,kg,155504.973,7.7504472189,false,false,true,H6,,UN_COMTRADE_HS0902_ANNUAL,2026-07-14,0.0001073036,0.0000788361
2025,144,LKA,Sri Lanka,X,Export,0902,Tea,586,PAK,Pakistan,destination,28237.73,28237.73,kg,136324.136,4.827729991,false,false,true,H6,,UN_COMTRADE_HS0902_ANNUAL,2026-07-14,0.0000940682,0.0001109525
2025,144,LKA,Sri Lanka,X,Export,0902,Tea,598,PNG,Papua New Guinea,destination,11667.92,11667.92,kg,124374.648,10.6595389752,false,false,true,H6,,UN_COMTRADE_HS0902_ANNUAL,2026-07-14,0.0000858226,0.0000458459
2025,144,LKA,Sri Lanka,X,Export,0902,Tea,266,GAB,Gabon,destination,13399.8,13399.8,kg,122713.579,9.1578664607,false,false,true,H6,,UN_COMTRADE_HS0902_ANNUAL,2026-07-14,0.0000846765,0.0000526509
2025,144,LKA,Sri Lanka,X,Export,0902,Tea,480,MUS,Mauritius,destination,4518.79,4518.79,kg,122548.556,27.1197723284,false,false,true,H6,,UN_COMTRADE_HS0902_ANNUAL,2026-07-14,0.0000845626,0.0000177554
2025,144,LKA,Sri Lanka,X,Export,0902,Tea,562,NER,Niger,destination,12052,12052,kg,111990.603,9.2922836874,false,false,true,H6,,UN_COMTRADE_HS0902_ANNUAL,2026-07-14,0.0000772772,0.0000473551
2025,144,LKA,Sri Lanka,X,Export,0902,Tea,116,KHM,Cambodia,destination,4780.87,4780.87,kg,107523.915,22.490449437,false,false,true,H6,,UN_COMTRADE_HS0902_ANNUAL,2026-07-14,0.0000741951,0.0000187851
2025,144,LKA,Sri Lanka,X,Export,0902,Tea,524,NPL,Nepal,destination,3634.54,3634.54,kg,92301.852,25.3957452663,false,false,true,H6,,UN_COMTRADE_HS0902_ANNUAL,2026-07-14,0.0000636914,0.0000142809
2025,144,LKA,Sri Lanka,X,Export,0902,Tea,296,KIR,Kiribati,destination,12864,12864,kg,87913.484,6.8340705846,false,false,true,H6,,UN_COMTRADE_HS0902_ANNUAL,2026-07-14,0.0000606632,0.0000505456
2025,144,LKA,Sri Lanka,X,Export,0902,Tea,68,BOL,Bolivia (Plurinational State of),destination,13806,13806,kg,80380.265,5.8221255251,false,false,true,H6,,UN_COMTRADE_HS0902_ANNUAL,2026-07-14,0.0000554651,0.0000542469
2025,144,LKA,Sri Lanka,X,Export,0902,Tea,148,TCD,Chad,destination,12660,12660,kg,78686.64,6.2153744076,false,false,true,H6,,UN_COMTRADE_HS0902_ANNUAL,2026-07-14,0.0000542964,0.0000497441
2025,144,LKA,Sri Lanka,X,Export,0902,Tea,52,BRB,Barbados,destination,4800,4800,kg,77493.415,16.1444614583,false,false,true,H6,,UN_COMTRADE_HS0902_ANNUAL,2026-07-14,0.000053473,0.0000188603
2025,144,LKA,Sri Lanka,X,Export,0902,Tea,894,ZMB,Zambia,destination,3681.26,3681.26,kg,74754.548,20.3067830036,false,false,true,H6,,UN_COMTRADE_HS0902_ANNUAL,2026-07-14,0.0000515831,0.0000144645
2025,144,LKA,Sri Lanka,X,Export,0902,Tea,548,VUT,Vanuatu,destination,9668.2,9668.2,kg,74597.798,7.7157897023,false,false,true,H6,,UN_COMTRADE_HS0902_ANNUAL,2026-07-14,0.000051475,0.0000379886
2025,144,LKA,Sri Lanka,X,Export,0902,Tea,96,BRN,Brunei Darussalam,destination,3735.88,3735.88,kg,65158.917,17.4413838239,false,false,true,H6,,UN_COMTRADE_HS0902_ANNUAL,2026-07-14,0.0000449618,0.0000146791
2025,144,LKA,Sri Lanka,X,Export,0902,Tea,800,UGA,Uganda,destination,6717.84,6717.84,kg,52902.049,7.8748599252,false,false,true,H6,,UN_COMTRADE_HS0902_ANNUAL,2026-07-14,0.0000365042,0.0000263959
2025,144,LKA,Sri Lanka,X,Export,0902,Tea,104,MMR,Myanmar,destination,4644.8,4644.8,kg,45565.669,9.8100389683,false,false,true,H6,,UN_COMTRADE_HS0902_ANNUAL,2026-07-14,0.0000314418,0.0000182505
2025,144,LKA,Sri Lanka,X,Export,0902,Tea,604,PER,Peru,destination,1250.12,1250.12,kg,42455.558,33.9611861261,false,false,true,H6,,UN_COMTRADE_HS0902_ANNUAL,2026-07-14,0.0000292957,0.000004912
2025,144,LKA,Sri Lanka,X,Export,0902,Tea,50,BGD,Bangladesh,destination,1367.41,1367.41,kg,39287.535,28.731349778,false,false,true,H6,,UN_COMTRADE_HS0902_ANNUAL,2026-07-14,0.0000271097,0.0000053729
2025,144,LKA,Sri Lanka,X,Export,0902,Tea,591,PAN,Panama,destination,2628,2628,kg,37925.612,14.4313592085,false,false,true,H6,,UN_COMTRADE_HS0902_ANNUAL,2026-07-14,0.0000261699,0.000010326
2025,144,LKA,Sri Lanka,X,Export,0902,Tea,204,BEN,Benin,destination,4980,4980,kg,37342.642,7.49852249,false,false,true,H6,,UN_COMTRADE_HS0902_ANNUAL,2026-07-14,0.0000257677,0.0000195676
2025,144,LKA,Sri Lanka,X,Export,0902,Tea,703,SVK,Slovakia,destination,1199.33,1199.33,kg,35692.833,29.7606438595,false,false,true,H6,,UN_COMTRADE_HS0902_ANNUAL,2026-07-14,0.0000246292,0.0000047124
2025,144,LKA,Sri Lanka,X,Export,0902,Tea,404,KEN,Kenya,destination,7202.1,7202.1,kg,31253.306,4.3394712653,false,false,true,H6,,UN_COMTRADE_HS0902_ANNUAL,2026-07-14,0.0000215658,0.0000282987
2025,144,LKA,Sri Lanka,X,Export,0902,Tea,499,MNE,Montenegro,destination,984,984,kg,25500.062,25.9146971545,false,false,true,H6,,UN_COMTRADE_HS0902_ANNUAL,2026-07-14,0.0000175959,0.0000038664
2025,144,LKA,Sri Lanka,X,Export,0902,Tea,226,GNQ,Equatorial Guinea,destination,2580,2580,kg,21055.837,8.1611771318,false,false,true,H6,,UN_COMTRADE_HS0902_ANNUAL,2026-07-14,0.0000145292,0.0000101374
2025,144,LKA,Sri Lanka,X,Export,0902,Tea,705,SVN,Slovenia,destination,425.47,425.47,kg,20983.48,49.3183538205,false,false,true,H6,,UN_COMTRADE_HS0902_ANNUAL,2026-07-14,0.0000144793,0.0000016718
2025,144,LKA,Sri Lanka,X,Export,0902,Tea,188,CRI,Costa Rica,destination,494.56,494.56,kg,15864.11,32.0772201553,false,false,true,H6,,UN_COMTRADE_HS0902_ANNUAL,2026-07-14,0.0000109468,0.0000019432
2025,144,LKA,Sri Lanka,X,Export,0902,Tea,316,GUM,Guam,destination,1285.92,1285.92,kg,13284.719,10.3309062772,false,false,true,H6,,UN_COMTRADE_HS0902_ANNUAL,2026-07-14,0.0000091669,0.0000050527
2025,144,LKA,Sri Lanka,X,Export,0902,Tea,191,HRV,Croatia,destination,326.61,326.61,kg,11628.102,35.6024065399,false,false,true,H6,,UN_COMTRADE_HS0902_ANNUAL,2026-07-14,0.0000080238,0.0000012833
2025,144,LKA,Sri Lanka,X,Export,0902,Tea,352,ISL,Iceland,destination,298.44,298.44,kg,7711.061,25.837893714,false,false,true,H6,,UN_COMTRADE_HS0902_ANNUAL,2026-07-14,0.0000053209,0.0000011726
2025,144,LKA,Sri Lanka,X,Export,0902,Tea,388,JAM,Jamaica,destination,42.6,42.6,kg,2676.746,62.8344131455,false,false,true,H6,,UN_COMTRADE_HS0902_ANNUAL,2026-07-14,0.000001847,0.0000001674
2025,144,LKA,Sri Lanka,X,Export,0902,Tea,748,SWZ,Eswatini,destination,35,35,kg,329.753,9.4215142857,false,false,true,H6,,UN_COMTRADE_HS0902_ANNUAL,2026-07-14,0.0000002275,0.0000001375
